ISO-10303-21;
HEADER;
/* Generated by software containing ST-Developer
 * from STEP Tools, Inc. (www.steptools.com) 
 */
/* OPTION: using custom renumber hook */

FILE_DESCRIPTION(
/* description */ ('STEP AP242 Edition 2',
'CAx-IF Rec.Pracs.---Representation and Presentation of Product Manufa
cturing Information (PMI)---4.0---2014-10-13',
'CAx-IF Rec.Pracs.---3D Tessellated Geometry---0.4---2014-09-14','2;1',
'CAx-IF Rec.Pracs.---User Defined Attributes---1.5---2016-08-15'),
/* implementation_level */ '2;1');

FILE_NAME(
/* name */ '6a7df481930b4f36831aa11c',
/* time_stamp */ '2026-08-13T16:44:50Z',
/* author */ (''),
/* organization */ (''),
/* preprocessor_version */ 'ST-DEVELOPER v20',
/* originating_system */ 'ONSHAPE BY PTC INC, 1.219',
/* authorisation */ '  ');

FILE_SCHEMA (('AP242_MANAGED_MODEL_BASED_3D_ENGINEERING_MIM_LF { 1 0 10303 442 3 1 4 }'));
ENDSEC;

DATA;
#10=TOROIDAL_SURFACE('',#8958,0.0315,0.001);
#11=TOROIDAL_SURFACE('',#8959,0.0315,0.001);
#12=TOROIDAL_SURFACE('',#8960,0.0335,0.001);
#13=TOROIDAL_SURFACE('',#8961,0.042,0.001);
#14=TOROIDAL_SURFACE('',#8962,0.042,0.001);
#15=TOROIDAL_SURFACE('',#8963,0.124,0.001);
#16=TOROIDAL_SURFACE('',#8966,0.124,0.001);
#17=TOROIDAL_SURFACE('',#9248,0.002015625,0.000734375);
#18=TOROIDAL_SURFACE('',#9366,0.0016,0.0001);
#19=TOROIDAL_SURFACE('',#9394,0.0555,0.002);
#20=TOROIDAL_SURFACE('',#9407,0.033,0.002);
#21=TOROIDAL_SURFACE('',#9408,0.041,0.004);
#22=B_SPLINE_CURVE_WITH_KNOTS('',3,(#13659,#13660,#13661,#13662,#13663,
#13664,#13665,#13666,#13667,#13668,#13669,#13670,#13671,#13672,#13673,#13674,
#13675,#13676,#13677,#13678,#13679,#13680,#13681,#13682,#13683,#13684,#13685,
#13686,#13687),.UNSPECIFIED.,.F.,.F.,(4,1,1,1,1,1,1,1,1,1,1,1,1,1,1,1,1,
1,1,1,1,1,1,1,1,1,4),(0.,0.00852217381120966,0.0127832607168145,0.0170443476224193,
0.025566521433629,0.0298276083392338,0.0340886952448387,0.0383497821504435,
0.0426108690560483,0.0468719559616532,0.051133042867258,0.0553941297728628,
0.0596552166784677,0.0681773904896773,0.0724384773952821,0.076699564300887,
0.0809606512064918,0.0852217381120967,0.0894828250177015,0.0937439119233063,
0.0980049988289111,0.102266085734516,0.110788259545726,0.119310433356935,
0.127832607168145,0.13209369407375,0.136354780979355),.UNSPECIFIED.);
#23=B_SPLINE_CURVE_WITH_KNOTS('',3,(#13866,#13867,#13868,#13869,#13870,
#13871,#13872,#13873,#13874,#13875,#13876,#13877,#13878,#13879),
 .UNSPECIFIED.,.F.,.F.,(4,1,1,1,1,1,1,1,1,1,1,4),(2.40370335797945E-17,
0.00640171282719042,0.0128034256543808,0.0192051384815712,0.0224059948951664,
0.0256068513087616,0.0288077077223568,0.032008564135952,0.0352094205495472,
0.0384102769631424,0.0448119897903328,0.0512137026175232),.UNSPECIFIED.);
#24=B_SPLINE_CURVE_WITH_KNOTS('',3,(#13887,#13888,#13889,#13890,#13891),
 .UNSPECIFIED.,.F.,.F.,(4,1,4),(0.,0.000867217931307661,0.00173443586261532),
 .UNSPECIFIED.);
#25=B_SPLINE_CURVE_WITH_KNOTS('',3,(#13892,#13893,#13894,#13895,#13896),
 .UNSPECIFIED.,.F.,.F.,(4,1,4),(0.,0.000867217931307662,0.00173443586261532),
 .UNSPECIFIED.);
#26=B_SPLINE_CURVE_WITH_KNOTS('',3,(#13898,#13899,#13900,#13901,#13902),
 .UNSPECIFIED.,.F.,.F.,(4,1,4),(0.,0.000867217931307661,0.00173443586261532),
 .UNSPECIFIED.);
#27=B_SPLINE_CURVE_WITH_KNOTS('',3,(#13904,#13905,#13906,#13907,#13908),
 .UNSPECIFIED.,.F.,.F.,(4,1,4),(0.,0.000867217931307661,0.00173443586261532),
 .UNSPECIFIED.);
#28=B_SPLINE_CURVE_WITH_KNOTS('',3,(#13947,#13948,#13949,#13950,#13951,
#13952,#13953,#13954,#13955,#13956,#13957,#13958,#13959),.UNSPECIFIED.,
 .F.,.F.,(4,1,1,1,1,1,1,1,1,1,4),(2.72553754153684E-7,0.00401579249075067,
0.00803131242774719,0.0120468323647437,0.014054592333242,0.0160623523017402,
0.0180701122702385,0.0200778722387367,0.0240933921757333,0.0281089121127298,
0.0321244320497263),.UNSPECIFIED.);
#29=B_SPLINE_CURVE_WITH_KNOTS('',3,(#13966,#13967,#13968,#13969,#13970,
#13971,#13972,#13973,#13974,#13975,#13976,#13977,#13978),.UNSPECIFIED.,
 .F.,.F.,(4,1,1,1,1,1,1,1,1,1,4),(2.72553754119095E-7,0.00401579249075066,
0.0080313124277472,0.0120468323647437,0.014054592333242,0.0160623523017403,
0.0180701122702385,0.0200778722387368,0.0240933921757334,0.0281089121127299,
0.0321244320497264),.UNSPECIFIED.);
#30=B_SPLINE_CURVE_WITH_KNOTS('',3,(#13985,#13986,#13987,#13988,#13989,
#13990,#13991,#13992,#13993,#13994,#13995,#13996,#13997),.UNSPECIFIED.,
 .F.,.F.,(4,1,1,1,1,1,1,1,1,1,4),(2.72553754142429E-7,0.00401579249075076,
0.00803131242774738,0.012046832364744,0.0140545923332423,0.0160623523017406,
0.0180701122702389,0.0200778722387372,0.0240933921757338,0.0281089121127305,
0.0321244320497271),.UNSPECIFIED.);
#31=B_SPLINE_CURVE_WITH_KNOTS('',3,(#14004,#14005,#14006,#14007,#14008,
#14009,#14010,#14011,#14012,#14013,#14014,#14015,#14016),.UNSPECIFIED.,
 .F.,.F.,(4,1,1,1,1,1,1,1,1,1,4),(2.72553754151308E-7,0.00401579249075069,
0.00803131242774722,0.0120468323647438,0.014054592333242,0.0160623523017403,
0.0180701122702386,0.0200778722387368,0.0240933921757334,0.0281089121127299,
0.0321244320497264),.UNSPECIFIED.);
#32=B_SPLINE_CURVE_WITH_KNOTS('',3,(#14023,#14024,#14025,#14026,#14027,
#14028,#14029,#14030,#14031,#14032,#14033,#14034,#14035),.UNSPECIFIED.,
 .F.,.F.,(4,1,1,1,1,1,1,1,1,1,4),(2.72553754064407E-7,0.00401579249075066,
0.00803131242774726,0.0120468323647439,0.0140545923332422,0.0160623523017405,
0.0180701122702388,0.0200778722387371,0.0240933921757336,0.0281089121127302,
0.0321244320497268),.UNSPECIFIED.);
#33=B_SPLINE_CURVE_WITH_KNOTS('',3,(#14042,#14043,#14044,#14045,#14046,
#14047,#14048,#14049,#14050,#14051,#14052,#14053,#14054),.UNSPECIFIED.,
 .F.,.F.,(4,1,1,1,1,1,1,1,1,1,4),(2.72553754128082E-7,0.0040157924907507,
0.00803131242774728,0.0120468323647439,0.0140545923332421,0.0160623523017404,
0.0180701122702387,0.020077872238737,0.0240933921757336,0.0281089121127302,
0.0321244320497267),.UNSPECIFIED.);
#34=B_SPLINE_CURVE_WITH_KNOTS('',3,(#14061,#14062,#14063,#14064,#14065,
#14066,#14067,#14068,#14069,#14070,#14071,#14072,#14073),.UNSPECIFIED.,
 .F.,.F.,(4,1,1,1,1,1,1,1,1,1,4),(2.72553754026031E-7,0.00401579249075051,
0.008031312427747,0.0120468323647435,0.0140545923332417,0.01606235230174,
0.0180701122702382,0.0200778722387365,0.024093392175733,0.0281089121127295,
0.0321244320497259),.UNSPECIFIED.);
#35=B_SPLINE_CURVE_WITH_KNOTS('',3,(#14080,#14081,#14082,#14083,#14084,
#14085,#14086,#14087,#14088,#14089,#14090,#14091,#14092),.UNSPECIFIED.,
 .F.,.F.,(4,1,1,1,1,1,1,1,1,1,4),(2.72553754007343E-7,0.00401579249075062,
0.00803131242774723,0.0120468323647438,0.0140545923332421,0.0160623523017405,
0.0180701122702388,0.0200778722387371,0.0240933921757337,0.0281089121127303,
0.0321244320497269),.UNSPECIFIED.);
#36=B_SPLINE_CURVE_WITH_KNOTS('',3,(#14099,#14100,#14101,#14102,#14103,
#14104,#14105,#14106,#14107,#14108,#14109,#14110,#14111),.UNSPECIFIED.,
 .F.,.F.,(4,1,1,1,1,1,1,1,1,1,4),(2.72553754009475E-7,0.00401579249075053,
0.00803131242774705,0.0120468323647436,0.0140545923332418,0.0160623523017401,
0.0180701122702384,0.0200778722387366,0.0240933921757331,0.0281089121127297,
0.0321244320497262),.UNSPECIFIED.);
#37=B_SPLINE_CURVE_WITH_KNOTS('',3,(#14118,#14119,#14120,#14121,#14122,
#14123,#14124,#14125,#14126,#14127,#14128,#14129,#14130),.UNSPECIFIED.,
 .F.,.F.,(4,1,1,1,1,1,1,1,1,1,4),(2.72553753805672E-7,0.00401579249075028,
0.00803131242774676,0.0120468323647432,0.0140545923332415,0.0160623523017397,
0.018070112270238,0.0200778722387362,0.0240933921757327,0.0281089121127292,
0.0321244320497256),.UNSPECIFIED.);
#38=B_SPLINE_CURVE_WITH_KNOTS('',3,(#14137,#14138,#14139,#14140,#14141,
#14142,#14143,#14144,#14145,#14146,#14147,#14148,#14149),.UNSPECIFIED.,
 .F.,.F.,(4,1,1,1,1,1,1,1,1,1,4),(2.72553754071535E-7,0.00401579249075066,
0.00803131242774725,0.0120468323647438,0.0140545923332421,0.0160623523017404,
0.0180701122702387,0.020077872238737,0.0240933921757336,0.0281089121127302,
0.0321244320497268),.UNSPECIFIED.);
#39=B_SPLINE_CURVE_WITH_KNOTS('',3,(#14420,#14421,#14422,#14423,#14424,
#14425,#14426,#14427,#14428,#14429,#14430,#14431,#14432),.UNSPECIFIED.,
 .F.,.F.,(4,1,1,1,1,1,1,1,1,1,4),(2.725537541544E-7,0.00401579249075072,
0.00803131242774729,0.0120468323647439,0.0140545923332421,0.0160623523017404,
0.0180701122702387,0.020077872238737,0.0240933921757336,0.0281089121127301,
0.0321244320497267),.UNSPECIFIED.);
#40=B_SPLINE_CURVE_WITH_KNOTS('',3,(#14828,#14829,#14830,#14831),
 .UNSPECIFIED.,.F.,.F.,(4,4),(2.38074299243175E-7,0.00160674432629869),
 .UNSPECIFIED.);
#41=B_SPLINE_CURVE_WITH_KNOTS('',3,(#14833,#14834,#14835,#14836),
 .UNSPECIFIED.,.F.,.F.,(4,4),(0.00160674432629869,0.00320724919288782),
 .UNSPECIFIED.);
#42=B_SPLINE_CURVE_WITH_KNOTS('',3,(#14838,#14839,#14840,#14841),
 .UNSPECIFIED.,.F.,.F.,(4,4),(0.00443888971532006,0.00604604466051153),
 .UNSPECIFIED.);
#43=B_SPLINE_CURVE_WITH_KNOTS('',3,(#14843,#14844,#14845,#14846),
 .UNSPECIFIED.,.F.,.F.,(4,4),(2.3807429923721E-7,0.00160674432629869),
 .UNSPECIFIED.);
#44=B_SPLINE_CURVE_WITH_KNOTS('',3,(#14848,#14849,#14850,#14851),
 .UNSPECIFIED.,.F.,.F.,(4,4),(0.00160674432629869,0.00320724919288781),
 .UNSPECIFIED.);
#45=B_SPLINE_CURVE_WITH_KNOTS('',3,(#14856,#14857,#14858,#14859),
 .UNSPECIFIED.,.F.,.F.,(4,4),(2.38074299237201E-7,0.00160674432629869),
 .UNSPECIFIED.);
#46=B_SPLINE_CURVE_WITH_KNOTS('',3,(#14863,#14864,#14865,#14866),
 .UNSPECIFIED.,.F.,.F.,(4,4),(2.3807429923721E-7,0.00160674432629869),
 .UNSPECIFIED.);
#47=B_SPLINE_CURVE_WITH_KNOTS('',3,(#14868,#14869,#14870,#14871),
 .UNSPECIFIED.,.F.,.F.,(4,4),(0.00443888971532006,0.00604604466051153),
 .UNSPECIFIED.);
#48=B_SPLINE_CURVE_WITH_KNOTS('',3,(#14873,#14874,#14875,#14876),
 .UNSPECIFIED.,.F.,.F.,(4,4),(0.00443888971532006,0.00604604466051153),
 .UNSPECIFIED.);
#49=B_SPLINE_CURVE_WITH_KNOTS('',3,(#14878,#14879,#14880,#14881),
 .UNSPECIFIED.,.F.,.F.,(4,4),(0.00160674432629869,0.00320724919288781),
 .UNSPECIFIED.);
#50=B_SPLINE_CURVE_WITH_KNOTS('',3,(#14883,#14884,#14885,#14886),
 .UNSPECIFIED.,.F.,.F.,(4,4),(0.00160674432629869,0.00320724919288781),
 .UNSPECIFIED.);
#51=B_SPLINE_CURVE_WITH_KNOTS('',3,(#14890,#14891,#14892,#14893),
 .UNSPECIFIED.,.F.,.F.,(4,4),(0.00443888971532006,0.00604604466051153),
 .UNSPECIFIED.);
#52=B_SPLINE_CURVE_WITH_KNOTS('',3,(#14895,#14896,#14897,#14898),
 .UNSPECIFIED.,.F.,.F.,(4,4),(2.38074299242201E-7,0.00160674432629869),
 .UNSPECIFIED.);
#53=B_SPLINE_CURVE_WITH_KNOTS('',3,(#14900,#14901,#14902,#14903),
 .UNSPECIFIED.,.F.,.F.,(4,4),(0.00283268907057594,0.00443888971532006),
 .UNSPECIFIED.);
#54=B_SPLINE_CURVE_WITH_KNOTS('',3,(#14905,#14906,#14907,#14908),
 .UNSPECIFIED.,.F.,.F.,(4,4),(0.00283268907057594,0.00443888971532006),
 .UNSPECIFIED.);
#55=B_SPLINE_CURVE_WITH_KNOTS('',3,(#14912,#14913,#14914,#14915),
 .UNSPECIFIED.,.F.,.F.,(4,4),(2.38074299242201E-7,0.00160674432629869),
 .UNSPECIFIED.);
#56=B_SPLINE_CURVE_WITH_KNOTS('',3,(#14917,#14918,#14919,#14920),
 .UNSPECIFIED.,.F.,.F.,(4,4),(0.00160674432629869,0.00320724919288781),
 .UNSPECIFIED.);
#57=B_SPLINE_CURVE_WITH_KNOTS('',3,(#14922,#14923,#14924,#14925),
 .UNSPECIFIED.,.F.,.F.,(4,4),(2.38074299238925E-7,0.00160674432629869),
 .UNSPECIFIED.);
#58=B_SPLINE_CURVE_WITH_KNOTS('',3,(#14929,#14930,#14931,#14932),
 .UNSPECIFIED.,.F.,.F.,(4,4),(2.38074299238925E-7,0.00160674432629869),
 .UNSPECIFIED.);
#59=B_SPLINE_CURVE_WITH_KNOTS('',3,(#14934,#14935,#14936,#14937),
 .UNSPECIFIED.,.F.,.F.,(4,4),(0.00160674432629869,0.00320724919288781),
 .UNSPECIFIED.);
#60=B_SPLINE_CURVE_WITH_KNOTS('',3,(#14939,#14940,#14941,#14942),
 .UNSPECIFIED.,.F.,.F.,(4,4),(0.00160674432629869,0.00320724919288781),
 .UNSPECIFIED.);
#61=B_SPLINE_CURVE_WITH_KNOTS('',3,(#14944,#14945,#14946,#14947),
 .UNSPECIFIED.,.F.,.F.,(4,4),(0.00283268907057595,0.00443888971532006),
 .UNSPECIFIED.);
#62=B_SPLINE_CURVE_WITH_KNOTS('',3,(#14950,#14951,#14952,#14953),
 .UNSPECIFIED.,.F.,.F.,(4,4),(0.00283268907057595,0.00443888971532006),
 .UNSPECIFIED.);
#63=B_SPLINE_CURVE_WITH_KNOTS('',3,(#14955,#14956,#14957,#14958),
 .UNSPECIFIED.,.F.,.F.,(4,4),(0.00160674432629869,0.00320724919288781),
 .UNSPECIFIED.);
#64=B_SPLINE_CURVE_WITH_KNOTS('',3,(#15266,#15267,#15268,#15269),
 .UNSPECIFIED.,.F.,.F.,(4,4),(2.38074299239289E-7,0.00160674432629869),
 .UNSPECIFIED.);
#65=B_SPLINE_CURVE_WITH_KNOTS('',3,(#15271,#15272,#15273,#15274),
 .UNSPECIFIED.,.F.,.F.,(4,4),(0.00160674432629869,0.00320724919288781),
 .UNSPECIFIED.);
#66=B_SPLINE_CURVE_WITH_KNOTS('',3,(#15285,#15286,#15287,#15288),
 .UNSPECIFIED.,.F.,.F.,(4,4),(0.00443889080956007,0.00604604574425738),
 .UNSPECIFIED.);
#67=B_SPLINE_CURVE_WITH_KNOTS('',3,(#15290,#15291,#15292,#15293),
 .UNSPECIFIED.,.F.,.F.,(4,4),(0.00283269015892599,0.00443889080956007),
 .UNSPECIFIED.);
#68=B_SPLINE_CURVE_WITH_KNOTS('',3,(#15304,#15305,#15306,#15307),
 .UNSPECIFIED.,.F.,.F.,(4,4),(2.38074299240146E-7,0.00160674432629869),
 .UNSPECIFIED.);
#69=B_SPLINE_CURVE_WITH_KNOTS('',3,(#15309,#15310,#15311,#15312),
 .UNSPECIFIED.,.F.,.F.,(4,4),(0.00160674432629869,0.00320724919288781),
 .UNSPECIFIED.);
#70=B_SPLINE_CURVE_WITH_KNOTS('',3,(#15320,#15321,#15322,#15323),
 .UNSPECIFIED.,.F.,.F.,(4,4),(2.38074299240146E-7,0.00160674432629869),
 .UNSPECIFIED.);
#71=B_SPLINE_CURVE_WITH_KNOTS('',3,(#15325,#15326,#15327,#15328),
 .UNSPECIFIED.,.F.,.F.,(4,4),(0.00160674432629869,0.00320724919288781),
 .UNSPECIFIED.);
#72=B_SPLINE_CURVE_WITH_KNOTS('',3,(#15333,#15334,#15335,#15336),
 .UNSPECIFIED.,.F.,.F.,(4,4),(2.38074299240302E-7,0.00160674432629869),
 .UNSPECIFIED.);
#73=B_SPLINE_CURVE_WITH_KNOTS('',3,(#15338,#15339,#15340,#15341),
 .UNSPECIFIED.,.F.,.F.,(4,4),(0.00160674432629869,0.00320724919288781),
 .UNSPECIFIED.);
#74=B_SPLINE_CURVE_WITH_KNOTS('',3,(#15346,#15347,#15348,#15349),
 .UNSPECIFIED.,.F.,.F.,(4,4),(0.00283269015892599,0.00443889080956008),
 .UNSPECIFIED.);
#75=B_SPLINE_CURVE_WITH_KNOTS('',3,(#15351,#15352,#15353,#15354),
 .UNSPECIFIED.,.F.,.F.,(4,4),(0.00443889080956008,0.00604604574425738),
 .UNSPECIFIED.);
#76=B_SPLINE_CURVE_WITH_KNOTS('',3,(#15405,#15406,#15407,#15408),
 .UNSPECIFIED.,.F.,.F.,(4,4),(0.,0.0106269393272299),.UNSPECIFIED.);
#77=B_SPLINE_CURVE_WITH_KNOTS('',3,(#15412,#15413,#15414,#15415),
 .UNSPECIFIED.,.F.,.F.,(4,4),(6.32155712421756E-16,0.010553657679639),
 .UNSPECIFIED.);
#78=B_SPLINE_CURVE_WITH_KNOTS('',3,(#15417,#15418,#15419,#15420),
 .UNSPECIFIED.,.F.,.F.,(4,4),(0.0237475822617725,0.0385619585280832),
 .UNSPECIFIED.);
#79=B_SPLINE_CURVE_WITH_KNOTS('',3,(#15425,#15426,#15427,#15428),
 .UNSPECIFIED.,.F.,.F.,(4,4),(0.0352020107165322,0.0496532993986239),
 .UNSPECIFIED.);
#80=B_SPLINE_CURVE_WITH_KNOTS('',3,(#15444,#15445,#15446,#15447,#15448,
#15449,#15450,#15451,#15452,#15453,#15454,#15455,#15456,#15457,#15458,#15459,
#15460,#15461,#15462,#15463,#15464),.UNSPECIFIED.,.F.,.F.,(4,1,1,1,1,1,
1,1,1,1,1,1,1,1,1,1,1,1,4),(0.,0.0119196492788192,0.0178794739182288,0.0238392985576384,
0.029799123197048,0.0357589478364576,0.0417187724758672,0.0446986847955719,
0.0476785971152767,0.0506585094349815,0.0536384217546863,0.0566183340743911,
0.0595982463940959,0.0625781587138007,0.0655580710335055,0.0715178956729151,
0.0774777203123247,0.0834375449517343,0.0953571942305535),.UNSPECIFIED.);
#81=B_SPLINE_CURVE_WITH_KNOTS('',3,(#15481,#15482,#15483,#15484,#15485,
#15486,#15487),.UNSPECIFIED.,.F.,.F.,(4,1,1,1,4),(0.,0.000852388343604075,
0.00170477668720815,0.00255716503081223,0.0034095533744163),
 .UNSPECIFIED.);
#82=B_SPLINE_CURVE_WITH_KNOTS('',3,(#15488,#15489,#15490,#15491,#15492,
#15493,#15494),.UNSPECIFIED.,.F.,.F.,(4,1,1,1,4),(0.,0.000840435068873327,
0.00168087013774665,0.00252130520661998,0.00336174027549331),
 .UNSPECIFIED.);
#83=B_SPLINE_CURVE_WITH_KNOTS('',3,(#15715,#15716,#15717,#15718,#15719,
#15720,#15721,#15722,#15723,#15724,#15725,#15726,#15727,#15728,#15729,#15730,
#15731,#15732,#15733,#15734,#15735,#15736,#15737,#15738,#15739,#15740,#15741,
#15742,#15743,#15744,#15745),.UNSPECIFIED.,.F.,.F.,(4,1,1,1,1,1,1,1,1,1,
1,1,1,1,1,1,1,1,1,1,1,1,1,1,1,1,1,1,4),(0.,0.00323727297939158,0.00647454595878316,
0.00971181893817475,0.0129490919175663,0.0161863648969579,0.0194236378763495,
0.0258981838351327,0.0291354568145242,0.0323727297939158,0.038847275752699,
0.0420845487320906,0.0453218217114821,0.0485590946908737,0.0517963676702653,
0.0550336406496569,0.0582709136290485,0.0615081866084401,0.0647454595878316,
0.0679827325672232,0.0712200055466148,0.077694551505398,0.0841690974641811,
0.0874063704435727,0.0906436434229643,0.0938809164023559,0.0971181893817474,
0.100355462361139,0.103592735340531),.UNSPECIFIED.);
#84=CONICAL_SURFACE('',#8628,0.101,1.18491365739682);
#85=CONICAL_SURFACE('',#8630,0.024,1.18491365739682);
#86=CONICAL_SURFACE('',#8632,0.101,1.18491365739682);
#87=CONICAL_SURFACE('',#8692,0.101,1.18491365739682);
#88=CONICAL_SURFACE('',#8694,0.024,1.18491365739682);
#89=CONICAL_SURFACE('',#8696,0.101,1.18491365739682);
#90=CONICAL_SURFACE('',#8705,0.14,0.785398163397448);
#91=CONICAL_SURFACE('',#8719,0.14,0.785398163397448);
#92=CONICAL_SURFACE('',#8733,0.14,0.785398163397448);
#93=CONICAL_SURFACE('',#8758,0.14,0.785398163397448);
#94=CONICAL_SURFACE('',#8887,0.095,0.785398163397448);
#95=CONICAL_SURFACE('',#9035,0.084,0.785398163397448);
#96=CONICAL_SURFACE('',#9071,0.05,0.811033571919126);
#97=CONICAL_SURFACE('',#9222,0.00275,1.0471975511966);
#98=CONICAL_SURFACE('',#9223,0.00275,1.0471975511966);
#99=CONICAL_SURFACE('',#9224,0.00275,1.0471975511966);
#100=CONICAL_SURFACE('',#9226,0.00275,1.0471975511966);
#101=CONICAL_SURFACE('',#9228,0.00275,1.0471975511966);
#102=CONICAL_SURFACE('',#9229,0.00275,1.0471975511966);
#103=CONICAL_SURFACE('',#9231,0.00275,1.0471975511966);
#104=CONICAL_SURFACE('',#9232,0.00275,1.0471975511966);
#105=CONICAL_SURFACE('',#9234,0.00275,1.0471975511966);
#106=CONICAL_SURFACE('',#9235,0.00275,1.0471975511966);
#107=CONICAL_SURFACE('',#9237,0.00275,1.0471975511966);
#108=CONICAL_SURFACE('',#9238,0.00275,1.0471975511966);
#109=CONICAL_SURFACE('',#9256,0.0015,0.785398163397448);
#110=CONICAL_SURFACE('',#9257,0.0015,0.785398163397448);
#111=CONICAL_SURFACE('',#9353,0.00275,1.0471975511966);
#112=CONICAL_SURFACE('',#9355,0.00275,1.0471975511966);
#113=CONICAL_SURFACE('',#9357,0.00275,1.0471975511966);
#114=CONICAL_SURFACE('',#9359,0.00275,1.0471975511966);
#115=CONICAL_SURFACE('',#9361,0.00275,1.0471975511966);
#116=CONICAL_SURFACE('',#9363,0.00275,1.0471975511966);
#117=CONICAL_SURFACE('',#9367,0.0012293670625,0.785398163397446);
#118=B_SPLINE_SURFACE_WITH_KNOTS('',3,1,((#12133,#12134,#12135),(#12136,
#12137,#12138),(#12139,#12140,#12141),(#12142,#12143,#12144),(#12145,#12146,
#12147),(#12148,#12149,#12150),(#12151,#12152,#12153),(#12154,#12155,#12156),
(#12157,#12158,#12159),(#12160,#12161,#12162),(#12163,#12164,#12165),(#12166,
#12167,#12168),(#12169,#12170,#12171),(#12172,#12173,#12174),(#12175,#12176,
#12177),(#12178,#12179,#12180),(#12181,#12182,#12183),(#12184,#12185,#12186),
(#12187,#12188,#12189),(#12190,#12191,#12192),(#12193,#12194,#12195),(#12196,
#12197,#12198),(#12199,#12200,#12201),(#12202,#12203,#12204),(#12205,#12206,
#12207),(#12208,#12209,#12210),(#12211,#12212,#12213),(#12214,#12215,#12216),
(#12217,#12218,#12219),(#12220,#12221,#12222),(#12223,#12224,#12225),(#12226,
#12227,#12228),(#12229,#12230,#12231),(#12232,#12233,#12234),(#12235,#12236,
#12237),(#12238,#12239,#12240),(#12241,#12242,#12243),(#12244,#12245,#12246),
(#12247,#12248,#12249),(#12250,#12251,#12252),(#12253,#12254,#12255),(#12256,
#12257,#12258),(#12259,#12260,#12261),(#12262,#12263,#12264),(#12265,#12266,
#12267),(#12268,#12269,#12270),(#12271,#12272,#12273),(#12274,#12275,#12276),
(#12277,#12278,#12279),(#12280,#12281,#12282),(#12283,#12284,#12285),(#12286,
#12287,#12288)),.RULED_SURF.,.F.,.F.,.F.,(4,2,2,2,2,2,2,2,2,2,2,2,2,2,2,
2,2,2,2,2,2,2,2,2,2,4),(2,1,2),(0.923542878066091,0.928321448186961,0.93310001830783,
0.937878588428699,0.942657158549568,0.947435728670438,0.952214298791307,
0.954603583851742,0.956992868912176,0.959382153972611,0.961771439033046,
0.96416072409348,0.966550009153915,0.96893929421435,0.971328579274784,0.973717864335219,
0.976107149395653,0.978496434456088,0.980885719516523,0.983275004576957,
0.985664289637392,0.988053574697827,0.990442859758261,0.992832144818696,
0.995221429879131,1.),(-0.00600083805216052,0.,1.),.UNSPECIFIED.);
#119=B_SPLINE_SURFACE_WITH_KNOTS('',3,1,((#12306,#12307,#12308),(#12309,
#12310,#12311),(#12312,#12313,#12314),(#12315,#12316,#12317),(#12318,#12319,
#12320),(#12321,#12322,#12323),(#12324,#12325,#12326),(#12327,#12328,#12329),
(#12330,#12331,#12332),(#12333,#12334,#12335),(#12336,#12337,#12338),(#12339,
#12340,#12341),(#12342,#12343,#12344),(#12345,#12346,#12347),(#12348,#12349,
#12350),(#12351,#12352,#12353),(#12354,#12355,#12356),(#12357,#12358,#12359),
(#12360,#12361,#12362),(#12363,#12364,#12365),(#12366,#12367,#12368),(#12369,
#12370,#12371),(#12372,#12373,#12374),(#12375,#12376,#12377),(#12378,#12379,
#12380),(#12381,#12382,#12383),(#12384,#12385,#12386),(#12387,#12388,#12389),
(#12390,#12391,#12392),(#12393,#12394,#12395),(#12396,#12397,#12398),(#12399,
#12400,#12401),(#12402,#12403,#12404),(#12405,#12406,#12407),(#12408,#12409,
#12410),(#12411,#12412,#12413),(#12414,#12415,#12416),(#12417,#12418,#12419),
(#12420,#12421,#12422),(#12423,#12424,#12425),(#12426,#12427,#12428),(#12429,
#12430,#12431),(#12432,#12433,#12434),(#12435,#12436,#12437),(#12438,#12439,
#12440),(#12441,#12442,#12443),(#12444,#12445,#12446),(#12447,#12448,#12449),
(#12450,#12451,#12452),(#12453,#12454,#12455),(#12456,#12457,#12458),(#12459,
#12460,#12461)),.RULED_SURF.,.F.,.F.,.F.,(4,2,2,2,2,2,2,2,2,2,2,2,2,2,2,
2,2,2,2,2,2,2,2,2,2,4),(2,1,2),(0.,0.0047785701208693,0.00716785518130394,
0.00955714024173859,0.0119464253021732,0.0143357103626079,0.0167249954230425,
0.0191142804834772,0.0215035655439118,0.0238928506043465,0.0262821356647811,
0.0286714207252157,0.0310607057856504,0.0334499908460851,0.0358392759065197,
0.0382285609669544,0.040617846027389,0.0430071310878236,0.0453964161482583,
0.047785701208693,0.0525642713295623,0.0573428414504315,0.0621214115713008,
0.0668999816921701,0.0716785518130394,0.0764571219339087),(-0.00600076517259231,
0.,1.),.UNSPECIFIED.);
#120=B_SPLINE_SURFACE_WITH_KNOTS('',3,1,((#12574,#12575,#12576),(#12577,
#12578,#12579),(#12580,#12581,#12582),(#12583,#12584,#12585),(#12586,#12587,
#12588),(#12589,#12590,#12591),(#12592,#12593,#12594),(#12595,#12596,#12597),
(#12598,#12599,#12600),(#12601,#12602,#12603),(#12604,#12605,#12606),(#12607,
#12608,#12609),(#12610,#12611,#12612),(#12613,#12614,#12615),(#12616,#12617,
#12618),(#12619,#12620,#12621),(#12622,#12623,#12624),(#12625,#12626,#12627),
(#12628,#12629,#12630),(#12631,#12632,#12633),(#12634,#12635,#12636),(#12637,
#12638,#12639),(#12640,#12641,#12642),(#12643,#12644,#12645),(#12646,#12647,
#12648),(#12649,#12650,#12651),(#12652,#12653,#12654),(#12655,#12656,#12657),
(#12658,#12659,#12660),(#12661,#12662,#12663),(#12664,#12665,#12666),(#12667,
#12668,#12669),(#12670,#12671,#12672),(#12673,#12674,#12675),(#12676,#12677,
#12678),(#12679,#12680,#12681),(#12682,#12683,#12684),(#12685,#12686,#12687),
(#12688,#12689,#12690),(#12691,#12692,#12693),(#12694,#12695,#12696),(#12697,
#12698,#12699),(#12700,#12701,#12702),(#12703,#12704,#12705),(#12706,#12707,
#12708),(#12709,#12710,#12711),(#12712,#12713,#12714),(#12715,#12716,#12717),
(#12718,#12719,#12720),(#12721,#12722,#12723),(#12724,#12725,#12726),(#12727,
#12728,#12729)),.RULED_SURF.,.F.,.F.,.F.,(4,2,2,2,2,2,2,2,2,2,2,2,2,2,2,
2,2,2,2,2,2,2,2,2,2,4),(2,1,2),(0.923542878066091,0.928321448186961,0.93310001830783,
0.937878588428699,0.942657158549568,0.947435728670438,0.952214298791307,
0.954603583851742,0.956992868912176,0.959382153972611,0.961771439033046,
0.96416072409348,0.966550009153915,0.96893929421435,0.971328579274784,0.973717864335219,
0.976107149395653,0.978496434456088,0.980885719516523,0.983275004576957,
0.985664289637392,0.988053574697827,0.990442859758261,0.992832144818696,
0.995221429879131,1.),(-0.0060008380521605,0.,1.),.UNSPECIFIED.);
#121=B_SPLINE_SURFACE_WITH_KNOTS('',3,1,((#12747,#12748,#12749),(#12750,
#12751,#12752),(#12753,#12754,#12755),(#12756,#12757,#12758),(#12759,#12760,
#12761),(#12762,#12763,#12764),(#12765,#12766,#12767),(#12768,#12769,#12770),
(#12771,#12772,#12773),(#12774,#12775,#12776),(#12777,#12778,#12779),(#12780,
#12781,#12782),(#12783,#12784,#12785),(#12786,#12787,#12788),(#12789,#12790,
#12791),(#12792,#12793,#12794),(#12795,#12796,#12797),(#12798,#12799,#12800),
(#12801,#12802,#12803),(#12804,#12805,#12806),(#12807,#12808,#12809),(#12810,
#12811,#12812),(#12813,#12814,#12815),(#12816,#12817,#12818),(#12819,#12820,
#12821),(#12822,#12823,#12824),(#12825,#12826,#12827),(#12828,#12829,#12830),
(#12831,#12832,#12833),(#12834,#12835,#12836),(#12837,#12838,#12839),(#12840,
#12841,#12842),(#12843,#12844,#12845),(#12846,#12847,#12848),(#12849,#12850,
#12851),(#12852,#12853,#12854),(#12855,#12856,#12857),(#12858,#12859,#12860),
(#12861,#12862,#12863),(#12864,#12865,#12866),(#12867,#12868,#12869),(#12870,
#12871,#12872),(#12873,#12874,#12875),(#12876,#12877,#12878),(#12879,#12880,
#12881),(#12882,#12883,#12884),(#12885,#12886,#12887),(#12888,#12889,#12890),
(#12891,#12892,#12893),(#12894,#12895,#12896),(#12897,#12898,#12899),(#12900,
#12901,#12902)),.RULED_SURF.,.F.,.F.,.F.,(4,2,2,2,2,2,2,2,2,2,2,2,2,2,2,
2,2,2,2,2,2,2,2,2,2,4),(2,1,2),(0.,0.00477857012086931,0.00716785518130396,
0.00955714024173861,0.0119464253021733,0.0143357103626079,0.0167249954230425,
0.0191142804834772,0.0215035655439119,0.0238928506043466,0.0262821356647812,
0.0286714207252158,0.0310607057856505,0.0334499908460852,0.0358392759065198,
0.0382285609669544,0.0406178460273891,0.0430071310878237,0.0453964161482584,
0.0477857012086931,0.0525642713295624,0.0573428414504317,0.062121411571301,
0.0668999816921703,0.0716785518130396,0.0764571219339089),(-0.00600076517259336,
0.,1.),.UNSPECIFIED.);
#122=B_SPLINE_SURFACE_WITH_KNOTS('',3,3,((#13727,#13728,#13729,#13730),
(#13731,#13732,#13733,#13734),(#13735,#13736,#13737,#13738),(#13739,#13740,
#13741,#13742),(#13743,#13744,#13745,#13746),(#13747,#13748,#13749,#13750)),
 .UNSPECIFIED.,.F.,.F.,.F.,(4,2,4),(4,4),(0.,0.5,1.),(0.,1.00600002622651),
 .UNSPECIFIED.);
#123=B_SPLINE_SURFACE_WITH_KNOTS('',3,3,((#13760,#13761,#13762,#13763),
(#13764,#13765,#13766,#13767),(#13768,#13769,#13770,#13771),(#13772,#13773,
#13774,#13775),(#13776,#13777,#13778,#13779),(#13780,#13781,#13782,#13783)),
 .UNSPECIFIED.,.F.,.F.,.F.,(4,2,4),(4,4),(0.,0.5,1.),(0.,1.00600002622651),
 .UNSPECIFIED.);
#124=B_SPLINE_SURFACE_WITH_KNOTS('',3,3,((#14213,#14214,#14215,#14216),
(#14217,#14218,#14219,#14220),(#14221,#14222,#14223,#14224),(#14225,#14226,
#14227,#14228),(#14229,#14230,#14231,#14232),(#14233,#14234,#14235,#14236)),
 .UNSPECIFIED.,.F.,.F.,.F.,(4,2,4),(4,4),(0.,0.5,1.),(-0.00600018936122706,
1.00600016143212),.UNSPECIFIED.);
#125=B_SPLINE_SURFACE_WITH_KNOTS('',3,3,((#14242,#14243,#14244,#14245),
(#14246,#14247,#14248,#14249),(#14250,#14251,#14252,#14253),(#14254,#14255,
#14256,#14257),(#14258,#14259,#14260,#14261),(#14262,#14263,#14264,#14265),
(#14266,#14267,#14268,#14269),(#14270,#14271,#14272,#14273),(#14274,#14275,
#14276,#14277),(#14278,#14279,#14280,#14281),(#14282,#14283,#14284,#14285),
(#14286,#14287,#14288,#14289),(#14290,#14291,#14292,#14293),(#14294,#14295,
#14296,#14297),(#14298,#14299,#14300,#14301),(#14302,#14303,#14304,#14305),
(#14306,#14307,#14308,#14309),(#14310,#14311,#14312,#14313),(#14314,#14315,
#14316,#14317),(#14318,#14319,#14320,#14321),(#14322,#14323,#14324,#14325),
(#14326,#14327,#14328,#14329),(#14330,#14331,#14332,#14333),(#14334,#14335,
#14336,#14337),(#14338,#14339,#14340,#14341),(#14342,#14343,#14344,#14345),
(#14346,#14347,#14348,#14349),(#14350,#14351,#14352,#14353),(#14354,#14355,
#14356,#14357),(#14358,#14359,#14360,#14361),(#14362,#14363,#14364,#14365),
(#14366,#14367,#14368,#14369)),.UNSPECIFIED.,.F.,.F.,.F.,(4,2,2,2,2,2,2,
2,2,2,2,2,2,2,2,4),(4,4),(0.,0.125,0.25,0.375,0.390625,0.40625,0.4375,0.5,
0.5625,0.625,0.6875,0.75,0.8125,0.875,0.9375,1.),(-0.00600226908613116,
1.00600187103253),.UNSPECIFIED.);
#126=B_SPLINE_SURFACE_WITH_KNOTS('',3,3,((#14375,#14376,#14377,#14378),
(#14379,#14380,#14381,#14382),(#14383,#14384,#14385,#14386),(#14387,#14388,
#14389,#14390),(#14391,#14392,#14393,#14394),(#14395,#14396,#14397,#14398)),
 .UNSPECIFIED.,.F.,.F.,.F.,(4,2,4),(4,4),(0.,0.5,1.),(-0.00600040376763277,
1.00600014965384),.UNSPECIFIED.);
#127=B_SPLINE_SURFACE_WITH_KNOTS('',3,3,((#15495,#15496,#15497,#15498,#15499,
#15500,#15501,#15502,#15503,#15504),(#15505,#15506,#15507,#15508,#15509,
#15510,#15511,#15512,#15513,#15514),(#15515,#15516,#15517,#15518,#15519,
#15520,#15521,#15522,#15523,#15524),(#15525,#15526,#15527,#15528,#15529,
#15530,#15531,#15532,#15533,#15534),(#15535,#15536,#15537,#15538,#15539,
#15540,#15541,#15542,#15543,#15544),(#15545,#15546,#15547,#15548,#15549,
#15550,#15551,#15552,#15553,#15554),(#15555,#15556,#15557,#15558,#15559,
#15560,#15561,#15562,#15563,#15564),(#15565,#15566,#15567,#15568,#15569,
#15570,#15571,#15572,#15573,#15574),(#15575,#15576,#15577,#15578,#15579,
#15580,#15581,#15582,#15583,#15584),(#15585,#15586,#15587,#15588,#15589,
#15590,#15591,#15592,#15593,#15594),(#15595,#15596,#15597,#15598,#15599,
#15600,#15601,#15602,#15603,#15604),(#15605,#15606,#15607,#15608,#15609,
#15610,#15611,#15612,#15613,#15614),(#15615,#15616,#15617,#15618,#15619,
#15620,#15621,#15622,#15623,#15624),(#15625,#15626,#15627,#15628,#15629,
#15630,#15631,#15632,#15633,#15634),(#15635,#15636,#15637,#15638,#15639,
#15640,#15641,#15642,#15643,#15644),(#15645,#15646,#15647,#15648,#15649,
#15650,#15651,#15652,#15653,#15654),(#15655,#15656,#15657,#15658,#15659,
#15660,#15661,#15662,#15663,#15664),(#15665,#15666,#15667,#15668,#15669,
#15670,#15671,#15672,#15673,#15674),(#15675,#15676,#15677,#15678,#15679,
#15680,#15681,#15682,#15683,#15684),(#15685,#15686,#15687,#15688,#15689,
#15690,#15691,#15692,#15693,#15694),(#15695,#15696,#15697,#15698,#15699,
#15700,#15701,#15702,#15703,#15704),(#15705,#15706,#15707,#15708,#15709,
#15710,#15711,#15712,#15713,#15714)),.UNSPECIFIED.,.F.,.F.,.F.,(4,2,2,2,
2,2,2,2,2,2,4),(4,2,2,2,4),(0.,0.125750002060236,0.251500004120471,0.377250006180707,
0.503000008240942,0.628750010301178,0.754500012361413,0.880250014421649,
0.943125015451767,0.974562515966825,1.00600001648188),(0.0487792689968156,
0.27663212796688,0.504484986936944,0.732337845907009,0.960190704877073),
 .UNSPECIFIED.);
#128=CONTEXT_DEPENDENT_SHAPE_REPRESENTATION(#154,#15805);
#129=CONTEXT_DEPENDENT_SHAPE_REPRESENTATION(#155,#15807);
#130=CONTEXT_DEPENDENT_SHAPE_REPRESENTATION(#156,#15809);
#131=CONTEXT_DEPENDENT_SHAPE_REPRESENTATION(#157,#15811);
#132=CONTEXT_DEPENDENT_SHAPE_REPRESENTATION(#158,#15813);
#133=CONTEXT_DEPENDENT_SHAPE_REPRESENTATION(#159,#15815);
#134=CONTEXT_DEPENDENT_SHAPE_REPRESENTATION(#160,#15817);
#135=CONTEXT_DEPENDENT_SHAPE_REPRESENTATION(#161,#15819);
#136=CONTEXT_DEPENDENT_SHAPE_REPRESENTATION(#162,#15821);
#137=CONTEXT_DEPENDENT_SHAPE_REPRESENTATION(#163,#15822);
#138=CONTEXT_DEPENDENT_SHAPE_REPRESENTATION(#164,#15824);
#139=CONTEXT_DEPENDENT_SHAPE_REPRESENTATION(#165,#15825);
#140=CONTEXT_DEPENDENT_SHAPE_REPRESENTATION(#166,#15826);
#141=NEXT_ASSEMBLY_USAGE_OCCURRENCE('NAUO1','end_effector_a',
'end_effector_a',#15827,#15828,'');
#142=NEXT_ASSEMBLY_USAGE_OCCURRENCE('NAUO2','arm_link_3b','arm_link_3b',
#15827,#15829,'');
#143=NEXT_ASSEMBLY_USAGE_OCCURRENCE('NAUO3','base_link','base_link',#15827,
#15830,'');
#144=NEXT_ASSEMBLY_USAGE_OCCURRENCE('NAUO4','arm_link_3a','arm_link_3a',
#15827,#15831,'');
#145=NEXT_ASSEMBLY_USAGE_OCCURRENCE('NAUO5','arm_link_1','arm_link_1',#15827,
#15832,'');
#146=NEXT_ASSEMBLY_USAGE_OCCURRENCE('NAUO6','end_effector_b',
'end_effector_b',#15827,#15833,'');
#147=NEXT_ASSEMBLY_USAGE_OCCURRENCE('NAUO7',
'Prevailing torque nut thin M3x0.50',
'Prevailing torque nut thin M3x0.50',#15827,#15834,'');
#148=NEXT_ASSEMBLY_USAGE_OCCURRENCE('NAUO8','claw','claw',#15827,#15835,
'');
#149=NEXT_ASSEMBLY_USAGE_OCCURRENCE('NAUO9',
'Hex head screw grade A & B M3x0.50 x 30',
'Hex head screw grade A & B M3x0.50 x 30',#15827,#15836,'');
#150=NEXT_ASSEMBLY_USAGE_OCCURRENCE('NAUO10','claw','claw',#15827,#15835,
'');
#151=NEXT_ASSEMBLY_USAGE_OCCURRENCE('NAUO11','arm_link_2','arm_link_2',
#15827,#15837,'');
#152=NEXT_ASSEMBLY_USAGE_OCCURRENCE('NAUO12',
'Hex head screw grade A & B M3x0.50 x 30',
'Hex head screw grade A & B M3x0.50 x 30',#15827,#15836,'');
#153=NEXT_ASSEMBLY_USAGE_OCCURRENCE('NAUO13',
'Prevailing torque nut thin M3x0.50',
'Prevailing torque nut thin M3x0.50',#15827,#15834,'');
#154=(
REPRESENTATION_RELATIONSHIP(' ',' ',#8510,#8509)
REPRESENTATION_RELATIONSHIP_WITH_TRANSFORMATION(#167)
SHAPE_REPRESENTATION_RELATIONSHIP()
);
#155=(
REPRESENTATION_RELATIONSHIP(' ',' ',#8511,#8509)
REPRESENTATION_RELATIONSHIP_WITH_TRANSFORMATION(#168)
SHAPE_REPRESENTATION_RELATIONSHIP()
);
#156=(
REPRESENTATION_RELATIONSHIP(' ',' ',#8512,#8509)
REPRESENTATION_RELATIONSHIP_WITH_TRANSFORMATION(#169)
SHAPE_REPRESENTATION_RELATIONSHIP()
);
#157=(
REPRESENTATION_RELATIONSHIP(' ',' ',#8513,#8509)
REPRESENTATION_RELATIONSHIP_WITH_TRANSFORMATION(#170)
SHAPE_REPRESENTATION_RELATIONSHIP()
);
#158=(
REPRESENTATION_RELATIONSHIP(' ',' ',#8514,#8509)
REPRESENTATION_RELATIONSHIP_WITH_TRANSFORMATION(#171)
SHAPE_REPRESENTATION_RELATIONSHIP()
);
#159=(
REPRESENTATION_RELATIONSHIP(' ',' ',#8515,#8509)
REPRESENTATION_RELATIONSHIP_WITH_TRANSFORMATION(#172)
SHAPE_REPRESENTATION_RELATIONSHIP()
);
#160=(
REPRESENTATION_RELATIONSHIP(' ',' ',#8516,#8509)
REPRESENTATION_RELATIONSHIP_WITH_TRANSFORMATION(#173)
SHAPE_REPRESENTATION_RELATIONSHIP()
);
#161=(
REPRESENTATION_RELATIONSHIP(' ',' ',#8517,#8509)
REPRESENTATION_RELATIONSHIP_WITH_TRANSFORMATION(#174)
SHAPE_REPRESENTATION_RELATIONSHIP()
);
#162=(
REPRESENTATION_RELATIONSHIP(' ',' ',#8518,#8509)
REPRESENTATION_RELATIONSHIP_WITH_TRANSFORMATION(#175)
SHAPE_REPRESENTATION_RELATIONSHIP()
);
#163=(
REPRESENTATION_RELATIONSHIP(' ',' ',#8517,#8509)
REPRESENTATION_RELATIONSHIP_WITH_TRANSFORMATION(#176)
SHAPE_REPRESENTATION_RELATIONSHIP()
);
#164=(
REPRESENTATION_RELATIONSHIP(' ',' ',#8519,#8509)
REPRESENTATION_RELATIONSHIP_WITH_TRANSFORMATION(#177)
SHAPE_REPRESENTATION_RELATIONSHIP()
);
#165=(
REPRESENTATION_RELATIONSHIP(' ',' ',#8518,#8509)
REPRESENTATION_RELATIONSHIP_WITH_TRANSFORMATION(#178)
SHAPE_REPRESENTATION_RELATIONSHIP()
);
#166=(
REPRESENTATION_RELATIONSHIP(' ',' ',#8516,#8509)
REPRESENTATION_RELATIONSHIP_WITH_TRANSFORMATION(#179)
SHAPE_REPRESENTATION_RELATIONSHIP()
);
#167=ITEM_DEFINED_TRANSFORMATION(' ',' ',#8520,#8565);
#168=ITEM_DEFINED_TRANSFORMATION(' ',' ',#8520,#8704);
#169=ITEM_DEFINED_TRANSFORMATION(' ',' ',#8520,#8891);
#170=ITEM_DEFINED_TRANSFORMATION(' ',' ',#8520,#8973);
#171=ITEM_DEFINED_TRANSFORMATION(' ',' ',#8520,#9109);
#172=ITEM_DEFINED_TRANSFORMATION(' ',' ',#8520,#9210);
#173=ITEM_DEFINED_TRANSFORMATION(' ',' ',#8520,#9258);
#174=ITEM_DEFINED_TRANSFORMATION(' ',' ',#8520,#9325);
#175=ITEM_DEFINED_TRANSFORMATION(' ',' ',#8520,#9368);
#176=ITEM_DEFINED_TRANSFORMATION(' ',' ',#8520,#9369);
#177=ITEM_DEFINED_TRANSFORMATION(' ',' ',#8520,#9415);
#178=ITEM_DEFINED_TRANSFORMATION(' ',' ',#8520,#9416);
#179=ITEM_DEFINED_TRANSFORMATION(' ',' ',#8520,#9417);
#180=SHAPE_REPRESENTATION_RELATIONSHIP('','',#8510,#190);
#181=SHAPE_REPRESENTATION_RELATIONSHIP('','',#8511,#191);
#182=SHAPE_REPRESENTATION_RELATIONSHIP('','',#8512,#192);
#183=SHAPE_REPRESENTATION_RELATIONSHIP('','',#8513,#193);
#184=SHAPE_REPRESENTATION_RELATIONSHIP('','',#8514,#194);
#185=SHAPE_REPRESENTATION_RELATIONSHIP('','',#8515,#195);
#186=SHAPE_REPRESENTATION_RELATIONSHIP('','',#8516,#196);
#187=SHAPE_REPRESENTATION_RELATIONSHIP('','',#8517,#197);
#188=SHAPE_REPRESENTATION_RELATIONSHIP('','',#8518,#198);
#189=SHAPE_REPRESENTATION_RELATIONSHIP('','',#8519,#199);
#190=ADVANCED_BREP_SHAPE_REPRESENTATION('',(#8488),#15779);
#191=ADVANCED_BREP_SHAPE_REPRESENTATION('',(#8489),#15780);
#192=ADVANCED_BREP_SHAPE_REPRESENTATION('',(#8490),#15781);
#193=ADVANCED_BREP_SHAPE_REPRESENTATION('',(#8491),#15782);
#194=ADVANCED_BREP_SHAPE_REPRESENTATION('',(#8492),#15783);
#195=ADVANCED_BREP_SHAPE_REPRESENTATION('',(#8493),#15784);
#196=ADVANCED_BREP_SHAPE_REPRESENTATION('',(#8494),#15785);
#197=ADVANCED_BREP_SHAPE_REPRESENTATION('',(#8495),#15786);
#198=ADVANCED_BREP_SHAPE_REPRESENTATION('',(#8496),#15787);
#199=ADVANCED_BREP_SHAPE_REPRESENTATION('',(#8497),#15788);
#200=DEGENERATE_TOROIDAL_SURFACE('',#8527,0.0154039529753025,0.025,.T.);
#201=DEGENERATE_TOROIDAL_SURFACE('',#8535,0.00556773300289052,0.037,.T.);
#202=LINE('',#11922,#900);
#203=LINE('',#11925,#901);
#204=LINE('',#11927,#902);
#205=LINE('',#11929,#903);
#206=LINE('',#11971,#904);
#207=LINE('',#11973,#905);
#208=LINE('',#11975,#906);
#209=LINE('',#11977,#907);
#210=LINE('',#11981,#908);
#211=LINE('',#11983,#909);
#212=LINE('',#11997,#910);
#213=LINE('',#12006,#911);
#214=LINE('',#12019,#912);
#215=LINE('',#12029,#913);
#216=LINE('',#12046,#914);
#217=LINE('',#12048,#915);
#218=LINE('',#12050,#916);
#219=LINE('',#12052,#917);
#220=LINE('',#12053,#918);
#221=LINE('',#12055,#919);
#222=LINE('',#12059,#920);
#223=LINE('',#12061,#921);
#224=LINE('',#12063,#922);
#225=LINE('',#12065,#923);
#226=LINE('',#12068,#924);
#227=LINE('',#12069,#925);
#228=LINE('',#12073,#926);
#229=LINE('',#12077,#927);
#230=LINE('',#12079,#928);
#231=LINE('',#12083,#929);
#232=LINE('',#12087,#930);
#233=LINE('',#12089,#931);
#234=LINE('',#12091,#932);
#235=LINE('',#12106,#933);
#236=LINE('',#12110,#934);
#237=LINE('',#12114,#935);
#238=LINE('',#12116,#936);
#239=LINE('',#12120,#937);
#240=LINE('',#12122,#938);
#241=LINE('',#12124,#939);
#242=LINE('',#12128,#940);
#243=LINE('',#12289,#941);
#244=LINE('',#12293,#942);
#245=LINE('',#12295,#943);
#246=LINE('',#12299,#944);
#247=LINE('',#12303,#945);
#248=LINE('',#12462,#946);
#249=LINE('',#12466,#947);
#250=LINE('',#12473,#948);
#251=LINE('',#12475,#949);
#252=LINE('',#12477,#950);
#253=LINE('',#12488,#951);
#254=LINE('',#12505,#952);
#255=LINE('',#12507,#953);
#256=LINE('',#12514,#954);
#257=LINE('',#12518,#955);
#258=LINE('',#12520,#956);
#259=LINE('',#12524,#957);
#260=LINE('',#12528,#958);
#261=LINE('',#12530,#959);
#262=LINE('',#12532,#960);
#263=LINE('',#12541,#961);
#264=LINE('',#12545,#962);
#265=LINE('',#12549,#963);
#266=LINE('',#12555,#964);
#267=LINE('',#12561,#965);
#268=LINE('',#12565,#966);
#269=LINE('',#12567,#967);
#270=LINE('',#12569,#968);
#271=LINE('',#12730,#969);
#272=LINE('',#12734,#970);
#273=LINE('',#12736,#971);
#274=LINE('',#12740,#972);
#275=LINE('',#12744,#973);
#276=LINE('',#12903,#974);
#277=LINE('',#12907,#975);
#278=LINE('',#12918,#976);
#279=LINE('',#12922,#977);
#280=LINE('',#12935,#978);
#281=LINE('',#12939,#979);
#282=LINE('',#12941,#980);
#283=LINE('',#12943,#981);
#284=LINE('',#12945,#982);
#285=LINE('',#12947,#983);
#286=LINE('',#12949,#984);
#287=LINE('',#12953,#985);
#288=LINE('',#12954,#986);
#289=LINE('',#12959,#987);
#290=LINE('',#12963,#988);
#291=LINE('',#12976,#989);
#292=LINE('',#12980,#990);
#293=LINE('',#12982,#991);
#294=LINE('',#12983,#992);
#295=LINE('',#12985,#993);
#296=LINE('',#12987,#994);
#297=LINE('',#12991,#995);
#298=LINE('',#12992,#996);
#299=LINE('',#12997,#997);
#300=LINE('',#13001,#998);
#301=LINE('',#13014,#999);
#302=LINE('',#13018,#1000);
#303=LINE('',#13020,#1001);
#304=LINE('',#13021,#1002);
#305=LINE('',#13023,#1003);
#306=LINE('',#13025,#1004);
#307=LINE('',#13029,#1005);
#308=LINE('',#13030,#1006);
#309=LINE('',#13032,#1007);
#310=LINE('',#13035,#1008);
#311=LINE('',#13037,#1009);
#312=LINE('',#13039,#1010);
#313=LINE('',#13041,#1011);
#314=LINE('',#13043,#1012);
#315=LINE('',#13045,#1013);
#316=LINE('',#13047,#1014);
#317=LINE('',#13049,#1015);
#318=LINE('',#13051,#1016);
#319=LINE('',#13053,#1017);
#320=LINE('',#13055,#1018);
#321=LINE('',#13057,#1019);
#322=LINE('',#13059,#1020);
#323=LINE('',#13061,#1021);
#324=LINE('',#13063,#1022);
#325=LINE('',#13065,#1023);
#326=LINE('',#13066,#1024);
#327=LINE('',#13073,#1025);
#328=LINE('',#13077,#1026);
#329=LINE('',#13089,#1027);
#330=LINE('',#13091,#1028);
#331=LINE('',#13095,#1029);
#332=LINE('',#13097,#1030);
#333=LINE('',#13100,#1031);
#334=LINE('',#13104,#1032);
#335=LINE('',#13106,#1033);
#336=LINE('',#13108,#1034);
#337=LINE('',#13110,#1035);
#338=LINE('',#13112,#1036);
#339=LINE('',#13113,#1037);
#340=LINE('',#13116,#1038);
#341=LINE('',#13118,#1039);
#342=LINE('',#13120,#1040);
#343=LINE('',#13122,#1041);
#344=LINE('',#13124,#1042);
#345=LINE('',#13126,#1043);
#346=LINE('',#13127,#1044);
#347=LINE('',#13129,#1045);
#348=LINE('',#13133,#1046);
#349=LINE('',#13135,#1047);
#350=LINE('',#13139,#1048);
#351=LINE('',#13141,#1049);
#352=LINE('',#13144,#1050);
#353=LINE('',#13146,#1051);
#354=LINE('',#13148,#1052);
#355=LINE('',#13150,#1053);
#356=LINE('',#13152,#1054);
#357=LINE('',#13153,#1055);
#358=LINE('',#13155,#1056);
#359=LINE('',#13157,#1057);
#360=LINE('',#13159,#1058);
#361=LINE('',#13161,#1059);
#362=LINE('',#13163,#1060);
#363=LINE('',#13165,#1061);
#364=LINE('',#13166,#1062);
#365=LINE('',#13169,#1063);
#366=LINE('',#13171,#1064);
#367=LINE('',#13173,#1065);
#368=LINE('',#13175,#1066);
#369=LINE('',#13177,#1067);
#370=LINE('',#13179,#1068);
#371=LINE('',#13183,#1069);
#372=LINE('',#13185,#1070);
#373=LINE('',#13189,#1071);
#374=LINE('',#13191,#1072);
#375=LINE('',#13194,#1073);
#376=LINE('',#13196,#1074);
#377=LINE('',#13198,#1075);
#378=LINE('',#13200,#1076);
#379=LINE('',#13202,#1077);
#380=LINE('',#13203,#1078);
#381=LINE('',#13205,#1079);
#382=LINE('',#13207,#1080);
#383=LINE('',#13209,#1081);
#384=LINE('',#13211,#1082);
#385=LINE('',#13213,#1083);
#386=LINE('',#13215,#1084);
#387=LINE('',#13216,#1085);
#388=LINE('',#13219,#1086);
#389=LINE('',#13221,#1087);
#390=LINE('',#13223,#1088);
#391=LINE('',#13225,#1089);
#392=LINE('',#13227,#1090);
#393=LINE('',#13232,#1091);
#394=LINE('',#13233,#1092);
#395=LINE('',#13237,#1093);
#396=LINE('',#13238,#1094);
#397=LINE('',#13240,#1095);
#398=LINE('',#13244,#1096);
#399=LINE('',#13246,#1097);
#400=LINE('',#13249,#1098);
#401=LINE('',#13251,#1099);
#402=LINE('',#13253,#1100);
#403=LINE('',#13255,#1101);
#404=LINE('',#13257,#1102);
#405=LINE('',#13258,#1103);
#406=LINE('',#13260,#1104);
#407=LINE('',#13262,#1105);
#408=LINE('',#13264,#1106);
#409=LINE('',#13266,#1107);
#410=LINE('',#13268,#1108);
#411=LINE('',#13270,#1109);
#412=LINE('',#13271,#1110);
#413=LINE('',#13274,#1111);
#414=LINE('',#13276,#1112);
#415=LINE('',#13278,#1113);
#416=LINE('',#13280,#1114);
#417=LINE('',#13282,#1115);
#418=LINE('',#13284,#1116);
#419=LINE('',#13286,#1117);
#420=LINE('',#13288,#1118);
#421=LINE('',#13290,#1119);
#422=LINE('',#13292,#1120);
#423=LINE('',#13293,#1121);
#424=LINE('',#13295,#1122);
#425=LINE('',#13297,#1123);
#426=LINE('',#13299,#1124);
#427=LINE('',#13301,#1125);
#428=LINE('',#13302,#1126);
#429=LINE('',#13304,#1127);
#430=LINE('',#13306,#1128);
#431=LINE('',#13308,#1129);
#432=LINE('',#13310,#1130);
#433=LINE('',#13311,#1131);
#434=LINE('',#13313,#1132);
#435=LINE('',#13315,#1133);
#436=LINE('',#13317,#1134);
#437=LINE('',#13319,#1135);
#438=LINE('',#13321,#1136);
#439=LINE('',#13322,#1137);
#440=LINE('',#13324,#1138);
#441=LINE('',#13326,#1139);
#442=LINE('',#13328,#1140);
#443=LINE('',#13329,#1141);
#444=LINE('',#13331,#1142);
#445=LINE('',#13332,#1143);
#446=LINE('',#13336,#1144);
#447=LINE('',#13338,#1145);
#448=LINE('',#13340,#1146);
#449=LINE('',#13343,#1147);
#450=LINE('',#13345,#1148);
#451=LINE('',#13347,#1149);
#452=LINE('',#13349,#1150);
#453=LINE('',#13351,#1151);
#454=LINE('',#13353,#1152);
#455=LINE('',#13355,#1153);
#456=LINE('',#13357,#1154);
#457=LINE('',#13359,#1155);
#458=LINE('',#13361,#1156);
#459=LINE('',#13363,#1157);
#460=LINE('',#13365,#1158);
#461=LINE('',#13368,#1159);
#462=LINE('',#13370,#1160);
#463=LINE('',#13372,#1161);
#464=LINE('',#13375,#1162);
#465=LINE('',#13377,#1163);
#466=LINE('',#13379,#1164);
#467=LINE('',#13381,#1165);
#468=LINE('',#13383,#1166);
#469=LINE('',#13385,#1167);
#470=LINE('',#13387,#1168);
#471=LINE('',#13389,#1169);
#472=LINE('',#13391,#1170);
#473=LINE('',#13393,#1171);
#474=LINE('',#13395,#1172);
#475=LINE('',#13397,#1173);
#476=LINE('',#13400,#1174);
#477=LINE('',#13401,#1175);
#478=LINE('',#13403,#1176);
#479=LINE('',#13405,#1177);
#480=LINE('',#13407,#1178);
#481=LINE('',#13408,#1179);
#482=LINE('',#13410,#1180);
#483=LINE('',#13411,#1181);
#484=LINE('',#13415,#1182);
#485=LINE('',#13417,#1183);
#486=LINE('',#13419,#1184);
#487=LINE('',#13422,#1185);
#488=LINE('',#13424,#1186);
#489=LINE('',#13426,#1187);
#490=LINE('',#13428,#1188);
#491=LINE('',#13430,#1189);
#492=LINE('',#13432,#1190);
#493=LINE('',#13434,#1191);
#494=LINE('',#13436,#1192);
#495=LINE('',#13438,#1193);
#496=LINE('',#13440,#1194);
#497=LINE('',#13442,#1195);
#498=LINE('',#13444,#1196);
#499=LINE('',#13447,#1197);
#500=LINE('',#13449,#1198);
#501=LINE('',#13451,#1199);
#502=LINE('',#13453,#1200);
#503=LINE('',#13455,#1201);
#504=LINE('',#13457,#1202);
#505=LINE('',#13459,#1203);
#506=LINE('',#13460,#1204);
#507=LINE('',#13462,#1205);
#508=LINE('',#13464,#1206);
#509=LINE('',#13466,#1207);
#510=LINE('',#13467,#1208);
#511=LINE('',#13469,#1209);
#512=LINE('',#13470,#1210);
#513=LINE('',#13474,#1211);
#514=LINE('',#13476,#1212);
#515=LINE('',#13478,#1213);
#516=LINE('',#13481,#1214);
#517=LINE('',#13483,#1215);
#518=LINE('',#13485,#1216);
#519=LINE('',#13487,#1217);
#520=LINE('',#13489,#1218);
#521=LINE('',#13491,#1219);
#522=LINE('',#13493,#1220);
#523=LINE('',#13495,#1221);
#524=LINE('',#13497,#1222);
#525=LINE('',#13499,#1223);
#526=LINE('',#13501,#1224);
#527=LINE('',#13503,#1225);
#528=LINE('',#13506,#1226);
#529=LINE('',#13508,#1227);
#530=LINE('',#13510,#1228);
#531=LINE('',#13513,#1229);
#532=LINE('',#13515,#1230);
#533=LINE('',#13517,#1231);
#534=LINE('',#13519,#1232);
#535=LINE('',#13521,#1233);
#536=LINE('',#13523,#1234);
#537=LINE('',#13525,#1235);
#538=LINE('',#13527,#1236);
#539=LINE('',#13529,#1237);
#540=LINE('',#13531,#1238);
#541=LINE('',#13533,#1239);
#542=LINE('',#13535,#1240);
#543=LINE('',#13538,#1241);
#544=LINE('',#13540,#1242);
#545=LINE('',#13541,#1243);
#546=LINE('',#13543,#1244);
#547=LINE('',#13544,#1245);
#548=LINE('',#13548,#1246);
#549=LINE('',#13550,#1247);
#550=LINE('',#13552,#1248);
#551=LINE('',#13555,#1249);
#552=LINE('',#13557,#1250);
#553=LINE('',#13559,#1251);
#554=LINE('',#13561,#1252);
#555=LINE('',#13563,#1253);
#556=LINE('',#13565,#1254);
#557=LINE('',#13567,#1255);
#558=LINE('',#13569,#1256);
#559=LINE('',#13571,#1257);
#560=LINE('',#13573,#1258);
#561=LINE('',#13575,#1259);
#562=LINE('',#13577,#1260);
#563=LINE('',#13580,#1261);
#564=LINE('',#13582,#1262);
#565=LINE('',#13584,#1263);
#566=LINE('',#13587,#1264);
#567=LINE('',#13589,#1265);
#568=LINE('',#13591,#1266);
#569=LINE('',#13593,#1267);
#570=LINE('',#13595,#1268);
#571=LINE('',#13597,#1269);
#572=LINE('',#13599,#1270);
#573=LINE('',#13601,#1271);
#574=LINE('',#13603,#1272);
#575=LINE('',#13605,#1273);
#576=LINE('',#13607,#1274);
#577=LINE('',#13609,#1275);
#578=LINE('',#13612,#1276);
#579=LINE('',#13614,#1277);
#580=LINE('',#13616,#1278);
#581=LINE('',#13620,#1279);
#582=LINE('',#13637,#1280);
#583=LINE('',#13639,#1281);
#584=LINE('',#13641,#1282);
#585=LINE('',#13643,#1283);
#586=LINE('',#13648,#1284);
#587=LINE('',#13650,#1285);
#588=LINE('',#13652,#1286);
#589=LINE('',#13657,#1287);
#590=LINE('',#13689,#1288);
#591=LINE('',#13693,#1289);
#592=LINE('',#13695,#1290);
#593=LINE('',#13697,#1291);
#594=LINE('',#13698,#1292);
#595=LINE('',#13702,#1293);
#596=LINE('',#13703,#1294);
#597=LINE('',#13704,#1295);
#598=LINE('',#13708,#1296);
#599=LINE('',#13710,#1297);
#600=LINE('',#13713,#1298);
#601=LINE('',#13714,#1299);
#602=LINE('',#13722,#1300);
#603=LINE('',#13726,#1301);
#604=LINE('',#13751,#1302);
#605=LINE('',#13755,#1303);
#606=LINE('',#13757,#1304);
#607=LINE('',#13759,#1305);
#608=LINE('',#13784,#1306);
#609=LINE('',#13788,#1307);
#610=LINE('',#13806,#1308);
#611=LINE('',#13811,#1309);
#612=LINE('',#13815,#1310);
#613=LINE('',#13817,#1311);
#614=LINE('',#13819,#1312);
#615=LINE('',#13821,#1313);
#616=LINE('',#13825,#1314);
#617=LINE('',#13827,#1315);
#618=LINE('',#13920,#1316);
#619=LINE('',#13925,#1317);
#620=LINE('',#13929,#1318);
#621=LINE('',#13934,#1319);
#622=LINE('',#13941,#1320);
#623=LINE('',#13945,#1321);
#624=LINE('',#14156,#1322);
#625=LINE('',#14159,#1323);
#626=LINE('',#14161,#1324);
#627=LINE('',#14163,#1325);
#628=LINE('',#14167,#1326);
#629=LINE('',#14170,#1327);
#630=LINE('',#14172,#1328);
#631=LINE('',#14174,#1329);
#632=LINE('',#14187,#1330);
#633=LINE('',#14188,#1331);
#634=LINE('',#14190,#1332);
#635=LINE('',#14194,#1333);
#636=LINE('',#14202,#1334);
#637=LINE('',#14204,#1335);
#638=LINE('',#14208,#1336);
#639=LINE('',#14240,#1337);
#640=LINE('',#14241,#1338);
#641=LINE('',#14374,#1339);
#642=LINE('',#14442,#1340);
#643=LINE('',#14446,#1341);
#644=LINE('',#14450,#1342);
#645=LINE('',#14454,#1343);
#646=LINE('',#14455,#1344);
#647=LINE('',#14459,#1345);
#648=LINE('',#14460,#1346);
#649=LINE('',#14464,#1347);
#650=LINE('',#14466,#1348);
#651=LINE('',#14470,#1349);
#652=LINE('',#14472,#1350);
#653=LINE('',#14474,#1351);
#654=LINE('',#14476,#1352);
#655=LINE('',#14480,#1353);
#656=LINE('',#14482,#1354);
#657=LINE('',#14484,#1355);
#658=LINE('',#14486,#1356);
#659=LINE('',#14490,#1357);
#660=LINE('',#14492,#1358);
#661=LINE('',#14494,#1359);
#662=LINE('',#14496,#1360);
#663=LINE('',#14500,#1361);
#664=LINE('',#14502,#1362);
#665=LINE('',#14504,#1363);
#666=LINE('',#14506,#1364);
#667=LINE('',#14510,#1365);
#668=LINE('',#14526,#1366);
#669=LINE('',#14529,#1367);
#670=LINE('',#14531,#1368);
#671=LINE('',#14533,#1369);
#672=LINE('',#14535,#1370);
#673=LINE('',#14537,#1371);
#674=LINE('',#14541,#1372);
#675=LINE('',#14545,#1373);
#676=LINE('',#14549,#1374);
#677=LINE('',#14553,#1375);
#678=LINE('',#14557,#1376);
#679=LINE('',#14561,#1377);
#680=LINE('',#14563,#1378);
#681=LINE('',#14565,#1379);
#682=LINE('',#14567,#1380);
#683=LINE('',#14570,#1381);
#684=LINE('',#14572,#1382);
#685=LINE('',#14574,#1383);
#686=LINE('',#14579,#1384);
#687=LINE('',#14583,#1385);
#688=LINE('',#14587,#1386);
#689=LINE('',#14591,#1387);
#690=LINE('',#14593,#1388);
#691=LINE('',#14595,#1389);
#692=LINE('',#14597,#1390);
#693=LINE('',#14599,#1391);
#694=LINE('',#14603,#1392);
#695=LINE('',#14615,#1393);
#696=LINE('',#14621,#1394);
#697=LINE('',#14624,#1395);
#698=LINE('',#14626,#1396);
#699=LINE('',#14628,#1397);
#700=LINE('',#14630,#1398);
#701=LINE('',#14632,#1399);
#702=LINE('',#14636,#1400);
#703=LINE('',#14640,#1401);
#704=LINE('',#14644,#1402);
#705=LINE('',#14648,#1403);
#706=LINE('',#14652,#1404);
#707=LINE('',#14656,#1405);
#708=LINE('',#14658,#1406);
#709=LINE('',#14660,#1407);
#710=LINE('',#14662,#1408);
#711=LINE('',#14665,#1409);
#712=LINE('',#14667,#1410);
#713=LINE('',#14671,#1411);
#714=LINE('',#14676,#1412);
#715=LINE('',#14680,#1413);
#716=LINE('',#14684,#1414);
#717=LINE('',#14686,#1415);
#718=LINE('',#14687,#1416);
#719=LINE('',#14689,#1417);
#720=LINE('',#14693,#1418);
#721=LINE('',#14697,#1419);
#722=LINE('',#14719,#1420);
#723=LINE('',#14721,#1421);
#724=LINE('',#14723,#1422);
#725=LINE('',#14724,#1423);
#726=LINE('',#14726,#1424);
#727=LINE('',#14728,#1425);
#728=LINE('',#14730,#1426);
#729=LINE('',#14731,#1427);
#730=LINE('',#14733,#1428);
#731=LINE('',#14734,#1429);
#732=LINE('',#14736,#1430);
#733=LINE('',#14737,#1431);
#734=LINE('',#14739,#1432);
#735=LINE('',#14740,#1433);
#736=LINE('',#14750,#1434);
#737=LINE('',#14752,#1435);
#738=LINE('',#14754,#1436);
#739=LINE('',#14756,#1437);
#740=LINE('',#14758,#1438);
#741=LINE('',#14761,#1439);
#742=LINE('',#14763,#1440);
#743=LINE('',#14765,#1441);
#744=LINE('',#14766,#1442);
#745=LINE('',#14768,#1443);
#746=LINE('',#14769,#1444);
#747=LINE('',#14771,#1445);
#748=LINE('',#14772,#1446);
#749=LINE('',#14774,#1447);
#750=LINE('',#14775,#1448);
#751=LINE('',#14777,#1449);
#752=LINE('',#14778,#1450);
#753=LINE('',#14780,#1451);
#754=LINE('',#14782,#1452);
#755=LINE('',#14792,#1453);
#756=LINE('',#14794,#1454);
#757=LINE('',#14796,#1455);
#758=LINE('',#14798,#1456);
#759=LINE('',#14800,#1457);
#760=LINE('',#14960,#1458);
#761=LINE('',#14961,#1459);
#762=LINE('',#14963,#1460);
#763=LINE('',#14965,#1461);
#764=LINE('',#14967,#1462);
#765=LINE('',#14969,#1463);
#766=LINE('',#14993,#1464);
#767=LINE('',#14997,#1465);
#768=LINE('',#15000,#1466);
#769=LINE('',#15005,#1467);
#770=LINE('',#15007,#1468);
#771=LINE('',#15009,#1469);
#772=LINE('',#15011,#1470);
#773=LINE('',#15013,#1471);
#774=LINE('',#15015,#1472);
#775=LINE('',#15017,#1473);
#776=LINE('',#15019,#1474);
#777=LINE('',#15021,#1475);
#778=LINE('',#15023,#1476);
#779=LINE('',#15025,#1477);
#780=LINE('',#15027,#1478);
#781=LINE('',#15029,#1479);
#782=LINE('',#15031,#1480);
#783=LINE('',#15033,#1481);
#784=LINE('',#15035,#1482);
#785=LINE('',#15037,#1483);
#786=LINE('',#15039,#1484);
#787=LINE('',#15041,#1485);
#788=LINE('',#15043,#1486);
#789=LINE('',#15045,#1487);
#790=LINE('',#15049,#1488);
#791=LINE('',#15051,#1489);
#792=LINE('',#15053,#1490);
#793=LINE('',#15057,#1491);
#794=LINE('',#15061,#1492);
#795=LINE('',#15063,#1493);
#796=LINE('',#15067,#1494);
#797=LINE('',#15071,#1495);
#798=LINE('',#15073,#1496);
#799=LINE('',#15074,#1497);
#800=LINE('',#15077,#1498);
#801=LINE('',#15079,#1499);
#802=LINE('',#15083,#1500);
#803=LINE('',#15088,#1501);
#804=LINE('',#15090,#1502);
#805=LINE('',#15092,#1503);
#806=LINE('',#15096,#1504);
#807=LINE('',#15100,#1505);
#808=LINE('',#15102,#1506);
#809=LINE('',#15106,#1507);
#810=LINE('',#15110,#1508);
#811=LINE('',#15112,#1509);
#812=LINE('',#15114,#1510);
#813=LINE('',#15118,#1511);
#814=LINE('',#15120,#1512);
#815=LINE('',#15122,#1513);
#816=LINE('',#15124,#1514);
#817=LINE('',#15126,#1515);
#818=LINE('',#15128,#1516);
#819=LINE('',#15130,#1517);
#820=LINE('',#15132,#1518);
#821=LINE('',#15134,#1519);
#822=LINE('',#15136,#1520);
#823=LINE('',#15138,#1521);
#824=LINE('',#15140,#1522);
#825=LINE('',#15142,#1523);
#826=LINE('',#15144,#1524);
#827=LINE('',#15146,#1525);
#828=LINE('',#15148,#1526);
#829=LINE('',#15150,#1527);
#830=LINE('',#15152,#1528);
#831=LINE('',#15154,#1529);
#832=LINE('',#15156,#1530);
#833=LINE('',#15157,#1531);
#834=LINE('',#15160,#1532);
#835=LINE('',#15162,#1533);
#836=LINE('',#15164,#1534);
#837=LINE('',#15165,#1535);
#838=LINE('',#15167,#1536);
#839=LINE('',#15168,#1537);
#840=LINE('',#15170,#1538);
#841=LINE('',#15171,#1539);
#842=LINE('',#15173,#1540);
#843=LINE('',#15174,#1541);
#844=LINE('',#15176,#1542);
#845=LINE('',#15177,#1543);
#846=LINE('',#15179,#1544);
#847=LINE('',#15180,#1545);
#848=LINE('',#15182,#1546);
#849=LINE('',#15183,#1547);
#850=LINE('',#15185,#1548);
#851=LINE('',#15186,#1549);
#852=LINE('',#15188,#1550);
#853=LINE('',#15190,#1551);
#854=LINE('',#15191,#1552);
#855=LINE('',#15193,#1553);
#856=LINE('',#15194,#1554);
#857=LINE('',#15196,#1555);
#858=LINE('',#15198,#1556);
#859=LINE('',#15200,#1557);
#860=LINE('',#15201,#1558);
#861=LINE('',#15203,#1559);
#862=LINE('',#15205,#1560);
#863=LINE('',#15207,#1561);
#864=LINE('',#15209,#1562);
#865=LINE('',#15211,#1563);
#866=LINE('',#15213,#1564);
#867=LINE('',#15220,#1565);
#868=LINE('',#15223,#1566);
#869=LINE('',#15226,#1567);
#870=LINE('',#15229,#1568);
#871=LINE('',#15232,#1569);
#872=LINE('',#15235,#1570);
#873=LINE('',#15238,#1571);
#874=LINE('',#15239,#1572);
#875=LINE('',#15241,#1573);
#876=LINE('',#15245,#1574);
#877=LINE('',#15247,#1575);
#878=LINE('',#15249,#1576);
#879=LINE('',#15251,#1577);
#880=LINE('',#15255,#1578);
#881=LINE('',#15257,#1579);
#882=LINE('',#15263,#1580);
#883=LINE('',#15276,#1581);
#884=LINE('',#15278,#1582);
#885=LINE('',#15280,#1583);
#886=LINE('',#15282,#1584);
#887=LINE('',#15295,#1585);
#888=LINE('',#15297,#1586);
#889=LINE('',#15299,#1587);
#890=LINE('',#15301,#1588);
#891=LINE('',#15314,#1589);
#892=LINE('',#15316,#1590);
#893=LINE('',#15318,#1591);
#894=LINE('',#15329,#1592);
#895=LINE('',#15331,#1593);
#896=LINE('',#15342,#1594);
#897=LINE('',#15344,#1595);
#898=LINE('',#15355,#1596);
#899=LINE('',#15357,#1597);
#900=VECTOR('',#9432,1.);
#901=VECTOR('',#9433,1.);
#902=VECTOR('',#9434,1.);
#903=VECTOR('',#9435,1.);
#904=VECTOR('',#9492,1.);
#905=VECTOR('',#9493,1.);
#906=VECTOR('',#9494,1.);
#907=VECTOR('',#9497,1.);
#908=VECTOR('',#9502,1.);
#909=VECTOR('',#9503,1.);
#910=VECTOR('',#9524,1.);
#911=VECTOR('',#9533,1.);
#912=VECTOR('',#9544,1.);
#913=VECTOR('',#9553,1.);
#914=VECTOR('',#9574,1.);
#915=VECTOR('',#9577,1.);
#916=VECTOR('',#9580,1.);
#917=VECTOR('',#9581,1.);
#918=VECTOR('',#9582,1.);
#919=VECTOR('',#9583,1.);
#920=VECTOR('',#9588,1.);
#921=VECTOR('',#9591,1.);
#922=VECTOR('',#9594,1.);
#923=VECTOR('',#9597,1.);
#924=VECTOR('',#9598,1.);
#925=VECTOR('',#9599,1.);
#926=VECTOR('',#9604,1.);
#927=VECTOR('',#9607,1.);
#928=VECTOR('',#9610,1.);
#929=VECTOR('',#9615,1.);
#930=VECTOR('',#9620,1.);
#931=VECTOR('',#9621,1.);
#932=VECTOR('',#9624,1.);
#933=VECTOR('',#9641,1.);
#934=VECTOR('',#9646,1.);
#935=VECTOR('',#9649,1.);
#936=VECTOR('',#9652,1.);
#937=VECTOR('',#9657,1.);
#938=VECTOR('',#9658,1.);
#939=VECTOR('',#9661,1.);
#940=VECTOR('',#9666,1.);
#941=VECTOR('',#9673,1.);
#942=VECTOR('',#9676,1.);
#943=VECTOR('',#9679,1.);
#944=VECTOR('',#9684,1.);
#945=VECTOR('',#9689,1.);
#946=VECTOR('',#9692,1.);
#947=VECTOR('',#9697,1.);
#948=VECTOR('',#9708,1.);
#949=VECTOR('',#9711,1.);
#950=VECTOR('',#9714,1.);
#951=VECTOR('',#9725,1.);
#952=VECTOR('',#9746,1.);
#953=VECTOR('',#9749,1.);
#954=VECTOR('',#9760,1.);
#955=VECTOR('',#9763,1.);
#956=VECTOR('',#9766,1.);
#957=VECTOR('',#9771,1.);
#958=VECTOR('',#9776,1.);
#959=VECTOR('',#9777,1.);
#960=VECTOR('',#9780,1.);
#961=VECTOR('',#9791,1.);
#962=VECTOR('',#9794,1.);
#963=VECTOR('',#9799,1.);
#964=VECTOR('',#9806,1.);
#965=VECTOR('',#9813,1.);
#966=VECTOR('',#9818,1.);
#967=VECTOR('',#9819,1.);
#968=VECTOR('',#9820,1.);
#969=VECTOR('',#9829,1.);
#970=VECTOR('',#9832,1.);
#971=VECTOR('',#9835,1.);
#972=VECTOR('',#9840,1.);
#973=VECTOR('',#9845,1.);
#974=VECTOR('',#9848,1.);
#975=VECTOR('',#9853,1.);
#976=VECTOR('',#9868,1.);
#977=VECTOR('',#9871,1.);
#978=VECTOR('',#9884,1.);
#979=VECTOR('',#9887,1.);
#980=VECTOR('',#9890,1.);
#981=VECTOR('',#9891,1.);
#982=VECTOR('',#9892,1.);
#983=VECTOR('',#9893,1.);
#984=VECTOR('',#9896,1.);
#985=VECTOR('',#9901,1.);
#986=VECTOR('',#9902,1.);
#987=VECTOR('',#9907,1.);
#988=VECTOR('',#9910,1.);
#989=VECTOR('',#9923,1.);
#990=VECTOR('',#9926,1.);
#991=VECTOR('',#9929,1.);
#992=VECTOR('',#9930,1.);
#993=VECTOR('',#9931,1.);
#994=VECTOR('',#9934,1.);
#995=VECTOR('',#9939,1.);
#996=VECTOR('',#9940,1.);
#997=VECTOR('',#9945,1.);
#998=VECTOR('',#9948,1.);
#999=VECTOR('',#9961,1.);
#1000=VECTOR('',#9964,1.);
#1001=VECTOR('',#9967,1.);
#1002=VECTOR('',#9968,1.);
#1003=VECTOR('',#9969,1.);
#1004=VECTOR('',#9972,1.);
#1005=VECTOR('',#9977,1.);
#1006=VECTOR('',#9978,1.);
#1007=VECTOR('',#9981,1.);
#1008=VECTOR('',#9982,1.);
#1009=VECTOR('',#9983,1.);
#1010=VECTOR('',#9984,1.);
#1011=VECTOR('',#9987,1.);
#1012=VECTOR('',#9988,1.);
#1013=VECTOR('',#9989,1.);
#1014=VECTOR('',#9992,1.);
#1015=VECTOR('',#9993,1.);
#1016=VECTOR('',#9994,1.);
#1017=VECTOR('',#9997,1.);
#1018=VECTOR('',#9998,1.);
#1019=VECTOR('',#9999,1.);
#1020=VECTOR('',#10002,1.);
#1021=VECTOR('',#10003,1.);
#1022=VECTOR('',#10004,1.);
#1023=VECTOR('',#10007,1.);
#1024=VECTOR('',#10008,1.);
#1025=VECTOR('',#10017,1.);
#1026=VECTOR('',#10020,1.);
#1027=VECTOR('',#10033,1.);
#1028=VECTOR('',#10036,1.);
#1029=VECTOR('',#10039,1.);
#1030=VECTOR('',#10042,1.);
#1031=VECTOR('',#10043,1.);
#1032=VECTOR('',#10046,1.);
#1033=VECTOR('',#10047,1.);
#1034=VECTOR('',#10048,1.);
#1035=VECTOR('',#10049,1.);
#1036=VECTOR('',#10050,1.);
#1037=VECTOR('',#10051,1.);
#1038=VECTOR('',#10052,1.);
#1039=VECTOR('',#10053,1.);
#1040=VECTOR('',#10054,1.);
#1041=VECTOR('',#10055,1.);
#1042=VECTOR('',#10056,1.);
#1043=VECTOR('',#10059,1.);
#1044=VECTOR('',#10060,1.);
#1045=VECTOR('',#10063,1.);
#1046=VECTOR('',#10066,1.);
#1047=VECTOR('',#10069,1.);
#1048=VECTOR('',#10072,1.);
#1049=VECTOR('',#10075,1.);
#1050=VECTOR('',#10076,1.);
#1051=VECTOR('',#10077,1.);
#1052=VECTOR('',#10078,1.);
#1053=VECTOR('',#10079,1.);
#1054=VECTOR('',#10080,1.);
#1055=VECTOR('',#10081,1.);
#1056=VECTOR('',#10082,1.);
#1057=VECTOR('',#10083,1.);
#1058=VECTOR('',#10084,1.);
#1059=VECTOR('',#10085,1.);
#1060=VECTOR('',#10086,1.);
#1061=VECTOR('',#10087,1.);
#1062=VECTOR('',#10088,1.);
#1063=VECTOR('',#10089,1.);
#1064=VECTOR('',#10090,1.);
#1065=VECTOR('',#10091,1.);
#1066=VECTOR('',#10092,1.);
#1067=VECTOR('',#10093,1.);
#1068=VECTOR('',#10096,1.);
#1069=VECTOR('',#10099,1.);
#1070=VECTOR('',#10102,1.);
#1071=VECTOR('',#10105,1.);
#1072=VECTOR('',#10108,1.);
#1073=VECTOR('',#10109,1.);
#1074=VECTOR('',#10110,1.);
#1075=VECTOR('',#10111,1.);
#1076=VECTOR('',#10112,1.);
#1077=VECTOR('',#10113,1.);
#1078=VECTOR('',#10114,1.);
#1079=VECTOR('',#10115,1.);
#1080=VECTOR('',#10116,1.);
#1081=VECTOR('',#10117,1.);
#1082=VECTOR('',#10118,1.);
#1083=VECTOR('',#10119,1.);
#1084=VECTOR('',#10120,1.);
#1085=VECTOR('',#10121,1.);
#1086=VECTOR('',#10122,1.);
#1087=VECTOR('',#10123,1.);
#1088=VECTOR('',#10124,1.);
#1089=VECTOR('',#10125,1.);
#1090=VECTOR('',#10126,1.);
#1091=VECTOR('',#10131,1.);
#1092=VECTOR('',#10132,1.);
#1093=VECTOR('',#10135,1.);
#1094=VECTOR('',#10136,1.);
#1095=VECTOR('',#10139,1.);
#1096=VECTOR('',#10142,1.);
#1097=VECTOR('',#10145,1.);
#1098=VECTOR('',#10146,1.);
#1099=VECTOR('',#10147,1.);
#1100=VECTOR('',#10148,1.);
#1101=VECTOR('',#10149,1.);
#1102=VECTOR('',#10150,1.);
#1103=VECTOR('',#10151,1.);
#1104=VECTOR('',#10152,1.);
#1105=VECTOR('',#10153,1.);
#1106=VECTOR('',#10154,1.);
#1107=VECTOR('',#10155,1.);
#1108=VECTOR('',#10156,1.);
#1109=VECTOR('',#10157,1.);
#1110=VECTOR('',#10158,1.);
#1111=VECTOR('',#10159,1.);
#1112=VECTOR('',#10160,1.);
#1113=VECTOR('',#10161,1.);
#1114=VECTOR('',#10162,1.);
#1115=VECTOR('',#10163,1.);
#1116=VECTOR('',#10166,1.);
#1117=VECTOR('',#10167,1.);
#1118=VECTOR('',#10168,1.);
#1119=VECTOR('',#10169,1.);
#1120=VECTOR('',#10170,1.);
#1121=VECTOR('',#10171,1.);
#1122=VECTOR('',#10172,1.);
#1123=VECTOR('',#10173,1.);
#1124=VECTOR('',#10174,1.);
#1125=VECTOR('',#10175,1.);
#1126=VECTOR('',#10176,1.);
#1127=VECTOR('',#10177,1.);
#1128=VECTOR('',#10178,1.);
#1129=VECTOR('',#10179,1.);
#1130=VECTOR('',#10180,1.);
#1131=VECTOR('',#10181,1.);
#1132=VECTOR('',#10182,1.);
#1133=VECTOR('',#10183,1.);
#1134=VECTOR('',#10184,1.);
#1135=VECTOR('',#10185,1.);
#1136=VECTOR('',#10188,1.);
#1137=VECTOR('',#10189,1.);
#1138=VECTOR('',#10190,1.);
#1139=VECTOR('',#10193,1.);
#1140=VECTOR('',#10194,1.);
#1141=VECTOR('',#10195,1.);
#1142=VECTOR('',#10198,1.);
#1143=VECTOR('',#10199,1.);
#1144=VECTOR('',#10206,1.);
#1145=VECTOR('',#10207,1.);
#1146=VECTOR('',#10210,1.);
#1147=VECTOR('',#10215,1.);
#1148=VECTOR('',#10216,1.);
#1149=VECTOR('',#10217,1.);
#1150=VECTOR('',#10220,1.);
#1151=VECTOR('',#10221,1.);
#1152=VECTOR('',#10224,1.);
#1153=VECTOR('',#10225,1.);
#1154=VECTOR('',#10228,1.);
#1155=VECTOR('',#10229,1.);
#1156=VECTOR('',#10232,1.);
#1157=VECTOR('',#10233,1.);
#1158=VECTOR('',#10236,1.);
#1159=VECTOR('',#10241,1.);
#1160=VECTOR('',#10242,1.);
#1161=VECTOR('',#10245,1.);
#1162=VECTOR('',#10250,1.);
#1163=VECTOR('',#10251,1.);
#1164=VECTOR('',#10252,1.);
#1165=VECTOR('',#10255,1.);
#1166=VECTOR('',#10256,1.);
#1167=VECTOR('',#10259,1.);
#1168=VECTOR('',#10260,1.);
#1169=VECTOR('',#10263,1.);
#1170=VECTOR('',#10264,1.);
#1171=VECTOR('',#10267,1.);
#1172=VECTOR('',#10268,1.);
#1173=VECTOR('',#10271,1.);
#1174=VECTOR('',#10276,1.);
#1175=VECTOR('',#10277,1.);
#1176=VECTOR('',#10278,1.);
#1177=VECTOR('',#10281,1.);
#1178=VECTOR('',#10282,1.);
#1179=VECTOR('',#10283,1.);
#1180=VECTOR('',#10286,1.);
#1181=VECTOR('',#10287,1.);
#1182=VECTOR('',#10294,1.);
#1183=VECTOR('',#10295,1.);
#1184=VECTOR('',#10298,1.);
#1185=VECTOR('',#10303,1.);
#1186=VECTOR('',#10304,1.);
#1187=VECTOR('',#10305,1.);
#1188=VECTOR('',#10308,1.);
#1189=VECTOR('',#10309,1.);
#1190=VECTOR('',#10312,1.);
#1191=VECTOR('',#10313,1.);
#1192=VECTOR('',#10316,1.);
#1193=VECTOR('',#10317,1.);
#1194=VECTOR('',#10320,1.);
#1195=VECTOR('',#10321,1.);
#1196=VECTOR('',#10324,1.);
#1197=VECTOR('',#10329,1.);
#1198=VECTOR('',#10330,1.);
#1199=VECTOR('',#10333,1.);
#1200=VECTOR('',#10334,1.);
#1201=VECTOR('',#10337,1.);
#1202=VECTOR('',#10340,1.);
#1203=VECTOR('',#10343,1.);
#1204=VECTOR('',#10344,1.);
#1205=VECTOR('',#10345,1.);
#1206=VECTOR('',#10348,1.);
#1207=VECTOR('',#10349,1.);
#1208=VECTOR('',#10350,1.);
#1209=VECTOR('',#10353,1.);
#1210=VECTOR('',#10354,1.);
#1211=VECTOR('',#10361,1.);
#1212=VECTOR('',#10362,1.);
#1213=VECTOR('',#10365,1.);
#1214=VECTOR('',#10370,1.);
#1215=VECTOR('',#10371,1.);
#1216=VECTOR('',#10372,1.);
#1217=VECTOR('',#10375,1.);
#1218=VECTOR('',#10376,1.);
#1219=VECTOR('',#10379,1.);
#1220=VECTOR('',#10380,1.);
#1221=VECTOR('',#10383,1.);
#1222=VECTOR('',#10384,1.);
#1223=VECTOR('',#10387,1.);
#1224=VECTOR('',#10388,1.);
#1225=VECTOR('',#10391,1.);
#1226=VECTOR('',#10396,1.);
#1227=VECTOR('',#10397,1.);
#1228=VECTOR('',#10400,1.);
#1229=VECTOR('',#10405,1.);
#1230=VECTOR('',#10406,1.);
#1231=VECTOR('',#10407,1.);
#1232=VECTOR('',#10410,1.);
#1233=VECTOR('',#10411,1.);
#1234=VECTOR('',#10414,1.);
#1235=VECTOR('',#10415,1.);
#1236=VECTOR('',#10418,1.);
#1237=VECTOR('',#10419,1.);
#1238=VECTOR('',#10422,1.);
#1239=VECTOR('',#10423,1.);
#1240=VECTOR('',#10426,1.);
#1241=VECTOR('',#10431,1.);
#1242=VECTOR('',#10432,1.);
#1243=VECTOR('',#10433,1.);
#1244=VECTOR('',#10436,1.);
#1245=VECTOR('',#10437,1.);
#1246=VECTOR('',#10444,1.);
#1247=VECTOR('',#10445,1.);
#1248=VECTOR('',#10448,1.);
#1249=VECTOR('',#10453,1.);
#1250=VECTOR('',#10454,1.);
#1251=VECTOR('',#10455,1.);
#1252=VECTOR('',#10458,1.);
#1253=VECTOR('',#10459,1.);
#1254=VECTOR('',#10462,1.);
#1255=VECTOR('',#10463,1.);
#1256=VECTOR('',#10466,1.);
#1257=VECTOR('',#10467,1.);
#1258=VECTOR('',#10470,1.);
#1259=VECTOR('',#10471,1.);
#1260=VECTOR('',#10474,1.);
#1261=VECTOR('',#10479,1.);
#1262=VECTOR('',#10480,1.);
#1263=VECTOR('',#10483,1.);
#1264=VECTOR('',#10488,1.);
#1265=VECTOR('',#10489,1.);
#1266=VECTOR('',#10490,1.);
#1267=VECTOR('',#10493,1.);
#1268=VECTOR('',#10494,1.);
#1269=VECTOR('',#10497,1.);
#1270=VECTOR('',#10498,1.);
#1271=VECTOR('',#10501,1.);
#1272=VECTOR('',#10502,1.);
#1273=VECTOR('',#10505,1.);
#1274=VECTOR('',#10506,1.);
#1275=VECTOR('',#10509,1.);
#1276=VECTOR('',#10514,1.);
#1277=VECTOR('',#10515,1.);
#1278=VECTOR('',#10518,1.);
#1279=VECTOR('',#10523,1.);
#1280=VECTOR('',#10546,1.);
#1281=VECTOR('',#10547,1.);
#1282=VECTOR('',#10548,1.);
#1283=VECTOR('',#10551,1.);
#1284=VECTOR('',#10554,1.);
#1285=VECTOR('',#10555,1.);
#1286=VECTOR('',#10558,1.);
#1287=VECTOR('',#10561,1.);
#1288=VECTOR('',#10562,1.);
#1289=VECTOR('',#10567,1.);
#1290=VECTOR('',#10568,1.);
#1291=VECTOR('',#10569,1.);
#1292=VECTOR('',#10570,1.);
#1293=VECTOR('',#10573,1.);
#1294=VECTOR('',#10574,1.);
#1295=VECTOR('',#10575,1.);
#1296=VECTOR('',#10578,1.);
#1297=VECTOR('',#10581,1.);
#1298=VECTOR('',#10582,1.);
#1299=VECTOR('',#10583,1.);
#1300=VECTOR('',#10594,1.);
#1301=VECTOR('',#10597,1.);
#1302=VECTOR('',#10598,1.);
#1303=VECTOR('',#10601,1.);
#1304=VECTOR('',#10604,1.);
#1305=VECTOR('',#10605,1.);
#1306=VECTOR('',#10606,1.);
#1307=VECTOR('',#10611,1.);
#1308=VECTOR('',#10634,1.);
#1309=VECTOR('',#10637,1.);
#1310=VECTOR('',#10642,1.);
#1311=VECTOR('',#10643,1.);
#1312=VECTOR('',#10644,1.);
#1313=VECTOR('',#10647,1.);
#1314=VECTOR('',#10652,1.);
#1315=VECTOR('',#10653,1.);
#1316=VECTOR('',#10744,1.);
#1317=VECTOR('',#10747,1.);
#1318=VECTOR('',#10752,1.);
#1319=VECTOR('',#10755,1.);
#1320=VECTOR('',#10762,1.);
#1321=VECTOR('',#10765,1.);
#1322=VECTOR('',#10856,1.);
#1323=VECTOR('',#10857,1.);
#1324=VECTOR('',#10858,1.);
#1325=VECTOR('',#10859,1.);
#1326=VECTOR('',#10864,1.);
#1327=VECTOR('',#10865,1.);
#1328=VECTOR('',#10866,1.);
#1329=VECTOR('',#10867,1.);
#1330=VECTOR('',#10884,1.);
#1331=VECTOR('',#10885,1.);
#1332=VECTOR('',#10888,1.);
#1333=VECTOR('',#10893,1.);
#1334=VECTOR('',#10902,1.);
#1335=VECTOR('',#10905,1.);
#1336=VECTOR('',#10910,1.);
#1337=VECTOR('',#10919,1.);
#1338=VECTOR('',#10920,1.);
#1339=VECTOR('',#10925,1.);
#1340=VECTOR('',#10976,1.);
#1341=VECTOR('',#10979,1.);
#1342=VECTOR('',#10982,1.);
#1343=VECTOR('',#10985,1.);
#1344=VECTOR('',#10986,1.);
#1345=VECTOR('',#10989,1.);
#1346=VECTOR('',#10990,1.);
#1347=VECTOR('',#10993,1.);
#1348=VECTOR('',#10996,1.);
#1349=VECTOR('',#10999,1.);
#1350=VECTOR('',#11002,1.);
#1351=VECTOR('',#11003,1.);
#1352=VECTOR('',#11006,1.);
#1353=VECTOR('',#11011,1.);
#1354=VECTOR('',#11014,1.);
#1355=VECTOR('',#11015,1.);
#1356=VECTOR('',#11018,1.);
#1357=VECTOR('',#11023,1.);
#1358=VECTOR('',#11026,1.);
#1359=VECTOR('',#11027,1.);
#1360=VECTOR('',#11030,1.);
#1361=VECTOR('',#11035,1.);
#1362=VECTOR('',#11038,1.);
#1363=VECTOR('',#11039,1.);
#1364=VECTOR('',#11042,1.);
#1365=VECTOR('',#11047,1.);
#1366=VECTOR('',#11070,1.);
#1367=VECTOR('',#11071,1.);
#1368=VECTOR('',#11072,1.);
#1369=VECTOR('',#11073,1.);
#1370=VECTOR('',#11074,1.);
#1371=VECTOR('',#11075,1.);
#1372=VECTOR('',#11078,1.);
#1373=VECTOR('',#11081,1.);
#1374=VECTOR('',#11084,1.);
#1375=VECTOR('',#11087,1.);
#1376=VECTOR('',#11090,1.);
#1377=VECTOR('',#11093,1.);
#1378=VECTOR('',#11094,1.);
#1379=VECTOR('',#11095,1.);
#1380=VECTOR('',#11098,1.);
#1381=VECTOR('',#11099,1.);
#1382=VECTOR('',#11102,1.);
#1383=VECTOR('',#11105,1.);
#1384=VECTOR('',#11108,1.);
#1385=VECTOR('',#11111,1.);
#1386=VECTOR('',#11114,1.);
#1387=VECTOR('',#11117,1.);
#1388=VECTOR('',#11118,1.);
#1389=VECTOR('',#11119,1.);
#1390=VECTOR('',#11120,1.);
#1391=VECTOR('',#11121,1.);
#1392=VECTOR('',#11124,1.);
#1393=VECTOR('',#11137,1.);
#1394=VECTOR('',#11144,1.);
#1395=VECTOR('',#11145,1.);
#1396=VECTOR('',#11146,1.);
#1397=VECTOR('',#11147,1.);
#1398=VECTOR('',#11148,1.);
#1399=VECTOR('',#11149,1.);
#1400=VECTOR('',#11152,1.);
#1401=VECTOR('',#11155,1.);
#1402=VECTOR('',#11158,1.);
#1403=VECTOR('',#11161,1.);
#1404=VECTOR('',#11164,1.);
#1405=VECTOR('',#11167,1.);
#1406=VECTOR('',#11168,1.);
#1407=VECTOR('',#11169,1.);
#1408=VECTOR('',#11172,1.);
#1409=VECTOR('',#11173,1.);
#1410=VECTOR('',#11176,1.);
#1411=VECTOR('',#11181,1.);
#1412=VECTOR('',#11184,1.);
#1413=VECTOR('',#11187,1.);
#1414=VECTOR('',#11190,1.);
#1415=VECTOR('',#11191,1.);
#1416=VECTOR('',#11192,1.);
#1417=VECTOR('',#11193,1.);
#1418=VECTOR('',#11196,1.);
#1419=VECTOR('',#11199,1.);
#1420=VECTOR('',#11230,1.);
#1421=VECTOR('',#11233,1.);
#1422=VECTOR('',#11236,1.);
#1423=VECTOR('',#11237,1.);
#1424=VECTOR('',#11240,1.);
#1425=VECTOR('',#11243,1.);
#1426=VECTOR('',#11246,1.);
#1427=VECTOR('',#11247,1.);
#1428=VECTOR('',#11250,1.);
#1429=VECTOR('',#11251,1.);
#1430=VECTOR('',#11254,1.);
#1431=VECTOR('',#11255,1.);
#1432=VECTOR('',#11258,1.);
#1433=VECTOR('',#11259,1.);
#1434=VECTOR('',#11278,1.);
#1435=VECTOR('',#11279,1.);
#1436=VECTOR('',#11280,1.);
#1437=VECTOR('',#11283,1.);
#1438=VECTOR('',#11286,1.);
#1439=VECTOR('',#11291,1.);
#1440=VECTOR('',#11294,1.);
#1441=VECTOR('',#11297,1.);
#1442=VECTOR('',#11298,1.);
#1443=VECTOR('',#11301,1.);
#1444=VECTOR('',#11302,1.);
#1445=VECTOR('',#11305,1.);
#1446=VECTOR('',#11306,1.);
#1447=VECTOR('',#11309,1.);
#1448=VECTOR('',#11310,1.);
#1449=VECTOR('',#11313,1.);
#1450=VECTOR('',#11314,1.);
#1451=VECTOR('',#11317,1.);
#1452=VECTOR('',#11320,1.);
#1453=VECTOR('',#11339,1.);
#1454=VECTOR('',#11340,1.);
#1455=VECTOR('',#11341,1.);
#1456=VECTOR('',#11344,1.);
#1457=VECTOR('',#11347,1.);
#1458=VECTOR('',#11418,1.);
#1459=VECTOR('',#11419,1.);
#1460=VECTOR('',#11422,1.);
#1461=VECTOR('',#11425,1.);
#1462=VECTOR('',#11428,1.);
#1463=VECTOR('',#11431,1.);
#1464=VECTOR('',#11464,1.);
#1465=VECTOR('',#11467,1.);
#1466=VECTOR('',#11470,1.);
#1467=VECTOR('',#11473,1.);
#1468=VECTOR('',#11474,1.);
#1469=VECTOR('',#11475,1.);
#1470=VECTOR('',#11476,1.);
#1471=VECTOR('',#11477,1.);
#1472=VECTOR('',#11478,1.);
#1473=VECTOR('',#11479,1.);
#1474=VECTOR('',#11480,1.);
#1475=VECTOR('',#11481,1.);
#1476=VECTOR('',#11482,1.);
#1477=VECTOR('',#11483,1.);
#1478=VECTOR('',#11484,1.);
#1479=VECTOR('',#11485,1.);
#1480=VECTOR('',#11486,1.);
#1481=VECTOR('',#11487,1.);
#1482=VECTOR('',#11488,1.);
#1483=VECTOR('',#11489,1.);
#1484=VECTOR('',#11490,1.);
#1485=VECTOR('',#11491,1.);
#1486=VECTOR('',#11492,1.);
#1487=VECTOR('',#11493,1.);
#1488=VECTOR('',#11496,1.);
#1489=VECTOR('',#11497,1.);
#1490=VECTOR('',#11498,1.);
#1491=VECTOR('',#11501,1.);
#1492=VECTOR('',#11504,1.);
#1493=VECTOR('',#11505,1.);
#1494=VECTOR('',#11508,1.);
#1495=VECTOR('',#11511,1.);
#1496=VECTOR('',#11512,1.);
#1497=VECTOR('',#11513,1.);
#1498=VECTOR('',#11514,1.);
#1499=VECTOR('',#11515,1.);
#1500=VECTOR('',#11520,1.);
#1501=VECTOR('',#11523,1.);
#1502=VECTOR('',#11524,1.);
#1503=VECTOR('',#11525,1.);
#1504=VECTOR('',#11528,1.);
#1505=VECTOR('',#11531,1.);
#1506=VECTOR('',#11532,1.);
#1507=VECTOR('',#11535,1.);
#1508=VECTOR('',#11538,1.);
#1509=VECTOR('',#11539,1.);
#1510=VECTOR('',#11540,1.);
#1511=VECTOR('',#11543,1.);
#1512=VECTOR('',#11544,1.);
#1513=VECTOR('',#11545,1.);
#1514=VECTOR('',#11546,1.);
#1515=VECTOR('',#11547,1.);
#1516=VECTOR('',#11548,1.);
#1517=VECTOR('',#11549,1.);
#1518=VECTOR('',#11550,1.);
#1519=VECTOR('',#11551,1.);
#1520=VECTOR('',#11552,1.);
#1521=VECTOR('',#11553,1.);
#1522=VECTOR('',#11554,1.);
#1523=VECTOR('',#11555,1.);
#1524=VECTOR('',#11556,1.);
#1525=VECTOR('',#11557,1.);
#1526=VECTOR('',#11558,1.);
#1527=VECTOR('',#11559,1.);
#1528=VECTOR('',#11560,1.);
#1529=VECTOR('',#11561,1.);
#1530=VECTOR('',#11562,1.);
#1531=VECTOR('',#11563,1.);
#1532=VECTOR('',#11564,1.);
#1533=VECTOR('',#11565,1.);
#1534=VECTOR('',#11568,1.);
#1535=VECTOR('',#11569,1.);
#1536=VECTOR('',#11572,1.);
#1537=VECTOR('',#11573,1.);
#1538=VECTOR('',#11576,1.);
#1539=VECTOR('',#11577,1.);
#1540=VECTOR('',#11580,1.);
#1541=VECTOR('',#11581,1.);
#1542=VECTOR('',#11584,1.);
#1543=VECTOR('',#11585,1.);
#1544=VECTOR('',#11588,1.);
#1545=VECTOR('',#11589,1.);
#1546=VECTOR('',#11592,1.);
#1547=VECTOR('',#11593,1.);
#1548=VECTOR('',#11596,1.);
#1549=VECTOR('',#11597,1.);
#1550=VECTOR('',#11600,1.);
#1551=VECTOR('',#11603,1.);
#1552=VECTOR('',#11604,1.);
#1553=VECTOR('',#11607,1.);
#1554=VECTOR('',#11608,1.);
#1555=VECTOR('',#11611,1.);
#1556=VECTOR('',#11614,1.);
#1557=VECTOR('',#11617,1.);
#1558=VECTOR('',#11618,1.);
#1559=VECTOR('',#11621,1.);
#1560=VECTOR('',#11624,1.);
#1561=VECTOR('',#11627,1.);
#1562=VECTOR('',#11630,1.);
#1563=VECTOR('',#11633,1.);
#1564=VECTOR('',#11636,1.);
#1565=VECTOR('',#11649,1.);
#1566=VECTOR('',#11654,1.);
#1567=VECTOR('',#11659,1.);
#1568=VECTOR('',#11664,1.);
#1569=VECTOR('',#11669,1.);
#1570=VECTOR('',#11674,1.);
#1571=VECTOR('',#11679,1.);
#1572=VECTOR('',#11680,1.);
#1573=VECTOR('',#11683,1.);
#1574=VECTOR('',#11690,1.);
#1575=VECTOR('',#11691,1.);
#1576=VECTOR('',#11692,1.);
#1577=VECTOR('',#11695,1.);
#1578=VECTOR('',#11700,1.);
#1579=VECTOR('',#11701,1.);
#1580=VECTOR('',#11712,1.);
#1581=VECTOR('',#11713,1.);
#1582=VECTOR('',#11714,1.);
#1583=VECTOR('',#11715,1.);
#1584=VECTOR('',#11718,1.);
#1585=VECTOR('',#11719,1.);
#1586=VECTOR('',#11720,1.);
#1587=VECTOR('',#11721,1.);
#1588=VECTOR('',#11724,1.);
#1589=VECTOR('',#11725,1.);
#1590=VECTOR('',#11726,1.);
#1591=VECTOR('',#11727,1.);
#1592=VECTOR('',#11730,1.);
#1593=VECTOR('',#11731,1.);
#1594=VECTOR('',#11734,1.);
#1595=VECTOR('',#11735,1.);
#1596=VECTOR('',#11738,1.);
#1597=VECTOR('',#11739,1.);
#1598=CYLINDRICAL_SURFACE('',#8523,0.015);
#1599=CYLINDRICAL_SURFACE('',#8531,0.0395);
#1600=CYLINDRICAL_SURFACE('',#8539,0.04125);
#1601=CYLINDRICAL_SURFACE('',#8541,0.042);
#1602=CYLINDRICAL_SURFACE('',#8547,0.035);
#1603=CYLINDRICAL_SURFACE('',#8551,0.015);
#1604=CYLINDRICAL_SURFACE('',#8561,0.02);
#1605=CYLINDRICAL_SURFACE('',#8562,0.015);
#1606=CYLINDRICAL_SURFACE('',#8582,0.0275);
#1607=CYLINDRICAL_SURFACE('',#8592,0.0358503835404867);
#1608=CYLINDRICAL_SURFACE('',#8594,0.085);
#1609=CYLINDRICAL_SURFACE('',#8595,0.04);
#1610=CYLINDRICAL_SURFACE('',#8596,0.085);
#1611=CYLINDRICAL_SURFACE('',#8597,0.0358503835404867);
#1612=CYLINDRICAL_SURFACE('',#8599,0.038);
#1613=CYLINDRICAL_SURFACE('',#8601,0.087);
#1614=CYLINDRICAL_SURFACE('',#8603,0.0338503835404867);
#1615=CYLINDRICAL_SURFACE('',#8606,0.0338503835404868);
#1616=CYLINDRICAL_SURFACE('',#8608,0.087);
#1617=CYLINDRICAL_SURFACE('',#8616,0.085);
#1618=CYLINDRICAL_SURFACE('',#8618,0.0358503835404867);
#1619=CYLINDRICAL_SURFACE('',#8621,0.0358503835404868);
#1620=CYLINDRICAL_SURFACE('',#8623,0.085);
#1621=CYLINDRICAL_SURFACE('',#8625,0.04);
#1622=CYLINDRICAL_SURFACE('',#8637,0.015);
#1623=CYLINDRICAL_SURFACE('',#8657,0.085);
#1624=CYLINDRICAL_SURFACE('',#8658,0.04);
#1625=CYLINDRICAL_SURFACE('',#8659,0.085);
#1626=CYLINDRICAL_SURFACE('',#8660,0.015);
#1627=CYLINDRICAL_SURFACE('',#8663,0.038);
#1628=CYLINDRICAL_SURFACE('',#8665,0.087);
#1629=CYLINDRICAL_SURFACE('',#8667,0.0338503835404867);
#1630=CYLINDRICAL_SURFACE('',#8670,0.0338503835404867);
#1631=CYLINDRICAL_SURFACE('',#8672,0.087);
#1632=CYLINDRICAL_SURFACE('',#8674,0.085);
#1633=CYLINDRICAL_SURFACE('',#8677,0.04);
#1634=CYLINDRICAL_SURFACE('',#8680,0.085);
#1635=CYLINDRICAL_SURFACE('',#8683,0.0358503835404867);
#1636=CYLINDRICAL_SURFACE('',#8687,0.0358503835404867);
#1637=CYLINDRICAL_SURFACE('',#8701,0.015);
#1638=CYLINDRICAL_SURFACE('',#8712,0.13);
#1639=CYLINDRICAL_SURFACE('',#8726,0.13);
#1640=CYLINDRICAL_SURFACE('',#8740,0.13);
#1641=CYLINDRICAL_SURFACE('',#8764,0.15);
#1642=CYLINDRICAL_SURFACE('',#8768,0.15);
#1643=CYLINDRICAL_SURFACE('',#8769,0.15);
#1644=CYLINDRICAL_SURFACE('',#8771,0.15);
#1645=CYLINDRICAL_SURFACE('',#8774,0.15);
#1646=CYLINDRICAL_SURFACE('',#8776,0.15);
#1647=CYLINDRICAL_SURFACE('',#8779,0.15);
#1648=CYLINDRICAL_SURFACE('',#8782,0.15);
#1649=CYLINDRICAL_SURFACE('',#8880,0.13);
#1650=CYLINDRICAL_SURFACE('',#8888,0.015);
#1651=CYLINDRICAL_SURFACE('',#8896,0.125);
#1652=CYLINDRICAL_SURFACE('',#8903,0.125);
#1653=CYLINDRICAL_SURFACE('',#8915,0.0345);
#1654=CYLINDRICAL_SURFACE('',#8920,0.0325);
#1655=CYLINDRICAL_SURFACE('',#8927,0.021);
#1656=CYLINDRICAL_SURFACE('',#8930,0.021);
#1657=CYLINDRICAL_SURFACE('',#8934,0.0325);
#1658=CYLINDRICAL_SURFACE('',#8938,0.0315);
#1659=CYLINDRICAL_SURFACE('',#8940,0.0325);
#1660=CYLINDRICAL_SURFACE('',#8947,0.043);
#1661=CYLINDRICAL_SURFACE('',#8956,0.02481);
#1662=CYLINDRICAL_SURFACE('',#8957,0.055);
#1663=CYLINDRICAL_SURFACE('',#8964,0.001);
#1664=CYLINDRICAL_SURFACE('',#8965,0.001);
#1665=CYLINDRICAL_SURFACE('',#8967,0.015);
#1666=CYLINDRICAL_SURFACE('',#8970,0.015);
#1667=CYLINDRICAL_SURFACE('',#8983,0.009);
#1668=CYLINDRICAL_SURFACE('',#8987,0.009);
#1669=CYLINDRICAL_SURFACE('',#8991,0.009);
#1670=CYLINDRICAL_SURFACE('',#8995,0.009);
#1671=CYLINDRICAL_SURFACE('',#8999,0.009);
#1672=CYLINDRICAL_SURFACE('',#9003,0.009);
#1673=CYLINDRICAL_SURFACE('',#9007,0.009);
#1674=CYLINDRICAL_SURFACE('',#9011,0.009);
#1675=CYLINDRICAL_SURFACE('',#9015,0.009);
#1676=CYLINDRICAL_SURFACE('',#9019,0.009);
#1677=CYLINDRICAL_SURFACE('',#9023,0.009);
#1678=CYLINDRICAL_SURFACE('',#9030,0.09);
#1679=CYLINDRICAL_SURFACE('',#9045,0.44);
#1680=CYLINDRICAL_SURFACE('',#9047,0.0685);
#1681=CYLINDRICAL_SURFACE('',#9049,0.125);
#1682=CYLINDRICAL_SURFACE('',#9057,0.05);
#1683=CYLINDRICAL_SURFACE('',#9075,0.009);
#1684=CYLINDRICAL_SURFACE('',#9078,0.02);
#1685=CYLINDRICAL_SURFACE('',#9087,0.013);
#1686=CYLINDRICAL_SURFACE('',#9091,0.013);
#1687=CYLINDRICAL_SURFACE('',#9095,0.013);
#1688=CYLINDRICAL_SURFACE('',#9099,0.013);
#1689=CYLINDRICAL_SURFACE('',#9103,0.015);
#1690=CYLINDRICAL_SURFACE('',#9106,0.015);
#1691=CYLINDRICAL_SURFACE('',#9153,0.035);
#1692=CYLINDRICAL_SURFACE('',#9160,0.023);
#1693=CYLINDRICAL_SURFACE('',#9174,0.0015);
#1694=CYLINDRICAL_SURFACE('',#9175,0.0015);
#1695=CYLINDRICAL_SURFACE('',#9176,0.002);
#1696=CYLINDRICAL_SURFACE('',#9177,0.002);
#1697=CYLINDRICAL_SURFACE('',#9178,0.002);
#1698=CYLINDRICAL_SURFACE('',#9179,0.002);
#1699=CYLINDRICAL_SURFACE('',#9180,0.002);
#1700=CYLINDRICAL_SURFACE('',#9181,0.002);
#1701=CYLINDRICAL_SURFACE('',#9195,0.0015);
#1702=CYLINDRICAL_SURFACE('',#9196,0.0015);
#1703=CYLINDRICAL_SURFACE('',#9197,0.002);
#1704=CYLINDRICAL_SURFACE('',#9198,0.002);
#1705=CYLINDRICAL_SURFACE('',#9199,0.002);
#1706=CYLINDRICAL_SURFACE('',#9200,0.002);
#1707=CYLINDRICAL_SURFACE('',#9201,0.002);
#1708=CYLINDRICAL_SURFACE('',#9202,0.002);
#1709=CYLINDRICAL_SURFACE('',#9207,0.015);
#1710=CYLINDRICAL_SURFACE('',#9211,0.0012295);
#1711=CYLINDRICAL_SURFACE('',#9246,0.00275);
#1712=CYLINDRICAL_SURFACE('',#9252,0.001925);
#1713=CYLINDRICAL_SURFACE('',#9293,0.006);
#1714=CYLINDRICAL_SURFACE('',#9297,0.006);
#1715=CYLINDRICAL_SURFACE('',#9298,0.006);
#1716=CYLINDRICAL_SURFACE('',#9299,0.004);
#1717=CYLINDRICAL_SURFACE('',#9300,0.004);
#1718=CYLINDRICAL_SURFACE('',#9301,0.004);
#1719=CYLINDRICAL_SURFACE('',#9317,0.0015);
#1720=CYLINDRICAL_SURFACE('',#9319,0.00125);
#1721=CYLINDRICAL_SURFACE('',#9322,0.00125);
#1722=CYLINDRICAL_SURFACE('',#9339,0.00275);
#1723=CYLINDRICAL_SURFACE('',#9348,0.0015);
#1724=CYLINDRICAL_SURFACE('',#9370,0.0575);
#1725=CYLINDRICAL_SURFACE('',#9382,0.045);
#1726=CYLINDRICAL_SURFACE('',#9387,0.028);
#1727=CYLINDRICAL_SURFACE('',#9390,0.03);
#1728=CYLINDRICAL_SURFACE('',#9395,0.035);
#1729=CYLINDRICAL_SURFACE('',#9400,0.023);
#1730=CYLINDRICAL_SURFACE('',#9403,0.025);
#1731=CYLINDRICAL_SURFACE('',#9409,0.015);
#1732=CYLINDRICAL_SURFACE('',#9412,0.015);
#1733=ORIENTED_EDGE('',*,*,#4011,.F.);
#1734=ORIENTED_EDGE('',*,*,#4011,.T.);
#1735=ORIENTED_EDGE('',*,*,#4012,.F.);
#1736=ORIENTED_EDGE('',*,*,#4013,.T.);
#1737=ORIENTED_EDGE('',*,*,#4014,.F.);
#1738=ORIENTED_EDGE('',*,*,#4015,.T.);
#1739=ORIENTED_EDGE('',*,*,#4016,.T.);
#1740=ORIENTED_EDGE('',*,*,#4017,.F.);
#1741=ORIENTED_EDGE('',*,*,#4018,.T.);
#1742=ORIENTED_EDGE('',*,*,#4013,.F.);
#1743=ORIENTED_EDGE('',*,*,#4019,.F.);
#1744=ORIENTED_EDGE('',*,*,#4018,.F.);
#1745=ORIENTED_EDGE('',*,*,#4020,.F.);
#1746=ORIENTED_EDGE('',*,*,#4019,.T.);
#1747=ORIENTED_EDGE('',*,*,#4020,.T.);
#1748=ORIENTED_EDGE('',*,*,#4021,.T.);
#1749=ORIENTED_EDGE('',*,*,#4022,.T.);
#1750=ORIENTED_EDGE('',*,*,#4021,.F.);
#1751=ORIENTED_EDGE('',*,*,#4023,.F.);
#1752=ORIENTED_EDGE('',*,*,#4022,.F.);
#1753=ORIENTED_EDGE('',*,*,#4024,.F.);
#1754=ORIENTED_EDGE('',*,*,#4023,.T.);
#1755=ORIENTED_EDGE('',*,*,#4025,.F.);
#1756=ORIENTED_EDGE('',*,*,#4026,.T.);
#1757=ORIENTED_EDGE('',*,*,#4027,.F.);
#1758=ORIENTED_EDGE('',*,*,#4025,.T.);
#1759=ORIENTED_EDGE('',*,*,#4024,.T.);
#1760=ORIENTED_EDGE('',*,*,#4026,.F.);
#1761=ORIENTED_EDGE('',*,*,#4028,.F.);
#1762=ORIENTED_EDGE('',*,*,#4027,.T.);
#1763=ORIENTED_EDGE('',*,*,#4029,.F.);
#1764=ORIENTED_EDGE('',*,*,#4028,.T.);
#1765=ORIENTED_EDGE('',*,*,#4030,.F.);
#1766=ORIENTED_EDGE('',*,*,#4029,.T.);
#1767=ORIENTED_EDGE('',*,*,#4030,.T.);
#1768=ORIENTED_EDGE('',*,*,#4015,.F.);
#1769=ORIENTED_EDGE('',*,*,#4031,.F.);
#1770=ORIENTED_EDGE('',*,*,#4032,.T.);
#1771=ORIENTED_EDGE('',*,*,#4033,.T.);
#1772=ORIENTED_EDGE('',*,*,#4012,.T.);
#1773=ORIENTED_EDGE('',*,*,#4014,.T.);
#1774=ORIENTED_EDGE('',*,*,#4034,.F.);
#1775=ORIENTED_EDGE('',*,*,#4035,.F.);
#1776=ORIENTED_EDGE('',*,*,#4031,.T.);
#1777=ORIENTED_EDGE('',*,*,#4017,.T.);
#1778=ORIENTED_EDGE('',*,*,#4036,.F.);
#1779=ORIENTED_EDGE('',*,*,#4037,.F.);
#1780=ORIENTED_EDGE('',*,*,#4034,.T.);
#1781=ORIENTED_EDGE('',*,*,#4038,.F.);
#1782=ORIENTED_EDGE('',*,*,#4016,.F.);
#1783=ORIENTED_EDGE('',*,*,#4033,.F.);
#1784=ORIENTED_EDGE('',*,*,#4039,.T.);
#1785=ORIENTED_EDGE('',*,*,#4036,.T.);
#1786=ORIENTED_EDGE('',*,*,#4039,.F.);
#1787=ORIENTED_EDGE('',*,*,#4032,.F.);
#1788=ORIENTED_EDGE('',*,*,#4035,.T.);
#1789=ORIENTED_EDGE('',*,*,#4037,.T.);
#1790=ORIENTED_EDGE('',*,*,#4040,.F.);
#1791=ORIENTED_EDGE('',*,*,#4038,.T.);
#1792=ORIENTED_EDGE('',*,*,#4040,.T.);
#1793=ORIENTED_EDGE('',*,*,#4041,.F.);
#1794=ORIENTED_EDGE('',*,*,#4042,.F.);
#1795=ORIENTED_EDGE('',*,*,#4043,.F.);
#1796=ORIENTED_EDGE('',*,*,#4044,.T.);
#1797=ORIENTED_EDGE('',*,*,#4045,.T.);
#1798=ORIENTED_EDGE('',*,*,#4046,.F.);
#1799=ORIENTED_EDGE('',*,*,#4047,.F.);
#1800=ORIENTED_EDGE('',*,*,#4048,.F.);
#1801=ORIENTED_EDGE('',*,*,#4049,.F.);
#1802=ORIENTED_EDGE('',*,*,#4050,.T.);
#1803=ORIENTED_EDGE('',*,*,#4051,.F.);
#1804=ORIENTED_EDGE('',*,*,#4052,.F.);
#1805=ORIENTED_EDGE('',*,*,#4053,.F.);
#1806=ORIENTED_EDGE('',*,*,#4054,.T.);
#1807=ORIENTED_EDGE('',*,*,#4055,.T.);
#1808=ORIENTED_EDGE('',*,*,#4056,.T.);
#1809=ORIENTED_EDGE('',*,*,#4057,.T.);
#1810=ORIENTED_EDGE('',*,*,#4058,.T.);
#1811=ORIENTED_EDGE('',*,*,#4059,.F.);
#1812=ORIENTED_EDGE('',*,*,#4060,.F.);
#1813=ORIENTED_EDGE('',*,*,#4061,.F.);
#1814=ORIENTED_EDGE('',*,*,#4062,.F.);
#1815=ORIENTED_EDGE('',*,*,#4063,.T.);
#1816=ORIENTED_EDGE('',*,*,#4064,.F.);
#1817=ORIENTED_EDGE('',*,*,#4063,.F.);
#1818=ORIENTED_EDGE('',*,*,#4065,.F.);
#1819=ORIENTED_EDGE('',*,*,#4059,.T.);
#1820=ORIENTED_EDGE('',*,*,#4052,.T.);
#1821=ORIENTED_EDGE('',*,*,#4046,.T.);
#1822=ORIENTED_EDGE('',*,*,#4062,.T.);
#1823=ORIENTED_EDGE('',*,*,#4066,.T.);
#1824=ORIENTED_EDGE('',*,*,#4067,.T.);
#1825=ORIENTED_EDGE('',*,*,#4065,.T.);
#1826=ORIENTED_EDGE('',*,*,#4051,.T.);
#1827=ORIENTED_EDGE('',*,*,#4068,.F.);
#1828=ORIENTED_EDGE('',*,*,#4069,.F.);
#1829=ORIENTED_EDGE('',*,*,#4070,.F.);
#1830=ORIENTED_EDGE('',*,*,#4071,.F.);
#1831=ORIENTED_EDGE('',*,*,#4050,.F.);
#1832=ORIENTED_EDGE('',*,*,#4072,.F.);
#1833=ORIENTED_EDGE('',*,*,#4043,.T.);
#1834=ORIENTED_EDGE('',*,*,#4068,.T.);
#1835=ORIENTED_EDGE('',*,*,#4049,.T.);
#1836=ORIENTED_EDGE('',*,*,#4073,.F.);
#1837=ORIENTED_EDGE('',*,*,#4044,.F.);
#1838=ORIENTED_EDGE('',*,*,#4072,.T.);
#1839=ORIENTED_EDGE('',*,*,#4048,.T.);
#1840=ORIENTED_EDGE('',*,*,#4074,.F.);
#1841=ORIENTED_EDGE('',*,*,#4045,.F.);
#1842=ORIENTED_EDGE('',*,*,#4073,.T.);
#1843=ORIENTED_EDGE('',*,*,#4075,.T.);
#1844=ORIENTED_EDGE('',*,*,#4076,.T.);
#1845=ORIENTED_EDGE('',*,*,#4074,.T.);
#1846=ORIENTED_EDGE('',*,*,#4047,.T.);
#1847=ORIENTED_EDGE('',*,*,#4066,.F.);
#1848=ORIENTED_EDGE('',*,*,#4077,.F.);
#1849=ORIENTED_EDGE('',*,*,#4078,.F.);
#1850=ORIENTED_EDGE('',*,*,#4054,.F.);
#1851=ORIENTED_EDGE('',*,*,#4079,.F.);
#1852=ORIENTED_EDGE('',*,*,#4080,.T.);
#1853=ORIENTED_EDGE('',*,*,#4081,.T.);
#1854=ORIENTED_EDGE('',*,*,#4053,.T.);
#1855=ORIENTED_EDGE('',*,*,#4082,.F.);
#1856=ORIENTED_EDGE('',*,*,#4083,.F.);
#1857=ORIENTED_EDGE('',*,*,#4079,.T.);
#1858=ORIENTED_EDGE('',*,*,#4058,.F.);
#1859=ORIENTED_EDGE('',*,*,#4084,.F.);
#1860=ORIENTED_EDGE('',*,*,#4085,.T.);
#1861=ORIENTED_EDGE('',*,*,#4082,.T.);
#1862=ORIENTED_EDGE('',*,*,#4057,.F.);
#1863=ORIENTED_EDGE('',*,*,#4086,.F.);
#1864=ORIENTED_EDGE('',*,*,#4087,.T.);
#1865=ORIENTED_EDGE('',*,*,#4084,.T.);
#1866=ORIENTED_EDGE('',*,*,#4056,.F.);
#1867=ORIENTED_EDGE('',*,*,#4088,.F.);
#1868=ORIENTED_EDGE('',*,*,#4089,.T.);
#1869=ORIENTED_EDGE('',*,*,#4086,.T.);
#1870=ORIENTED_EDGE('',*,*,#4055,.F.);
#1871=ORIENTED_EDGE('',*,*,#4081,.F.);
#1872=ORIENTED_EDGE('',*,*,#4090,.T.);
#1873=ORIENTED_EDGE('',*,*,#4088,.T.);
#1874=ORIENTED_EDGE('',*,*,#4091,.T.);
#1875=ORIENTED_EDGE('',*,*,#4092,.F.);
#1876=ORIENTED_EDGE('',*,*,#4093,.T.);
#1877=ORIENTED_EDGE('',*,*,#4094,.F.);
#1878=ORIENTED_EDGE('',*,*,#4095,.T.);
#1879=ORIENTED_EDGE('',*,*,#4096,.F.);
#1880=ORIENTED_EDGE('',*,*,#4080,.F.);
#1881=ORIENTED_EDGE('',*,*,#4083,.T.);
#1882=ORIENTED_EDGE('',*,*,#4085,.F.);
#1883=ORIENTED_EDGE('',*,*,#4087,.F.);
#1884=ORIENTED_EDGE('',*,*,#4089,.F.);
#1885=ORIENTED_EDGE('',*,*,#4090,.F.);
#1886=ORIENTED_EDGE('',*,*,#4091,.F.);
#1887=ORIENTED_EDGE('',*,*,#4097,.F.);
#1888=ORIENTED_EDGE('',*,*,#4098,.T.);
#1889=ORIENTED_EDGE('',*,*,#4099,.T.);
#1890=ORIENTED_EDGE('',*,*,#4096,.T.);
#1891=ORIENTED_EDGE('',*,*,#4100,.F.);
#1892=ORIENTED_EDGE('',*,*,#4101,.F.);
#1893=ORIENTED_EDGE('',*,*,#4097,.T.);
#1894=ORIENTED_EDGE('',*,*,#4095,.F.);
#1895=ORIENTED_EDGE('',*,*,#4102,.F.);
#1896=ORIENTED_EDGE('',*,*,#4103,.T.);
#1897=ORIENTED_EDGE('',*,*,#4100,.T.);
#1898=ORIENTED_EDGE('',*,*,#4094,.T.);
#1899=ORIENTED_EDGE('',*,*,#4104,.F.);
#1900=ORIENTED_EDGE('',*,*,#4105,.F.);
#1901=ORIENTED_EDGE('',*,*,#4102,.T.);
#1902=ORIENTED_EDGE('',*,*,#4093,.F.);
#1903=ORIENTED_EDGE('',*,*,#4106,.F.);
#1904=ORIENTED_EDGE('',*,*,#4107,.T.);
#1905=ORIENTED_EDGE('',*,*,#4104,.T.);
#1906=ORIENTED_EDGE('',*,*,#4092,.T.);
#1907=ORIENTED_EDGE('',*,*,#4099,.F.);
#1908=ORIENTED_EDGE('',*,*,#4108,.F.);
#1909=ORIENTED_EDGE('',*,*,#4106,.T.);
#1910=ORIENTED_EDGE('',*,*,#4105,.T.);
#1911=ORIENTED_EDGE('',*,*,#4109,.F.);
#1912=ORIENTED_EDGE('',*,*,#4110,.T.);
#1913=ORIENTED_EDGE('',*,*,#4111,.T.);
#1914=ORIENTED_EDGE('',*,*,#4109,.T.);
#1915=ORIENTED_EDGE('',*,*,#4107,.F.);
#1916=ORIENTED_EDGE('',*,*,#4112,.F.);
#1917=ORIENTED_EDGE('',*,*,#4113,.T.);
#1918=ORIENTED_EDGE('',*,*,#4112,.T.);
#1919=ORIENTED_EDGE('',*,*,#4108,.T.);
#1920=ORIENTED_EDGE('',*,*,#4114,.F.);
#1921=ORIENTED_EDGE('',*,*,#4115,.T.);
#1922=ORIENTED_EDGE('',*,*,#4114,.T.);
#1923=ORIENTED_EDGE('',*,*,#4098,.F.);
#1924=ORIENTED_EDGE('',*,*,#4116,.F.);
#1925=ORIENTED_EDGE('',*,*,#4117,.T.);
#1926=ORIENTED_EDGE('',*,*,#4116,.T.);
#1927=ORIENTED_EDGE('',*,*,#4101,.T.);
#1928=ORIENTED_EDGE('',*,*,#4118,.F.);
#1929=ORIENTED_EDGE('',*,*,#4119,.T.);
#1930=ORIENTED_EDGE('',*,*,#4118,.T.);
#1931=ORIENTED_EDGE('',*,*,#4103,.F.);
#1932=ORIENTED_EDGE('',*,*,#4111,.F.);
#1933=ORIENTED_EDGE('',*,*,#4120,.T.);
#1934=ORIENTED_EDGE('',*,*,#4117,.F.);
#1935=ORIENTED_EDGE('',*,*,#4119,.F.);
#1936=ORIENTED_EDGE('',*,*,#4120,.F.);
#1937=ORIENTED_EDGE('',*,*,#4110,.F.);
#1938=ORIENTED_EDGE('',*,*,#4113,.F.);
#1939=ORIENTED_EDGE('',*,*,#4115,.F.);
#1940=ORIENTED_EDGE('',*,*,#4121,.F.);
#1941=ORIENTED_EDGE('',*,*,#4041,.T.);
#1942=ORIENTED_EDGE('',*,*,#4121,.T.);
#1943=ORIENTED_EDGE('',*,*,#4077,.T.);
#1944=ORIENTED_EDGE('',*,*,#4061,.T.);
#1945=ORIENTED_EDGE('',*,*,#4122,.F.);
#1946=ORIENTED_EDGE('',*,*,#4060,.T.);
#1947=ORIENTED_EDGE('',*,*,#4067,.F.);
#1948=ORIENTED_EDGE('',*,*,#4123,.F.);
#1949=ORIENTED_EDGE('',*,*,#4076,.F.);
#1950=ORIENTED_EDGE('',*,*,#4124,.T.);
#1951=ORIENTED_EDGE('',*,*,#4069,.T.);
#1952=ORIENTED_EDGE('',*,*,#4042,.T.);
#1953=ORIENTED_EDGE('',*,*,#4125,.F.);
#1954=ORIENTED_EDGE('',*,*,#4126,.F.);
#1955=ORIENTED_EDGE('',*,*,#4127,.T.);
#1956=ORIENTED_EDGE('',*,*,#4128,.F.);
#1957=ORIENTED_EDGE('',*,*,#4129,.F.);
#1958=ORIENTED_EDGE('',*,*,#4130,.F.);
#1959=ORIENTED_EDGE('',*,*,#4071,.T.);
#1960=ORIENTED_EDGE('',*,*,#4131,.F.);
#1961=ORIENTED_EDGE('',*,*,#4132,.T.);
#1962=ORIENTED_EDGE('',*,*,#4133,.T.);
#1963=ORIENTED_EDGE('',*,*,#4078,.T.);
#1964=ORIENTED_EDGE('',*,*,#4122,.T.);
#1965=ORIENTED_EDGE('',*,*,#4123,.T.);
#1966=ORIENTED_EDGE('',*,*,#4134,.T.);
#1967=ORIENTED_EDGE('',*,*,#4124,.F.);
#1968=ORIENTED_EDGE('',*,*,#4135,.F.);
#1969=ORIENTED_EDGE('',*,*,#4136,.F.);
#1970=ORIENTED_EDGE('',*,*,#4137,.T.);
#1971=ORIENTED_EDGE('',*,*,#4133,.F.);
#1972=ORIENTED_EDGE('',*,*,#4138,.F.);
#1973=ORIENTED_EDGE('',*,*,#4135,.T.);
#1974=ORIENTED_EDGE('',*,*,#4075,.F.);
#1975=ORIENTED_EDGE('',*,*,#4132,.F.);
#1976=ORIENTED_EDGE('',*,*,#4139,.F.);
#1977=ORIENTED_EDGE('',*,*,#4136,.T.);
#1978=ORIENTED_EDGE('',*,*,#4138,.T.);
#1979=ORIENTED_EDGE('',*,*,#4131,.T.);
#1980=ORIENTED_EDGE('',*,*,#4070,.T.);
#1981=ORIENTED_EDGE('',*,*,#4137,.F.);
#1982=ORIENTED_EDGE('',*,*,#4139,.T.);
#1983=ORIENTED_EDGE('',*,*,#4140,.T.);
#1984=ORIENTED_EDGE('',*,*,#4134,.F.);
#1985=ORIENTED_EDGE('',*,*,#4140,.F.);
#1986=ORIENTED_EDGE('',*,*,#4126,.T.);
#1987=ORIENTED_EDGE('',*,*,#4141,.F.);
#1988=ORIENTED_EDGE('',*,*,#4142,.F.);
#1989=ORIENTED_EDGE('',*,*,#4143,.T.);
#1990=ORIENTED_EDGE('',*,*,#4125,.T.);
#1991=ORIENTED_EDGE('',*,*,#4144,.F.);
#1992=ORIENTED_EDGE('',*,*,#4145,.F.);
#1993=ORIENTED_EDGE('',*,*,#4141,.T.);
#1994=ORIENTED_EDGE('',*,*,#4130,.T.);
#1995=ORIENTED_EDGE('',*,*,#4146,.F.);
#1996=ORIENTED_EDGE('',*,*,#4147,.F.);
#1997=ORIENTED_EDGE('',*,*,#4144,.T.);
#1998=ORIENTED_EDGE('',*,*,#4129,.T.);
#1999=ORIENTED_EDGE('',*,*,#4148,.F.);
#2000=ORIENTED_EDGE('',*,*,#4149,.F.);
#2001=ORIENTED_EDGE('',*,*,#4146,.T.);
#2002=ORIENTED_EDGE('',*,*,#4128,.T.);
#2003=ORIENTED_EDGE('',*,*,#4150,.F.);
#2004=ORIENTED_EDGE('',*,*,#4151,.F.);
#2005=ORIENTED_EDGE('',*,*,#4148,.T.);
#2006=ORIENTED_EDGE('',*,*,#4127,.F.);
#2007=ORIENTED_EDGE('',*,*,#4143,.F.);
#2008=ORIENTED_EDGE('',*,*,#4152,.T.);
#2009=ORIENTED_EDGE('',*,*,#4150,.T.);
#2010=ORIENTED_EDGE('',*,*,#4153,.F.);
#2011=ORIENTED_EDGE('',*,*,#4154,.F.);
#2012=ORIENTED_EDGE('',*,*,#4155,.T.);
#2013=ORIENTED_EDGE('',*,*,#4156,.T.);
#2014=ORIENTED_EDGE('',*,*,#4157,.T.);
#2015=ORIENTED_EDGE('',*,*,#4158,.F.);
#2016=ORIENTED_EDGE('',*,*,#4159,.F.);
#2017=ORIENTED_EDGE('',*,*,#4154,.T.);
#2018=ORIENTED_EDGE('',*,*,#4160,.F.);
#2019=ORIENTED_EDGE('',*,*,#4161,.F.);
#2020=ORIENTED_EDGE('',*,*,#4162,.T.);
#2021=ORIENTED_EDGE('',*,*,#4158,.T.);
#2022=ORIENTED_EDGE('',*,*,#4163,.T.);
#2023=ORIENTED_EDGE('',*,*,#4164,.F.);
#2024=ORIENTED_EDGE('',*,*,#4165,.F.);
#2025=ORIENTED_EDGE('',*,*,#4161,.T.);
#2026=ORIENTED_EDGE('',*,*,#4166,.T.);
#2027=ORIENTED_EDGE('',*,*,#4167,.F.);
#2028=ORIENTED_EDGE('',*,*,#4168,.F.);
#2029=ORIENTED_EDGE('',*,*,#4164,.T.);
#2030=ORIENTED_EDGE('',*,*,#4169,.T.);
#2031=ORIENTED_EDGE('',*,*,#4156,.F.);
#2032=ORIENTED_EDGE('',*,*,#4170,.F.);
#2033=ORIENTED_EDGE('',*,*,#4167,.T.);
#2034=ORIENTED_EDGE('',*,*,#4152,.F.);
#2035=ORIENTED_EDGE('',*,*,#4142,.T.);
#2036=ORIENTED_EDGE('',*,*,#4145,.T.);
#2037=ORIENTED_EDGE('',*,*,#4147,.T.);
#2038=ORIENTED_EDGE('',*,*,#4149,.T.);
#2039=ORIENTED_EDGE('',*,*,#4151,.T.);
#2040=ORIENTED_EDGE('',*,*,#4153,.T.);
#2041=ORIENTED_EDGE('',*,*,#4169,.F.);
#2042=ORIENTED_EDGE('',*,*,#4166,.F.);
#2043=ORIENTED_EDGE('',*,*,#4163,.F.);
#2044=ORIENTED_EDGE('',*,*,#4160,.T.);
#2045=ORIENTED_EDGE('',*,*,#4157,.F.);
#2046=ORIENTED_EDGE('',*,*,#4170,.T.);
#2047=ORIENTED_EDGE('',*,*,#4171,.F.);
#2048=ORIENTED_EDGE('',*,*,#4172,.T.);
#2049=ORIENTED_EDGE('',*,*,#4173,.T.);
#2050=ORIENTED_EDGE('',*,*,#4171,.T.);
#2051=ORIENTED_EDGE('',*,*,#4155,.F.);
#2052=ORIENTED_EDGE('',*,*,#4174,.F.);
#2053=ORIENTED_EDGE('',*,*,#4175,.T.);
#2054=ORIENTED_EDGE('',*,*,#4174,.T.);
#2055=ORIENTED_EDGE('',*,*,#4159,.T.);
#2056=ORIENTED_EDGE('',*,*,#4176,.F.);
#2057=ORIENTED_EDGE('',*,*,#4177,.T.);
#2058=ORIENTED_EDGE('',*,*,#4176,.T.);
#2059=ORIENTED_EDGE('',*,*,#4162,.F.);
#2060=ORIENTED_EDGE('',*,*,#4178,.F.);
#2061=ORIENTED_EDGE('',*,*,#4179,.T.);
#2062=ORIENTED_EDGE('',*,*,#4178,.T.);
#2063=ORIENTED_EDGE('',*,*,#4165,.T.);
#2064=ORIENTED_EDGE('',*,*,#4180,.F.);
#2065=ORIENTED_EDGE('',*,*,#4181,.T.);
#2066=ORIENTED_EDGE('',*,*,#4180,.T.);
#2067=ORIENTED_EDGE('',*,*,#4168,.T.);
#2068=ORIENTED_EDGE('',*,*,#4173,.F.);
#2069=ORIENTED_EDGE('',*,*,#4182,.T.);
#2070=ORIENTED_EDGE('',*,*,#4179,.F.);
#2071=ORIENTED_EDGE('',*,*,#4181,.F.);
#2072=ORIENTED_EDGE('',*,*,#4182,.F.);
#2073=ORIENTED_EDGE('',*,*,#4172,.F.);
#2074=ORIENTED_EDGE('',*,*,#4175,.F.);
#2075=ORIENTED_EDGE('',*,*,#4177,.F.);
#2076=ORIENTED_EDGE('',*,*,#4183,.F.);
#2077=ORIENTED_EDGE('',*,*,#4064,.T.);
#2078=ORIENTED_EDGE('',*,*,#4183,.T.);
#2079=ORIENTED_EDGE('',*,*,#4184,.F.);
#2080=ORIENTED_EDGE('',*,*,#4185,.F.);
#2081=ORIENTED_EDGE('',*,*,#4186,.F.);
#2082=ORIENTED_EDGE('',*,*,#4187,.T.);
#2083=ORIENTED_EDGE('',*,*,#4188,.F.);
#2084=ORIENTED_EDGE('',*,*,#4189,.F.);
#2085=ORIENTED_EDGE('',*,*,#4190,.F.);
#2086=ORIENTED_EDGE('',*,*,#4191,.F.);
#2087=ORIENTED_EDGE('',*,*,#4192,.F.);
#2088=ORIENTED_EDGE('',*,*,#4193,.F.);
#2089=ORIENTED_EDGE('',*,*,#4194,.T.);
#2090=ORIENTED_EDGE('',*,*,#4195,.T.);
#2091=ORIENTED_EDGE('',*,*,#4196,.F.);
#2092=ORIENTED_EDGE('',*,*,#4195,.F.);
#2093=ORIENTED_EDGE('',*,*,#4197,.T.);
#2094=ORIENTED_EDGE('',*,*,#4198,.T.);
#2095=ORIENTED_EDGE('',*,*,#4199,.F.);
#2096=ORIENTED_EDGE('',*,*,#4197,.F.);
#2097=ORIENTED_EDGE('',*,*,#4194,.F.);
#2098=ORIENTED_EDGE('',*,*,#4200,.T.);
#2099=ORIENTED_EDGE('',*,*,#4201,.T.);
#2100=ORIENTED_EDGE('',*,*,#4185,.T.);
#2101=ORIENTED_EDGE('',*,*,#4202,.F.);
#2102=ORIENTED_EDGE('',*,*,#4200,.F.);
#2103=ORIENTED_EDGE('',*,*,#4193,.T.);
#2104=ORIENTED_EDGE('',*,*,#4203,.T.);
#2105=ORIENTED_EDGE('',*,*,#4204,.F.);
#2106=ORIENTED_EDGE('',*,*,#4205,.F.);
#2107=ORIENTED_EDGE('',*,*,#4206,.F.);
#2108=ORIENTED_EDGE('',*,*,#4207,.T.);
#2109=ORIENTED_EDGE('',*,*,#4208,.F.);
#2110=ORIENTED_EDGE('',*,*,#4209,.F.);
#2111=ORIENTED_EDGE('',*,*,#4210,.F.);
#2112=ORIENTED_EDGE('',*,*,#4211,.F.);
#2113=ORIENTED_EDGE('',*,*,#4212,.F.);
#2114=ORIENTED_EDGE('',*,*,#4213,.F.);
#2115=ORIENTED_EDGE('',*,*,#4214,.T.);
#2116=ORIENTED_EDGE('',*,*,#4215,.T.);
#2117=ORIENTED_EDGE('',*,*,#4216,.F.);
#2118=ORIENTED_EDGE('',*,*,#4215,.F.);
#2119=ORIENTED_EDGE('',*,*,#4217,.T.);
#2120=ORIENTED_EDGE('',*,*,#4218,.T.);
#2121=ORIENTED_EDGE('',*,*,#4187,.F.);
#2122=ORIENTED_EDGE('',*,*,#4217,.F.);
#2123=ORIENTED_EDGE('',*,*,#4214,.F.);
#2124=ORIENTED_EDGE('',*,*,#4219,.T.);
#2125=ORIENTED_EDGE('',*,*,#4220,.T.);
#2126=ORIENTED_EDGE('',*,*,#4205,.T.);
#2127=ORIENTED_EDGE('',*,*,#4221,.F.);
#2128=ORIENTED_EDGE('',*,*,#4219,.F.);
#2129=ORIENTED_EDGE('',*,*,#4213,.T.);
#2130=ORIENTED_EDGE('',*,*,#4222,.T.);
#2131=ORIENTED_EDGE('',*,*,#4223,.F.);
#2132=ORIENTED_EDGE('',*,*,#4224,.F.);
#2133=ORIENTED_EDGE('',*,*,#4225,.F.);
#2134=ORIENTED_EDGE('',*,*,#4226,.T.);
#2135=ORIENTED_EDGE('',*,*,#4227,.F.);
#2136=ORIENTED_EDGE('',*,*,#4228,.F.);
#2137=ORIENTED_EDGE('',*,*,#4229,.F.);
#2138=ORIENTED_EDGE('',*,*,#4230,.F.);
#2139=ORIENTED_EDGE('',*,*,#4231,.F.);
#2140=ORIENTED_EDGE('',*,*,#4232,.F.);
#2141=ORIENTED_EDGE('',*,*,#4233,.T.);
#2142=ORIENTED_EDGE('',*,*,#4234,.T.);
#2143=ORIENTED_EDGE('',*,*,#4235,.F.);
#2144=ORIENTED_EDGE('',*,*,#4234,.F.);
#2145=ORIENTED_EDGE('',*,*,#4236,.T.);
#2146=ORIENTED_EDGE('',*,*,#4237,.T.);
#2147=ORIENTED_EDGE('',*,*,#4207,.F.);
#2148=ORIENTED_EDGE('',*,*,#4236,.F.);
#2149=ORIENTED_EDGE('',*,*,#4233,.F.);
#2150=ORIENTED_EDGE('',*,*,#4238,.T.);
#2151=ORIENTED_EDGE('',*,*,#4239,.T.);
#2152=ORIENTED_EDGE('',*,*,#4224,.T.);
#2153=ORIENTED_EDGE('',*,*,#4240,.F.);
#2154=ORIENTED_EDGE('',*,*,#4238,.F.);
#2155=ORIENTED_EDGE('',*,*,#4232,.T.);
#2156=ORIENTED_EDGE('',*,*,#4241,.T.);
#2157=ORIENTED_EDGE('',*,*,#4242,.F.);
#2158=ORIENTED_EDGE('',*,*,#4243,.F.);
#2159=ORIENTED_EDGE('',*,*,#4244,.T.);
#2160=ORIENTED_EDGE('',*,*,#4245,.T.);
#2161=ORIENTED_EDGE('',*,*,#4246,.F.);
#2162=ORIENTED_EDGE('',*,*,#4247,.F.);
#2163=ORIENTED_EDGE('',*,*,#4248,.T.);
#2164=ORIENTED_EDGE('',*,*,#4243,.T.);
#2165=ORIENTED_EDGE('',*,*,#4249,.F.);
#2166=ORIENTED_EDGE('',*,*,#4250,.F.);
#2167=ORIENTED_EDGE('',*,*,#4251,.T.);
#2168=ORIENTED_EDGE('',*,*,#4247,.T.);
#2169=ORIENTED_EDGE('',*,*,#4252,.F.);
#2170=ORIENTED_EDGE('',*,*,#4253,.F.);
#2171=ORIENTED_EDGE('',*,*,#4254,.T.);
#2172=ORIENTED_EDGE('',*,*,#4250,.T.);
#2173=ORIENTED_EDGE('',*,*,#4255,.F.);
#2174=ORIENTED_EDGE('',*,*,#4256,.F.);
#2175=ORIENTED_EDGE('',*,*,#4257,.T.);
#2176=ORIENTED_EDGE('',*,*,#4253,.T.);
#2177=ORIENTED_EDGE('',*,*,#4258,.F.);
#2178=ORIENTED_EDGE('',*,*,#4245,.F.);
#2179=ORIENTED_EDGE('',*,*,#4259,.T.);
#2180=ORIENTED_EDGE('',*,*,#4256,.T.);
#2181=ORIENTED_EDGE('',*,*,#4244,.F.);
#2182=ORIENTED_EDGE('',*,*,#4248,.F.);
#2183=ORIENTED_EDGE('',*,*,#4251,.F.);
#2184=ORIENTED_EDGE('',*,*,#4254,.F.);
#2185=ORIENTED_EDGE('',*,*,#4257,.F.);
#2186=ORIENTED_EDGE('',*,*,#4259,.F.);
#2187=ORIENTED_EDGE('',*,*,#4260,.T.);
#2188=ORIENTED_EDGE('',*,*,#4186,.T.);
#2189=ORIENTED_EDGE('',*,*,#4203,.F.);
#2190=ORIENTED_EDGE('',*,*,#4192,.T.);
#2191=ORIENTED_EDGE('',*,*,#4196,.T.);
#2192=ORIENTED_EDGE('',*,*,#4261,.T.);
#2193=ORIENTED_EDGE('',*,*,#4262,.F.);
#2194=ORIENTED_EDGE('',*,*,#4263,.T.);
#2195=ORIENTED_EDGE('',*,*,#4264,.T.);
#2196=ORIENTED_EDGE('',*,*,#4225,.T.);
#2197=ORIENTED_EDGE('',*,*,#4241,.F.);
#2198=ORIENTED_EDGE('',*,*,#4231,.T.);
#2199=ORIENTED_EDGE('',*,*,#4235,.T.);
#2200=ORIENTED_EDGE('',*,*,#4206,.T.);
#2201=ORIENTED_EDGE('',*,*,#4222,.F.);
#2202=ORIENTED_EDGE('',*,*,#4212,.T.);
#2203=ORIENTED_EDGE('',*,*,#4216,.T.);
#2204=ORIENTED_EDGE('',*,*,#4265,.F.);
#2205=ORIENTED_EDGE('',*,*,#4266,.F.);
#2206=ORIENTED_EDGE('',*,*,#4267,.F.);
#2207=ORIENTED_EDGE('',*,*,#4268,.F.);
#2208=ORIENTED_EDGE('',*,*,#4269,.F.);
#2209=ORIENTED_EDGE('',*,*,#4270,.F.);
#2210=ORIENTED_EDGE('',*,*,#4261,.F.);
#2211=ORIENTED_EDGE('',*,*,#4199,.T.);
#2212=ORIENTED_EDGE('',*,*,#4271,.F.);
#2213=ORIENTED_EDGE('',*,*,#4272,.T.);
#2214=ORIENTED_EDGE('',*,*,#4273,.F.);
#2215=ORIENTED_EDGE('',*,*,#4229,.T.);
#2216=ORIENTED_EDGE('',*,*,#4242,.T.);
#2217=ORIENTED_EDGE('',*,*,#4258,.T.);
#2218=ORIENTED_EDGE('',*,*,#4255,.T.);
#2219=ORIENTED_EDGE('',*,*,#4252,.T.);
#2220=ORIENTED_EDGE('',*,*,#4249,.T.);
#2221=ORIENTED_EDGE('',*,*,#4246,.T.);
#2222=ORIENTED_EDGE('',*,*,#4274,.F.);
#2223=ORIENTED_EDGE('',*,*,#4275,.F.);
#2224=ORIENTED_EDGE('',*,*,#4276,.F.);
#2225=ORIENTED_EDGE('',*,*,#4277,.T.);
#2226=ORIENTED_EDGE('',*,*,#4278,.T.);
#2227=ORIENTED_EDGE('',*,*,#4279,.T.);
#2228=ORIENTED_EDGE('',*,*,#4280,.T.);
#2229=ORIENTED_EDGE('',*,*,#4281,.T.);
#2230=ORIENTED_EDGE('',*,*,#4282,.F.);
#2231=ORIENTED_EDGE('',*,*,#4283,.F.);
#2232=ORIENTED_EDGE('',*,*,#4284,.F.);
#2233=ORIENTED_EDGE('',*,*,#4285,.F.);
#2234=ORIENTED_EDGE('',*,*,#4286,.F.);
#2235=ORIENTED_EDGE('',*,*,#4287,.F.);
#2236=ORIENTED_EDGE('',*,*,#4288,.F.);
#2237=ORIENTED_EDGE('',*,*,#4190,.T.);
#2238=ORIENTED_EDGE('',*,*,#4289,.F.);
#2239=ORIENTED_EDGE('',*,*,#4276,.T.);
#2240=ORIENTED_EDGE('',*,*,#4188,.T.);
#2241=ORIENTED_EDGE('',*,*,#4218,.F.);
#2242=ORIENTED_EDGE('',*,*,#4220,.F.);
#2243=ORIENTED_EDGE('',*,*,#4221,.T.);
#2244=ORIENTED_EDGE('',*,*,#4204,.T.);
#2245=ORIENTED_EDGE('',*,*,#4290,.T.);
#2246=ORIENTED_EDGE('',*,*,#4291,.T.);
#2247=ORIENTED_EDGE('',*,*,#4292,.T.);
#2248=ORIENTED_EDGE('',*,*,#4293,.F.);
#2249=ORIENTED_EDGE('',*,*,#4294,.T.);
#2250=ORIENTED_EDGE('',*,*,#4295,.F.);
#2251=ORIENTED_EDGE('',*,*,#4210,.T.);
#2252=ORIENTED_EDGE('',*,*,#4296,.T.);
#2253=ORIENTED_EDGE('',*,*,#4297,.T.);
#2254=ORIENTED_EDGE('',*,*,#4298,.T.);
#2255=ORIENTED_EDGE('',*,*,#4299,.T.);
#2256=ORIENTED_EDGE('',*,*,#4300,.T.);
#2257=ORIENTED_EDGE('',*,*,#4301,.T.);
#2258=ORIENTED_EDGE('',*,*,#4294,.F.);
#2259=ORIENTED_EDGE('',*,*,#4302,.T.);
#2260=ORIENTED_EDGE('',*,*,#4303,.T.);
#2261=ORIENTED_EDGE('',*,*,#4304,.T.);
#2262=ORIENTED_EDGE('',*,*,#4305,.T.);
#2263=ORIENTED_EDGE('',*,*,#4306,.T.);
#2264=ORIENTED_EDGE('',*,*,#4307,.F.);
#2265=ORIENTED_EDGE('',*,*,#4308,.F.);
#2266=ORIENTED_EDGE('',*,*,#4309,.F.);
#2267=ORIENTED_EDGE('',*,*,#4310,.F.);
#2268=ORIENTED_EDGE('',*,*,#4311,.F.);
#2269=ORIENTED_EDGE('',*,*,#4312,.F.);
#2270=ORIENTED_EDGE('',*,*,#4313,.F.);
#2271=ORIENTED_EDGE('',*,*,#4314,.F.);
#2272=ORIENTED_EDGE('',*,*,#4208,.T.);
#2273=ORIENTED_EDGE('',*,*,#4237,.F.);
#2274=ORIENTED_EDGE('',*,*,#4239,.F.);
#2275=ORIENTED_EDGE('',*,*,#4240,.T.);
#2276=ORIENTED_EDGE('',*,*,#4223,.T.);
#2277=ORIENTED_EDGE('',*,*,#4315,.T.);
#2278=ORIENTED_EDGE('',*,*,#4316,.T.);
#2279=ORIENTED_EDGE('',*,*,#4317,.F.);
#2280=ORIENTED_EDGE('',*,*,#4265,.T.);
#2281=ORIENTED_EDGE('',*,*,#4198,.F.);
#2282=ORIENTED_EDGE('',*,*,#4201,.F.);
#2283=ORIENTED_EDGE('',*,*,#4202,.T.);
#2284=ORIENTED_EDGE('',*,*,#4184,.T.);
#2285=ORIENTED_EDGE('',*,*,#4318,.T.);
#2286=ORIENTED_EDGE('',*,*,#4319,.T.);
#2287=ORIENTED_EDGE('',*,*,#4320,.F.);
#2288=ORIENTED_EDGE('',*,*,#4321,.T.);
#2289=ORIENTED_EDGE('',*,*,#4322,.T.);
#2290=ORIENTED_EDGE('',*,*,#4323,.T.);
#2291=ORIENTED_EDGE('',*,*,#4324,.T.);
#2292=ORIENTED_EDGE('',*,*,#4325,.T.);
#2293=ORIENTED_EDGE('',*,*,#4326,.T.);
#2294=ORIENTED_EDGE('',*,*,#4272,.F.);
#2295=ORIENTED_EDGE('',*,*,#4327,.T.);
#2296=ORIENTED_EDGE('',*,*,#4328,.T.);
#2297=ORIENTED_EDGE('',*,*,#4329,.T.);
#2298=ORIENTED_EDGE('',*,*,#4330,.T.);
#2299=ORIENTED_EDGE('',*,*,#4331,.T.);
#2300=ORIENTED_EDGE('',*,*,#4332,.F.);
#2301=ORIENTED_EDGE('',*,*,#4333,.F.);
#2302=ORIENTED_EDGE('',*,*,#4334,.F.);
#2303=ORIENTED_EDGE('',*,*,#4335,.F.);
#2304=ORIENTED_EDGE('',*,*,#4336,.F.);
#2305=ORIENTED_EDGE('',*,*,#4337,.F.);
#2306=ORIENTED_EDGE('',*,*,#4338,.F.);
#2307=ORIENTED_EDGE('',*,*,#4339,.F.);
#2308=ORIENTED_EDGE('',*,*,#4340,.F.);
#2309=ORIENTED_EDGE('',*,*,#4341,.T.);
#2310=ORIENTED_EDGE('',*,*,#4269,.T.);
#2311=ORIENTED_EDGE('',*,*,#4342,.T.);
#2312=ORIENTED_EDGE('',*,*,#4343,.T.);
#2313=ORIENTED_EDGE('',*,*,#4344,.F.);
#2314=ORIENTED_EDGE('',*,*,#4227,.T.);
#2315=ORIENTED_EDGE('',*,*,#4345,.F.);
#2316=ORIENTED_EDGE('',*,*,#4346,.F.);
#2317=ORIENTED_EDGE('',*,*,#4347,.T.);
#2318=ORIENTED_EDGE('',*,*,#4348,.F.);
#2319=ORIENTED_EDGE('',*,*,#4267,.T.);
#2320=ORIENTED_EDGE('',*,*,#4349,.T.);
#2321=ORIENTED_EDGE('',*,*,#4350,.T.);
#2322=ORIENTED_EDGE('',*,*,#4351,.T.);
#2323=ORIENTED_EDGE('',*,*,#4352,.T.);
#2324=ORIENTED_EDGE('',*,*,#4353,.T.);
#2325=ORIENTED_EDGE('',*,*,#4354,.T.);
#2326=ORIENTED_EDGE('',*,*,#4347,.F.);
#2327=ORIENTED_EDGE('',*,*,#4355,.T.);
#2328=ORIENTED_EDGE('',*,*,#4356,.T.);
#2329=ORIENTED_EDGE('',*,*,#4357,.T.);
#2330=ORIENTED_EDGE('',*,*,#4358,.T.);
#2331=ORIENTED_EDGE('',*,*,#4359,.T.);
#2332=ORIENTED_EDGE('',*,*,#4360,.F.);
#2333=ORIENTED_EDGE('',*,*,#4361,.F.);
#2334=ORIENTED_EDGE('',*,*,#4362,.F.);
#2335=ORIENTED_EDGE('',*,*,#4363,.F.);
#2336=ORIENTED_EDGE('',*,*,#4364,.F.);
#2337=ORIENTED_EDGE('',*,*,#4365,.F.);
#2338=ORIENTED_EDGE('',*,*,#4366,.F.);
#2339=ORIENTED_EDGE('',*,*,#4367,.F.);
#2340=ORIENTED_EDGE('',*,*,#4368,.T.);
#2341=ORIENTED_EDGE('',*,*,#4369,.T.);
#2342=ORIENTED_EDGE('',*,*,#4370,.F.);
#2343=ORIENTED_EDGE('',*,*,#4371,.T.);
#2344=ORIENTED_EDGE('',*,*,#4372,.F.);
#2345=ORIENTED_EDGE('',*,*,#4291,.F.);
#2346=ORIENTED_EDGE('',*,*,#4373,.T.);
#2347=ORIENTED_EDGE('',*,*,#4374,.T.);
#2348=ORIENTED_EDGE('',*,*,#4375,.F.);
#2349=ORIENTED_EDGE('',*,*,#4376,.T.);
#2350=ORIENTED_EDGE('',*,*,#4377,.F.);
#2351=ORIENTED_EDGE('',*,*,#4316,.F.);
#2352=ORIENTED_EDGE('',*,*,#4378,.T.);
#2353=ORIENTED_EDGE('',*,*,#4379,.T.);
#2354=ORIENTED_EDGE('',*,*,#4380,.F.);
#2355=ORIENTED_EDGE('',*,*,#4381,.T.);
#2356=ORIENTED_EDGE('',*,*,#4382,.F.);
#2357=ORIENTED_EDGE('',*,*,#4343,.F.);
#2358=ORIENTED_EDGE('',*,*,#4383,.T.);
#2359=ORIENTED_EDGE('',*,*,#4384,.T.);
#2360=ORIENTED_EDGE('',*,*,#4385,.F.);
#2361=ORIENTED_EDGE('',*,*,#4386,.T.);
#2362=ORIENTED_EDGE('',*,*,#4387,.F.);
#2363=ORIENTED_EDGE('',*,*,#4319,.F.);
#2364=ORIENTED_EDGE('',*,*,#4387,.T.);
#2365=ORIENTED_EDGE('',*,*,#4388,.T.);
#2366=ORIENTED_EDGE('',*,*,#4389,.F.);
#2367=ORIENTED_EDGE('',*,*,#4390,.F.);
#2368=ORIENTED_EDGE('',*,*,#4320,.T.);
#2369=ORIENTED_EDGE('',*,*,#4342,.F.);
#2370=ORIENTED_EDGE('',*,*,#4391,.T.);
#2371=ORIENTED_EDGE('',*,*,#4392,.T.);
#2372=ORIENTED_EDGE('',*,*,#4393,.T.);
#2373=ORIENTED_EDGE('',*,*,#4383,.F.);
#2374=ORIENTED_EDGE('',*,*,#4385,.T.);
#2375=ORIENTED_EDGE('',*,*,#4394,.T.);
#2376=ORIENTED_EDGE('',*,*,#4358,.F.);
#2377=ORIENTED_EDGE('',*,*,#4395,.T.);
#2378=ORIENTED_EDGE('',*,*,#4359,.F.);
#2379=ORIENTED_EDGE('',*,*,#4394,.F.);
#2380=ORIENTED_EDGE('',*,*,#4384,.F.);
#2381=ORIENTED_EDGE('',*,*,#4393,.F.);
#2382=ORIENTED_EDGE('',*,*,#4357,.F.);
#2383=ORIENTED_EDGE('',*,*,#4388,.F.);
#2384=ORIENTED_EDGE('',*,*,#4386,.F.);
#2385=ORIENTED_EDGE('',*,*,#4395,.F.);
#2386=ORIENTED_EDGE('',*,*,#4396,.F.);
#2387=ORIENTED_EDGE('',*,*,#4348,.T.);
#2388=ORIENTED_EDGE('',*,*,#4361,.T.);
#2389=ORIENTED_EDGE('',*,*,#4397,.F.);
#2390=ORIENTED_EDGE('',*,*,#4391,.F.);
#2391=ORIENTED_EDGE('',*,*,#4268,.T.);
#2392=ORIENTED_EDGE('',*,*,#4396,.T.);
#2393=ORIENTED_EDGE('',*,*,#4398,.T.);
#2394=ORIENTED_EDGE('',*,*,#4392,.F.);
#2395=ORIENTED_EDGE('',*,*,#4398,.F.);
#2396=ORIENTED_EDGE('',*,*,#4397,.T.);
#2397=ORIENTED_EDGE('',*,*,#4360,.T.);
#2398=ORIENTED_EDGE('',*,*,#4362,.T.);
#2399=ORIENTED_EDGE('',*,*,#4399,.F.);
#2400=ORIENTED_EDGE('',*,*,#4400,.F.);
#2401=ORIENTED_EDGE('',*,*,#4401,.T.);
#2402=ORIENTED_EDGE('',*,*,#4367,.T.);
#2403=ORIENTED_EDGE('',*,*,#4402,.F.);
#2404=ORIENTED_EDGE('',*,*,#4403,.F.);
#2405=ORIENTED_EDGE('',*,*,#4399,.T.);
#2406=ORIENTED_EDGE('',*,*,#4366,.T.);
#2407=ORIENTED_EDGE('',*,*,#4404,.F.);
#2408=ORIENTED_EDGE('',*,*,#4405,.F.);
#2409=ORIENTED_EDGE('',*,*,#4402,.T.);
#2410=ORIENTED_EDGE('',*,*,#4365,.T.);
#2411=ORIENTED_EDGE('',*,*,#4406,.F.);
#2412=ORIENTED_EDGE('',*,*,#4407,.F.);
#2413=ORIENTED_EDGE('',*,*,#4404,.T.);
#2414=ORIENTED_EDGE('',*,*,#4364,.T.);
#2415=ORIENTED_EDGE('',*,*,#4408,.F.);
#2416=ORIENTED_EDGE('',*,*,#4409,.F.);
#2417=ORIENTED_EDGE('',*,*,#4406,.T.);
#2418=ORIENTED_EDGE('',*,*,#4363,.T.);
#2419=ORIENTED_EDGE('',*,*,#4401,.F.);
#2420=ORIENTED_EDGE('',*,*,#4410,.F.);
#2421=ORIENTED_EDGE('',*,*,#4408,.T.);
#2422=ORIENTED_EDGE('',*,*,#4400,.T.);
#2423=ORIENTED_EDGE('',*,*,#4403,.T.);
#2424=ORIENTED_EDGE('',*,*,#4405,.T.);
#2425=ORIENTED_EDGE('',*,*,#4407,.T.);
#2426=ORIENTED_EDGE('',*,*,#4409,.T.);
#2427=ORIENTED_EDGE('',*,*,#4410,.T.);
#2428=ORIENTED_EDGE('',*,*,#4355,.F.);
#2429=ORIENTED_EDGE('',*,*,#4346,.T.);
#2430=ORIENTED_EDGE('',*,*,#4411,.T.);
#2431=ORIENTED_EDGE('',*,*,#4412,.T.);
#2432=ORIENTED_EDGE('',*,*,#4389,.T.);
#2433=ORIENTED_EDGE('',*,*,#4356,.F.);
#2434=ORIENTED_EDGE('',*,*,#4412,.F.);
#2435=ORIENTED_EDGE('',*,*,#4413,.T.);
#2436=ORIENTED_EDGE('',*,*,#4266,.T.);
#2437=ORIENTED_EDGE('',*,*,#4390,.T.);
#2438=ORIENTED_EDGE('',*,*,#4413,.F.);
#2439=ORIENTED_EDGE('',*,*,#4411,.F.);
#2440=ORIENTED_EDGE('',*,*,#4350,.F.);
#2441=ORIENTED_EDGE('',*,*,#4414,.F.);
#2442=ORIENTED_EDGE('',*,*,#4415,.T.);
#2443=ORIENTED_EDGE('',*,*,#4416,.T.);
#2444=ORIENTED_EDGE('',*,*,#4349,.F.);
#2445=ORIENTED_EDGE('',*,*,#4417,.F.);
#2446=ORIENTED_EDGE('',*,*,#4418,.T.);
#2447=ORIENTED_EDGE('',*,*,#4414,.T.);
#2448=ORIENTED_EDGE('',*,*,#4354,.F.);
#2449=ORIENTED_EDGE('',*,*,#4419,.F.);
#2450=ORIENTED_EDGE('',*,*,#4420,.T.);
#2451=ORIENTED_EDGE('',*,*,#4417,.T.);
#2452=ORIENTED_EDGE('',*,*,#4353,.F.);
#2453=ORIENTED_EDGE('',*,*,#4421,.F.);
#2454=ORIENTED_EDGE('',*,*,#4422,.T.);
#2455=ORIENTED_EDGE('',*,*,#4419,.T.);
#2456=ORIENTED_EDGE('',*,*,#4352,.F.);
#2457=ORIENTED_EDGE('',*,*,#4423,.F.);
#2458=ORIENTED_EDGE('',*,*,#4424,.T.);
#2459=ORIENTED_EDGE('',*,*,#4421,.T.);
#2460=ORIENTED_EDGE('',*,*,#4351,.F.);
#2461=ORIENTED_EDGE('',*,*,#4416,.F.);
#2462=ORIENTED_EDGE('',*,*,#4425,.T.);
#2463=ORIENTED_EDGE('',*,*,#4423,.T.);
#2464=ORIENTED_EDGE('',*,*,#4415,.F.);
#2465=ORIENTED_EDGE('',*,*,#4418,.F.);
#2466=ORIENTED_EDGE('',*,*,#4420,.F.);
#2467=ORIENTED_EDGE('',*,*,#4422,.F.);
#2468=ORIENTED_EDGE('',*,*,#4424,.F.);
#2469=ORIENTED_EDGE('',*,*,#4425,.F.);
#2470=ORIENTED_EDGE('',*,*,#4382,.T.);
#2471=ORIENTED_EDGE('',*,*,#4426,.T.);
#2472=ORIENTED_EDGE('',*,*,#4427,.F.);
#2473=ORIENTED_EDGE('',*,*,#4428,.F.);
#2474=ORIENTED_EDGE('',*,*,#4344,.T.);
#2475=ORIENTED_EDGE('',*,*,#4315,.F.);
#2476=ORIENTED_EDGE('',*,*,#4429,.T.);
#2477=ORIENTED_EDGE('',*,*,#4430,.T.);
#2478=ORIENTED_EDGE('',*,*,#4431,.T.);
#2479=ORIENTED_EDGE('',*,*,#4378,.F.);
#2480=ORIENTED_EDGE('',*,*,#4380,.T.);
#2481=ORIENTED_EDGE('',*,*,#4432,.T.);
#2482=ORIENTED_EDGE('',*,*,#4330,.F.);
#2483=ORIENTED_EDGE('',*,*,#4433,.T.);
#2484=ORIENTED_EDGE('',*,*,#4331,.F.);
#2485=ORIENTED_EDGE('',*,*,#4432,.F.);
#2486=ORIENTED_EDGE('',*,*,#4379,.F.);
#2487=ORIENTED_EDGE('',*,*,#4431,.F.);
#2488=ORIENTED_EDGE('',*,*,#4329,.F.);
#2489=ORIENTED_EDGE('',*,*,#4426,.F.);
#2490=ORIENTED_EDGE('',*,*,#4381,.F.);
#2491=ORIENTED_EDGE('',*,*,#4433,.F.);
#2492=ORIENTED_EDGE('',*,*,#4434,.F.);
#2493=ORIENTED_EDGE('',*,*,#4273,.T.);
#2494=ORIENTED_EDGE('',*,*,#4333,.T.);
#2495=ORIENTED_EDGE('',*,*,#4435,.F.);
#2496=ORIENTED_EDGE('',*,*,#4429,.F.);
#2497=ORIENTED_EDGE('',*,*,#4230,.T.);
#2498=ORIENTED_EDGE('',*,*,#4434,.T.);
#2499=ORIENTED_EDGE('',*,*,#4436,.T.);
#2500=ORIENTED_EDGE('',*,*,#4430,.F.);
#2501=ORIENTED_EDGE('',*,*,#4436,.F.);
#2502=ORIENTED_EDGE('',*,*,#4435,.T.);
#2503=ORIENTED_EDGE('',*,*,#4332,.T.);
#2504=ORIENTED_EDGE('',*,*,#4334,.T.);
#2505=ORIENTED_EDGE('',*,*,#4437,.F.);
#2506=ORIENTED_EDGE('',*,*,#4438,.F.);
#2507=ORIENTED_EDGE('',*,*,#4439,.T.);
#2508=ORIENTED_EDGE('',*,*,#4339,.T.);
#2509=ORIENTED_EDGE('',*,*,#4440,.F.);
#2510=ORIENTED_EDGE('',*,*,#4441,.F.);
#2511=ORIENTED_EDGE('',*,*,#4437,.T.);
#2512=ORIENTED_EDGE('',*,*,#4338,.T.);
#2513=ORIENTED_EDGE('',*,*,#4442,.F.);
#2514=ORIENTED_EDGE('',*,*,#4443,.F.);
#2515=ORIENTED_EDGE('',*,*,#4440,.T.);
#2516=ORIENTED_EDGE('',*,*,#4337,.T.);
#2517=ORIENTED_EDGE('',*,*,#4444,.F.);
#2518=ORIENTED_EDGE('',*,*,#4445,.F.);
#2519=ORIENTED_EDGE('',*,*,#4442,.T.);
#2520=ORIENTED_EDGE('',*,*,#4336,.T.);
#2521=ORIENTED_EDGE('',*,*,#4446,.F.);
#2522=ORIENTED_EDGE('',*,*,#4447,.F.);
#2523=ORIENTED_EDGE('',*,*,#4444,.T.);
#2524=ORIENTED_EDGE('',*,*,#4335,.T.);
#2525=ORIENTED_EDGE('',*,*,#4439,.F.);
#2526=ORIENTED_EDGE('',*,*,#4448,.F.);
#2527=ORIENTED_EDGE('',*,*,#4446,.T.);
#2528=ORIENTED_EDGE('',*,*,#4438,.T.);
#2529=ORIENTED_EDGE('',*,*,#4441,.T.);
#2530=ORIENTED_EDGE('',*,*,#4443,.T.);
#2531=ORIENTED_EDGE('',*,*,#4445,.T.);
#2532=ORIENTED_EDGE('',*,*,#4447,.T.);
#2533=ORIENTED_EDGE('',*,*,#4448,.T.);
#2534=ORIENTED_EDGE('',*,*,#4277,.F.);
#2535=ORIENTED_EDGE('',*,*,#4289,.T.);
#2536=ORIENTED_EDGE('',*,*,#4449,.T.);
#2537=ORIENTED_EDGE('',*,*,#4450,.T.);
#2538=ORIENTED_EDGE('',*,*,#4451,.T.);
#2539=ORIENTED_EDGE('',*,*,#4278,.F.);
#2540=ORIENTED_EDGE('',*,*,#4450,.F.);
#2541=ORIENTED_EDGE('',*,*,#4452,.T.);
#2542=ORIENTED_EDGE('',*,*,#4189,.T.);
#2543=ORIENTED_EDGE('',*,*,#4453,.T.);
#2544=ORIENTED_EDGE('',*,*,#4452,.F.);
#2545=ORIENTED_EDGE('',*,*,#4449,.F.);
#2546=ORIENTED_EDGE('',*,*,#4372,.T.);
#2547=ORIENTED_EDGE('',*,*,#4454,.T.);
#2548=ORIENTED_EDGE('',*,*,#4451,.F.);
#2549=ORIENTED_EDGE('',*,*,#4453,.F.);
#2550=ORIENTED_EDGE('',*,*,#4292,.F.);
#2551=ORIENTED_EDGE('',*,*,#4377,.T.);
#2552=ORIENTED_EDGE('',*,*,#4455,.T.);
#2553=ORIENTED_EDGE('',*,*,#4456,.F.);
#2554=ORIENTED_EDGE('',*,*,#4457,.F.);
#2555=ORIENTED_EDGE('',*,*,#4317,.T.);
#2556=ORIENTED_EDGE('',*,*,#4290,.F.);
#2557=ORIENTED_EDGE('',*,*,#4458,.T.);
#2558=ORIENTED_EDGE('',*,*,#4459,.T.);
#2559=ORIENTED_EDGE('',*,*,#4460,.T.);
#2560=ORIENTED_EDGE('',*,*,#4373,.F.);
#2561=ORIENTED_EDGE('',*,*,#4375,.T.);
#2562=ORIENTED_EDGE('',*,*,#4461,.T.);
#2563=ORIENTED_EDGE('',*,*,#4305,.F.);
#2564=ORIENTED_EDGE('',*,*,#4462,.T.);
#2565=ORIENTED_EDGE('',*,*,#4306,.F.);
#2566=ORIENTED_EDGE('',*,*,#4461,.F.);
#2567=ORIENTED_EDGE('',*,*,#4374,.F.);
#2568=ORIENTED_EDGE('',*,*,#4460,.F.);
#2569=ORIENTED_EDGE('',*,*,#4304,.F.);
#2570=ORIENTED_EDGE('',*,*,#4455,.F.);
#2571=ORIENTED_EDGE('',*,*,#4376,.F.);
#2572=ORIENTED_EDGE('',*,*,#4462,.F.);
#2573=ORIENTED_EDGE('',*,*,#4463,.F.);
#2574=ORIENTED_EDGE('',*,*,#4295,.T.);
#2575=ORIENTED_EDGE('',*,*,#4308,.T.);
#2576=ORIENTED_EDGE('',*,*,#4464,.F.);
#2577=ORIENTED_EDGE('',*,*,#4458,.F.);
#2578=ORIENTED_EDGE('',*,*,#4211,.T.);
#2579=ORIENTED_EDGE('',*,*,#4463,.T.);
#2580=ORIENTED_EDGE('',*,*,#4465,.T.);
#2581=ORIENTED_EDGE('',*,*,#4459,.F.);
#2582=ORIENTED_EDGE('',*,*,#4465,.F.);
#2583=ORIENTED_EDGE('',*,*,#4464,.T.);
#2584=ORIENTED_EDGE('',*,*,#4307,.T.);
#2585=ORIENTED_EDGE('',*,*,#4309,.T.);
#2586=ORIENTED_EDGE('',*,*,#4466,.F.);
#2587=ORIENTED_EDGE('',*,*,#4467,.F.);
#2588=ORIENTED_EDGE('',*,*,#4468,.T.);
#2589=ORIENTED_EDGE('',*,*,#4314,.T.);
#2590=ORIENTED_EDGE('',*,*,#4469,.F.);
#2591=ORIENTED_EDGE('',*,*,#4470,.F.);
#2592=ORIENTED_EDGE('',*,*,#4466,.T.);
#2593=ORIENTED_EDGE('',*,*,#4313,.T.);
#2594=ORIENTED_EDGE('',*,*,#4471,.F.);
#2595=ORIENTED_EDGE('',*,*,#4472,.F.);
#2596=ORIENTED_EDGE('',*,*,#4469,.T.);
#2597=ORIENTED_EDGE('',*,*,#4312,.T.);
#2598=ORIENTED_EDGE('',*,*,#4473,.F.);
#2599=ORIENTED_EDGE('',*,*,#4474,.F.);
#2600=ORIENTED_EDGE('',*,*,#4471,.T.);
#2601=ORIENTED_EDGE('',*,*,#4311,.T.);
#2602=ORIENTED_EDGE('',*,*,#4475,.F.);
#2603=ORIENTED_EDGE('',*,*,#4476,.F.);
#2604=ORIENTED_EDGE('',*,*,#4473,.T.);
#2605=ORIENTED_EDGE('',*,*,#4310,.T.);
#2606=ORIENTED_EDGE('',*,*,#4468,.F.);
#2607=ORIENTED_EDGE('',*,*,#4477,.F.);
#2608=ORIENTED_EDGE('',*,*,#4475,.T.);
#2609=ORIENTED_EDGE('',*,*,#4467,.T.);
#2610=ORIENTED_EDGE('',*,*,#4470,.T.);
#2611=ORIENTED_EDGE('',*,*,#4472,.T.);
#2612=ORIENTED_EDGE('',*,*,#4474,.T.);
#2613=ORIENTED_EDGE('',*,*,#4476,.T.);
#2614=ORIENTED_EDGE('',*,*,#4477,.T.);
#2615=ORIENTED_EDGE('',*,*,#4302,.F.);
#2616=ORIENTED_EDGE('',*,*,#4293,.T.);
#2617=ORIENTED_EDGE('',*,*,#4478,.T.);
#2618=ORIENTED_EDGE('',*,*,#4479,.T.);
#2619=ORIENTED_EDGE('',*,*,#4456,.T.);
#2620=ORIENTED_EDGE('',*,*,#4303,.F.);
#2621=ORIENTED_EDGE('',*,*,#4479,.F.);
#2622=ORIENTED_EDGE('',*,*,#4480,.T.);
#2623=ORIENTED_EDGE('',*,*,#4209,.T.);
#2624=ORIENTED_EDGE('',*,*,#4457,.T.);
#2625=ORIENTED_EDGE('',*,*,#4480,.F.);
#2626=ORIENTED_EDGE('',*,*,#4478,.F.);
#2627=ORIENTED_EDGE('',*,*,#4297,.F.);
#2628=ORIENTED_EDGE('',*,*,#4481,.F.);
#2629=ORIENTED_EDGE('',*,*,#4482,.T.);
#2630=ORIENTED_EDGE('',*,*,#4483,.T.);
#2631=ORIENTED_EDGE('',*,*,#4296,.F.);
#2632=ORIENTED_EDGE('',*,*,#4484,.F.);
#2633=ORIENTED_EDGE('',*,*,#4485,.T.);
#2634=ORIENTED_EDGE('',*,*,#4481,.T.);
#2635=ORIENTED_EDGE('',*,*,#4301,.F.);
#2636=ORIENTED_EDGE('',*,*,#4486,.F.);
#2637=ORIENTED_EDGE('',*,*,#4487,.T.);
#2638=ORIENTED_EDGE('',*,*,#4484,.T.);
#2639=ORIENTED_EDGE('',*,*,#4300,.F.);
#2640=ORIENTED_EDGE('',*,*,#4488,.F.);
#2641=ORIENTED_EDGE('',*,*,#4489,.T.);
#2642=ORIENTED_EDGE('',*,*,#4486,.T.);
#2643=ORIENTED_EDGE('',*,*,#4299,.F.);
#2644=ORIENTED_EDGE('',*,*,#4490,.F.);
#2645=ORIENTED_EDGE('',*,*,#4491,.T.);
#2646=ORIENTED_EDGE('',*,*,#4488,.T.);
#2647=ORIENTED_EDGE('',*,*,#4298,.F.);
#2648=ORIENTED_EDGE('',*,*,#4483,.F.);
#2649=ORIENTED_EDGE('',*,*,#4492,.T.);
#2650=ORIENTED_EDGE('',*,*,#4490,.T.);
#2651=ORIENTED_EDGE('',*,*,#4482,.F.);
#2652=ORIENTED_EDGE('',*,*,#4485,.F.);
#2653=ORIENTED_EDGE('',*,*,#4487,.F.);
#2654=ORIENTED_EDGE('',*,*,#4489,.F.);
#2655=ORIENTED_EDGE('',*,*,#4491,.F.);
#2656=ORIENTED_EDGE('',*,*,#4492,.F.);
#2657=ORIENTED_EDGE('',*,*,#4318,.F.);
#2658=ORIENTED_EDGE('',*,*,#4493,.T.);
#2659=ORIENTED_EDGE('',*,*,#4494,.T.);
#2660=ORIENTED_EDGE('',*,*,#4495,.T.);
#2661=ORIENTED_EDGE('',*,*,#4368,.F.);
#2662=ORIENTED_EDGE('',*,*,#4370,.T.);
#2663=ORIENTED_EDGE('',*,*,#4496,.T.);
#2664=ORIENTED_EDGE('',*,*,#4280,.F.);
#2665=ORIENTED_EDGE('',*,*,#4497,.T.);
#2666=ORIENTED_EDGE('',*,*,#4281,.F.);
#2667=ORIENTED_EDGE('',*,*,#4496,.F.);
#2668=ORIENTED_EDGE('',*,*,#4369,.F.);
#2669=ORIENTED_EDGE('',*,*,#4495,.F.);
#2670=ORIENTED_EDGE('',*,*,#4279,.F.);
#2671=ORIENTED_EDGE('',*,*,#4454,.F.);
#2672=ORIENTED_EDGE('',*,*,#4371,.F.);
#2673=ORIENTED_EDGE('',*,*,#4497,.F.);
#2674=ORIENTED_EDGE('',*,*,#4498,.F.);
#2675=ORIENTED_EDGE('',*,*,#4288,.T.);
#2676=ORIENTED_EDGE('',*,*,#4275,.T.);
#2677=ORIENTED_EDGE('',*,*,#4499,.F.);
#2678=ORIENTED_EDGE('',*,*,#4493,.F.);
#2679=ORIENTED_EDGE('',*,*,#4191,.T.);
#2680=ORIENTED_EDGE('',*,*,#4498,.T.);
#2681=ORIENTED_EDGE('',*,*,#4500,.T.);
#2682=ORIENTED_EDGE('',*,*,#4494,.F.);
#2683=ORIENTED_EDGE('',*,*,#4500,.F.);
#2684=ORIENTED_EDGE('',*,*,#4499,.T.);
#2685=ORIENTED_EDGE('',*,*,#4274,.T.);
#2686=ORIENTED_EDGE('',*,*,#4282,.T.);
#2687=ORIENTED_EDGE('',*,*,#4501,.F.);
#2688=ORIENTED_EDGE('',*,*,#4502,.F.);
#2689=ORIENTED_EDGE('',*,*,#4503,.T.);
#2690=ORIENTED_EDGE('',*,*,#4287,.T.);
#2691=ORIENTED_EDGE('',*,*,#4504,.F.);
#2692=ORIENTED_EDGE('',*,*,#4505,.F.);
#2693=ORIENTED_EDGE('',*,*,#4501,.T.);
#2694=ORIENTED_EDGE('',*,*,#4286,.T.);
#2695=ORIENTED_EDGE('',*,*,#4506,.F.);
#2696=ORIENTED_EDGE('',*,*,#4507,.F.);
#2697=ORIENTED_EDGE('',*,*,#4504,.T.);
#2698=ORIENTED_EDGE('',*,*,#4285,.T.);
#2699=ORIENTED_EDGE('',*,*,#4508,.F.);
#2700=ORIENTED_EDGE('',*,*,#4509,.F.);
#2701=ORIENTED_EDGE('',*,*,#4506,.T.);
#2702=ORIENTED_EDGE('',*,*,#4284,.T.);
#2703=ORIENTED_EDGE('',*,*,#4510,.F.);
#2704=ORIENTED_EDGE('',*,*,#4511,.F.);
#2705=ORIENTED_EDGE('',*,*,#4508,.T.);
#2706=ORIENTED_EDGE('',*,*,#4283,.T.);
#2707=ORIENTED_EDGE('',*,*,#4503,.F.);
#2708=ORIENTED_EDGE('',*,*,#4512,.F.);
#2709=ORIENTED_EDGE('',*,*,#4510,.T.);
#2710=ORIENTED_EDGE('',*,*,#4502,.T.);
#2711=ORIENTED_EDGE('',*,*,#4505,.T.);
#2712=ORIENTED_EDGE('',*,*,#4507,.T.);
#2713=ORIENTED_EDGE('',*,*,#4509,.T.);
#2714=ORIENTED_EDGE('',*,*,#4511,.T.);
#2715=ORIENTED_EDGE('',*,*,#4512,.T.);
#2716=ORIENTED_EDGE('',*,*,#4327,.F.);
#2717=ORIENTED_EDGE('',*,*,#4271,.T.);
#2718=ORIENTED_EDGE('',*,*,#4513,.T.);
#2719=ORIENTED_EDGE('',*,*,#4514,.T.);
#2720=ORIENTED_EDGE('',*,*,#4427,.T.);
#2721=ORIENTED_EDGE('',*,*,#4328,.F.);
#2722=ORIENTED_EDGE('',*,*,#4514,.F.);
#2723=ORIENTED_EDGE('',*,*,#4515,.T.);
#2724=ORIENTED_EDGE('',*,*,#4228,.T.);
#2725=ORIENTED_EDGE('',*,*,#4428,.T.);
#2726=ORIENTED_EDGE('',*,*,#4515,.F.);
#2727=ORIENTED_EDGE('',*,*,#4513,.F.);
#2728=ORIENTED_EDGE('',*,*,#4322,.F.);
#2729=ORIENTED_EDGE('',*,*,#4516,.F.);
#2730=ORIENTED_EDGE('',*,*,#4517,.T.);
#2731=ORIENTED_EDGE('',*,*,#4518,.T.);
#2732=ORIENTED_EDGE('',*,*,#4321,.F.);
#2733=ORIENTED_EDGE('',*,*,#4519,.F.);
#2734=ORIENTED_EDGE('',*,*,#4520,.T.);
#2735=ORIENTED_EDGE('',*,*,#4516,.T.);
#2736=ORIENTED_EDGE('',*,*,#4326,.F.);
#2737=ORIENTED_EDGE('',*,*,#4521,.F.);
#2738=ORIENTED_EDGE('',*,*,#4522,.T.);
#2739=ORIENTED_EDGE('',*,*,#4519,.T.);
#2740=ORIENTED_EDGE('',*,*,#4325,.F.);
#2741=ORIENTED_EDGE('',*,*,#4523,.F.);
#2742=ORIENTED_EDGE('',*,*,#4524,.T.);
#2743=ORIENTED_EDGE('',*,*,#4521,.T.);
#2744=ORIENTED_EDGE('',*,*,#4324,.F.);
#2745=ORIENTED_EDGE('',*,*,#4525,.F.);
#2746=ORIENTED_EDGE('',*,*,#4526,.T.);
#2747=ORIENTED_EDGE('',*,*,#4523,.T.);
#2748=ORIENTED_EDGE('',*,*,#4323,.F.);
#2749=ORIENTED_EDGE('',*,*,#4518,.F.);
#2750=ORIENTED_EDGE('',*,*,#4527,.T.);
#2751=ORIENTED_EDGE('',*,*,#4525,.T.);
#2752=ORIENTED_EDGE('',*,*,#4517,.F.);
#2753=ORIENTED_EDGE('',*,*,#4520,.F.);
#2754=ORIENTED_EDGE('',*,*,#4522,.F.);
#2755=ORIENTED_EDGE('',*,*,#4524,.F.);
#2756=ORIENTED_EDGE('',*,*,#4526,.F.);
#2757=ORIENTED_EDGE('',*,*,#4527,.F.);
#2758=ORIENTED_EDGE('',*,*,#4264,.F.);
#2759=ORIENTED_EDGE('',*,*,#4528,.F.);
#2760=ORIENTED_EDGE('',*,*,#4529,.T.);
#2761=ORIENTED_EDGE('',*,*,#4345,.T.);
#2762=ORIENTED_EDGE('',*,*,#4226,.F.);
#2763=ORIENTED_EDGE('',*,*,#4263,.F.);
#2764=ORIENTED_EDGE('',*,*,#4530,.F.);
#2765=ORIENTED_EDGE('',*,*,#4531,.T.);
#2766=ORIENTED_EDGE('',*,*,#4528,.T.);
#2767=ORIENTED_EDGE('',*,*,#4270,.T.);
#2768=ORIENTED_EDGE('',*,*,#4341,.F.);
#2769=ORIENTED_EDGE('',*,*,#4532,.F.);
#2770=ORIENTED_EDGE('',*,*,#4530,.T.);
#2771=ORIENTED_EDGE('',*,*,#4262,.T.);
#2772=ORIENTED_EDGE('',*,*,#4529,.F.);
#2773=ORIENTED_EDGE('',*,*,#4531,.F.);
#2774=ORIENTED_EDGE('',*,*,#4532,.T.);
#2775=ORIENTED_EDGE('',*,*,#4340,.T.);
#2776=ORIENTED_EDGE('',*,*,#4533,.F.);
#2777=ORIENTED_EDGE('',*,*,#4534,.T.);
#2778=ORIENTED_EDGE('',*,*,#4260,.F.);
#2779=ORIENTED_EDGE('',*,*,#4534,.F.);
#2780=ORIENTED_EDGE('',*,*,#4535,.F.);
#2781=ORIENTED_EDGE('',*,*,#4533,.T.);
#2782=ORIENTED_EDGE('',*,*,#4535,.T.);
#2783=ORIENTED_EDGE('',*,*,#4536,.F.);
#2784=ORIENTED_EDGE('',*,*,#4537,.T.);
#2785=ORIENTED_EDGE('',*,*,#4538,.F.);
#2786=ORIENTED_EDGE('',*,*,#4539,.F.);
#2787=ORIENTED_EDGE('',*,*,#4540,.F.);
#2788=ORIENTED_EDGE('',*,*,#4541,.T.);
#2789=ORIENTED_EDGE('',*,*,#4542,.T.);
#2790=ORIENTED_EDGE('',*,*,#4543,.T.);
#2791=ORIENTED_EDGE('',*,*,#4544,.T.);
#2792=ORIENTED_EDGE('',*,*,#4545,.T.);
#2793=ORIENTED_EDGE('',*,*,#4546,.F.);
#2794=ORIENTED_EDGE('',*,*,#4547,.F.);
#2795=ORIENTED_EDGE('',*,*,#4548,.F.);
#2796=ORIENTED_EDGE('',*,*,#4549,.F.);
#2797=ORIENTED_EDGE('',*,*,#4546,.T.);
#2798=ORIENTED_EDGE('',*,*,#4550,.T.);
#2799=ORIENTED_EDGE('',*,*,#4551,.F.);
#2800=ORIENTED_EDGE('',*,*,#4552,.T.);
#2801=ORIENTED_EDGE('',*,*,#4548,.T.);
#2802=ORIENTED_EDGE('',*,*,#4553,.T.);
#2803=ORIENTED_EDGE('',*,*,#4554,.T.);
#2804=ORIENTED_EDGE('',*,*,#4555,.F.);
#2805=ORIENTED_EDGE('',*,*,#4542,.F.);
#2806=ORIENTED_EDGE('',*,*,#4556,.T.);
#2807=ORIENTED_EDGE('',*,*,#4539,.T.);
#2808=ORIENTED_EDGE('',*,*,#4557,.F.);
#2809=ORIENTED_EDGE('',*,*,#4558,.T.);
#2810=ORIENTED_EDGE('',*,*,#4559,.T.);
#2811=ORIENTED_EDGE('',*,*,#4560,.T.);
#2812=ORIENTED_EDGE('',*,*,#4561,.T.);
#2813=ORIENTED_EDGE('',*,*,#4544,.F.);
#2814=ORIENTED_EDGE('',*,*,#4562,.F.);
#2815=ORIENTED_EDGE('',*,*,#4551,.T.);
#2816=ORIENTED_EDGE('',*,*,#4563,.T.);
#2817=ORIENTED_EDGE('',*,*,#4560,.F.);
#2818=ORIENTED_EDGE('',*,*,#4564,.T.);
#2819=ORIENTED_EDGE('',*,*,#4565,.T.);
#2820=ORIENTED_EDGE('',*,*,#4566,.T.);
#2821=ORIENTED_EDGE('',*,*,#4567,.T.);
#2822=ORIENTED_EDGE('',*,*,#4568,.T.);
#2823=ORIENTED_EDGE('',*,*,#4549,.T.);
#2824=ORIENTED_EDGE('',*,*,#4569,.F.);
#2825=ORIENTED_EDGE('',*,*,#4570,.T.);
#2826=ORIENTED_EDGE('',*,*,#4571,.T.);
#2827=ORIENTED_EDGE('',*,*,#4569,.T.);
#2828=ORIENTED_EDGE('',*,*,#4552,.F.);
#2829=ORIENTED_EDGE('',*,*,#4572,.F.);
#2830=ORIENTED_EDGE('',*,*,#4573,.T.);
#2831=ORIENTED_EDGE('',*,*,#4572,.T.);
#2832=ORIENTED_EDGE('',*,*,#4564,.F.);
#2833=ORIENTED_EDGE('',*,*,#4574,.F.);
#2834=ORIENTED_EDGE('',*,*,#4575,.T.);
#2835=ORIENTED_EDGE('',*,*,#4574,.T.);
#2836=ORIENTED_EDGE('',*,*,#4562,.T.);
#2837=ORIENTED_EDGE('',*,*,#4571,.F.);
#2838=ORIENTED_EDGE('',*,*,#4576,.T.);
#2839=ORIENTED_EDGE('',*,*,#4577,.F.);
#2840=ORIENTED_EDGE('',*,*,#4576,.F.);
#2841=ORIENTED_EDGE('',*,*,#4570,.F.);
#2842=ORIENTED_EDGE('',*,*,#4573,.F.);
#2843=ORIENTED_EDGE('',*,*,#4575,.F.);
#2844=ORIENTED_EDGE('',*,*,#4578,.T.);
#2845=ORIENTED_EDGE('',*,*,#4577,.T.);
#2846=ORIENTED_EDGE('',*,*,#4579,.T.);
#2847=ORIENTED_EDGE('',*,*,#4580,.F.);
#2848=ORIENTED_EDGE('',*,*,#4581,.T.);
#2849=ORIENTED_EDGE('',*,*,#4580,.T.);
#2850=ORIENTED_EDGE('',*,*,#4582,.T.);
#2851=ORIENTED_EDGE('',*,*,#4583,.F.);
#2852=ORIENTED_EDGE('',*,*,#4584,.T.);
#2853=ORIENTED_EDGE('',*,*,#4585,.T.);
#2854=ORIENTED_EDGE('',*,*,#4586,.F.);
#2855=ORIENTED_EDGE('',*,*,#4583,.T.);
#2856=ORIENTED_EDGE('',*,*,#4587,.F.);
#2857=ORIENTED_EDGE('',*,*,#4588,.F.);
#2858=ORIENTED_EDGE('',*,*,#4589,.T.);
#2859=ORIENTED_EDGE('',*,*,#4586,.T.);
#2860=ORIENTED_EDGE('',*,*,#4590,.F.);
#2861=ORIENTED_EDGE('',*,*,#4591,.F.);
#2862=ORIENTED_EDGE('',*,*,#4587,.T.);
#2863=ORIENTED_EDGE('',*,*,#4585,.F.);
#2864=ORIENTED_EDGE('',*,*,#4592,.F.);
#2865=ORIENTED_EDGE('',*,*,#4593,.T.);
#2866=ORIENTED_EDGE('',*,*,#4590,.T.);
#2867=ORIENTED_EDGE('',*,*,#4584,.F.);
#2868=ORIENTED_EDGE('',*,*,#4589,.F.);
#2869=ORIENTED_EDGE('',*,*,#4594,.T.);
#2870=ORIENTED_EDGE('',*,*,#4592,.T.);
#2871=ORIENTED_EDGE('',*,*,#4595,.F.);
#2872=ORIENTED_EDGE('',*,*,#4594,.F.);
#2873=ORIENTED_EDGE('',*,*,#4588,.T.);
#2874=ORIENTED_EDGE('',*,*,#4591,.T.);
#2875=ORIENTED_EDGE('',*,*,#4593,.F.);
#2876=ORIENTED_EDGE('',*,*,#4596,.F.);
#2877=ORIENTED_EDGE('',*,*,#4595,.T.);
#2878=ORIENTED_EDGE('',*,*,#4597,.F.);
#2879=ORIENTED_EDGE('',*,*,#4596,.T.);
#2880=ORIENTED_EDGE('',*,*,#4598,.F.);
#2881=ORIENTED_EDGE('',*,*,#4597,.T.);
#2882=ORIENTED_EDGE('',*,*,#4599,.T.);
#2883=ORIENTED_EDGE('',*,*,#4600,.T.);
#2884=ORIENTED_EDGE('',*,*,#4601,.F.);
#2885=ORIENTED_EDGE('',*,*,#4602,.T.);
#2886=ORIENTED_EDGE('',*,*,#4598,.T.);
#2887=ORIENTED_EDGE('',*,*,#4600,.F.);
#2888=ORIENTED_EDGE('',*,*,#4603,.T.);
#2889=ORIENTED_EDGE('',*,*,#4559,.F.);
#2890=ORIENTED_EDGE('',*,*,#4604,.T.);
#2891=ORIENTED_EDGE('',*,*,#4553,.F.);
#2892=ORIENTED_EDGE('',*,*,#4547,.T.);
#2893=ORIENTED_EDGE('',*,*,#4555,.T.);
#2894=ORIENTED_EDGE('',*,*,#4605,.T.);
#2895=ORIENTED_EDGE('',*,*,#4557,.T.);
#2896=ORIENTED_EDGE('',*,*,#4538,.T.);
#2897=ORIENTED_EDGE('',*,*,#4606,.F.);
#2898=ORIENTED_EDGE('',*,*,#4543,.F.);
#2899=ORIENTED_EDGE('',*,*,#4607,.F.);
#2900=ORIENTED_EDGE('',*,*,#4608,.T.);
#2901=ORIENTED_EDGE('',*,*,#4606,.T.);
#2902=ORIENTED_EDGE('',*,*,#4537,.F.);
#2903=ORIENTED_EDGE('',*,*,#4609,.F.);
#2904=ORIENTED_EDGE('',*,*,#4540,.T.);
#2905=ORIENTED_EDGE('',*,*,#4541,.F.);
#2906=ORIENTED_EDGE('',*,*,#4609,.T.);
#2907=ORIENTED_EDGE('',*,*,#4536,.T.);
#2908=ORIENTED_EDGE('',*,*,#4556,.F.);
#2909=ORIENTED_EDGE('',*,*,#4599,.F.);
#2910=ORIENTED_EDGE('',*,*,#4602,.F.);
#2911=ORIENTED_EDGE('',*,*,#4581,.F.);
#2912=ORIENTED_EDGE('',*,*,#4582,.F.);
#2913=ORIENTED_EDGE('',*,*,#4578,.F.);
#2914=ORIENTED_EDGE('',*,*,#4579,.F.);
#2915=ORIENTED_EDGE('',*,*,#4608,.F.);
#2916=ORIENTED_EDGE('',*,*,#4603,.F.);
#2917=ORIENTED_EDGE('',*,*,#4554,.F.);
#2918=ORIENTED_EDGE('',*,*,#4604,.F.);
#2919=ORIENTED_EDGE('',*,*,#4558,.F.);
#2920=ORIENTED_EDGE('',*,*,#4605,.F.);
#2921=ORIENTED_EDGE('',*,*,#4610,.F.);
#2922=ORIENTED_EDGE('',*,*,#4545,.F.);
#2923=ORIENTED_EDGE('',*,*,#4611,.F.);
#2924=ORIENTED_EDGE('',*,*,#4567,.F.);
#2925=ORIENTED_EDGE('',*,*,#4611,.T.);
#2926=ORIENTED_EDGE('',*,*,#4561,.F.);
#2927=ORIENTED_EDGE('',*,*,#4612,.F.);
#2928=ORIENTED_EDGE('',*,*,#4568,.F.);
#2929=ORIENTED_EDGE('',*,*,#4610,.T.);
#2930=ORIENTED_EDGE('',*,*,#4566,.F.);
#2931=ORIENTED_EDGE('',*,*,#4613,.F.);
#2932=ORIENTED_EDGE('',*,*,#4550,.F.);
#2933=ORIENTED_EDGE('',*,*,#4612,.T.);
#2934=ORIENTED_EDGE('',*,*,#4563,.F.);
#2935=ORIENTED_EDGE('',*,*,#4613,.T.);
#2936=ORIENTED_EDGE('',*,*,#4565,.F.);
#2937=ORIENTED_EDGE('',*,*,#4614,.F.);
#2938=ORIENTED_EDGE('',*,*,#4601,.T.);
#2939=ORIENTED_EDGE('',*,*,#4614,.T.);
#2940=ORIENTED_EDGE('',*,*,#4615,.F.);
#2941=ORIENTED_EDGE('',*,*,#4607,.T.);
#2942=ORIENTED_EDGE('',*,*,#4615,.T.);
#2943=ORIENTED_EDGE('',*,*,#4616,.F.);
#2944=ORIENTED_EDGE('',*,*,#4617,.F.);
#2945=ORIENTED_EDGE('',*,*,#4618,.T.);
#2946=ORIENTED_EDGE('',*,*,#4619,.T.);
#2947=ORIENTED_EDGE('',*,*,#4620,.F.);
#2948=ORIENTED_EDGE('',*,*,#4621,.F.);
#2949=ORIENTED_EDGE('',*,*,#4622,.T.);
#2950=ORIENTED_EDGE('',*,*,#4623,.T.);
#2951=ORIENTED_EDGE('',*,*,#4624,.F.);
#2952=ORIENTED_EDGE('',*,*,#4625,.T.);
#2953=ORIENTED_EDGE('',*,*,#4626,.T.);
#2954=ORIENTED_EDGE('',*,*,#4627,.F.);
#2955=ORIENTED_EDGE('',*,*,#4628,.T.);
#2956=ORIENTED_EDGE('',*,*,#4629,.T.);
#2957=ORIENTED_EDGE('',*,*,#4629,.F.);
#2958=ORIENTED_EDGE('',*,*,#4630,.T.);
#2959=ORIENTED_EDGE('',*,*,#4631,.T.);
#2960=ORIENTED_EDGE('',*,*,#4632,.T.);
#2961=ORIENTED_EDGE('',*,*,#4632,.F.);
#2962=ORIENTED_EDGE('',*,*,#4633,.T.);
#2963=ORIENTED_EDGE('',*,*,#4634,.T.);
#2964=ORIENTED_EDGE('',*,*,#4635,.T.);
#2965=ORIENTED_EDGE('',*,*,#4635,.F.);
#2966=ORIENTED_EDGE('',*,*,#4636,.T.);
#2967=ORIENTED_EDGE('',*,*,#4637,.T.);
#2968=ORIENTED_EDGE('',*,*,#4638,.T.);
#2969=ORIENTED_EDGE('',*,*,#4638,.F.);
#2970=ORIENTED_EDGE('',*,*,#4639,.T.);
#2971=ORIENTED_EDGE('',*,*,#4640,.T.);
#2972=ORIENTED_EDGE('',*,*,#4641,.T.);
#2973=ORIENTED_EDGE('',*,*,#4641,.F.);
#2974=ORIENTED_EDGE('',*,*,#4642,.T.);
#2975=ORIENTED_EDGE('',*,*,#4643,.T.);
#2976=ORIENTED_EDGE('',*,*,#4644,.T.);
#2977=ORIENTED_EDGE('',*,*,#4644,.F.);
#2978=ORIENTED_EDGE('',*,*,#4645,.T.);
#2979=ORIENTED_EDGE('',*,*,#4646,.T.);
#2980=ORIENTED_EDGE('',*,*,#4647,.T.);
#2981=ORIENTED_EDGE('',*,*,#4647,.F.);
#2982=ORIENTED_EDGE('',*,*,#4648,.T.);
#2983=ORIENTED_EDGE('',*,*,#4649,.T.);
#2984=ORIENTED_EDGE('',*,*,#4650,.T.);
#2985=ORIENTED_EDGE('',*,*,#4650,.F.);
#2986=ORIENTED_EDGE('',*,*,#4651,.T.);
#2987=ORIENTED_EDGE('',*,*,#4652,.T.);
#2988=ORIENTED_EDGE('',*,*,#4653,.T.);
#2989=ORIENTED_EDGE('',*,*,#4653,.F.);
#2990=ORIENTED_EDGE('',*,*,#4654,.T.);
#2991=ORIENTED_EDGE('',*,*,#4655,.T.);
#2992=ORIENTED_EDGE('',*,*,#4656,.T.);
#2993=ORIENTED_EDGE('',*,*,#4656,.F.);
#2994=ORIENTED_EDGE('',*,*,#4657,.T.);
#2995=ORIENTED_EDGE('',*,*,#4658,.T.);
#2996=ORIENTED_EDGE('',*,*,#4659,.T.);
#2997=ORIENTED_EDGE('',*,*,#4659,.F.);
#2998=ORIENTED_EDGE('',*,*,#4660,.T.);
#2999=ORIENTED_EDGE('',*,*,#4661,.T.);
#3000=ORIENTED_EDGE('',*,*,#4662,.T.);
#3001=ORIENTED_EDGE('',*,*,#4663,.F.);
#3002=ORIENTED_EDGE('',*,*,#4664,.T.);
#3003=ORIENTED_EDGE('',*,*,#4665,.T.);
#3004=ORIENTED_EDGE('',*,*,#4666,.F.);
#3005=ORIENTED_EDGE('',*,*,#4667,.T.);
#3006=ORIENTED_EDGE('',*,*,#4668,.T.);
#3007=ORIENTED_EDGE('',*,*,#4669,.F.);
#3008=ORIENTED_EDGE('',*,*,#4670,.T.);
#3009=ORIENTED_EDGE('',*,*,#4671,.T.);
#3010=ORIENTED_EDGE('',*,*,#4672,.F.);
#3011=ORIENTED_EDGE('',*,*,#4671,.F.);
#3012=ORIENTED_EDGE('',*,*,#4670,.F.);
#3013=ORIENTED_EDGE('',*,*,#4665,.F.);
#3014=ORIENTED_EDGE('',*,*,#4673,.F.);
#3015=ORIENTED_EDGE('',*,*,#4674,.T.);
#3016=ORIENTED_EDGE('',*,*,#4667,.F.);
#3017=ORIENTED_EDGE('',*,*,#4675,.F.);
#3018=ORIENTED_EDGE('',*,*,#4663,.T.);
#3019=ORIENTED_EDGE('',*,*,#4666,.T.);
#3020=ORIENTED_EDGE('',*,*,#4676,.F.);
#3021=ORIENTED_EDGE('',*,*,#4664,.F.);
#3022=ORIENTED_EDGE('',*,*,#4675,.T.);
#3023=ORIENTED_EDGE('',*,*,#4677,.F.);
#3024=ORIENTED_EDGE('',*,*,#4678,.F.);
#3025=ORIENTED_EDGE('',*,*,#4679,.T.);
#3026=ORIENTED_EDGE('',*,*,#4680,.F.);
#3027=ORIENTED_EDGE('',*,*,#4681,.T.);
#3028=ORIENTED_EDGE('',*,*,#4661,.F.);
#3029=ORIENTED_EDGE('',*,*,#4676,.T.);
#3030=ORIENTED_EDGE('',*,*,#4669,.T.);
#3031=ORIENTED_EDGE('',*,*,#4682,.F.);
#3032=ORIENTED_EDGE('',*,*,#4678,.T.);
#3033=ORIENTED_EDGE('',*,*,#4668,.F.);
#3034=ORIENTED_EDGE('',*,*,#4674,.F.);
#3035=ORIENTED_EDGE('',*,*,#4681,.F.);
#3036=ORIENTED_EDGE('',*,*,#4683,.F.);
#3037=ORIENTED_EDGE('',*,*,#4684,.T.);
#3038=ORIENTED_EDGE('',*,*,#4662,.F.);
#3039=ORIENTED_EDGE('',*,*,#4680,.T.);
#3040=ORIENTED_EDGE('',*,*,#4685,.F.);
#3041=ORIENTED_EDGE('',*,*,#4686,.F.);
#3042=ORIENTED_EDGE('',*,*,#4683,.T.);
#3043=ORIENTED_EDGE('',*,*,#4679,.F.);
#3044=ORIENTED_EDGE('',*,*,#4682,.T.);
#3045=ORIENTED_EDGE('',*,*,#4687,.T.);
#3046=ORIENTED_EDGE('',*,*,#4685,.T.);
#3047=ORIENTED_EDGE('',*,*,#4688,.F.);
#3048=ORIENTED_EDGE('',*,*,#4689,.F.);
#3049=ORIENTED_EDGE('',*,*,#4687,.F.);
#3050=ORIENTED_EDGE('',*,*,#4690,.T.);
#3051=ORIENTED_EDGE('',*,*,#4684,.F.);
#3052=ORIENTED_EDGE('',*,*,#4686,.T.);
#3053=ORIENTED_EDGE('',*,*,#4689,.T.);
#3054=ORIENTED_EDGE('',*,*,#4691,.F.);
#3055=ORIENTED_EDGE('',*,*,#4692,.F.);
#3056=ORIENTED_EDGE('',*,*,#4693,.F.);
#3057=ORIENTED_EDGE('',*,*,#4693,.T.);
#3058=ORIENTED_EDGE('',*,*,#4694,.F.);
#3059=ORIENTED_EDGE('',*,*,#4690,.F.);
#3060=ORIENTED_EDGE('',*,*,#4673,.T.);
#3061=ORIENTED_EDGE('',*,*,#4695,.F.);
#3062=ORIENTED_EDGE('',*,*,#4688,.T.);
#3063=ORIENTED_EDGE('',*,*,#4694,.T.);
#3064=ORIENTED_EDGE('',*,*,#4692,.T.);
#3065=ORIENTED_EDGE('',*,*,#4691,.T.);
#3066=ORIENTED_EDGE('',*,*,#4696,.F.);
#3067=ORIENTED_EDGE('',*,*,#4633,.F.);
#3068=ORIENTED_EDGE('',*,*,#4697,.F.);
#3069=ORIENTED_EDGE('',*,*,#4636,.F.);
#3070=ORIENTED_EDGE('',*,*,#4698,.F.);
#3071=ORIENTED_EDGE('',*,*,#4639,.F.);
#3072=ORIENTED_EDGE('',*,*,#4699,.F.);
#3073=ORIENTED_EDGE('',*,*,#4642,.F.);
#3074=ORIENTED_EDGE('',*,*,#4700,.F.);
#3075=ORIENTED_EDGE('',*,*,#4645,.F.);
#3076=ORIENTED_EDGE('',*,*,#4701,.F.);
#3077=ORIENTED_EDGE('',*,*,#4648,.F.);
#3078=ORIENTED_EDGE('',*,*,#4702,.F.);
#3079=ORIENTED_EDGE('',*,*,#4651,.F.);
#3080=ORIENTED_EDGE('',*,*,#4703,.F.);
#3081=ORIENTED_EDGE('',*,*,#4654,.F.);
#3082=ORIENTED_EDGE('',*,*,#4704,.F.);
#3083=ORIENTED_EDGE('',*,*,#4657,.F.);
#3084=ORIENTED_EDGE('',*,*,#4705,.F.);
#3085=ORIENTED_EDGE('',*,*,#4660,.F.);
#3086=ORIENTED_EDGE('',*,*,#4706,.F.);
#3087=ORIENTED_EDGE('',*,*,#4707,.F.);
#3088=ORIENTED_EDGE('',*,*,#4708,.F.);
#3089=ORIENTED_EDGE('',*,*,#4630,.F.);
#3090=ORIENTED_EDGE('',*,*,#4695,.T.);
#3091=ORIENTED_EDGE('',*,*,#4696,.T.);
#3092=ORIENTED_EDGE('',*,*,#4628,.F.);
#3093=ORIENTED_EDGE('',*,*,#4708,.T.);
#3094=ORIENTED_EDGE('',*,*,#4709,.F.);
#3095=ORIENTED_EDGE('',*,*,#4706,.T.);
#3096=ORIENTED_EDGE('',*,*,#4658,.F.);
#3097=ORIENTED_EDGE('',*,*,#4705,.T.);
#3098=ORIENTED_EDGE('',*,*,#4655,.F.);
#3099=ORIENTED_EDGE('',*,*,#4704,.T.);
#3100=ORIENTED_EDGE('',*,*,#4652,.F.);
#3101=ORIENTED_EDGE('',*,*,#4703,.T.);
#3102=ORIENTED_EDGE('',*,*,#4649,.F.);
#3103=ORIENTED_EDGE('',*,*,#4702,.T.);
#3104=ORIENTED_EDGE('',*,*,#4646,.F.);
#3105=ORIENTED_EDGE('',*,*,#4701,.T.);
#3106=ORIENTED_EDGE('',*,*,#4643,.F.);
#3107=ORIENTED_EDGE('',*,*,#4700,.T.);
#3108=ORIENTED_EDGE('',*,*,#4640,.F.);
#3109=ORIENTED_EDGE('',*,*,#4699,.T.);
#3110=ORIENTED_EDGE('',*,*,#4637,.F.);
#3111=ORIENTED_EDGE('',*,*,#4698,.T.);
#3112=ORIENTED_EDGE('',*,*,#4634,.F.);
#3113=ORIENTED_EDGE('',*,*,#4697,.T.);
#3114=ORIENTED_EDGE('',*,*,#4631,.F.);
#3115=ORIENTED_EDGE('',*,*,#4710,.F.);
#3116=ORIENTED_EDGE('',*,*,#4711,.F.);
#3117=ORIENTED_EDGE('',*,*,#4710,.T.);
#3118=ORIENTED_EDGE('',*,*,#4709,.T.);
#3119=ORIENTED_EDGE('',*,*,#4712,.T.);
#3120=ORIENTED_EDGE('',*,*,#4712,.F.);
#3121=ORIENTED_EDGE('',*,*,#4707,.T.);
#3122=ORIENTED_EDGE('',*,*,#4623,.F.);
#3123=ORIENTED_EDGE('',*,*,#4713,.F.);
#3124=ORIENTED_EDGE('',*,*,#4714,.F.);
#3125=ORIENTED_EDGE('',*,*,#4715,.T.);
#3126=ORIENTED_EDGE('',*,*,#4716,.F.);
#3127=ORIENTED_EDGE('',*,*,#4717,.F.);
#3128=ORIENTED_EDGE('',*,*,#4718,.F.);
#3129=ORIENTED_EDGE('',*,*,#4719,.T.);
#3130=ORIENTED_EDGE('',*,*,#4626,.F.);
#3131=ORIENTED_EDGE('',*,*,#4720,.F.);
#3132=ORIENTED_EDGE('',*,*,#4721,.F.);
#3133=ORIENTED_EDGE('',*,*,#4722,.T.);
#3134=ORIENTED_EDGE('',*,*,#4619,.F.);
#3135=ORIENTED_EDGE('',*,*,#4723,.F.);
#3136=ORIENTED_EDGE('',*,*,#4724,.F.);
#3137=ORIENTED_EDGE('',*,*,#4725,.T.);
#3138=ORIENTED_EDGE('',*,*,#4711,.T.);
#3139=ORIENTED_EDGE('',*,*,#4726,.F.);
#3140=ORIENTED_EDGE('',*,*,#4727,.F.);
#3141=ORIENTED_EDGE('',*,*,#4728,.T.);
#3142=ORIENTED_EDGE('',*,*,#4716,.T.);
#3143=ORIENTED_EDGE('',*,*,#4625,.F.);
#3144=ORIENTED_EDGE('',*,*,#4729,.F.);
#3145=ORIENTED_EDGE('',*,*,#4730,.T.);
#3146=ORIENTED_EDGE('',*,*,#4720,.T.);
#3147=ORIENTED_EDGE('',*,*,#4624,.T.);
#3148=ORIENTED_EDGE('',*,*,#4731,.F.);
#3149=ORIENTED_EDGE('',*,*,#4732,.F.);
#3150=ORIENTED_EDGE('',*,*,#4729,.T.);
#3151=ORIENTED_EDGE('',*,*,#4627,.T.);
#3152=ORIENTED_EDGE('',*,*,#4719,.F.);
#3153=ORIENTED_EDGE('',*,*,#4733,.F.);
#3154=ORIENTED_EDGE('',*,*,#4731,.T.);
#3155=ORIENTED_EDGE('',*,*,#4728,.F.);
#3156=ORIENTED_EDGE('',*,*,#4734,.F.);
#3157=ORIENTED_EDGE('',*,*,#4735,.T.);
#3158=ORIENTED_EDGE('',*,*,#4717,.T.);
#3159=ORIENTED_EDGE('',*,*,#4727,.T.);
#3160=ORIENTED_EDGE('',*,*,#4736,.F.);
#3161=ORIENTED_EDGE('',*,*,#4737,.F.);
#3162=ORIENTED_EDGE('',*,*,#4734,.T.);
#3163=ORIENTED_EDGE('',*,*,#4726,.T.);
#3164=ORIENTED_EDGE('',*,*,#4715,.F.);
#3165=ORIENTED_EDGE('',*,*,#4738,.F.);
#3166=ORIENTED_EDGE('',*,*,#4736,.T.);
#3167=ORIENTED_EDGE('',*,*,#4622,.F.);
#3168=ORIENTED_EDGE('',*,*,#4739,.F.);
#3169=ORIENTED_EDGE('',*,*,#4740,.T.);
#3170=ORIENTED_EDGE('',*,*,#4713,.T.);
#3171=ORIENTED_EDGE('',*,*,#4621,.T.);
#3172=ORIENTED_EDGE('',*,*,#4741,.F.);
#3173=ORIENTED_EDGE('',*,*,#4742,.F.);
#3174=ORIENTED_EDGE('',*,*,#4739,.T.);
#3175=ORIENTED_EDGE('',*,*,#4620,.T.);
#3176=ORIENTED_EDGE('',*,*,#4725,.F.);
#3177=ORIENTED_EDGE('',*,*,#4743,.F.);
#3178=ORIENTED_EDGE('',*,*,#4741,.T.);
#3179=ORIENTED_EDGE('',*,*,#4618,.F.);
#3180=ORIENTED_EDGE('',*,*,#4744,.F.);
#3181=ORIENTED_EDGE('',*,*,#4745,.T.);
#3182=ORIENTED_EDGE('',*,*,#4723,.T.);
#3183=ORIENTED_EDGE('',*,*,#4617,.T.);
#3184=ORIENTED_EDGE('',*,*,#4746,.F.);
#3185=ORIENTED_EDGE('',*,*,#4747,.F.);
#3186=ORIENTED_EDGE('',*,*,#4744,.T.);
#3187=ORIENTED_EDGE('',*,*,#4616,.T.);
#3188=ORIENTED_EDGE('',*,*,#4722,.F.);
#3189=ORIENTED_EDGE('',*,*,#4748,.F.);
#3190=ORIENTED_EDGE('',*,*,#4746,.T.);
#3191=ORIENTED_EDGE('',*,*,#4730,.F.);
#3192=ORIENTED_EDGE('',*,*,#4732,.T.);
#3193=ORIENTED_EDGE('',*,*,#4733,.T.);
#3194=ORIENTED_EDGE('',*,*,#4718,.T.);
#3195=ORIENTED_EDGE('',*,*,#4735,.F.);
#3196=ORIENTED_EDGE('',*,*,#4737,.T.);
#3197=ORIENTED_EDGE('',*,*,#4738,.T.);
#3198=ORIENTED_EDGE('',*,*,#4714,.T.);
#3199=ORIENTED_EDGE('',*,*,#4740,.F.);
#3200=ORIENTED_EDGE('',*,*,#4742,.T.);
#3201=ORIENTED_EDGE('',*,*,#4743,.T.);
#3202=ORIENTED_EDGE('',*,*,#4724,.T.);
#3203=ORIENTED_EDGE('',*,*,#4745,.F.);
#3204=ORIENTED_EDGE('',*,*,#4747,.T.);
#3205=ORIENTED_EDGE('',*,*,#4748,.T.);
#3206=ORIENTED_EDGE('',*,*,#4721,.T.);
#3207=ORIENTED_EDGE('',*,*,#4749,.F.);
#3208=ORIENTED_EDGE('',*,*,#4672,.T.);
#3209=ORIENTED_EDGE('',*,*,#4749,.T.);
#3210=ORIENTED_EDGE('',*,*,#4750,.F.);
#3211=ORIENTED_EDGE('',*,*,#4677,.T.);
#3212=ORIENTED_EDGE('',*,*,#4750,.T.);
#3213=ORIENTED_EDGE('',*,*,#4751,.F.);
#3214=ORIENTED_EDGE('',*,*,#4752,.T.);
#3215=ORIENTED_EDGE('',*,*,#4753,.F.);
#3216=ORIENTED_EDGE('',*,*,#4754,.T.);
#3217=ORIENTED_EDGE('',*,*,#4755,.T.);
#3218=ORIENTED_EDGE('',*,*,#4756,.T.);
#3219=ORIENTED_EDGE('',*,*,#4757,.T.);
#3220=ORIENTED_EDGE('',*,*,#4758,.T.);
#3221=ORIENTED_EDGE('',*,*,#4759,.T.);
#3222=ORIENTED_EDGE('',*,*,#4760,.T.);
#3223=ORIENTED_EDGE('',*,*,#4761,.T.);
#3224=ORIENTED_EDGE('',*,*,#4762,.T.);
#3225=ORIENTED_EDGE('',*,*,#4763,.T.);
#3226=ORIENTED_EDGE('',*,*,#4764,.T.);
#3227=ORIENTED_EDGE('',*,*,#4765,.T.);
#3228=ORIENTED_EDGE('',*,*,#4766,.F.);
#3229=ORIENTED_EDGE('',*,*,#4767,.T.);
#3230=ORIENTED_EDGE('',*,*,#4768,.F.);
#3231=ORIENTED_EDGE('',*,*,#4769,.T.);
#3232=ORIENTED_EDGE('',*,*,#4770,.F.);
#3233=ORIENTED_EDGE('',*,*,#4771,.T.);
#3234=ORIENTED_EDGE('',*,*,#4772,.T.);
#3235=ORIENTED_EDGE('',*,*,#4773,.T.);
#3236=ORIENTED_EDGE('',*,*,#4774,.T.);
#3237=ORIENTED_EDGE('',*,*,#4772,.F.);
#3238=ORIENTED_EDGE('',*,*,#4775,.T.);
#3239=ORIENTED_EDGE('',*,*,#4756,.F.);
#3240=ORIENTED_EDGE('',*,*,#4776,.F.);
#3241=ORIENTED_EDGE('',*,*,#4777,.T.);
#3242=ORIENTED_EDGE('',*,*,#4778,.T.);
#3243=ORIENTED_EDGE('',*,*,#4779,.F.);
#3244=ORIENTED_EDGE('',*,*,#4780,.T.);
#3245=ORIENTED_EDGE('',*,*,#4781,.F.);
#3246=ORIENTED_EDGE('',*,*,#4782,.T.);
#3247=ORIENTED_EDGE('',*,*,#4783,.F.);
#3248=ORIENTED_EDGE('',*,*,#4784,.T.);
#3249=ORIENTED_EDGE('',*,*,#4785,.F.);
#3250=ORIENTED_EDGE('',*,*,#4786,.F.);
#3251=ORIENTED_EDGE('',*,*,#4787,.F.);
#3252=ORIENTED_EDGE('',*,*,#4788,.F.);
#3253=ORIENTED_EDGE('',*,*,#4789,.T.);
#3254=ORIENTED_EDGE('',*,*,#4790,.T.);
#3255=ORIENTED_EDGE('',*,*,#4791,.T.);
#3256=ORIENTED_EDGE('',*,*,#4792,.T.);
#3257=ORIENTED_EDGE('',*,*,#4793,.F.);
#3258=ORIENTED_EDGE('',*,*,#4794,.T.);
#3259=ORIENTED_EDGE('',*,*,#4795,.T.);
#3260=ORIENTED_EDGE('',*,*,#4787,.T.);
#3261=ORIENTED_EDGE('',*,*,#4796,.T.);
#3262=ORIENTED_EDGE('',*,*,#4797,.F.);
#3263=ORIENTED_EDGE('',*,*,#4798,.T.);
#3264=ORIENTED_EDGE('',*,*,#4799,.F.);
#3265=ORIENTED_EDGE('',*,*,#4800,.F.);
#3266=ORIENTED_EDGE('',*,*,#4801,.F.);
#3267=ORIENTED_EDGE('',*,*,#4802,.T.);
#3268=ORIENTED_EDGE('',*,*,#4803,.F.);
#3269=ORIENTED_EDGE('',*,*,#4804,.F.);
#3270=ORIENTED_EDGE('',*,*,#4805,.T.);
#3271=ORIENTED_EDGE('',*,*,#4806,.T.);
#3272=ORIENTED_EDGE('',*,*,#4807,.T.);
#3273=ORIENTED_EDGE('',*,*,#4808,.T.);
#3274=ORIENTED_EDGE('',*,*,#4809,.T.);
#3275=ORIENTED_EDGE('',*,*,#4810,.T.);
#3276=ORIENTED_EDGE('',*,*,#4811,.F.);
#3277=ORIENTED_EDGE('',*,*,#4812,.T.);
#3278=ORIENTED_EDGE('',*,*,#4813,.F.);
#3279=ORIENTED_EDGE('',*,*,#4814,.T.);
#3280=ORIENTED_EDGE('',*,*,#4815,.F.);
#3281=ORIENTED_EDGE('',*,*,#4816,.T.);
#3282=ORIENTED_EDGE('',*,*,#4817,.F.);
#3283=ORIENTED_EDGE('',*,*,#4818,.F.);
#3284=ORIENTED_EDGE('',*,*,#4819,.F.);
#3285=ORIENTED_EDGE('',*,*,#4820,.F.);
#3286=ORIENTED_EDGE('',*,*,#4821,.T.);
#3287=ORIENTED_EDGE('',*,*,#4819,.T.);
#3288=ORIENTED_EDGE('',*,*,#4822,.T.);
#3289=ORIENTED_EDGE('',*,*,#4803,.T.);
#3290=ORIENTED_EDGE('',*,*,#4823,.F.);
#3291=ORIENTED_EDGE('',*,*,#4824,.T.);
#3292=ORIENTED_EDGE('',*,*,#4825,.T.);
#3293=ORIENTED_EDGE('',*,*,#4826,.T.);
#3294=ORIENTED_EDGE('',*,*,#4827,.F.);
#3295=ORIENTED_EDGE('',*,*,#4828,.T.);
#3296=ORIENTED_EDGE('',*,*,#4829,.F.);
#3297=ORIENTED_EDGE('',*,*,#4830,.T.);
#3298=ORIENTED_EDGE('',*,*,#4831,.F.);
#3299=ORIENTED_EDGE('',*,*,#4832,.T.);
#3300=ORIENTED_EDGE('',*,*,#4797,.T.);
#3301=ORIENTED_EDGE('',*,*,#4833,.T.);
#3302=ORIENTED_EDGE('',*,*,#4834,.T.);
#3303=ORIENTED_EDGE('',*,*,#4835,.T.);
#3304=ORIENTED_EDGE('',*,*,#4836,.T.);
#3305=ORIENTED_EDGE('',*,*,#4837,.T.);
#3306=ORIENTED_EDGE('',*,*,#4838,.T.);
#3307=ORIENTED_EDGE('',*,*,#4839,.T.);
#3308=ORIENTED_EDGE('',*,*,#4840,.F.);
#3309=ORIENTED_EDGE('',*,*,#4841,.F.);
#3310=ORIENTED_EDGE('',*,*,#4842,.T.);
#3311=ORIENTED_EDGE('',*,*,#4843,.F.);
#3312=ORIENTED_EDGE('',*,*,#4841,.T.);
#3313=ORIENTED_EDGE('',*,*,#4844,.F.);
#3314=ORIENTED_EDGE('',*,*,#4842,.F.);
#3315=ORIENTED_EDGE('',*,*,#4845,.F.);
#3316=ORIENTED_EDGE('',*,*,#4822,.F.);
#3317=ORIENTED_EDGE('',*,*,#4846,.F.);
#3318=ORIENTED_EDGE('',*,*,#4796,.F.);
#3319=ORIENTED_EDGE('',*,*,#4847,.F.);
#3320=ORIENTED_EDGE('',*,*,#4775,.F.);
#3321=ORIENTED_EDGE('',*,*,#4848,.F.);
#3322=ORIENTED_EDGE('',*,*,#4795,.F.);
#3323=ORIENTED_EDGE('',*,*,#4843,.T.);
#3324=ORIENTED_EDGE('',*,*,#4804,.T.);
#3325=ORIENTED_EDGE('',*,*,#4845,.T.);
#3326=ORIENTED_EDGE('',*,*,#4832,.F.);
#3327=ORIENTED_EDGE('',*,*,#4849,.T.);
#3328=ORIENTED_EDGE('',*,*,#4833,.F.);
#3329=ORIENTED_EDGE('',*,*,#4846,.T.);
#3330=ORIENTED_EDGE('',*,*,#4818,.T.);
#3331=ORIENTED_EDGE('',*,*,#4850,.F.);
#3332=ORIENTED_EDGE('',*,*,#4829,.T.);
#3333=ORIENTED_EDGE('',*,*,#4851,.T.);
#3334=ORIENTED_EDGE('',*,*,#4807,.F.);
#3335=ORIENTED_EDGE('',*,*,#4852,.T.);
#3336=ORIENTED_EDGE('',*,*,#4831,.T.);
#3337=ORIENTED_EDGE('',*,*,#4853,.T.);
#3338=ORIENTED_EDGE('',*,*,#4805,.F.);
#3339=ORIENTED_EDGE('',*,*,#4849,.F.);
#3340=ORIENTED_EDGE('',*,*,#4817,.T.);
#3341=ORIENTED_EDGE('',*,*,#4854,.T.);
#3342=ORIENTED_EDGE('',*,*,#4834,.F.);
#3343=ORIENTED_EDGE('',*,*,#4850,.T.);
#3344=ORIENTED_EDGE('',*,*,#4815,.T.);
#3345=ORIENTED_EDGE('',*,*,#4855,.T.);
#3346=ORIENTED_EDGE('',*,*,#4836,.F.);
#3347=ORIENTED_EDGE('',*,*,#4856,.T.);
#3348=ORIENTED_EDGE('',*,*,#4813,.T.);
#3349=ORIENTED_EDGE('',*,*,#4857,.T.);
#3350=ORIENTED_EDGE('',*,*,#4838,.F.);
#3351=ORIENTED_EDGE('',*,*,#4858,.T.);
#3352=ORIENTED_EDGE('',*,*,#4811,.T.);
#3353=ORIENTED_EDGE('',*,*,#4859,.T.);
#3354=ORIENTED_EDGE('',*,*,#4825,.F.);
#3355=ORIENTED_EDGE('',*,*,#4860,.T.);
#3356=ORIENTED_EDGE('',*,*,#4827,.T.);
#3357=ORIENTED_EDGE('',*,*,#4861,.T.);
#3358=ORIENTED_EDGE('',*,*,#4809,.F.);
#3359=ORIENTED_EDGE('',*,*,#4862,.T.);
#3360=ORIENTED_EDGE('',*,*,#4824,.F.);
#3361=ORIENTED_EDGE('',*,*,#4799,.T.);
#3362=ORIENTED_EDGE('',*,*,#4840,.T.);
#3363=ORIENTED_EDGE('',*,*,#4798,.F.);
#3364=ORIENTED_EDGE('',*,*,#4826,.F.);
#3365=ORIENTED_EDGE('',*,*,#4859,.F.);
#3366=ORIENTED_EDGE('',*,*,#4810,.F.);
#3367=ORIENTED_EDGE('',*,*,#4861,.F.);
#3368=ORIENTED_EDGE('',*,*,#4828,.F.);
#3369=ORIENTED_EDGE('',*,*,#4862,.F.);
#3370=ORIENTED_EDGE('',*,*,#4808,.F.);
#3371=ORIENTED_EDGE('',*,*,#4851,.F.);
#3372=ORIENTED_EDGE('',*,*,#4830,.F.);
#3373=ORIENTED_EDGE('',*,*,#4852,.F.);
#3374=ORIENTED_EDGE('',*,*,#4806,.F.);
#3375=ORIENTED_EDGE('',*,*,#4853,.F.);
#3376=ORIENTED_EDGE('',*,*,#4839,.F.);
#3377=ORIENTED_EDGE('',*,*,#4857,.F.);
#3378=ORIENTED_EDGE('',*,*,#4812,.F.);
#3379=ORIENTED_EDGE('',*,*,#4860,.F.);
#3380=ORIENTED_EDGE('',*,*,#4837,.F.);
#3381=ORIENTED_EDGE('',*,*,#4855,.F.);
#3382=ORIENTED_EDGE('',*,*,#4814,.F.);
#3383=ORIENTED_EDGE('',*,*,#4858,.F.);
#3384=ORIENTED_EDGE('',*,*,#4835,.F.);
#3385=ORIENTED_EDGE('',*,*,#4854,.F.);
#3386=ORIENTED_EDGE('',*,*,#4816,.F.);
#3387=ORIENTED_EDGE('',*,*,#4856,.F.);
#3388=ORIENTED_EDGE('',*,*,#4820,.T.);
#3389=ORIENTED_EDGE('',*,*,#4863,.F.);
#3390=ORIENTED_EDGE('',*,*,#4864,.F.);
#3391=ORIENTED_EDGE('',*,*,#4865,.T.);
#3392=ORIENTED_EDGE('',*,*,#4823,.T.);
#3393=ORIENTED_EDGE('',*,*,#4802,.F.);
#3394=ORIENTED_EDGE('',*,*,#4866,.F.);
#3395=ORIENTED_EDGE('',*,*,#4863,.T.);
#3396=ORIENTED_EDGE('',*,*,#4821,.F.);
#3397=ORIENTED_EDGE('',*,*,#4865,.F.);
#3398=ORIENTED_EDGE('',*,*,#4867,.T.);
#3399=ORIENTED_EDGE('',*,*,#4800,.T.);
#3400=ORIENTED_EDGE('',*,*,#4864,.T.);
#3401=ORIENTED_EDGE('',*,*,#4866,.T.);
#3402=ORIENTED_EDGE('',*,*,#4801,.T.);
#3403=ORIENTED_EDGE('',*,*,#4867,.F.);
#3404=ORIENTED_EDGE('',*,*,#4788,.T.);
#3405=ORIENTED_EDGE('',*,*,#4848,.T.);
#3406=ORIENTED_EDGE('',*,*,#4771,.F.);
#3407=ORIENTED_EDGE('',*,*,#4868,.F.);
#3408=ORIENTED_EDGE('',*,*,#4757,.F.);
#3409=ORIENTED_EDGE('',*,*,#4847,.T.);
#3410=ORIENTED_EDGE('',*,*,#4786,.T.);
#3411=ORIENTED_EDGE('',*,*,#4869,.T.);
#3412=ORIENTED_EDGE('',*,*,#4768,.T.);
#3413=ORIENTED_EDGE('',*,*,#4870,.T.);
#3414=ORIENTED_EDGE('',*,*,#4791,.F.);
#3415=ORIENTED_EDGE('',*,*,#4871,.T.);
#3416=ORIENTED_EDGE('',*,*,#4766,.T.);
#3417=ORIENTED_EDGE('',*,*,#4872,.T.);
#3418=ORIENTED_EDGE('',*,*,#4777,.F.);
#3419=ORIENTED_EDGE('',*,*,#4873,.T.);
#3420=ORIENTED_EDGE('',*,*,#4779,.T.);
#3421=ORIENTED_EDGE('',*,*,#4874,.T.);
#3422=ORIENTED_EDGE('',*,*,#4764,.F.);
#3423=ORIENTED_EDGE('',*,*,#4875,.T.);
#3424=ORIENTED_EDGE('',*,*,#4781,.T.);
#3425=ORIENTED_EDGE('',*,*,#4876,.T.);
#3426=ORIENTED_EDGE('',*,*,#4762,.F.);
#3427=ORIENTED_EDGE('',*,*,#4877,.T.);
#3428=ORIENTED_EDGE('',*,*,#4783,.T.);
#3429=ORIENTED_EDGE('',*,*,#4878,.T.);
#3430=ORIENTED_EDGE('',*,*,#4760,.F.);
#3431=ORIENTED_EDGE('',*,*,#4879,.T.);
#3432=ORIENTED_EDGE('',*,*,#4785,.T.);
#3433=ORIENTED_EDGE('',*,*,#4880,.T.);
#3434=ORIENTED_EDGE('',*,*,#4758,.F.);
#3435=ORIENTED_EDGE('',*,*,#4869,.F.);
#3436=ORIENTED_EDGE('',*,*,#4770,.T.);
#3437=ORIENTED_EDGE('',*,*,#4881,.T.);
#3438=ORIENTED_EDGE('',*,*,#4789,.F.);
#3439=ORIENTED_EDGE('',*,*,#4868,.T.);
#3440=ORIENTED_EDGE('',*,*,#4793,.T.);
#3441=ORIENTED_EDGE('',*,*,#4752,.F.);
#3442=ORIENTED_EDGE('',*,*,#4794,.F.);
#3443=ORIENTED_EDGE('',*,*,#4751,.T.);
#3444=ORIENTED_EDGE('',*,*,#4778,.F.);
#3445=ORIENTED_EDGE('',*,*,#4872,.F.);
#3446=ORIENTED_EDGE('',*,*,#4765,.F.);
#3447=ORIENTED_EDGE('',*,*,#4874,.F.);
#3448=ORIENTED_EDGE('',*,*,#4792,.F.);
#3449=ORIENTED_EDGE('',*,*,#4870,.F.);
#3450=ORIENTED_EDGE('',*,*,#4767,.F.);
#3451=ORIENTED_EDGE('',*,*,#4873,.F.);
#3452=ORIENTED_EDGE('',*,*,#4790,.F.);
#3453=ORIENTED_EDGE('',*,*,#4881,.F.);
#3454=ORIENTED_EDGE('',*,*,#4769,.F.);
#3455=ORIENTED_EDGE('',*,*,#4871,.F.);
#3456=ORIENTED_EDGE('',*,*,#4780,.F.);
#3457=ORIENTED_EDGE('',*,*,#4875,.F.);
#3458=ORIENTED_EDGE('',*,*,#4763,.F.);
#3459=ORIENTED_EDGE('',*,*,#4876,.F.);
#3460=ORIENTED_EDGE('',*,*,#4782,.F.);
#3461=ORIENTED_EDGE('',*,*,#4877,.F.);
#3462=ORIENTED_EDGE('',*,*,#4761,.F.);
#3463=ORIENTED_EDGE('',*,*,#4878,.F.);
#3464=ORIENTED_EDGE('',*,*,#4784,.F.);
#3465=ORIENTED_EDGE('',*,*,#4879,.F.);
#3466=ORIENTED_EDGE('',*,*,#4759,.F.);
#3467=ORIENTED_EDGE('',*,*,#4880,.F.);
#3468=ORIENTED_EDGE('',*,*,#4773,.F.);
#3469=ORIENTED_EDGE('',*,*,#4882,.F.);
#3470=ORIENTED_EDGE('',*,*,#4883,.T.);
#3471=ORIENTED_EDGE('',*,*,#4884,.T.);
#3472=ORIENTED_EDGE('',*,*,#4776,.T.);
#3473=ORIENTED_EDGE('',*,*,#4755,.F.);
#3474=ORIENTED_EDGE('',*,*,#4885,.F.);
#3475=ORIENTED_EDGE('',*,*,#4882,.T.);
#3476=ORIENTED_EDGE('',*,*,#4774,.F.);
#3477=ORIENTED_EDGE('',*,*,#4884,.F.);
#3478=ORIENTED_EDGE('',*,*,#4886,.T.);
#3479=ORIENTED_EDGE('',*,*,#4753,.T.);
#3480=ORIENTED_EDGE('',*,*,#4883,.F.);
#3481=ORIENTED_EDGE('',*,*,#4885,.T.);
#3482=ORIENTED_EDGE('',*,*,#4754,.F.);
#3483=ORIENTED_EDGE('',*,*,#4886,.F.);
#3484=ORIENTED_EDGE('',*,*,#4887,.F.);
#3485=ORIENTED_EDGE('',*,*,#4844,.T.);
#3486=ORIENTED_EDGE('',*,*,#4887,.T.);
#3487=ORIENTED_EDGE('',*,*,#4888,.T.);
#3488=ORIENTED_EDGE('',*,*,#4889,.T.);
#3489=ORIENTED_EDGE('',*,*,#4890,.T.);
#3490=ORIENTED_EDGE('',*,*,#4891,.F.);
#3491=ORIENTED_EDGE('',*,*,#4892,.F.);
#3492=ORIENTED_EDGE('',*,*,#4893,.F.);
#3493=ORIENTED_EDGE('',*,*,#4894,.F.);
#3494=ORIENTED_EDGE('',*,*,#4895,.F.);
#3495=ORIENTED_EDGE('',*,*,#4896,.F.);
#3496=ORIENTED_EDGE('',*,*,#4897,.T.);
#3497=ORIENTED_EDGE('',*,*,#4892,.T.);
#3498=ORIENTED_EDGE('',*,*,#4898,.T.);
#3499=ORIENTED_EDGE('',*,*,#4899,.T.);
#3500=ORIENTED_EDGE('',*,*,#4900,.T.);
#3501=ORIENTED_EDGE('',*,*,#4891,.T.);
#3502=ORIENTED_EDGE('',*,*,#4901,.F.);
#3503=ORIENTED_EDGE('',*,*,#4902,.F.);
#3504=ORIENTED_EDGE('',*,*,#4903,.F.);
#3505=ORIENTED_EDGE('',*,*,#4904,.F.);
#3506=ORIENTED_EDGE('',*,*,#4905,.F.);
#3507=ORIENTED_EDGE('',*,*,#4906,.F.);
#3508=ORIENTED_EDGE('',*,*,#4907,.T.);
#3509=ORIENTED_EDGE('',*,*,#4893,.T.);
#3510=ORIENTED_EDGE('',*,*,#4908,.T.);
#3511=ORIENTED_EDGE('',*,*,#4909,.F.);
#3512=ORIENTED_EDGE('',*,*,#4910,.F.);
#3513=ORIENTED_EDGE('',*,*,#4911,.F.);
#3514=ORIENTED_EDGE('',*,*,#4912,.T.);
#3515=ORIENTED_EDGE('',*,*,#4894,.T.);
#3516=ORIENTED_EDGE('',*,*,#4913,.T.);
#3517=ORIENTED_EDGE('',*,*,#4914,.F.);
#3518=ORIENTED_EDGE('',*,*,#4915,.F.);
#3519=ORIENTED_EDGE('',*,*,#4916,.F.);
#3520=ORIENTED_EDGE('',*,*,#4917,.T.);
#3521=ORIENTED_EDGE('',*,*,#4918,.T.);
#3522=ORIENTED_EDGE('',*,*,#4895,.T.);
#3523=ORIENTED_EDGE('',*,*,#4919,.F.);
#3524=ORIENTED_EDGE('',*,*,#4920,.F.);
#3525=ORIENTED_EDGE('',*,*,#4921,.F.);
#3526=ORIENTED_EDGE('',*,*,#4922,.T.);
#3527=ORIENTED_EDGE('',*,*,#4923,.T.);
#3528=ORIENTED_EDGE('',*,*,#4896,.T.);
#3529=ORIENTED_EDGE('',*,*,#4924,.F.);
#3530=ORIENTED_EDGE('',*,*,#4925,.F.);
#3531=ORIENTED_EDGE('',*,*,#4926,.F.);
#3532=ORIENTED_EDGE('',*,*,#4905,.T.);
#3533=ORIENTED_EDGE('',*,*,#4901,.T.);
#3534=ORIENTED_EDGE('',*,*,#4927,.T.);
#3535=ORIENTED_EDGE('',*,*,#4898,.F.);
#3536=ORIENTED_EDGE('',*,*,#4900,.F.);
#3537=ORIENTED_EDGE('',*,*,#4928,.F.);
#3538=ORIENTED_EDGE('',*,*,#4903,.T.);
#3539=ORIENTED_EDGE('',*,*,#4909,.T.);
#3540=ORIENTED_EDGE('',*,*,#4929,.T.);
#3541=ORIENTED_EDGE('',*,*,#4908,.F.);
#3542=ORIENTED_EDGE('',*,*,#4897,.F.);
#3543=ORIENTED_EDGE('',*,*,#4927,.F.);
#3544=ORIENTED_EDGE('',*,*,#4911,.T.);
#3545=ORIENTED_EDGE('',*,*,#4914,.T.);
#3546=ORIENTED_EDGE('',*,*,#4930,.T.);
#3547=ORIENTED_EDGE('',*,*,#4913,.F.);
#3548=ORIENTED_EDGE('',*,*,#4907,.F.);
#3549=ORIENTED_EDGE('',*,*,#4929,.F.);
#3550=ORIENTED_EDGE('',*,*,#4916,.T.);
#3551=ORIENTED_EDGE('',*,*,#4921,.T.);
#3552=ORIENTED_EDGE('',*,*,#4931,.T.);
#3553=ORIENTED_EDGE('',*,*,#4917,.F.);
#3554=ORIENTED_EDGE('',*,*,#4912,.F.);
#3555=ORIENTED_EDGE('',*,*,#4930,.F.);
#3556=ORIENTED_EDGE('',*,*,#4920,.T.);
#3557=ORIENTED_EDGE('',*,*,#4926,.T.);
#3558=ORIENTED_EDGE('',*,*,#4932,.T.);
#3559=ORIENTED_EDGE('',*,*,#4922,.F.);
#3560=ORIENTED_EDGE('',*,*,#4918,.F.);
#3561=ORIENTED_EDGE('',*,*,#4931,.F.);
#3562=ORIENTED_EDGE('',*,*,#4925,.T.);
#3563=ORIENTED_EDGE('',*,*,#4906,.T.);
#3564=ORIENTED_EDGE('',*,*,#4928,.T.);
#3565=ORIENTED_EDGE('',*,*,#4899,.F.);
#3566=ORIENTED_EDGE('',*,*,#4923,.F.);
#3567=ORIENTED_EDGE('',*,*,#4932,.F.);
#3568=ORIENTED_EDGE('',*,*,#4904,.T.);
#3569=ORIENTED_EDGE('',*,*,#4924,.T.);
#3570=ORIENTED_EDGE('',*,*,#4919,.T.);
#3571=ORIENTED_EDGE('',*,*,#4915,.T.);
#3572=ORIENTED_EDGE('',*,*,#4910,.T.);
#3573=ORIENTED_EDGE('',*,*,#4902,.T.);
#3574=ORIENTED_EDGE('',*,*,#4933,.T.);
#3575=ORIENTED_EDGE('',*,*,#4934,.T.);
#3576=ORIENTED_EDGE('',*,*,#4933,.F.);
#3577=ORIENTED_EDGE('',*,*,#4934,.F.);
#3578=ORIENTED_EDGE('',*,*,#4935,.T.);
#3579=ORIENTED_EDGE('',*,*,#4935,.F.);
#3580=ORIENTED_EDGE('',*,*,#4936,.T.);
#3581=ORIENTED_EDGE('',*,*,#4937,.T.);
#3582=ORIENTED_EDGE('',*,*,#4936,.F.);
#3583=ORIENTED_EDGE('',*,*,#4888,.F.);
#3584=ORIENTED_EDGE('',*,*,#4890,.F.);
#3585=ORIENTED_EDGE('',*,*,#4889,.F.);
#3586=ORIENTED_EDGE('',*,*,#4937,.F.);
#3587=ORIENTED_EDGE('',*,*,#4938,.T.);
#3588=ORIENTED_EDGE('',*,*,#4939,.T.);
#3589=ORIENTED_EDGE('',*,*,#4940,.T.);
#3590=ORIENTED_EDGE('',*,*,#4941,.F.);
#3591=ORIENTED_EDGE('',*,*,#4942,.F.);
#3592=ORIENTED_EDGE('',*,*,#4943,.T.);
#3593=ORIENTED_EDGE('',*,*,#4944,.T.);
#3594=ORIENTED_EDGE('',*,*,#4945,.T.);
#3595=ORIENTED_EDGE('',*,*,#4946,.T.);
#3596=ORIENTED_EDGE('',*,*,#4947,.T.);
#3597=ORIENTED_EDGE('',*,*,#4948,.F.);
#3598=ORIENTED_EDGE('',*,*,#4949,.T.);
#3599=ORIENTED_EDGE('',*,*,#4950,.T.);
#3600=ORIENTED_EDGE('',*,*,#4951,.F.);
#3601=ORIENTED_EDGE('',*,*,#4952,.T.);
#3602=ORIENTED_EDGE('',*,*,#4953,.T.);
#3603=ORIENTED_EDGE('',*,*,#4954,.F.);
#3604=ORIENTED_EDGE('',*,*,#4955,.T.);
#3605=ORIENTED_EDGE('',*,*,#4956,.T.);
#3606=ORIENTED_EDGE('',*,*,#4957,.F.);
#3607=ORIENTED_EDGE('',*,*,#4958,.T.);
#3608=ORIENTED_EDGE('',*,*,#4959,.T.);
#3609=ORIENTED_EDGE('',*,*,#4960,.F.);
#3610=ORIENTED_EDGE('',*,*,#4961,.T.);
#3611=ORIENTED_EDGE('',*,*,#4962,.T.);
#3612=ORIENTED_EDGE('',*,*,#4963,.F.);
#3613=ORIENTED_EDGE('',*,*,#4964,.T.);
#3614=ORIENTED_EDGE('',*,*,#4965,.T.);
#3615=ORIENTED_EDGE('',*,*,#4966,.T.);
#3616=ORIENTED_EDGE('',*,*,#4967,.T.);
#3617=ORIENTED_EDGE('',*,*,#4968,.T.);
#3618=ORIENTED_EDGE('',*,*,#4969,.T.);
#3619=ORIENTED_EDGE('',*,*,#4970,.T.);
#3620=ORIENTED_EDGE('',*,*,#4971,.T.);
#3621=ORIENTED_EDGE('',*,*,#4972,.T.);
#3622=ORIENTED_EDGE('',*,*,#4973,.T.);
#3623=ORIENTED_EDGE('',*,*,#4974,.T.);
#3624=ORIENTED_EDGE('',*,*,#4975,.T.);
#3625=ORIENTED_EDGE('',*,*,#4976,.T.);
#3626=ORIENTED_EDGE('',*,*,#4977,.T.);
#3627=ORIENTED_EDGE('',*,*,#4978,.T.);
#3628=ORIENTED_EDGE('',*,*,#4979,.T.);
#3629=ORIENTED_EDGE('',*,*,#4980,.T.);
#3630=ORIENTED_EDGE('',*,*,#4981,.T.);
#3631=ORIENTED_EDGE('',*,*,#4982,.T.);
#3632=ORIENTED_EDGE('',*,*,#4983,.T.);
#3633=ORIENTED_EDGE('',*,*,#4984,.F.);
#3634=ORIENTED_EDGE('',*,*,#4985,.T.);
#3635=ORIENTED_EDGE('',*,*,#4986,.F.);
#3636=ORIENTED_EDGE('',*,*,#4987,.F.);
#3637=ORIENTED_EDGE('',*,*,#4988,.F.);
#3638=ORIENTED_EDGE('',*,*,#4989,.T.);
#3639=ORIENTED_EDGE('',*,*,#4990,.F.);
#3640=ORIENTED_EDGE('',*,*,#4991,.T.);
#3641=ORIENTED_EDGE('',*,*,#4992,.F.);
#3642=ORIENTED_EDGE('',*,*,#4993,.F.);
#3643=ORIENTED_EDGE('',*,*,#4994,.T.);
#3644=ORIENTED_EDGE('',*,*,#4995,.F.);
#3645=ORIENTED_EDGE('',*,*,#4996,.T.);
#3646=ORIENTED_EDGE('',*,*,#4997,.F.);
#3647=ORIENTED_EDGE('',*,*,#4998,.F.);
#3648=ORIENTED_EDGE('',*,*,#4999,.F.);
#3649=ORIENTED_EDGE('',*,*,#5000,.F.);
#3650=ORIENTED_EDGE('',*,*,#5001,.F.);
#3651=ORIENTED_EDGE('',*,*,#5002,.F.);
#3652=ORIENTED_EDGE('',*,*,#5003,.T.);
#3653=ORIENTED_EDGE('',*,*,#5004,.F.);
#3654=ORIENTED_EDGE('',*,*,#5005,.F.);
#3655=ORIENTED_EDGE('',*,*,#5006,.T.);
#3656=ORIENTED_EDGE('',*,*,#5007,.F.);
#3657=ORIENTED_EDGE('',*,*,#5008,.F.);
#3658=ORIENTED_EDGE('',*,*,#5009,.T.);
#3659=ORIENTED_EDGE('',*,*,#5010,.F.);
#3660=ORIENTED_EDGE('',*,*,#5011,.F.);
#3661=ORIENTED_EDGE('',*,*,#5012,.T.);
#3662=ORIENTED_EDGE('',*,*,#5013,.F.);
#3663=ORIENTED_EDGE('',*,*,#5014,.F.);
#3664=ORIENTED_EDGE('',*,*,#5015,.T.);
#3665=ORIENTED_EDGE('',*,*,#5016,.F.);
#3666=ORIENTED_EDGE('',*,*,#5017,.F.);
#3667=ORIENTED_EDGE('',*,*,#5018,.T.);
#3668=ORIENTED_EDGE('',*,*,#5019,.F.);
#3669=ORIENTED_EDGE('',*,*,#5020,.F.);
#3670=ORIENTED_EDGE('',*,*,#5021,.F.);
#3671=ORIENTED_EDGE('',*,*,#5022,.F.);
#3672=ORIENTED_EDGE('',*,*,#5023,.F.);
#3673=ORIENTED_EDGE('',*,*,#5024,.F.);
#3674=ORIENTED_EDGE('',*,*,#5017,.T.);
#3675=ORIENTED_EDGE('',*,*,#5025,.T.);
#3676=ORIENTED_EDGE('',*,*,#4949,.F.);
#3677=ORIENTED_EDGE('',*,*,#5026,.F.);
#3678=ORIENTED_EDGE('',*,*,#5014,.T.);
#3679=ORIENTED_EDGE('',*,*,#5027,.T.);
#3680=ORIENTED_EDGE('',*,*,#4952,.F.);
#3681=ORIENTED_EDGE('',*,*,#5028,.F.);
#3682=ORIENTED_EDGE('',*,*,#5011,.T.);
#3683=ORIENTED_EDGE('',*,*,#5029,.T.);
#3684=ORIENTED_EDGE('',*,*,#4955,.F.);
#3685=ORIENTED_EDGE('',*,*,#5030,.F.);
#3686=ORIENTED_EDGE('',*,*,#5008,.T.);
#3687=ORIENTED_EDGE('',*,*,#5031,.T.);
#3688=ORIENTED_EDGE('',*,*,#4958,.F.);
#3689=ORIENTED_EDGE('',*,*,#5032,.F.);
#3690=ORIENTED_EDGE('',*,*,#5005,.T.);
#3691=ORIENTED_EDGE('',*,*,#5033,.T.);
#3692=ORIENTED_EDGE('',*,*,#4961,.F.);
#3693=ORIENTED_EDGE('',*,*,#5034,.F.);
#3694=ORIENTED_EDGE('',*,*,#5002,.T.);
#3695=ORIENTED_EDGE('',*,*,#5035,.F.);
#3696=ORIENTED_EDGE('',*,*,#4964,.F.);
#3697=ORIENTED_EDGE('',*,*,#4995,.T.);
#3698=ORIENTED_EDGE('',*,*,#5036,.T.);
#3699=ORIENTED_EDGE('',*,*,#4971,.F.);
#3700=ORIENTED_EDGE('',*,*,#5037,.T.);
#3701=ORIENTED_EDGE('',*,*,#4973,.F.);
#3702=ORIENTED_EDGE('',*,*,#5038,.T.);
#3703=ORIENTED_EDGE('',*,*,#4993,.T.);
#3704=ORIENTED_EDGE('',*,*,#5039,.F.);
#3705=ORIENTED_EDGE('',*,*,#4992,.T.);
#3706=ORIENTED_EDGE('',*,*,#5040,.T.);
#3707=ORIENTED_EDGE('',*,*,#4974,.F.);
#3708=ORIENTED_EDGE('',*,*,#5039,.T.);
#3709=ORIENTED_EDGE('',*,*,#4976,.F.);
#3710=ORIENTED_EDGE('',*,*,#5041,.T.);
#3711=ORIENTED_EDGE('',*,*,#4990,.T.);
#3712=ORIENTED_EDGE('',*,*,#5042,.T.);
#3713=ORIENTED_EDGE('',*,*,#4978,.F.);
#3714=ORIENTED_EDGE('',*,*,#5043,.T.);
#3715=ORIENTED_EDGE('',*,*,#4988,.T.);
#3716=ORIENTED_EDGE('',*,*,#5044,.F.);
#3717=ORIENTED_EDGE('',*,*,#4987,.T.);
#3718=ORIENTED_EDGE('',*,*,#5045,.F.);
#3719=ORIENTED_EDGE('',*,*,#4979,.F.);
#3720=ORIENTED_EDGE('',*,*,#5044,.T.);
#3721=ORIENTED_EDGE('',*,*,#4986,.T.);
#3722=ORIENTED_EDGE('',*,*,#5046,.T.);
#3723=ORIENTED_EDGE('',*,*,#4943,.F.);
#3724=ORIENTED_EDGE('',*,*,#5045,.T.);
#3725=ORIENTED_EDGE('',*,*,#4945,.F.);
#3726=ORIENTED_EDGE('',*,*,#5047,.T.);
#3727=ORIENTED_EDGE('',*,*,#4984,.T.);
#3728=ORIENTED_EDGE('',*,*,#5048,.F.);
#3729=ORIENTED_EDGE('',*,*,#5020,.T.);
#3730=ORIENTED_EDGE('',*,*,#5049,.T.);
#3731=ORIENTED_EDGE('',*,*,#4946,.F.);
#3732=ORIENTED_EDGE('',*,*,#5048,.T.);
#3733=ORIENTED_EDGE('',*,*,#5001,.T.);
#3734=ORIENTED_EDGE('',*,*,#5050,.F.);
#3735=ORIENTED_EDGE('',*,*,#4965,.F.);
#3736=ORIENTED_EDGE('',*,*,#5035,.T.);
#3737=ORIENTED_EDGE('',*,*,#5000,.T.);
#3738=ORIENTED_EDGE('',*,*,#5051,.F.);
#3739=ORIENTED_EDGE('',*,*,#4966,.F.);
#3740=ORIENTED_EDGE('',*,*,#5050,.T.);
#3741=ORIENTED_EDGE('',*,*,#4999,.T.);
#3742=ORIENTED_EDGE('',*,*,#5052,.F.);
#3743=ORIENTED_EDGE('',*,*,#4967,.F.);
#3744=ORIENTED_EDGE('',*,*,#5051,.T.);
#3745=ORIENTED_EDGE('',*,*,#4998,.T.);
#3746=ORIENTED_EDGE('',*,*,#5053,.F.);
#3747=ORIENTED_EDGE('',*,*,#4968,.F.);
#3748=ORIENTED_EDGE('',*,*,#5052,.T.);
#3749=ORIENTED_EDGE('',*,*,#4997,.T.);
#3750=ORIENTED_EDGE('',*,*,#5054,.T.);
#3751=ORIENTED_EDGE('',*,*,#4969,.F.);
#3752=ORIENTED_EDGE('',*,*,#5053,.T.);
#3753=ORIENTED_EDGE('',*,*,#4972,.F.);
#3754=ORIENTED_EDGE('',*,*,#5036,.F.);
#3755=ORIENTED_EDGE('',*,*,#4994,.F.);
#3756=ORIENTED_EDGE('',*,*,#5038,.F.);
#3757=ORIENTED_EDGE('',*,*,#4970,.F.);
#3758=ORIENTED_EDGE('',*,*,#5054,.F.);
#3759=ORIENTED_EDGE('',*,*,#4996,.F.);
#3760=ORIENTED_EDGE('',*,*,#5037,.F.);
#3761=ORIENTED_EDGE('',*,*,#4944,.F.);
#3762=ORIENTED_EDGE('',*,*,#5046,.F.);
#3763=ORIENTED_EDGE('',*,*,#4985,.F.);
#3764=ORIENTED_EDGE('',*,*,#5047,.F.);
#3765=ORIENTED_EDGE('',*,*,#4975,.F.);
#3766=ORIENTED_EDGE('',*,*,#5040,.F.);
#3767=ORIENTED_EDGE('',*,*,#4991,.F.);
#3768=ORIENTED_EDGE('',*,*,#5041,.F.);
#3769=ORIENTED_EDGE('',*,*,#4977,.F.);
#3770=ORIENTED_EDGE('',*,*,#5042,.F.);
#3771=ORIENTED_EDGE('',*,*,#4989,.F.);
#3772=ORIENTED_EDGE('',*,*,#5043,.F.);
#3773=ORIENTED_EDGE('',*,*,#4962,.F.);
#3774=ORIENTED_EDGE('',*,*,#5033,.F.);
#3775=ORIENTED_EDGE('',*,*,#5004,.T.);
#3776=ORIENTED_EDGE('',*,*,#5055,.T.);
#3777=ORIENTED_EDGE('',*,*,#4963,.T.);
#3778=ORIENTED_EDGE('',*,*,#5055,.F.);
#3779=ORIENTED_EDGE('',*,*,#5003,.F.);
#3780=ORIENTED_EDGE('',*,*,#5034,.T.);
#3781=ORIENTED_EDGE('',*,*,#4959,.F.);
#3782=ORIENTED_EDGE('',*,*,#5031,.F.);
#3783=ORIENTED_EDGE('',*,*,#5007,.T.);
#3784=ORIENTED_EDGE('',*,*,#5056,.T.);
#3785=ORIENTED_EDGE('',*,*,#4960,.T.);
#3786=ORIENTED_EDGE('',*,*,#5056,.F.);
#3787=ORIENTED_EDGE('',*,*,#5006,.F.);
#3788=ORIENTED_EDGE('',*,*,#5032,.T.);
#3789=ORIENTED_EDGE('',*,*,#4956,.F.);
#3790=ORIENTED_EDGE('',*,*,#5029,.F.);
#3791=ORIENTED_EDGE('',*,*,#5010,.T.);
#3792=ORIENTED_EDGE('',*,*,#5057,.T.);
#3793=ORIENTED_EDGE('',*,*,#4957,.T.);
#3794=ORIENTED_EDGE('',*,*,#5057,.F.);
#3795=ORIENTED_EDGE('',*,*,#5009,.F.);
#3796=ORIENTED_EDGE('',*,*,#5030,.T.);
#3797=ORIENTED_EDGE('',*,*,#4953,.F.);
#3798=ORIENTED_EDGE('',*,*,#5027,.F.);
#3799=ORIENTED_EDGE('',*,*,#5013,.T.);
#3800=ORIENTED_EDGE('',*,*,#5058,.T.);
#3801=ORIENTED_EDGE('',*,*,#4954,.T.);
#3802=ORIENTED_EDGE('',*,*,#5058,.F.);
#3803=ORIENTED_EDGE('',*,*,#5012,.F.);
#3804=ORIENTED_EDGE('',*,*,#5028,.T.);
#3805=ORIENTED_EDGE('',*,*,#4950,.F.);
#3806=ORIENTED_EDGE('',*,*,#5025,.F.);
#3807=ORIENTED_EDGE('',*,*,#5016,.T.);
#3808=ORIENTED_EDGE('',*,*,#5059,.T.);
#3809=ORIENTED_EDGE('',*,*,#4951,.T.);
#3810=ORIENTED_EDGE('',*,*,#5059,.F.);
#3811=ORIENTED_EDGE('',*,*,#5015,.F.);
#3812=ORIENTED_EDGE('',*,*,#5026,.T.);
#3813=ORIENTED_EDGE('',*,*,#4948,.T.);
#3814=ORIENTED_EDGE('',*,*,#5060,.F.);
#3815=ORIENTED_EDGE('',*,*,#5018,.F.);
#3816=ORIENTED_EDGE('',*,*,#5024,.T.);
#3817=ORIENTED_EDGE('',*,*,#4947,.F.);
#3818=ORIENTED_EDGE('',*,*,#5049,.F.);
#3819=ORIENTED_EDGE('',*,*,#5019,.T.);
#3820=ORIENTED_EDGE('',*,*,#5060,.T.);
#3821=ORIENTED_EDGE('',*,*,#5021,.T.);
#3822=ORIENTED_EDGE('',*,*,#5061,.T.);
#3823=ORIENTED_EDGE('',*,*,#4981,.F.);
#3824=ORIENTED_EDGE('',*,*,#5062,.F.);
#3825=ORIENTED_EDGE('',*,*,#5022,.T.);
#3826=ORIENTED_EDGE('',*,*,#5062,.T.);
#3827=ORIENTED_EDGE('',*,*,#4980,.F.);
#3828=ORIENTED_EDGE('',*,*,#5063,.F.);
#3829=ORIENTED_EDGE('',*,*,#5023,.T.);
#3830=ORIENTED_EDGE('',*,*,#5063,.T.);
#3831=ORIENTED_EDGE('',*,*,#4982,.F.);
#3832=ORIENTED_EDGE('',*,*,#5061,.F.);
#3833=ORIENTED_EDGE('',*,*,#4942,.T.);
#3834=ORIENTED_EDGE('',*,*,#4983,.F.);
#3835=ORIENTED_EDGE('',*,*,#4939,.F.);
#3836=ORIENTED_EDGE('',*,*,#5064,.F.);
#3837=ORIENTED_EDGE('',*,*,#5065,.T.);
#3838=ORIENTED_EDGE('',*,*,#5066,.T.);
#3839=ORIENTED_EDGE('',*,*,#4938,.F.);
#3840=ORIENTED_EDGE('',*,*,#5067,.F.);
#3841=ORIENTED_EDGE('',*,*,#5068,.T.);
#3842=ORIENTED_EDGE('',*,*,#5064,.T.);
#3843=ORIENTED_EDGE('',*,*,#4941,.T.);
#3844=ORIENTED_EDGE('',*,*,#5069,.F.);
#3845=ORIENTED_EDGE('',*,*,#5070,.F.);
#3846=ORIENTED_EDGE('',*,*,#5067,.T.);
#3847=ORIENTED_EDGE('',*,*,#4940,.F.);
#3848=ORIENTED_EDGE('',*,*,#5066,.F.);
#3849=ORIENTED_EDGE('',*,*,#5071,.T.);
#3850=ORIENTED_EDGE('',*,*,#5069,.T.);
#3851=ORIENTED_EDGE('',*,*,#5065,.F.);
#3852=ORIENTED_EDGE('',*,*,#5068,.F.);
#3853=ORIENTED_EDGE('',*,*,#5070,.T.);
#3854=ORIENTED_EDGE('',*,*,#5071,.F.);
#3855=ORIENTED_EDGE('',*,*,#5072,.F.);
#3856=ORIENTED_EDGE('',*,*,#5073,.T.);
#3857=ORIENTED_EDGE('',*,*,#5074,.T.);
#3858=ORIENTED_EDGE('',*,*,#5075,.T.);
#3859=ORIENTED_EDGE('',*,*,#5076,.F.);
#3860=ORIENTED_EDGE('',*,*,#5077,.F.);
#3861=ORIENTED_EDGE('',*,*,#5078,.F.);
#3862=ORIENTED_EDGE('',*,*,#5079,.T.);
#3863=ORIENTED_EDGE('',*,*,#5080,.T.);
#3864=ORIENTED_EDGE('',*,*,#5081,.T.);
#3865=ORIENTED_EDGE('',*,*,#5082,.F.);
#3866=ORIENTED_EDGE('',*,*,#5083,.F.);
#3867=ORIENTED_EDGE('',*,*,#5084,.F.);
#3868=ORIENTED_EDGE('',*,*,#5085,.T.);
#3869=ORIENTED_EDGE('',*,*,#5086,.T.);
#3870=ORIENTED_EDGE('',*,*,#5087,.T.);
#3871=ORIENTED_EDGE('',*,*,#5088,.F.);
#3872=ORIENTED_EDGE('',*,*,#5089,.F.);
#3873=ORIENTED_EDGE('',*,*,#5081,.F.);
#3874=ORIENTED_EDGE('',*,*,#5090,.T.);
#3875=ORIENTED_EDGE('',*,*,#5091,.T.);
#3876=ORIENTED_EDGE('',*,*,#5072,.T.);
#3877=ORIENTED_EDGE('',*,*,#5092,.F.);
#3878=ORIENTED_EDGE('',*,*,#5093,.F.);
#3879=ORIENTED_EDGE('',*,*,#5087,.F.);
#3880=ORIENTED_EDGE('',*,*,#5094,.T.);
#3881=ORIENTED_EDGE('',*,*,#5095,.T.);
#3882=ORIENTED_EDGE('',*,*,#5078,.T.);
#3883=ORIENTED_EDGE('',*,*,#5096,.F.);
#3884=ORIENTED_EDGE('',*,*,#5097,.F.);
#3885=ORIENTED_EDGE('',*,*,#5075,.F.);
#3886=ORIENTED_EDGE('',*,*,#5098,.T.);
#3887=ORIENTED_EDGE('',*,*,#5099,.T.);
#3888=ORIENTED_EDGE('',*,*,#5084,.T.);
#3889=ORIENTED_EDGE('',*,*,#5100,.F.);
#3890=ORIENTED_EDGE('',*,*,#5101,.F.);
#3891=ORIENTED_EDGE('',*,*,#5102,.T.);
#3892=ORIENTED_EDGE('',*,*,#5103,.F.);
#3893=ORIENTED_EDGE('',*,*,#5104,.T.);
#3894=ORIENTED_EDGE('',*,*,#5088,.T.);
#3895=ORIENTED_EDGE('',*,*,#5097,.T.);
#3896=ORIENTED_EDGE('',*,*,#5093,.T.);
#3897=ORIENTED_EDGE('',*,*,#5105,.T.);
#3898=ORIENTED_EDGE('',*,*,#5082,.T.);
#3899=ORIENTED_EDGE('',*,*,#5103,.T.);
#3900=ORIENTED_EDGE('',*,*,#5106,.F.);
#3901=ORIENTED_EDGE('',*,*,#5104,.F.);
#3902=ORIENTED_EDGE('',*,*,#5107,.F.);
#3903=ORIENTED_EDGE('',*,*,#5105,.F.);
#3904=ORIENTED_EDGE('',*,*,#5108,.F.);
#3905=ORIENTED_EDGE('',*,*,#5109,.F.);
#3906=ORIENTED_EDGE('',*,*,#5101,.T.);
#3907=ORIENTED_EDGE('',*,*,#5109,.T.);
#3908=ORIENTED_EDGE('',*,*,#5076,.T.);
#3909=ORIENTED_EDGE('',*,*,#5083,.T.);
#3910=ORIENTED_EDGE('',*,*,#5107,.T.);
#3911=ORIENTED_EDGE('',*,*,#5096,.T.);
#3912=ORIENTED_EDGE('',*,*,#5077,.T.);
#3913=ORIENTED_EDGE('',*,*,#5108,.T.);
#3914=ORIENTED_EDGE('',*,*,#5092,.T.);
#3915=ORIENTED_EDGE('',*,*,#5089,.T.);
#3916=ORIENTED_EDGE('',*,*,#5106,.T.);
#3917=ORIENTED_EDGE('',*,*,#5100,.T.);
#3918=ORIENTED_EDGE('',*,*,#5110,.T.);
#3919=ORIENTED_EDGE('',*,*,#5111,.T.);
#3920=ORIENTED_EDGE('',*,*,#5112,.T.);
#3921=ORIENTED_EDGE('',*,*,#5099,.F.);
#3922=ORIENTED_EDGE('',*,*,#5113,.F.);
#3923=ORIENTED_EDGE('',*,*,#5085,.F.);
#3924=ORIENTED_EDGE('',*,*,#5114,.F.);
#3925=ORIENTED_EDGE('',*,*,#5098,.F.);
#3926=ORIENTED_EDGE('',*,*,#5074,.F.);
#3927=ORIENTED_EDGE('',*,*,#5115,.F.);
#3928=ORIENTED_EDGE('',*,*,#5079,.F.);
#3929=ORIENTED_EDGE('',*,*,#5095,.F.);
#3930=ORIENTED_EDGE('',*,*,#5086,.F.);
#3931=ORIENTED_EDGE('',*,*,#5116,.F.);
#3932=ORIENTED_EDGE('',*,*,#5094,.F.);
#3933=ORIENTED_EDGE('',*,*,#5117,.F.);
#3934=ORIENTED_EDGE('',*,*,#5073,.F.);
#3935=ORIENTED_EDGE('',*,*,#5091,.F.);
#3936=ORIENTED_EDGE('',*,*,#5118,.F.);
#3937=ORIENTED_EDGE('',*,*,#5090,.F.);
#3938=ORIENTED_EDGE('',*,*,#5080,.F.);
#3939=ORIENTED_EDGE('',*,*,#5116,.T.);
#3940=ORIENTED_EDGE('',*,*,#5113,.T.);
#3941=ORIENTED_EDGE('',*,*,#5114,.T.);
#3942=ORIENTED_EDGE('',*,*,#5117,.T.);
#3943=ORIENTED_EDGE('',*,*,#5118,.T.);
#3944=ORIENTED_EDGE('',*,*,#5115,.T.);
#3945=ORIENTED_EDGE('',*,*,#5102,.F.);
#3946=ORIENTED_EDGE('',*,*,#5111,.F.);
#3947=ORIENTED_EDGE('',*,*,#5110,.F.);
#3948=ORIENTED_EDGE('',*,*,#5112,.F.);
#3949=ORIENTED_EDGE('',*,*,#5119,.T.);
#3950=ORIENTED_EDGE('',*,*,#5120,.T.);
#3951=ORIENTED_EDGE('',*,*,#5121,.T.);
#3952=ORIENTED_EDGE('',*,*,#5122,.T.);
#3953=ORIENTED_EDGE('',*,*,#5123,.F.);
#3954=ORIENTED_EDGE('',*,*,#5124,.T.);
#3955=ORIENTED_EDGE('',*,*,#5125,.F.);
#3956=ORIENTED_EDGE('',*,*,#5126,.F.);
#3957=ORIENTED_EDGE('',*,*,#5127,.F.);
#3958=ORIENTED_EDGE('',*,*,#5128,.F.);
#3959=ORIENTED_EDGE('',*,*,#5121,.F.);
#3960=ORIENTED_EDGE('',*,*,#5129,.T.);
#3961=ORIENTED_EDGE('',*,*,#5130,.F.);
#3962=ORIENTED_EDGE('',*,*,#5131,.F.);
#3963=ORIENTED_EDGE('',*,*,#5132,.T.);
#3964=ORIENTED_EDGE('',*,*,#5126,.T.);
#3965=ORIENTED_EDGE('',*,*,#5133,.T.);
#3966=ORIENTED_EDGE('',*,*,#5134,.T.);
#3967=ORIENTED_EDGE('',*,*,#5135,.F.);
#3968=ORIENTED_EDGE('',*,*,#5136,.T.);
#3969=ORIENTED_EDGE('',*,*,#5137,.F.);
#3970=ORIENTED_EDGE('',*,*,#5138,.F.);
#3971=ORIENTED_EDGE('',*,*,#5135,.T.);
#3972=ORIENTED_EDGE('',*,*,#5136,.F.);
#3973=ORIENTED_EDGE('',*,*,#5138,.T.);
#3974=ORIENTED_EDGE('',*,*,#5137,.T.);
#3975=ORIENTED_EDGE('',*,*,#5139,.F.);
#3976=ORIENTED_EDGE('',*,*,#5119,.F.);
#3977=ORIENTED_EDGE('',*,*,#5140,.F.);
#3978=ORIENTED_EDGE('',*,*,#5124,.F.);
#3979=ORIENTED_EDGE('',*,*,#5120,.F.);
#3980=ORIENTED_EDGE('',*,*,#5139,.T.);
#3981=ORIENTED_EDGE('',*,*,#5123,.T.);
#3982=ORIENTED_EDGE('',*,*,#5133,.F.);
#3983=ORIENTED_EDGE('',*,*,#5125,.T.);
#3984=ORIENTED_EDGE('',*,*,#5140,.T.);
#3985=ORIENTED_EDGE('',*,*,#5122,.F.);
#3986=ORIENTED_EDGE('',*,*,#5131,.T.);
#3987=ORIENTED_EDGE('',*,*,#5141,.F.);
#3988=ORIENTED_EDGE('',*,*,#5129,.F.);
#3989=ORIENTED_EDGE('',*,*,#5142,.T.);
#3990=ORIENTED_EDGE('',*,*,#5130,.T.);
#3991=ORIENTED_EDGE('',*,*,#5141,.T.);
#3992=ORIENTED_EDGE('',*,*,#5143,.T.);
#3993=ORIENTED_EDGE('',*,*,#5144,.F.);
#3994=ORIENTED_EDGE('',*,*,#5145,.T.);
#3995=ORIENTED_EDGE('',*,*,#5146,.F.);
#3996=ORIENTED_EDGE('',*,*,#5147,.F.);
#3997=ORIENTED_EDGE('',*,*,#5144,.T.);
#3998=ORIENTED_EDGE('',*,*,#5145,.F.);
#3999=ORIENTED_EDGE('',*,*,#5147,.T.);
#4000=ORIENTED_EDGE('',*,*,#5146,.T.);
#4001=ORIENTED_EDGE('',*,*,#5142,.F.);
#4002=ORIENTED_EDGE('',*,*,#5143,.F.);
#4003=ORIENTED_EDGE('',*,*,#5132,.F.);
#4004=ORIENTED_EDGE('',*,*,#5134,.F.);
#4005=ORIENTED_EDGE('',*,*,#5148,.F.);
#4006=ORIENTED_EDGE('',*,*,#5128,.T.);
#4007=ORIENTED_EDGE('',*,*,#5148,.T.);
#4008=ORIENTED_EDGE('',*,*,#5149,.F.);
#4009=ORIENTED_EDGE('',*,*,#5127,.T.);
#4010=ORIENTED_EDGE('',*,*,#5149,.T.);
#4011=EDGE_CURVE('',#5150,#5150,#5906,.T.);
#4012=EDGE_CURVE('',#5151,#5151,#5907,.T.);
#4013=EDGE_CURVE('',#5152,#5152,#5908,.T.);
#4014=EDGE_CURVE('',#5153,#5154,#202,.T.);
#4015=EDGE_CURVE('',#5153,#5155,#203,.T.);
#4016=EDGE_CURVE('',#5155,#5156,#204,.T.);
#4017=EDGE_CURVE('',#5154,#5156,#205,.T.);
#4018=EDGE_CURVE('',#5157,#5157,#5909,.T.);
#4019=EDGE_CURVE('',#5158,#5158,#5910,.T.);
#4020=EDGE_CURVE('',#5159,#5159,#5911,.T.);
#4021=EDGE_CURVE('',#5160,#5160,#5912,.T.);
#4022=EDGE_CURVE('',#5161,#5161,#5913,.T.);
#4023=EDGE_CURVE('',#5162,#5162,#5914,.T.);
#4024=EDGE_CURVE('',#5163,#5163,#5915,.T.);
#4025=EDGE_CURVE('',#5164,#5164,#5916,.T.);
#4026=EDGE_CURVE('',#5165,#5165,#5917,.T.);
#4027=EDGE_CURVE('',#5166,#5166,#5918,.T.);
#4028=EDGE_CURVE('',#5167,#5167,#5919,.T.);
#4029=EDGE_CURVE('',#5168,#5168,#5920,.T.);
#4030=EDGE_CURVE('',#5169,#5169,#5921,.T.);
#4031=EDGE_CURVE('',#5170,#5153,#206,.T.);
#4032=EDGE_CURVE('',#5170,#5171,#207,.T.);
#4033=EDGE_CURVE('',#5171,#5155,#208,.T.);
#4034=EDGE_CURVE('',#5172,#5154,#209,.T.);
#4035=EDGE_CURVE('',#5170,#5172,#5922,.T.);
#4036=EDGE_CURVE('',#5173,#5156,#210,.T.);
#4037=EDGE_CURVE('',#5172,#5173,#211,.T.);
#4038=EDGE_CURVE('',#5174,#5174,#5923,.T.);
#4039=EDGE_CURVE('',#5171,#5173,#5924,.T.);
#4040=EDGE_CURVE('',#5175,#5175,#5925,.T.);
#4041=EDGE_CURVE('',#5176,#5176,#5926,.T.);
#4042=EDGE_CURVE('',#5177,#5178,#212,.T.);
#4043=EDGE_CURVE('',#5179,#5177,#5927,.T.);
#4044=EDGE_CURVE('',#5179,#5180,#5928,.T.);
#4045=EDGE_CURVE('',#5180,#5178,#5929,.T.);
#4046=EDGE_CURVE('',#5181,#5182,#213,.T.);
#4047=EDGE_CURVE('',#5183,#5181,#5930,.T.);
#4048=EDGE_CURVE('',#5184,#5183,#5931,.T.);
#4049=EDGE_CURVE('',#5185,#5184,#5932,.T.);
#4050=EDGE_CURVE('',#5185,#5186,#5933,.T.);
#4051=EDGE_CURVE('',#5187,#5186,#5934,.T.);
#4052=EDGE_CURVE('',#5182,#5187,#214,.T.);
#4053=EDGE_CURVE('',#5188,#5189,#5935,.T.);
#4054=EDGE_CURVE('',#5188,#5190,#5936,.T.);
#4055=EDGE_CURVE('',#5190,#5191,#5937,.T.);
#4056=EDGE_CURVE('',#5191,#5192,#5938,.T.);
#4057=EDGE_CURVE('',#5192,#5193,#215,.T.);
#4058=EDGE_CURVE('',#5193,#5189,#5939,.T.);
#4059=EDGE_CURVE('',#5194,#5182,#5940,.T.);
#4060=EDGE_CURVE('',#5195,#5194,#5941,.T.);
#4061=EDGE_CURVE('',#5196,#5195,#5942,.T.);
#4062=EDGE_CURVE('',#5182,#5196,#5943,.T.);
#4063=EDGE_CURVE('',#5197,#5197,#5944,.T.);
#4064=EDGE_CURVE('',#5198,#5198,#5945,.T.);
#4065=EDGE_CURVE('',#5194,#5187,#216,.T.);
#4066=EDGE_CURVE('',#5196,#5181,#217,.T.);
#4067=EDGE_CURVE('',#5199,#5194,#218,.T.);
#4068=EDGE_CURVE('',#5177,#5186,#219,.T.);
#4069=EDGE_CURVE('',#5200,#5177,#220,.T.);
#4070=EDGE_CURVE('',#5201,#5200,#221,.T.);
#4071=EDGE_CURVE('',#5199,#5201,#5946,.T.);
#4072=EDGE_CURVE('',#5179,#5185,#222,.T.);
#4073=EDGE_CURVE('',#5180,#5184,#223,.T.);
#4074=EDGE_CURVE('',#5178,#5183,#224,.T.);
#4075=EDGE_CURVE('',#5202,#5203,#225,.T.);
#4076=EDGE_CURVE('',#5203,#5178,#226,.T.);
#4077=EDGE_CURVE('',#5204,#5196,#227,.T.);
#4078=EDGE_CURVE('',#5202,#5204,#5947,.T.);
#4079=EDGE_CURVE('',#5205,#5188,#228,.T.);
#4080=EDGE_CURVE('',#5205,#5206,#5948,.T.);
#4081=EDGE_CURVE('',#5206,#5190,#229,.T.);
#4082=EDGE_CURVE('',#5207,#5189,#230,.T.);
#4083=EDGE_CURVE('',#5205,#5207,#5949,.T.);
#4084=EDGE_CURVE('',#5208,#5193,#231,.T.);
#4085=EDGE_CURVE('',#5208,#5207,#5950,.T.);
#4086=EDGE_CURVE('',#5209,#5192,#232,.T.);
#4087=EDGE_CURVE('',#5209,#5208,#233,.T.);
#4088=EDGE_CURVE('',#5210,#5191,#234,.T.);
#4089=EDGE_CURVE('',#5210,#5209,#5951,.T.);
#4090=EDGE_CURVE('',#5206,#5210,#5952,.T.);
#4091=EDGE_CURVE('',#5211,#5212,#5953,.T.);
#4092=EDGE_CURVE('',#5213,#5212,#5954,.T.);
#4093=EDGE_CURVE('',#5213,#5214,#5955,.T.);
#4094=EDGE_CURVE('',#5215,#5214,#5956,.T.);
#4095=EDGE_CURVE('',#5215,#5216,#235,.T.);
#4096=EDGE_CURVE('',#5211,#5216,#5957,.T.);
#4097=EDGE_CURVE('',#5217,#5211,#236,.T.);
#4098=EDGE_CURVE('',#5217,#5218,#5958,.T.);
#4099=EDGE_CURVE('',#5218,#5212,#237,.T.);
#4100=EDGE_CURVE('',#5219,#5216,#238,.T.);
#4101=EDGE_CURVE('',#5217,#5219,#5959,.T.);
#4102=EDGE_CURVE('',#5220,#5215,#239,.T.);
#4103=EDGE_CURVE('',#5220,#5219,#240,.T.);
#4104=EDGE_CURVE('',#5221,#5214,#241,.T.);
#4105=EDGE_CURVE('',#5220,#5221,#5960,.T.);
#4106=EDGE_CURVE('',#5222,#5213,#242,.T.);
#4107=EDGE_CURVE('',#5222,#5221,#5961,.T.);
#4108=EDGE_CURVE('',#5222,#5218,#5962,.T.);
#4109=EDGE_CURVE('',#5223,#5221,#243,.T.);
#4110=EDGE_CURVE('',#5223,#5224,#5963,.F.);
#4111=EDGE_CURVE('',#5224,#5220,#244,.T.);
#4112=EDGE_CURVE('',#5225,#5222,#245,.T.);
#4113=EDGE_CURVE('',#5225,#5223,#5964,.F.);
#4114=EDGE_CURVE('',#5226,#5218,#246,.T.);
#4115=EDGE_CURVE('',#5226,#5225,#5965,.F.);
#4116=EDGE_CURVE('',#5227,#5217,#247,.T.);
#4117=EDGE_CURVE('',#5227,#5226,#5966,.F.);
#4118=EDGE_CURVE('',#5228,#5219,#248,.T.);
#4119=EDGE_CURVE('',#5228,#5227,#5967,.F.);
#4120=EDGE_CURVE('',#5224,#5228,#249,.F.);
#4121=EDGE_CURVE('',#5229,#5229,#5968,.T.);
#4122=EDGE_CURVE('',#5204,#5195,#250,.T.);
#4123=EDGE_CURVE('',#5195,#5199,#251,.T.);
#4124=EDGE_CURVE('',#5203,#5200,#252,.T.);
#4125=EDGE_CURVE('',#5230,#5231,#5969,.T.);
#4126=EDGE_CURVE('',#5232,#5230,#5970,.T.);
#4127=EDGE_CURVE('',#5232,#5233,#5971,.T.);
#4128=EDGE_CURVE('',#5234,#5233,#5972,.T.);
#4129=EDGE_CURVE('',#5235,#5234,#253,.T.);
#4130=EDGE_CURVE('',#5231,#5235,#5973,.T.);
#4131=EDGE_CURVE('',#5236,#5201,#5974,.T.);
#4132=EDGE_CURVE('',#5236,#5237,#5975,.T.);
#4133=EDGE_CURVE('',#5237,#5202,#5976,.T.);
#4134=EDGE_CURVE('',#5238,#5238,#5977,.T.);
#4135=EDGE_CURVE('',#5239,#5203,#5978,.T.);
#4136=EDGE_CURVE('',#5240,#5239,#5979,.T.);
#4137=EDGE_CURVE('',#5240,#5200,#5980,.T.);
#4138=EDGE_CURVE('',#5239,#5237,#254,.T.);
#4139=EDGE_CURVE('',#5240,#5236,#255,.T.);
#4140=EDGE_CURVE('',#5241,#5241,#5981,.T.);
#4141=EDGE_CURVE('',#5242,#5230,#256,.T.);
#4142=EDGE_CURVE('',#5243,#5242,#5982,.T.);
#4143=EDGE_CURVE('',#5243,#5232,#257,.T.);
#4144=EDGE_CURVE('',#5244,#5231,#258,.T.);
#4145=EDGE_CURVE('',#5242,#5244,#5983,.T.);
#4146=EDGE_CURVE('',#5245,#5235,#259,.T.);
#4147=EDGE_CURVE('',#5244,#5245,#5984,.T.);
#4148=EDGE_CURVE('',#5246,#5234,#260,.T.);
#4149=EDGE_CURVE('',#5245,#5246,#261,.T.);
#4150=EDGE_CURVE('',#5247,#5233,#262,.T.);
#4151=EDGE_CURVE('',#5246,#5247,#5985,.T.);
#4152=EDGE_CURVE('',#5243,#5247,#5986,.T.);
#4153=EDGE_CURVE('',#5248,#5249,#5987,.T.);
#4154=EDGE_CURVE('',#5250,#5248,#263,.T.);
#4155=EDGE_CURVE('',#5250,#5251,#5988,.T.);
#4156=EDGE_CURVE('',#5251,#5249,#264,.T.);
#4157=EDGE_CURVE('',#5248,#5252,#5989,.T.);
#4158=EDGE_CURVE('',#5253,#5252,#265,.T.);
#4159=EDGE_CURVE('',#5250,#5253,#5990,.T.);
#4160=EDGE_CURVE('',#5254,#5252,#5991,.T.);
#4161=EDGE_CURVE('',#5255,#5254,#266,.T.);
#4162=EDGE_CURVE('',#5255,#5253,#5992,.T.);
#4163=EDGE_CURVE('',#5254,#5256,#5993,.T.);
#4164=EDGE_CURVE('',#5257,#5256,#267,.T.);
#4165=EDGE_CURVE('',#5255,#5257,#5994,.T.);
#4166=EDGE_CURVE('',#5256,#5258,#268,.T.);
#4167=EDGE_CURVE('',#5259,#5258,#269,.T.);
#4168=EDGE_CURVE('',#5257,#5259,#270,.T.);
#4169=EDGE_CURVE('',#5258,#5249,#5995,.T.);
#4170=EDGE_CURVE('',#5259,#5251,#5996,.T.);
#4171=EDGE_CURVE('',#5260,#5251,#271,.T.);
#4172=EDGE_CURVE('',#5260,#5261,#5997,.F.);
#4173=EDGE_CURVE('',#5261,#5259,#272,.T.);
#4174=EDGE_CURVE('',#5262,#5250,#273,.T.);
#4175=EDGE_CURVE('',#5262,#5260,#5998,.T.);
#4176=EDGE_CURVE('',#5263,#5253,#274,.T.);
#4177=EDGE_CURVE('',#5263,#5262,#5999,.F.);
#4178=EDGE_CURVE('',#5264,#5255,#275,.T.);
#4179=EDGE_CURVE('',#5264,#5263,#6000,.T.);
#4180=EDGE_CURVE('',#5265,#5257,#276,.T.);
#4181=EDGE_CURVE('',#5265,#5264,#6001,.F.);
#4182=EDGE_CURVE('',#5261,#5265,#277,.F.);
#4183=EDGE_CURVE('',#5266,#5266,#6002,.T.);
#4184=EDGE_CURVE('',#5267,#5268,#6003,.F.);
#4185=EDGE_CURVE('',#5269,#5267,#278,.F.);
#4186=EDGE_CURVE('',#5270,#5269,#6004,.T.);
#4187=EDGE_CURVE('',#5270,#5271,#279,.F.);
#4188=EDGE_CURVE('',#5272,#5271,#6005,.F.);
#4189=EDGE_CURVE('',#5273,#5272,#6006,.F.);
#4190=EDGE_CURVE('',#5274,#5273,#6007,.F.);
#4191=EDGE_CURVE('',#5268,#5274,#6008,.F.);
#4192=EDGE_CURVE('',#5275,#5276,#6009,.T.);
#4193=EDGE_CURVE('',#5277,#5275,#280,.T.);
#4194=EDGE_CURVE('',#5277,#5278,#6010,.T.);
#4195=EDGE_CURVE('',#5278,#5276,#281,.T.);
#4196=EDGE_CURVE('',#5276,#5279,#282,.T.);
#4197=EDGE_CURVE('',#5278,#5280,#283,.T.);
#4198=EDGE_CURVE('',#5280,#5281,#284,.T.);
#4199=EDGE_CURVE('',#5279,#5281,#285,.F.);
#4200=EDGE_CURVE('',#5277,#5282,#286,.T.);
#4201=EDGE_CURVE('',#5282,#5280,#6011,.T.);
#4202=EDGE_CURVE('',#5282,#5267,#287,.T.);
#4203=EDGE_CURVE('',#5275,#5269,#288,.T.);
#4204=EDGE_CURVE('',#5283,#5284,#6012,.F.);
#4205=EDGE_CURVE('',#5285,#5283,#289,.F.);
#4206=EDGE_CURVE('',#5286,#5285,#6013,.T.);
#4207=EDGE_CURVE('',#5286,#5287,#290,.F.);
#4208=EDGE_CURVE('',#5288,#5287,#6014,.F.);
#4209=EDGE_CURVE('',#5289,#5288,#6015,.F.);
#4210=EDGE_CURVE('',#5290,#5289,#6016,.F.);
#4211=EDGE_CURVE('',#5284,#5290,#6017,.F.);
#4212=EDGE_CURVE('',#5291,#5292,#6018,.T.);
#4213=EDGE_CURVE('',#5293,#5291,#291,.T.);
#4214=EDGE_CURVE('',#5293,#5294,#6019,.T.);
#4215=EDGE_CURVE('',#5294,#5292,#292,.T.);
#4216=EDGE_CURVE('',#5292,#5270,#293,.T.);
#4217=EDGE_CURVE('',#5294,#5295,#294,.T.);
#4218=EDGE_CURVE('',#5295,#5271,#295,.T.);
#4219=EDGE_CURVE('',#5293,#5296,#296,.T.);
#4220=EDGE_CURVE('',#5296,#5295,#6020,.T.);
#4221=EDGE_CURVE('',#5296,#5283,#297,.T.);
#4222=EDGE_CURVE('',#5291,#5285,#298,.T.);
#4223=EDGE_CURVE('',#5297,#5298,#6021,.F.);
#4224=EDGE_CURVE('',#5299,#5297,#299,.F.);
#4225=EDGE_CURVE('',#5300,#5299,#6022,.T.);
#4226=EDGE_CURVE('',#5300,#5301,#300,.F.);
#4227=EDGE_CURVE('',#5302,#5301,#6023,.F.);
#4228=EDGE_CURVE('',#5303,#5302,#6024,.F.);
#4229=EDGE_CURVE('',#5304,#5303,#6025,.F.);
#4230=EDGE_CURVE('',#5298,#5304,#6026,.F.);
#4231=EDGE_CURVE('',#5305,#5306,#6027,.T.);
#4232=EDGE_CURVE('',#5307,#5305,#301,.T.);
#4233=EDGE_CURVE('',#5307,#5308,#6028,.T.);
#4234=EDGE_CURVE('',#5308,#5306,#302,.T.);
#4235=EDGE_CURVE('',#5306,#5286,#303,.T.);
#4236=EDGE_CURVE('',#5308,#5309,#304,.T.);
#4237=EDGE_CURVE('',#5309,#5287,#305,.T.);
#4238=EDGE_CURVE('',#5307,#5310,#306,.T.);
#4239=EDGE_CURVE('',#5310,#5309,#6029,.T.);
#4240=EDGE_CURVE('',#5310,#5297,#307,.T.);
#4241=EDGE_CURVE('',#5305,#5299,#308,.T.);
#4242=EDGE_CURVE('',#5311,#5312,#309,.T.);
#4243=EDGE_CURVE('',#5313,#5311,#310,.T.);
#4244=EDGE_CURVE('',#5313,#5314,#311,.T.);
#4245=EDGE_CURVE('',#5314,#5312,#312,.T.);
#4246=EDGE_CURVE('',#5315,#5311,#313,.T.);
#4247=EDGE_CURVE('',#5316,#5315,#314,.T.);
#4248=EDGE_CURVE('',#5316,#5313,#315,.T.);
#4249=EDGE_CURVE('',#5317,#5315,#316,.T.);
#4250=EDGE_CURVE('',#5318,#5317,#317,.T.);
#4251=EDGE_CURVE('',#5318,#5316,#318,.T.);
#4252=EDGE_CURVE('',#5319,#5317,#319,.T.);
#4253=EDGE_CURVE('',#5320,#5319,#320,.T.);
#4254=EDGE_CURVE('',#5320,#5318,#321,.T.);
#4255=EDGE_CURVE('',#5321,#5319,#322,.T.);
#4256=EDGE_CURVE('',#5322,#5321,#323,.T.);
#4257=EDGE_CURVE('',#5322,#5320,#324,.T.);
#4258=EDGE_CURVE('',#5312,#5321,#325,.T.);
#4259=EDGE_CURVE('',#5314,#5322,#326,.T.);
#4260=EDGE_CURVE('',#5323,#5323,#6030,.F.);
#4261=EDGE_CURVE('',#5279,#5324,#6031,.T.);
#4262=EDGE_CURVE('',#5325,#5324,#327,.T.);
#4263=EDGE_CURVE('',#5325,#5326,#6032,.T.);
#4264=EDGE_CURVE('',#5326,#5300,#328,.T.);
#4265=EDGE_CURVE('',#5327,#5281,#6033,.F.);
#4266=EDGE_CURVE('',#5328,#5327,#6034,.F.);
#4267=EDGE_CURVE('',#5329,#5328,#6035,.F.);
#4268=EDGE_CURVE('',#5330,#5329,#6036,.F.);
#4269=EDGE_CURVE('',#5331,#5330,#6037,.F.);
#4270=EDGE_CURVE('',#5324,#5331,#329,.F.);
#4271=EDGE_CURVE('',#5332,#5303,#330,.F.);
#4272=EDGE_CURVE('',#5332,#5333,#6038,.T.);
#4273=EDGE_CURVE('',#5304,#5333,#331,.T.);
#4274=EDGE_CURVE('',#5334,#5335,#332,.T.);
#4275=EDGE_CURVE('',#5336,#5334,#333,.T.);
#4276=EDGE_CURVE('',#5337,#5336,#6039,.T.);
#4277=EDGE_CURVE('',#5337,#5338,#334,.T.);
#4278=EDGE_CURVE('',#5338,#5339,#335,.T.);
#4279=EDGE_CURVE('',#5339,#5340,#336,.T.);
#4280=EDGE_CURVE('',#5340,#5341,#337,.T.);
#4281=EDGE_CURVE('',#5341,#5335,#338,.T.);
#4282=EDGE_CURVE('',#5342,#5343,#339,.T.);
#4283=EDGE_CURVE('',#5344,#5342,#340,.T.);
#4284=EDGE_CURVE('',#5345,#5344,#341,.T.);
#4285=EDGE_CURVE('',#5346,#5345,#342,.T.);
#4286=EDGE_CURVE('',#5347,#5346,#343,.T.);
#4287=EDGE_CURVE('',#5343,#5347,#344,.T.);
#4288=EDGE_CURVE('',#5274,#5336,#345,.T.);
#4289=EDGE_CURVE('',#5337,#5273,#346,.F.);
#4290=EDGE_CURVE('',#5284,#5348,#347,.T.);
#4291=EDGE_CURVE('',#5348,#5349,#6040,.T.);
#4292=EDGE_CURVE('',#5349,#5272,#348,.T.);
#4293=EDGE_CURVE('',#5350,#5289,#349,.F.);
#4294=EDGE_CURVE('',#5350,#5351,#6041,.T.);
#4295=EDGE_CURVE('',#5290,#5351,#350,.T.);
#4296=EDGE_CURVE('',#5352,#5353,#351,.T.);
#4297=EDGE_CURVE('',#5353,#5354,#352,.T.);
#4298=EDGE_CURVE('',#5354,#5355,#353,.T.);
#4299=EDGE_CURVE('',#5355,#5356,#354,.T.);
#4300=EDGE_CURVE('',#5356,#5357,#355,.T.);
#4301=EDGE_CURVE('',#5357,#5352,#356,.T.);
#4302=EDGE_CURVE('',#5350,#5358,#357,.T.);
#4303=EDGE_CURVE('',#5358,#5359,#358,.T.);
#4304=EDGE_CURVE('',#5359,#5360,#359,.F.);
#4305=EDGE_CURVE('',#5360,#5361,#360,.T.);
#4306=EDGE_CURVE('',#5361,#5362,#361,.T.);
#4307=EDGE_CURVE('',#5363,#5362,#362,.T.);
#4308=EDGE_CURVE('',#5351,#5363,#363,.T.);
#4309=EDGE_CURVE('',#5364,#5365,#364,.T.);
#4310=EDGE_CURVE('',#5366,#5364,#365,.T.);
#4311=EDGE_CURVE('',#5367,#5366,#366,.T.);
#4312=EDGE_CURVE('',#5368,#5367,#367,.T.);
#4313=EDGE_CURVE('',#5369,#5368,#368,.T.);
#4314=EDGE_CURVE('',#5365,#5369,#369,.T.);
#4315=EDGE_CURVE('',#5298,#5370,#370,.T.);
#4316=EDGE_CURVE('',#5370,#5371,#6042,.T.);
#4317=EDGE_CURVE('',#5288,#5371,#371,.T.);
#4318=EDGE_CURVE('',#5268,#5372,#372,.T.);
#4319=EDGE_CURVE('',#5372,#5373,#6043,.T.);
#4320=EDGE_CURVE('',#5327,#5373,#373,.T.);
#4321=EDGE_CURVE('',#5374,#5375,#374,.T.);
#4322=EDGE_CURVE('',#5375,#5376,#375,.T.);
#4323=EDGE_CURVE('',#5376,#5377,#376,.T.);
#4324=EDGE_CURVE('',#5377,#5378,#377,.T.);
#4325=EDGE_CURVE('',#5378,#5379,#378,.T.);
#4326=EDGE_CURVE('',#5379,#5374,#379,.T.);
#4327=EDGE_CURVE('',#5332,#5380,#380,.T.);
#4328=EDGE_CURVE('',#5380,#5381,#381,.T.);
#4329=EDGE_CURVE('',#5381,#5382,#382,.F.);
#4330=EDGE_CURVE('',#5382,#5383,#383,.T.);
#4331=EDGE_CURVE('',#5383,#5384,#384,.T.);
#4332=EDGE_CURVE('',#5385,#5384,#385,.T.);
#4333=EDGE_CURVE('',#5333,#5385,#386,.T.);
#4334=EDGE_CURVE('',#5386,#5387,#387,.T.);
#4335=EDGE_CURVE('',#5388,#5386,#388,.T.);
#4336=EDGE_CURVE('',#5389,#5388,#389,.T.);
#4337=EDGE_CURVE('',#5390,#5389,#390,.T.);
#4338=EDGE_CURVE('',#5391,#5390,#391,.T.);
#4339=EDGE_CURVE('',#5387,#5391,#392,.T.);
#4340=EDGE_CURVE('',#5392,#5393,#6044,.T.);
#4341=EDGE_CURVE('',#5392,#5331,#393,.T.);
#4342=EDGE_CURVE('',#5330,#5394,#394,.T.);
#4343=EDGE_CURVE('',#5394,#5395,#6045,.T.);
#4344=EDGE_CURVE('',#5302,#5395,#395,.T.);
#4345=EDGE_CURVE('',#5393,#5301,#396,.T.);
#4346=EDGE_CURVE('',#5396,#5328,#397,.F.);
#4347=EDGE_CURVE('',#5396,#5397,#6046,.T.);
#4348=EDGE_CURVE('',#5329,#5397,#398,.T.);
#4349=EDGE_CURVE('',#5398,#5399,#399,.T.);
#4350=EDGE_CURVE('',#5399,#5400,#400,.T.);
#4351=EDGE_CURVE('',#5400,#5401,#401,.T.);
#4352=EDGE_CURVE('',#5401,#5402,#402,.T.);
#4353=EDGE_CURVE('',#5402,#5403,#403,.T.);
#4354=EDGE_CURVE('',#5403,#5398,#404,.T.);
#4355=EDGE_CURVE('',#5396,#5404,#405,.T.);
#4356=EDGE_CURVE('',#5404,#5405,#406,.T.);
#4357=EDGE_CURVE('',#5405,#5406,#407,.F.);
#4358=EDGE_CURVE('',#5406,#5407,#408,.T.);
#4359=EDGE_CURVE('',#5407,#5408,#409,.T.);
#4360=EDGE_CURVE('',#5409,#5408,#410,.T.);
#4361=EDGE_CURVE('',#5397,#5409,#411,.T.);
#4362=EDGE_CURVE('',#5410,#5411,#412,.T.);
#4363=EDGE_CURVE('',#5412,#5410,#413,.T.);
#4364=EDGE_CURVE('',#5413,#5412,#414,.T.);
#4365=EDGE_CURVE('',#5414,#5413,#415,.T.);
#4366=EDGE_CURVE('',#5415,#5414,#416,.T.);
#4367=EDGE_CURVE('',#5411,#5415,#417,.T.);
#4368=EDGE_CURVE('',#5372,#5416,#418,.T.);
#4369=EDGE_CURVE('',#5416,#5417,#419,.T.);
#4370=EDGE_CURVE('',#5418,#5417,#420,.T.);
#4371=EDGE_CURVE('',#5418,#5419,#421,.T.);
#4372=EDGE_CURVE('',#5349,#5419,#422,.T.);
#4373=EDGE_CURVE('',#5348,#5420,#423,.T.);
#4374=EDGE_CURVE('',#5420,#5421,#424,.T.);
#4375=EDGE_CURVE('',#5422,#5421,#425,.T.);
#4376=EDGE_CURVE('',#5422,#5423,#426,.F.);
#4377=EDGE_CURVE('',#5371,#5423,#427,.T.);
#4378=EDGE_CURVE('',#5370,#5424,#428,.T.);
#4379=EDGE_CURVE('',#5424,#5425,#429,.T.);
#4380=EDGE_CURVE('',#5426,#5425,#430,.T.);
#4381=EDGE_CURVE('',#5426,#5427,#431,.F.);
#4382=EDGE_CURVE('',#5395,#5427,#432,.T.);
#4383=EDGE_CURVE('',#5394,#5428,#433,.T.);
#4384=EDGE_CURVE('',#5428,#5429,#434,.T.);
#4385=EDGE_CURVE('',#5430,#5429,#435,.T.);
#4386=EDGE_CURVE('',#5430,#5431,#436,.F.);
#4387=EDGE_CURVE('',#5373,#5431,#437,.T.);
#4388=EDGE_CURVE('',#5431,#5405,#438,.T.);
#4389=EDGE_CURVE('',#5432,#5405,#439,.T.);
#4390=EDGE_CURVE('',#5327,#5432,#440,.T.);
#4391=EDGE_CURVE('',#5330,#5433,#441,.T.);
#4392=EDGE_CURVE('',#5433,#5408,#442,.T.);
#4393=EDGE_CURVE('',#5408,#5428,#443,.T.);
#4394=EDGE_CURVE('',#5429,#5407,#444,.T.);
#4395=EDGE_CURVE('',#5406,#5430,#445,.T.);
#4396=EDGE_CURVE('',#5329,#5434,#446,.T.);
#4397=EDGE_CURVE('',#5434,#5409,#447,.T.);
#4398=EDGE_CURVE('',#5434,#5433,#448,.T.);
#4399=EDGE_CURVE('',#5435,#5411,#449,.T.);
#4400=EDGE_CURVE('',#5436,#5435,#450,.T.);
#4401=EDGE_CURVE('',#5436,#5410,#451,.T.);
#4402=EDGE_CURVE('',#5437,#5415,#452,.T.);
#4403=EDGE_CURVE('',#5435,#5437,#453,.T.);
#4404=EDGE_CURVE('',#5438,#5414,#454,.T.);
#4405=EDGE_CURVE('',#5437,#5438,#455,.T.);
#4406=EDGE_CURVE('',#5439,#5413,#456,.T.);
#4407=EDGE_CURVE('',#5438,#5439,#457,.T.);
#4408=EDGE_CURVE('',#5440,#5412,#458,.T.);
#4409=EDGE_CURVE('',#5439,#5440,#459,.T.);
#4410=EDGE_CURVE('',#5440,#5436,#460,.T.);
#4411=EDGE_CURVE('',#5328,#5441,#461,.T.);
#4412=EDGE_CURVE('',#5441,#5404,#462,.T.);
#4413=EDGE_CURVE('',#5441,#5432,#463,.T.);
#4414=EDGE_CURVE('',#5442,#5399,#464,.T.);
#4415=EDGE_CURVE('',#5442,#5443,#465,.T.);
#4416=EDGE_CURVE('',#5443,#5400,#466,.T.);
#4417=EDGE_CURVE('',#5444,#5398,#467,.T.);
#4418=EDGE_CURVE('',#5444,#5442,#468,.T.);
#4419=EDGE_CURVE('',#5445,#5403,#469,.T.);
#4420=EDGE_CURVE('',#5445,#5444,#470,.T.);
#4421=EDGE_CURVE('',#5446,#5402,#471,.T.);
#4422=EDGE_CURVE('',#5446,#5445,#472,.T.);
#4423=EDGE_CURVE('',#5447,#5401,#473,.T.);
#4424=EDGE_CURVE('',#5447,#5446,#474,.T.);
#4425=EDGE_CURVE('',#5443,#5447,#475,.T.);
#4426=EDGE_CURVE('',#5427,#5381,#476,.T.);
#4427=EDGE_CURVE('',#5448,#5381,#477,.T.);
#4428=EDGE_CURVE('',#5302,#5448,#478,.T.);
#4429=EDGE_CURVE('',#5298,#5449,#479,.T.);
#4430=EDGE_CURVE('',#5449,#5384,#480,.T.);
#4431=EDGE_CURVE('',#5384,#5424,#481,.T.);
#4432=EDGE_CURVE('',#5425,#5383,#482,.T.);
#4433=EDGE_CURVE('',#5382,#5426,#483,.T.);
#4434=EDGE_CURVE('',#5304,#5450,#484,.T.);
#4435=EDGE_CURVE('',#5450,#5385,#485,.T.);
#4436=EDGE_CURVE('',#5450,#5449,#486,.T.);
#4437=EDGE_CURVE('',#5451,#5387,#487,.T.);
#4438=EDGE_CURVE('',#5452,#5451,#488,.T.);
#4439=EDGE_CURVE('',#5452,#5386,#489,.T.);
#4440=EDGE_CURVE('',#5453,#5391,#490,.T.);
#4441=EDGE_CURVE('',#5451,#5453,#491,.T.);
#4442=EDGE_CURVE('',#5454,#5390,#492,.T.);
#4443=EDGE_CURVE('',#5453,#5454,#493,.T.);
#4444=EDGE_CURVE('',#5455,#5389,#494,.T.);
#4445=EDGE_CURVE('',#5454,#5455,#495,.T.);
#4446=EDGE_CURVE('',#5456,#5388,#496,.T.);
#4447=EDGE_CURVE('',#5455,#5456,#497,.T.);
#4448=EDGE_CURVE('',#5456,#5452,#498,.T.);
#4449=EDGE_CURVE('',#5273,#5457,#499,.T.);
#4450=EDGE_CURVE('',#5457,#5338,#500,.T.);
#4451=EDGE_CURVE('',#5458,#5339,#501,.T.);
#4452=EDGE_CURVE('',#5457,#5458,#502,.T.);
#4453=EDGE_CURVE('',#5272,#5458,#503,.T.);
#4454=EDGE_CURVE('',#5419,#5339,#504,.T.);
#4455=EDGE_CURVE('',#5423,#5359,#505,.T.);
#4456=EDGE_CURVE('',#5459,#5359,#506,.T.);
#4457=EDGE_CURVE('',#5288,#5459,#507,.T.);
#4458=EDGE_CURVE('',#5284,#5460,#508,.T.);
#4459=EDGE_CURVE('',#5460,#5362,#509,.T.);
#4460=EDGE_CURVE('',#5362,#5420,#510,.T.);
#4461=EDGE_CURVE('',#5421,#5361,#511,.T.);
#4462=EDGE_CURVE('',#5360,#5422,#512,.T.);
#4463=EDGE_CURVE('',#5290,#5461,#513,.T.);
#4464=EDGE_CURVE('',#5461,#5363,#514,.T.);
#4465=EDGE_CURVE('',#5461,#5460,#515,.T.);
#4466=EDGE_CURVE('',#5462,#5365,#516,.T.);
#4467=EDGE_CURVE('',#5463,#5462,#517,.T.);
#4468=EDGE_CURVE('',#5463,#5364,#518,.T.);
#4469=EDGE_CURVE('',#5464,#5369,#519,.T.);
#4470=EDGE_CURVE('',#5462,#5464,#520,.T.);
#4471=EDGE_CURVE('',#5465,#5368,#521,.T.);
#4472=EDGE_CURVE('',#5464,#5465,#522,.T.);
#4473=EDGE_CURVE('',#5466,#5367,#523,.T.);
#4474=EDGE_CURVE('',#5465,#5466,#524,.T.);
#4475=EDGE_CURVE('',#5467,#5366,#525,.T.);
#4476=EDGE_CURVE('',#5466,#5467,#526,.T.);
#4477=EDGE_CURVE('',#5467,#5463,#527,.T.);
#4478=EDGE_CURVE('',#5289,#5468,#528,.T.);
#4479=EDGE_CURVE('',#5468,#5358,#529,.T.);
#4480=EDGE_CURVE('',#5468,#5459,#530,.T.);
#4481=EDGE_CURVE('',#5469,#5353,#531,.T.);
#4482=EDGE_CURVE('',#5469,#5470,#532,.T.);
#4483=EDGE_CURVE('',#5470,#5354,#533,.T.);
#4484=EDGE_CURVE('',#5471,#5352,#534,.T.);
#4485=EDGE_CURVE('',#5471,#5469,#535,.T.);
#4486=EDGE_CURVE('',#5472,#5357,#536,.T.);
#4487=EDGE_CURVE('',#5472,#5471,#537,.T.);
#4488=EDGE_CURVE('',#5473,#5356,#538,.T.);
#4489=EDGE_CURVE('',#5473,#5472,#539,.T.);
#4490=EDGE_CURVE('',#5474,#5355,#540,.T.);
#4491=EDGE_CURVE('',#5474,#5473,#541,.T.);
#4492=EDGE_CURVE('',#5470,#5474,#542,.T.);
#4493=EDGE_CURVE('',#5268,#5475,#543,.T.);
#4494=EDGE_CURVE('',#5475,#5335,#544,.T.);
#4495=EDGE_CURVE('',#5335,#5416,#545,.T.);
#4496=EDGE_CURVE('',#5417,#5341,#546,.T.);
#4497=EDGE_CURVE('',#5340,#5418,#547,.T.);
#4498=EDGE_CURVE('',#5274,#5476,#548,.T.);
#4499=EDGE_CURVE('',#5476,#5334,#549,.T.);
#4500=EDGE_CURVE('',#5476,#5475,#550,.T.);
#4501=EDGE_CURVE('',#5477,#5343,#551,.T.);
#4502=EDGE_CURVE('',#5478,#5477,#552,.T.);
#4503=EDGE_CURVE('',#5478,#5342,#553,.T.);
#4504=EDGE_CURVE('',#5479,#5347,#554,.T.);
#4505=EDGE_CURVE('',#5477,#5479,#555,.T.);
#4506=EDGE_CURVE('',#5480,#5346,#556,.T.);
#4507=EDGE_CURVE('',#5479,#5480,#557,.T.);
#4508=EDGE_CURVE('',#5481,#5345,#558,.T.);
#4509=EDGE_CURVE('',#5480,#5481,#559,.T.);
#4510=EDGE_CURVE('',#5482,#5344,#560,.T.);
#4511=EDGE_CURVE('',#5481,#5482,#561,.T.);
#4512=EDGE_CURVE('',#5482,#5478,#562,.T.);
#4513=EDGE_CURVE('',#5303,#5483,#563,.T.);
#4514=EDGE_CURVE('',#5483,#5380,#564,.T.);
#4515=EDGE_CURVE('',#5483,#5448,#565,.T.);
#4516=EDGE_CURVE('',#5484,#5375,#566,.T.);
#4517=EDGE_CURVE('',#5484,#5485,#567,.T.);
#4518=EDGE_CURVE('',#5485,#5376,#568,.T.);
#4519=EDGE_CURVE('',#5486,#5374,#569,.T.);
#4520=EDGE_CURVE('',#5486,#5484,#570,.T.);
#4521=EDGE_CURVE('',#5487,#5379,#571,.T.);
#4522=EDGE_CURVE('',#5487,#5486,#572,.T.);
#4523=EDGE_CURVE('',#5488,#5378,#573,.T.);
#4524=EDGE_CURVE('',#5488,#5487,#574,.T.);
#4525=EDGE_CURVE('',#5489,#5377,#575,.T.);
#4526=EDGE_CURVE('',#5489,#5488,#576,.T.);
#4527=EDGE_CURVE('',#5485,#5489,#577,.T.);
#4528=EDGE_CURVE('',#5490,#5326,#578,.T.);
#4529=EDGE_CURVE('',#5490,#5393,#579,.T.);
#4530=EDGE_CURVE('',#5491,#5325,#580,.T.);
#4531=EDGE_CURVE('',#5491,#5490,#6047,.T.);
#4532=EDGE_CURVE('',#5491,#5392,#581,.T.);
#4533=EDGE_CURVE('',#5492,#5492,#6048,.T.);
#4534=EDGE_CURVE('',#5493,#5493,#6049,.T.);
#4535=EDGE_CURVE('',#5494,#5494,#6050,.T.);
#4536=EDGE_CURVE('',#5495,#5496,#6051,.T.);
#4537=EDGE_CURVE('',#5495,#5497,#582,.T.);
#4538=EDGE_CURVE('',#5498,#5497,#583,.T.);
#4539=EDGE_CURVE('',#5496,#5498,#584,.T.);
#4540=EDGE_CURVE('',#5499,#5500,#585,.T.);
#4541=EDGE_CURVE('',#5499,#5501,#6052,.T.);
#4542=EDGE_CURVE('',#5501,#5502,#586,.T.);
#4543=EDGE_CURVE('',#5502,#5500,#587,.T.);
#4544=EDGE_CURVE('',#5503,#5504,#588,.T.);
#4545=EDGE_CURVE('',#5504,#5505,#6053,.T.);
#4546=EDGE_CURVE('',#5506,#5505,#589,.T.);
#4547=EDGE_CURVE('',#5507,#5506,#22,.T.);
#4548=EDGE_CURVE('',#5508,#5507,#590,.T.);
#4549=EDGE_CURVE('',#5503,#5508,#6054,.T.);
#4550=EDGE_CURVE('',#5505,#5509,#591,.F.);
#4551=EDGE_CURVE('',#5510,#5509,#592,.T.);
#4552=EDGE_CURVE('',#5510,#5508,#593,.T.);
#4553=EDGE_CURVE('',#5507,#5511,#594,.F.);
#4554=EDGE_CURVE('',#5511,#5512,#6055,.F.);
#4555=EDGE_CURVE('',#5502,#5512,#595,.T.);
#4556=EDGE_CURVE('',#5501,#5496,#596,.T.);
#4557=EDGE_CURVE('',#5513,#5498,#597,.T.);
#4558=EDGE_CURVE('',#5513,#5514,#6056,.F.);
#4559=EDGE_CURVE('',#5514,#5506,#598,.T.);
#4560=EDGE_CURVE('',#5515,#5516,#599,.T.);
#4561=EDGE_CURVE('',#5516,#5504,#600,.T.);
#4562=EDGE_CURVE('',#5515,#5503,#601,.T.);
#4563=EDGE_CURVE('',#5509,#5516,#6057,.T.);
#4564=EDGE_CURVE('',#5515,#5510,#6058,.T.);
#4565=EDGE_CURVE('',#5517,#5518,#6059,.F.);
#4566=EDGE_CURVE('',#5518,#5519,#602,.T.);
#4567=EDGE_CURVE('',#5519,#5520,#6060,.F.);
#4568=EDGE_CURVE('',#5520,#5517,#603,.F.);
#4569=EDGE_CURVE('',#5521,#5508,#604,.T.);
#4570=EDGE_CURVE('',#5521,#5522,#6061,.F.);
#4571=EDGE_CURVE('',#5522,#5503,#605,.T.);
#4572=EDGE_CURVE('',#5523,#5510,#606,.T.);
#4573=EDGE_CURVE('',#5523,#5521,#607,.T.);
#4574=EDGE_CURVE('',#5524,#5515,#608,.T.);
#4575=EDGE_CURVE('',#5524,#5523,#6062,.T.);
#4576=EDGE_CURVE('',#5522,#5524,#609,.F.);
#4577=EDGE_CURVE('',#5525,#5525,#6063,.T.);
#4578=EDGE_CURVE('',#5526,#5526,#6064,.F.);
#4579=EDGE_CURVE('',#5527,#5527,#6065,.T.);
#4580=EDGE_CURVE('',#5528,#5528,#6066,.T.);
#4581=EDGE_CURVE('',#5529,#5529,#6067,.F.);
#4582=EDGE_CURVE('',#5530,#5530,#6068,.T.);
#4583=EDGE_CURVE('',#5531,#5532,#610,.T.);
#4584=EDGE_CURVE('',#5531,#5533,#6069,.T.);
#4585=EDGE_CURVE('',#5533,#5534,#611,.T.);
#4586=EDGE_CURVE('',#5532,#5534,#6070,.T.);
#4587=EDGE_CURVE('',#5535,#5532,#612,.T.);
#4588=EDGE_CURVE('',#5536,#5535,#613,.T.);
#4589=EDGE_CURVE('',#5536,#5531,#614,.T.);
#4590=EDGE_CURVE('',#5537,#5534,#615,.T.);
#4591=EDGE_CURVE('',#5535,#5537,#6071,.T.);
#4592=EDGE_CURVE('',#5538,#5533,#616,.T.);
#4593=EDGE_CURVE('',#5538,#5537,#617,.T.);
#4594=EDGE_CURVE('',#5536,#5538,#6072,.T.);
#4595=EDGE_CURVE('',#5539,#5539,#6073,.T.);
#4596=EDGE_CURVE('',#5540,#5540,#6074,.T.);
#4597=EDGE_CURVE('',#5541,#5541,#6075,.T.);
#4598=EDGE_CURVE('',#5542,#5542,#6076,.T.);
#4599=EDGE_CURVE('',#5543,#5543,#6077,.F.);
#4600=EDGE_CURVE('',#5544,#5544,#6078,.T.);
#4601=EDGE_CURVE('',#5545,#5545,#6079,.T.);
#4602=EDGE_CURVE('',#5546,#5546,#6080,.T.);
#4603=EDGE_CURVE('',#5547,#5547,#6081,.T.);
#4604=EDGE_CURVE('',#5514,#5511,#6082,.F.);
#4605=EDGE_CURVE('',#5512,#5513,#6083,.T.);
#4606=EDGE_CURVE('',#5500,#5497,#6084,.T.);
#4607=EDGE_CURVE('',#5548,#5548,#6085,.T.);
#4608=EDGE_CURVE('',#5549,#5549,#6086,.F.);
#4609=EDGE_CURVE('',#5499,#5495,#23,.T.);
#4610=EDGE_CURVE('',#5505,#5519,#24,.T.);
#4611=EDGE_CURVE('',#5520,#5504,#25,.F.);
#4612=EDGE_CURVE('',#5517,#5516,#26,.F.);
#4613=EDGE_CURVE('',#5509,#5518,#27,.T.);
#4614=EDGE_CURVE('',#5550,#5550,#6087,.T.);
#4615=EDGE_CURVE('',#5551,#5551,#6088,.T.);
#4616=EDGE_CURVE('',#5552,#5553,#618,.T.);
#4617=EDGE_CURVE('',#5554,#5552,#6089,.T.);
#4618=EDGE_CURVE('',#5554,#5555,#619,.T.);
#4619=EDGE_CURVE('',#5555,#5553,#6090,.T.);
#4620=EDGE_CURVE('',#5556,#5557,#620,.T.);
#4621=EDGE_CURVE('',#5558,#5556,#6091,.T.);
#4622=EDGE_CURVE('',#5558,#5559,#621,.T.);
#4623=EDGE_CURVE('',#5559,#5557,#6092,.T.);
#4624=EDGE_CURVE('',#5560,#5561,#6093,.T.);
#4625=EDGE_CURVE('',#5560,#5562,#622,.T.);
#4626=EDGE_CURVE('',#5562,#5563,#6094,.T.);
#4627=EDGE_CURVE('',#5561,#5563,#623,.T.);
#4628=EDGE_CURVE('',#5564,#5565,#28,.T.);
#4629=EDGE_CURVE('',#5565,#5564,#6095,.T.);
#4630=EDGE_CURVE('',#5565,#5564,#6096,.T.);
#4631=EDGE_CURVE('',#5566,#5567,#29,.T.);
#4632=EDGE_CURVE('',#5567,#5566,#6097,.T.);
#4633=EDGE_CURVE('',#5567,#5566,#6098,.T.);
#4634=EDGE_CURVE('',#5568,#5569,#30,.T.);
#4635=EDGE_CURVE('',#5569,#5568,#6099,.T.);
#4636=EDGE_CURVE('',#5569,#5568,#6100,.T.);
#4637=EDGE_CURVE('',#5570,#5571,#31,.T.);
#4638=EDGE_CURVE('',#5571,#5570,#6101,.T.);
#4639=EDGE_CURVE('',#5571,#5570,#6102,.T.);
#4640=EDGE_CURVE('',#5572,#5573,#32,.T.);
#4641=EDGE_CURVE('',#5573,#5572,#6103,.T.);
#4642=EDGE_CURVE('',#5573,#5572,#6104,.T.);
#4643=EDGE_CURVE('',#5574,#5575,#33,.T.);
#4644=EDGE_CURVE('',#5575,#5574,#6105,.T.);
#4645=EDGE_CURVE('',#5575,#5574,#6106,.T.);
#4646=EDGE_CURVE('',#5576,#5577,#34,.T.);
#4647=EDGE_CURVE('',#5577,#5576,#6107,.T.);
#4648=EDGE_CURVE('',#5577,#5576,#6108,.T.);
#4649=EDGE_CURVE('',#5578,#5579,#35,.T.);
#4650=EDGE_CURVE('',#5579,#5578,#6109,.T.);
#4651=EDGE_CURVE('',#5579,#5578,#6110,.T.);
#4652=EDGE_CURVE('',#5580,#5581,#36,.T.);
#4653=EDGE_CURVE('',#5581,#5580,#6111,.T.);
#4654=EDGE_CURVE('',#5581,#5580,#6112,.T.);
#4655=EDGE_CURVE('',#5582,#5583,#37,.T.);
#4656=EDGE_CURVE('',#5583,#5582,#6113,.T.);
#4657=EDGE_CURVE('',#5583,#5582,#6114,.T.);
#4658=EDGE_CURVE('',#5584,#5585,#38,.T.);
#4659=EDGE_CURVE('',#5585,#5584,#6115,.T.);
#4660=EDGE_CURVE('',#5585,#5584,#6116,.T.);
#4661=EDGE_CURVE('',#5586,#5587,#624,.T.);
#4662=EDGE_CURVE('',#5587,#5588,#625,.T.);
#4663=EDGE_CURVE('',#5589,#5588,#626,.T.);
#4664=EDGE_CURVE('',#5589,#5586,#627,.T.);
#4665=EDGE_CURVE('',#5590,#5590,#6117,.T.);
#4666=EDGE_CURVE('',#5591,#5592,#628,.T.);
#4667=EDGE_CURVE('',#5591,#5593,#629,.T.);
#4668=EDGE_CURVE('',#5593,#5594,#630,.T.);
#4669=EDGE_CURVE('',#5592,#5594,#631,.T.);
#4670=EDGE_CURVE('',#5595,#5595,#6118,.F.);
#4671=EDGE_CURVE('',#5596,#5596,#6119,.T.);
#4672=EDGE_CURVE('',#5597,#5597,#6120,.T.);
#4673=EDGE_CURVE('',#5598,#5588,#6121,.T.);
#4674=EDGE_CURVE('',#5598,#5593,#632,.T.);
#4675=EDGE_CURVE('',#5589,#5591,#633,.T.);
#4676=EDGE_CURVE('',#5586,#5592,#634,.T.);
#4677=EDGE_CURVE('',#5599,#5599,#6122,.T.);
#4678=EDGE_CURVE('',#5600,#5594,#635,.T.);
#4679=EDGE_CURVE('',#5600,#5601,#6123,.T.);
#4680=EDGE_CURVE('',#5602,#5601,#6124,.T.);
#4681=EDGE_CURVE('',#5602,#5587,#6125,.T.);
#4682=EDGE_CURVE('',#5600,#5598,#636,.T.);
#4683=EDGE_CURVE('',#5603,#5602,#637,.T.);
#4684=EDGE_CURVE('',#5603,#5588,#6126,.T.);
#4685=EDGE_CURVE('',#5604,#5601,#638,.T.);
#4686=EDGE_CURVE('',#5603,#5604,#6127,.T.);
#4687=EDGE_CURVE('',#5598,#5604,#6128,.T.);
#4688=EDGE_CURVE('',#5605,#5606,#6129,.F.);
#4689=EDGE_CURVE('',#5604,#5605,#639,.T.);
#4690=EDGE_CURVE('',#5598,#5606,#640,.T.);
#4691=EDGE_CURVE('',#5607,#5605,#6130,.T.);
#4692=EDGE_CURVE('',#5608,#5607,#6131,.F.);
#4693=EDGE_CURVE('',#5588,#5608,#641,.T.);
#4694=EDGE_CURVE('',#5606,#5608,#6132,.T.);
#4695=EDGE_CURVE('',#5609,#5609,#6133,.T.);
#4696=EDGE_CURVE('',#5566,#5565,#6134,.T.);
#4697=EDGE_CURVE('',#5568,#5567,#6135,.T.);
#4698=EDGE_CURVE('',#5570,#5569,#6136,.T.);
#4699=EDGE_CURVE('',#5572,#5571,#6137,.T.);
#4700=EDGE_CURVE('',#5574,#5573,#6138,.T.);
#4701=EDGE_CURVE('',#5576,#5575,#6139,.T.);
#4702=EDGE_CURVE('',#5578,#5577,#6140,.T.);
#4703=EDGE_CURVE('',#5580,#5579,#6141,.T.);
#4704=EDGE_CURVE('',#5582,#5581,#6142,.T.);
#4705=EDGE_CURVE('',#5584,#5583,#6143,.T.);
#4706=EDGE_CURVE('',#5610,#5585,#6144,.T.);
#4707=EDGE_CURVE('',#5611,#5610,#6145,.T.);
#4708=EDGE_CURVE('',#5564,#5611,#6146,.T.);
#4709=EDGE_CURVE('',#5610,#5611,#39,.T.);
#4710=EDGE_CURVE('',#5612,#5612,#6147,.T.);
#4711=EDGE_CURVE('',#5613,#5613,#6148,.T.);
#4712=EDGE_CURVE('',#5611,#5610,#6149,.T.);
#4713=EDGE_CURVE('',#5614,#5559,#642,.T.);
#4714=EDGE_CURVE('',#5615,#5614,#6150,.T.);
#4715=EDGE_CURVE('',#5615,#5616,#643,.T.);
#4716=EDGE_CURVE('',#5617,#5616,#6151,.T.);
#4717=EDGE_CURVE('',#5618,#5617,#644,.T.);
#4718=EDGE_CURVE('',#5619,#5618,#6152,.T.);
#4719=EDGE_CURVE('',#5619,#5563,#645,.T.);
#4720=EDGE_CURVE('',#5620,#5562,#646,.T.);
#4721=EDGE_CURVE('',#5621,#5620,#6153,.T.);
#4722=EDGE_CURVE('',#5621,#5553,#647,.T.);
#4723=EDGE_CURVE('',#5622,#5555,#648,.T.);
#4724=EDGE_CURVE('',#5623,#5622,#6154,.T.);
#4725=EDGE_CURVE('',#5623,#5557,#649,.T.);
#4726=EDGE_CURVE('',#5624,#5616,#650,.T.);
#4727=EDGE_CURVE('',#5625,#5624,#6155,.T.);
#4728=EDGE_CURVE('',#5625,#5617,#651,.T.);
#4729=EDGE_CURVE('',#5626,#5560,#652,.T.);
#4730=EDGE_CURVE('',#5626,#5620,#653,.T.);
#4731=EDGE_CURVE('',#5627,#5561,#654,.T.);
#4732=EDGE_CURVE('',#5626,#5627,#6156,.T.);
#4733=EDGE_CURVE('',#5627,#5619,#655,.T.);
#4734=EDGE_CURVE('',#5628,#5625,#656,.T.);
#4735=EDGE_CURVE('',#5628,#5618,#657,.T.);
#4736=EDGE_CURVE('',#5629,#5624,#658,.T.);
#4737=EDGE_CURVE('',#5628,#5629,#6157,.T.);
#4738=EDGE_CURVE('',#5629,#5615,#659,.T.);
#4739=EDGE_CURVE('',#5630,#5558,#660,.T.);
#4740=EDGE_CURVE('',#5630,#5614,#661,.T.);
#4741=EDGE_CURVE('',#5631,#5556,#662,.T.);
#4742=EDGE_CURVE('',#5630,#5631,#6158,.T.);
#4743=EDGE_CURVE('',#5631,#5623,#663,.T.);
#4744=EDGE_CURVE('',#5632,#5554,#664,.T.);
#4745=EDGE_CURVE('',#5632,#5622,#665,.T.);
#4746=EDGE_CURVE('',#5633,#5552,#666,.T.);
#4747=EDGE_CURVE('',#5632,#5633,#6159,.T.);
#4748=EDGE_CURVE('',#5633,#5621,#667,.T.);
#4749=EDGE_CURVE('',#5634,#5634,#6160,.T.);
#4750=EDGE_CURVE('',#5635,#5635,#6161,.T.);
#4751=EDGE_CURVE('',#5636,#5636,#6162,.F.);
#4752=EDGE_CURVE('',#5637,#5637,#6163,.T.);
#4753=EDGE_CURVE('',#5638,#5639,#668,.T.);
#4754=EDGE_CURVE('',#5638,#5640,#669,.T.);
#4755=EDGE_CURVE('',#5640,#5641,#670,.T.);
#4756=EDGE_CURVE('',#5641,#5642,#671,.T.);
#4757=EDGE_CURVE('',#5642,#5643,#672,.T.);
#4758=EDGE_CURVE('',#5643,#5644,#673,.T.);
#4759=EDGE_CURVE('',#5644,#5645,#6164,.F.);
#4760=EDGE_CURVE('',#5645,#5646,#674,.T.);
#4761=EDGE_CURVE('',#5646,#5647,#6165,.F.);
#4762=EDGE_CURVE('',#5647,#5648,#675,.T.);
#4763=EDGE_CURVE('',#5648,#5649,#6166,.F.);
#4764=EDGE_CURVE('',#5649,#5650,#676,.T.);
#4765=EDGE_CURVE('',#5650,#5651,#6167,.F.);
#4766=EDGE_CURVE('',#5652,#5651,#677,.T.);
#4767=EDGE_CURVE('',#5652,#5653,#6168,.F.);
#4768=EDGE_CURVE('',#5654,#5653,#678,.T.);
#4769=EDGE_CURVE('',#5654,#5655,#6169,.F.);
#4770=EDGE_CURVE('',#5656,#5655,#679,.T.);
#4771=EDGE_CURVE('',#5656,#5657,#680,.T.);
#4772=EDGE_CURVE('',#5657,#5639,#681,.T.);
#4773=EDGE_CURVE('',#5658,#5659,#682,.T.);
#4774=EDGE_CURVE('',#5659,#5639,#683,.T.);
#4775=EDGE_CURVE('',#5657,#5642,#6170,.T.);
#4776=EDGE_CURVE('',#5658,#5641,#684,.T.);
#4777=EDGE_CURVE('',#5660,#5661,#685,.T.);
#4778=EDGE_CURVE('',#5661,#5662,#6171,.T.);
#4779=EDGE_CURVE('',#5663,#5662,#686,.T.);
#4780=EDGE_CURVE('',#5663,#5664,#6172,.T.);
#4781=EDGE_CURVE('',#5665,#5664,#687,.T.);
#4782=EDGE_CURVE('',#5665,#5666,#6173,.T.);
#4783=EDGE_CURVE('',#5667,#5666,#688,.T.);
#4784=EDGE_CURVE('',#5667,#5668,#6174,.T.);
#4785=EDGE_CURVE('',#5669,#5668,#689,.T.);
#4786=EDGE_CURVE('',#5670,#5669,#690,.T.);
#4787=EDGE_CURVE('',#5671,#5670,#691,.T.);
#4788=EDGE_CURVE('',#5672,#5671,#692,.T.);
#4789=EDGE_CURVE('',#5672,#5673,#693,.T.);
#4790=EDGE_CURVE('',#5673,#5674,#6175,.T.);
#4791=EDGE_CURVE('',#5674,#5675,#694,.T.);
#4792=EDGE_CURVE('',#5675,#5660,#6176,.T.);
#4793=EDGE_CURVE('',#5676,#5676,#6177,.T.);
#4794=EDGE_CURVE('',#5677,#5677,#6178,.T.);
#4795=EDGE_CURVE('',#5678,#5671,#6179,.T.);
#4796=EDGE_CURVE('',#5670,#5679,#6180,.T.);
#4797=EDGE_CURVE('',#5678,#5679,#695,.T.);
#4798=EDGE_CURVE('',#5680,#5680,#6181,.T.);
#4799=EDGE_CURVE('',#5681,#5681,#6182,.F.);
#4800=EDGE_CURVE('',#5682,#5683,#696,.T.);
#4801=EDGE_CURVE('',#5684,#5682,#697,.T.);
#4802=EDGE_CURVE('',#5684,#5685,#698,.T.);
#4803=EDGE_CURVE('',#5686,#5685,#699,.T.);
#4804=EDGE_CURVE('',#5687,#5686,#700,.T.);
#4805=EDGE_CURVE('',#5687,#5688,#701,.T.);
#4806=EDGE_CURVE('',#5688,#5689,#6183,.F.);
#4807=EDGE_CURVE('',#5689,#5690,#702,.T.);
#4808=EDGE_CURVE('',#5690,#5691,#6184,.F.);
#4809=EDGE_CURVE('',#5691,#5692,#703,.T.);
#4810=EDGE_CURVE('',#5692,#5693,#6185,.F.);
#4811=EDGE_CURVE('',#5694,#5693,#704,.T.);
#4812=EDGE_CURVE('',#5694,#5695,#6186,.F.);
#4813=EDGE_CURVE('',#5696,#5695,#705,.T.);
#4814=EDGE_CURVE('',#5696,#5697,#6187,.F.);
#4815=EDGE_CURVE('',#5698,#5697,#706,.T.);
#4816=EDGE_CURVE('',#5698,#5699,#6188,.F.);
#4817=EDGE_CURVE('',#5700,#5699,#707,.T.);
#4818=EDGE_CURVE('',#5701,#5700,#708,.T.);
#4819=EDGE_CURVE('',#5683,#5701,#709,.T.);
#4820=EDGE_CURVE('',#5702,#5703,#710,.T.);
#4821=EDGE_CURVE('',#5702,#5683,#711,.T.);
#4822=EDGE_CURVE('',#5701,#5686,#6189,.T.);
#4823=EDGE_CURVE('',#5703,#5685,#712,.T.);
#4824=EDGE_CURVE('',#5704,#5704,#6190,.T.);
#4825=EDGE_CURVE('',#5705,#5706,#713,.T.);
#4826=EDGE_CURVE('',#5706,#5707,#6191,.T.);
#4827=EDGE_CURVE('',#5708,#5707,#714,.T.);
#4828=EDGE_CURVE('',#5708,#5709,#6192,.T.);
#4829=EDGE_CURVE('',#5710,#5709,#715,.T.);
#4830=EDGE_CURVE('',#5710,#5711,#6193,.T.);
#4831=EDGE_CURVE('',#5712,#5711,#716,.T.);
#4832=EDGE_CURVE('',#5712,#5678,#717,.T.);
#4833=EDGE_CURVE('',#5679,#5713,#718,.T.);
#4834=EDGE_CURVE('',#5713,#5714,#719,.T.);
#4835=EDGE_CURVE('',#5714,#5715,#6194,.T.);
#4836=EDGE_CURVE('',#5715,#5716,#720,.T.);
#4837=EDGE_CURVE('',#5716,#5717,#6195,.T.);
#4838=EDGE_CURVE('',#5717,#5718,#721,.T.);
#4839=EDGE_CURVE('',#5718,#5705,#6196,.T.);
#4840=EDGE_CURVE('',#5719,#5719,#6197,.T.);
#4841=EDGE_CURVE('',#5720,#5720,#6198,.T.);
#4842=EDGE_CURVE('',#5721,#5721,#6199,.T.);
#4843=EDGE_CURVE('',#5722,#5722,#6200,.T.);
#4844=EDGE_CURVE('',#5723,#5723,#6201,.T.);
#4845=EDGE_CURVE('',#5686,#5678,#6202,.T.);
#4846=EDGE_CURVE('',#5679,#5701,#6203,.T.);
#4847=EDGE_CURVE('',#5642,#5670,#6204,.T.);
#4848=EDGE_CURVE('',#5671,#5657,#6205,.T.);
#4849=EDGE_CURVE('',#5712,#5687,#722,.T.);
#4850=EDGE_CURVE('',#5713,#5700,#723,.T.);
#4851=EDGE_CURVE('',#5709,#5690,#724,.T.);
#4852=EDGE_CURVE('',#5689,#5710,#725,.F.);
#4853=EDGE_CURVE('',#5711,#5688,#726,.T.);
#4854=EDGE_CURVE('',#5699,#5714,#727,.F.);
#4855=EDGE_CURVE('',#5697,#5716,#728,.F.);
#4856=EDGE_CURVE('',#5715,#5698,#729,.T.);
#4857=EDGE_CURVE('',#5695,#5718,#730,.F.);
#4858=EDGE_CURVE('',#5717,#5696,#731,.T.);
#4859=EDGE_CURVE('',#5693,#5706,#732,.F.);
#4860=EDGE_CURVE('',#5705,#5694,#733,.T.);
#4861=EDGE_CURVE('',#5707,#5692,#734,.T.);
#4862=EDGE_CURVE('',#5691,#5708,#735,.F.);
#4863=EDGE_CURVE('',#5724,#5703,#736,.T.);
#4864=EDGE_CURVE('',#5725,#5724,#737,.T.);
#4865=EDGE_CURVE('',#5725,#5702,#738,.T.);
#4866=EDGE_CURVE('',#5724,#5684,#739,.T.);
#4867=EDGE_CURVE('',#5725,#5682,#740,.T.);
#4868=EDGE_CURVE('',#5672,#5656,#741,.T.);
#4869=EDGE_CURVE('',#5669,#5643,#742,.T.);
#4870=EDGE_CURVE('',#5653,#5675,#743,.F.);
#4871=EDGE_CURVE('',#5674,#5654,#744,.T.);
#4872=EDGE_CURVE('',#5651,#5661,#745,.F.);
#4873=EDGE_CURVE('',#5660,#5652,#746,.T.);
#4874=EDGE_CURVE('',#5662,#5650,#747,.T.);
#4875=EDGE_CURVE('',#5649,#5663,#748,.F.);
#4876=EDGE_CURVE('',#5664,#5648,#749,.T.);
#4877=EDGE_CURVE('',#5647,#5665,#750,.F.);
#4878=EDGE_CURVE('',#5666,#5646,#751,.T.);
#4879=EDGE_CURVE('',#5645,#5667,#752,.F.);
#4880=EDGE_CURVE('',#5668,#5644,#753,.T.);
#4881=EDGE_CURVE('',#5655,#5673,#754,.F.);
#4882=EDGE_CURVE('',#5726,#5658,#755,.T.);
#4883=EDGE_CURVE('',#5726,#5727,#756,.T.);
#4884=EDGE_CURVE('',#5727,#5659,#757,.T.);
#4885=EDGE_CURVE('',#5726,#5640,#758,.T.);
#4886=EDGE_CURVE('',#5727,#5638,#759,.T.);
#4887=EDGE_CURVE('',#5728,#5728,#6206,.T.);
#4888=EDGE_CURVE('',#5729,#5729,#6207,.F.);
#4889=EDGE_CURVE('',#5730,#5730,#6208,.F.);
#4890=EDGE_CURVE('',#5731,#5731,#6209,.T.);
#4891=EDGE_CURVE('',#5732,#5733,#6210,.T.);
#4892=EDGE_CURVE('',#5734,#5732,#6211,.T.);
#4893=EDGE_CURVE('',#5735,#5734,#6212,.T.);
#4894=EDGE_CURVE('',#5736,#5735,#6213,.T.);
#4895=EDGE_CURVE('',#5737,#5736,#6214,.T.);
#4896=EDGE_CURVE('',#5733,#5737,#6215,.T.);
#4897=EDGE_CURVE('',#5738,#5734,#40,.T.);
#4898=EDGE_CURVE('',#5732,#5738,#41,.T.);
#4899=EDGE_CURVE('',#5733,#5739,#42,.T.);
#4900=EDGE_CURVE('',#5739,#5732,#43,.T.);
#4901=EDGE_CURVE('',#5740,#5741,#44,.T.);
#4902=EDGE_CURVE('',#5742,#5740,#6216,.T.);
#4903=EDGE_CURVE('',#5741,#5742,#45,.T.);
#4904=EDGE_CURVE('',#5740,#5743,#6217,.T.);
#4905=EDGE_CURVE('',#5744,#5740,#46,.T.);
#4906=EDGE_CURVE('',#5743,#5744,#47,.T.);
#4907=EDGE_CURVE('',#5745,#5735,#48,.F.);
#4908=EDGE_CURVE('',#5734,#5745,#49,.T.);
#4909=EDGE_CURVE('',#5742,#5746,#50,.T.);
#4910=EDGE_CURVE('',#5747,#5742,#6218,.T.);
#4911=EDGE_CURVE('',#5746,#5747,#51,.F.);
#4912=EDGE_CURVE('',#5748,#5736,#52,.T.);
#4913=EDGE_CURVE('',#5735,#5748,#53,.F.);
#4914=EDGE_CURVE('',#5747,#5749,#54,.F.);
#4915=EDGE_CURVE('',#5750,#5747,#6219,.T.);
#4916=EDGE_CURVE('',#5749,#5750,#55,.T.);
#4917=EDGE_CURVE('',#5736,#5751,#56,.T.);
#4918=EDGE_CURVE('',#5751,#5737,#57,.T.);
#4919=EDGE_CURVE('',#5752,#5750,#6220,.T.);
#4920=EDGE_CURVE('',#5753,#5752,#58,.T.);
#4921=EDGE_CURVE('',#5750,#5753,#59,.T.);
#4922=EDGE_CURVE('',#5737,#5754,#60,.T.);
#4923=EDGE_CURVE('',#5754,#5733,#61,.T.);
#4924=EDGE_CURVE('',#5743,#5752,#6221,.T.);
#4925=EDGE_CURVE('',#5755,#5743,#62,.T.);
#4926=EDGE_CURVE('',#5752,#5755,#63,.T.);
#4927=EDGE_CURVE('',#5741,#5738,#760,.T.);
#4928=EDGE_CURVE('',#5744,#5739,#761,.T.);
#4929=EDGE_CURVE('',#5746,#5745,#762,.T.);
#4930=EDGE_CURVE('',#5749,#5748,#763,.T.);
#4931=EDGE_CURVE('',#5753,#5751,#764,.T.);
#4932=EDGE_CURVE('',#5755,#5754,#765,.T.);
#4933=EDGE_CURVE('',#5756,#5756,#6222,.T.);
#4934=EDGE_CURVE('',#5757,#5757,#6223,.T.);
#4935=EDGE_CURVE('',#5758,#5758,#6224,.T.);
#4936=EDGE_CURVE('',#5759,#5759,#6225,.T.);
#4937=EDGE_CURVE('',#5760,#5760,#6226,.T.);
#4938=EDGE_CURVE('',#5761,#5762,#6227,.T.);
#4939=EDGE_CURVE('',#5762,#5763,#766,.T.);
#4940=EDGE_CURVE('',#5763,#5764,#6228,.T.);
#4941=EDGE_CURVE('',#5761,#5764,#767,.T.);
#4942=EDGE_CURVE('',#5765,#5765,#6229,.T.);
#4943=EDGE_CURVE('',#5766,#5767,#768,.T.);
#4944=EDGE_CURVE('',#5767,#5768,#6230,.T.);
#4945=EDGE_CURVE('',#5768,#5769,#769,.T.);
#4946=EDGE_CURVE('',#5769,#5770,#770,.T.);
#4947=EDGE_CURVE('',#5770,#5771,#771,.T.);
#4948=EDGE_CURVE('',#5772,#5771,#772,.T.);
#4949=EDGE_CURVE('',#5772,#5773,#773,.T.);
#4950=EDGE_CURVE('',#5773,#5774,#774,.T.);
#4951=EDGE_CURVE('',#5775,#5774,#775,.T.);
#4952=EDGE_CURVE('',#5775,#5776,#776,.T.);
#4953=EDGE_CURVE('',#5776,#5777,#777,.T.);
#4954=EDGE_CURVE('',#5778,#5777,#778,.T.);
#4955=EDGE_CURVE('',#5778,#5779,#779,.T.);
#4956=EDGE_CURVE('',#5779,#5780,#780,.T.);
#4957=EDGE_CURVE('',#5781,#5780,#781,.T.);
#4958=EDGE_CURVE('',#5781,#5782,#782,.T.);
#4959=EDGE_CURVE('',#5782,#5783,#783,.T.);
#4960=EDGE_CURVE('',#5784,#5783,#784,.T.);
#4961=EDGE_CURVE('',#5784,#5785,#785,.T.);
#4962=EDGE_CURVE('',#5785,#5786,#786,.T.);
#4963=EDGE_CURVE('',#5787,#5786,#787,.T.);
#4964=EDGE_CURVE('',#5787,#5788,#788,.T.);
#4965=EDGE_CURVE('',#5788,#5789,#789,.T.);
#4966=EDGE_CURVE('',#5789,#5790,#6231,.T.);
#4967=EDGE_CURVE('',#5790,#5791,#790,.T.);
#4968=EDGE_CURVE('',#5791,#5792,#791,.T.);
#4969=EDGE_CURVE('',#5792,#5793,#792,.T.);
#4970=EDGE_CURVE('',#5793,#5794,#6232,.T.);
#4971=EDGE_CURVE('',#5794,#5795,#793,.T.);
#4972=EDGE_CURVE('',#5795,#5796,#6233,.T.);
#4973=EDGE_CURVE('',#5796,#5797,#794,.T.);
#4974=EDGE_CURVE('',#5797,#5798,#795,.T.);
#4975=EDGE_CURVE('',#5798,#5799,#6234,.T.);
#4976=EDGE_CURVE('',#5799,#5800,#796,.T.);
#4977=EDGE_CURVE('',#5800,#5801,#6235,.T.);
#4978=EDGE_CURVE('',#5801,#5802,#797,.T.);
#4979=EDGE_CURVE('',#5802,#5766,#798,.T.);
#4980=EDGE_CURVE('',#5803,#5804,#799,.T.);
#4981=EDGE_CURVE('',#5804,#5805,#800,.T.);
#4982=EDGE_CURVE('',#5805,#5803,#801,.T.);
#4983=EDGE_CURVE('',#5806,#5806,#6236,.T.);
#4984=EDGE_CURVE('',#5807,#5808,#802,.T.);
#4985=EDGE_CURVE('',#5807,#5809,#6237,.F.);
#4986=EDGE_CURVE('',#5810,#5809,#803,.T.);
#4987=EDGE_CURVE('',#5811,#5810,#804,.T.);
#4988=EDGE_CURVE('',#5812,#5811,#805,.T.);
#4989=EDGE_CURVE('',#5812,#5813,#6238,.F.);
#4990=EDGE_CURVE('',#5814,#5813,#806,.T.);
#4991=EDGE_CURVE('',#5814,#5815,#6239,.F.);
#4992=EDGE_CURVE('',#5816,#5815,#807,.T.);
#4993=EDGE_CURVE('',#5817,#5816,#808,.T.);
#4994=EDGE_CURVE('',#5817,#5818,#6240,.F.);
#4995=EDGE_CURVE('',#5819,#5818,#809,.T.);
#4996=EDGE_CURVE('',#5819,#5820,#6241,.F.);
#4997=EDGE_CURVE('',#5821,#5820,#810,.T.);
#4998=EDGE_CURVE('',#5822,#5821,#811,.T.);
#4999=EDGE_CURVE('',#5823,#5822,#812,.T.);
#5000=EDGE_CURVE('',#5824,#5823,#6242,.T.);
#5001=EDGE_CURVE('',#5825,#5824,#813,.T.);
#5002=EDGE_CURVE('',#5826,#5825,#814,.T.);
#5003=EDGE_CURVE('',#5826,#5827,#815,.T.);
#5004=EDGE_CURVE('',#5828,#5827,#816,.T.);
#5005=EDGE_CURVE('',#5829,#5828,#817,.T.);
#5006=EDGE_CURVE('',#5829,#5830,#818,.T.);
#5007=EDGE_CURVE('',#5831,#5830,#819,.T.);
#5008=EDGE_CURVE('',#5832,#5831,#820,.T.);
#5009=EDGE_CURVE('',#5832,#5833,#821,.T.);
#5010=EDGE_CURVE('',#5834,#5833,#822,.T.);
#5011=EDGE_CURVE('',#5835,#5834,#823,.T.);
#5012=EDGE_CURVE('',#5835,#5836,#824,.T.);
#5013=EDGE_CURVE('',#5837,#5836,#825,.T.);
#5014=EDGE_CURVE('',#5838,#5837,#826,.T.);
#5015=EDGE_CURVE('',#5838,#5839,#827,.T.);
#5016=EDGE_CURVE('',#5840,#5839,#828,.T.);
#5017=EDGE_CURVE('',#5841,#5840,#829,.T.);
#5018=EDGE_CURVE('',#5841,#5842,#830,.T.);
#5019=EDGE_CURVE('',#5843,#5842,#831,.T.);
#5020=EDGE_CURVE('',#5808,#5843,#832,.T.);
#5021=EDGE_CURVE('',#5844,#5845,#833,.T.);
#5022=EDGE_CURVE('',#5846,#5844,#834,.T.);
#5023=EDGE_CURVE('',#5845,#5846,#835,.T.);
#5024=EDGE_CURVE('',#5841,#5772,#836,.T.);
#5025=EDGE_CURVE('',#5840,#5773,#837,.T.);
#5026=EDGE_CURVE('',#5838,#5775,#838,.T.);
#5027=EDGE_CURVE('',#5837,#5776,#839,.T.);
#5028=EDGE_CURVE('',#5835,#5778,#840,.T.);
#5029=EDGE_CURVE('',#5834,#5779,#841,.T.);
#5030=EDGE_CURVE('',#5832,#5781,#842,.T.);
#5031=EDGE_CURVE('',#5831,#5782,#843,.T.);
#5032=EDGE_CURVE('',#5829,#5784,#844,.T.);
#5033=EDGE_CURVE('',#5828,#5785,#845,.T.);
#5034=EDGE_CURVE('',#5826,#5787,#846,.T.);
#5035=EDGE_CURVE('',#5788,#5825,#847,.T.);
#5036=EDGE_CURVE('',#5818,#5795,#848,.F.);
#5037=EDGE_CURVE('',#5794,#5819,#849,.T.);
#5038=EDGE_CURVE('',#5796,#5817,#850,.T.);
#5039=EDGE_CURVE('',#5797,#5816,#851,.T.);
#5040=EDGE_CURVE('',#5815,#5798,#852,.F.);
#5041=EDGE_CURVE('',#5799,#5814,#853,.T.);
#5042=EDGE_CURVE('',#5813,#5800,#854,.F.);
#5043=EDGE_CURVE('',#5801,#5812,#855,.T.);
#5044=EDGE_CURVE('',#5802,#5811,#856,.T.);
#5045=EDGE_CURVE('',#5766,#5810,#857,.T.);
#5046=EDGE_CURVE('',#5809,#5767,#858,.F.);
#5047=EDGE_CURVE('',#5768,#5807,#859,.T.);
#5048=EDGE_CURVE('',#5769,#5808,#860,.T.);
#5049=EDGE_CURVE('',#5843,#5770,#861,.T.);
#5050=EDGE_CURVE('',#5789,#5824,#862,.T.);
#5051=EDGE_CURVE('',#5790,#5823,#863,.T.);
#5052=EDGE_CURVE('',#5791,#5822,#864,.T.);
#5053=EDGE_CURVE('',#5792,#5821,#865,.T.);
#5054=EDGE_CURVE('',#5820,#5793,#866,.F.);
#5055=EDGE_CURVE('',#5827,#5786,#867,.T.);
#5056=EDGE_CURVE('',#5830,#5783,#868,.T.);
#5057=EDGE_CURVE('',#5833,#5780,#869,.T.);
#5058=EDGE_CURVE('',#5836,#5777,#870,.T.);
#5059=EDGE_CURVE('',#5839,#5774,#871,.T.);
#5060=EDGE_CURVE('',#5842,#5771,#872,.T.);
#5061=EDGE_CURVE('',#5845,#5805,#873,.T.);
#5062=EDGE_CURVE('',#5844,#5804,#874,.T.);
#5063=EDGE_CURVE('',#5846,#5803,#875,.T.);
#5064=EDGE_CURVE('',#5847,#5762,#876,.T.);
#5065=EDGE_CURVE('',#5847,#5848,#877,.T.);
#5066=EDGE_CURVE('',#5848,#5763,#878,.T.);
#5067=EDGE_CURVE('',#5849,#5761,#879,.T.);
#5068=EDGE_CURVE('',#5849,#5847,#6243,.T.);
#5069=EDGE_CURVE('',#5850,#5764,#880,.T.);
#5070=EDGE_CURVE('',#5849,#5850,#881,.T.);
#5071=EDGE_CURVE('',#5848,#5850,#6244,.T.);
#5072=EDGE_CURVE('',#5851,#5852,#882,.T.);
#5073=EDGE_CURVE('',#5851,#5853,#64,.T.);
#5074=EDGE_CURVE('',#5853,#5854,#65,.T.);
#5075=EDGE_CURVE('',#5854,#5855,#883,.T.);
#5076=EDGE_CURVE('',#5856,#5855,#884,.T.);
#5077=EDGE_CURVE('',#5852,#5856,#885,.T.);
#5078=EDGE_CURVE('',#5857,#5858,#886,.T.);
#5079=EDGE_CURVE('',#5857,#5859,#66,.F.);
#5080=EDGE_CURVE('',#5859,#5860,#67,.F.);
#5081=EDGE_CURVE('',#5860,#5861,#887,.T.);
#5082=EDGE_CURVE('',#5862,#5861,#888,.T.);
#5083=EDGE_CURVE('',#5858,#5862,#889,.T.);
#5084=EDGE_CURVE('',#5863,#5864,#890,.T.);
#5085=EDGE_CURVE('',#5863,#5865,#68,.T.);
#5086=EDGE_CURVE('',#5865,#5866,#69,.T.);
#5087=EDGE_CURVE('',#5866,#5867,#891,.T.);
#5088=EDGE_CURVE('',#5868,#5867,#892,.T.);
#5089=EDGE_CURVE('',#5864,#5868,#893,.T.);
#5090=EDGE_CURVE('',#5860,#5869,#70,.T.);
#5091=EDGE_CURVE('',#5869,#5851,#71,.T.);
#5092=EDGE_CURVE('',#5870,#5852,#894,.T.);
#5093=EDGE_CURVE('',#5861,#5870,#895,.T.);
#5094=EDGE_CURVE('',#5866,#5871,#72,.T.);
#5095=EDGE_CURVE('',#5871,#5857,#73,.T.);
#5096=EDGE_CURVE('',#5872,#5858,#896,.T.);
#5097=EDGE_CURVE('',#5867,#5872,#897,.T.);
#5098=EDGE_CURVE('',#5854,#5873,#74,.T.);
#5099=EDGE_CURVE('',#5873,#5863,#75,.T.);
#5100=EDGE_CURVE('',#5874,#5864,#898,.T.);
#5101=EDGE_CURVE('',#5855,#5874,#899,.T.);
#5102=EDGE_CURVE('',#5875,#5875,#6245,.T.);
#5103=EDGE_CURVE('',#5876,#5876,#6246,.T.);
#5104=EDGE_CURVE('',#5872,#5868,#6247,.T.);
#5105=EDGE_CURVE('',#5870,#5862,#6248,.T.);
#5106=EDGE_CURVE('',#5868,#5874,#6249,.T.);
#5107=EDGE_CURVE('',#5862,#5872,#6250,.T.);
#5108=EDGE_CURVE('',#5856,#5870,#6251,.T.);
#5109=EDGE_CURVE('',#5874,#5856,#6252,.T.);
#5110=EDGE_CURVE('',#5877,#5877,#6253,.F.);
#5111=EDGE_CURVE('',#5878,#5878,#6254,.F.);
#5112=EDGE_CURVE('',#5879,#5879,#6255,.T.);
#5113=EDGE_CURVE('',#5865,#5873,#6256,.T.);
#5114=EDGE_CURVE('',#5873,#5853,#6257,.T.);
#5115=EDGE_CURVE('',#5859,#5871,#6258,.T.);
#5116=EDGE_CURVE('',#5871,#5865,#6259,.T.);
#5117=EDGE_CURVE('',#5853,#5869,#6260,.T.);
#5118=EDGE_CURVE('',#5869,#5859,#6261,.T.);
#5119=EDGE_CURVE('',#5880,#5881,#6262,.F.);
#5120=EDGE_CURVE('',#5881,#5882,#76,.T.);
#5121=EDGE_CURVE('',#5882,#5883,#6263,.T.);
#5122=EDGE_CURVE('',#5883,#5880,#77,.T.);
#5123=EDGE_CURVE('',#5884,#5885,#78,.T.);
#5124=EDGE_CURVE('',#5884,#5886,#6264,.T.);
#5125=EDGE_CURVE('',#5887,#5886,#79,.T.);
#5126=EDGE_CURVE('',#5885,#5887,#6265,.T.);
#5127=EDGE_CURVE('',#5888,#5888,#6266,.F.);
#5128=EDGE_CURVE('',#5889,#5889,#6267,.F.);
#5129=EDGE_CURVE('',#5882,#5890,#6268,.F.);
#5130=EDGE_CURVE('',#5891,#5890,#6269,.T.);
#5131=EDGE_CURVE('',#5883,#5891,#6270,.F.);
#5132=EDGE_CURVE('',#5892,#5892,#6271,.F.);
#5133=EDGE_CURVE('',#5887,#5885,#80,.T.);
#5134=EDGE_CURVE('',#5893,#5893,#6272,.T.);
#5135=EDGE_CURVE('',#5894,#5894,#6273,.T.);
#5136=EDGE_CURVE('',#5895,#5895,#6274,.T.);
#5137=EDGE_CURVE('',#5896,#5896,#6275,.T.);
#5138=EDGE_CURVE('',#5897,#5897,#6276,.T.);
#5139=EDGE_CURVE('',#5881,#5884,#81,.T.);
#5140=EDGE_CURVE('',#5886,#5880,#82,.T.);
#5141=EDGE_CURVE('',#5890,#5891,#83,.T.);
#5142=EDGE_CURVE('',#5898,#5898,#6277,.F.);
#5143=EDGE_CURVE('',#5899,#5899,#6278,.T.);
#5144=EDGE_CURVE('',#5900,#5900,#6279,.T.);
#5145=EDGE_CURVE('',#5901,#5901,#6280,.T.);
#5146=EDGE_CURVE('',#5902,#5902,#6281,.T.);
#5147=EDGE_CURVE('',#5903,#5903,#6282,.T.);
#5148=EDGE_CURVE('',#5904,#5904,#6283,.T.);
#5149=EDGE_CURVE('',#5905,#5905,#6284,.T.);
#5150=VERTEX_POINT('',#11915);
#5151=VERTEX_POINT('',#11918);
#5152=VERTEX_POINT('',#11921);
#5153=VERTEX_POINT('',#11923);
#5154=VERTEX_POINT('',#11924);
#5155=VERTEX_POINT('',#11926);
#5156=VERTEX_POINT('',#11928);
#5157=VERTEX_POINT('',#11932);
#5158=VERTEX_POINT('',#11935);
#5159=VERTEX_POINT('',#11938);
#5160=VERTEX_POINT('',#11941);
#5161=VERTEX_POINT('',#11944);
#5162=VERTEX_POINT('',#11947);
#5163=VERTEX_POINT('',#11950);
#5164=VERTEX_POINT('',#11953);
#5165=VERTEX_POINT('',#11955);
#5166=VERTEX_POINT('',#11958);
#5167=VERTEX_POINT('',#11962);
#5168=VERTEX_POINT('',#11965);
#5169=VERTEX_POINT('',#11968);
#5170=VERTEX_POINT('',#11972);
#5171=VERTEX_POINT('',#11974);
#5172=VERTEX_POINT('',#11978);
#5173=VERTEX_POINT('',#11982);
#5174=VERTEX_POINT('',#11986);
#5175=VERTEX_POINT('',#11991);
#5176=VERTEX_POINT('',#11996);
#5177=VERTEX_POINT('',#11998);
#5178=VERTEX_POINT('',#11999);
#5179=VERTEX_POINT('',#12001);
#5180=VERTEX_POINT('',#12003);
#5181=VERTEX_POINT('',#12007);
#5182=VERTEX_POINT('',#12008);
#5183=VERTEX_POINT('',#12010);
#5184=VERTEX_POINT('',#12012);
#5185=VERTEX_POINT('',#12014);
#5186=VERTEX_POINT('',#12016);
#5187=VERTEX_POINT('',#12018);
#5188=VERTEX_POINT('',#12021);
#5189=VERTEX_POINT('',#12022);
#5190=VERTEX_POINT('',#12024);
#5191=VERTEX_POINT('',#12026);
#5192=VERTEX_POINT('',#12028);
#5193=VERTEX_POINT('',#12030);
#5194=VERTEX_POINT('',#12034);
#5195=VERTEX_POINT('',#12036);
#5196=VERTEX_POINT('',#12038);
#5197=VERTEX_POINT('',#12041);
#5198=VERTEX_POINT('',#12044);
#5199=VERTEX_POINT('',#12051);
#5200=VERTEX_POINT('',#12054);
#5201=VERTEX_POINT('',#12056);
#5202=VERTEX_POINT('',#12066);
#5203=VERTEX_POINT('',#12067);
#5204=VERTEX_POINT('',#12070);
#5205=VERTEX_POINT('',#12074);
#5206=VERTEX_POINT('',#12076);
#5207=VERTEX_POINT('',#12080);
#5208=VERTEX_POINT('',#12084);
#5209=VERTEX_POINT('',#12088);
#5210=VERTEX_POINT('',#12092);
#5211=VERTEX_POINT('',#12098);
#5212=VERTEX_POINT('',#12099);
#5213=VERTEX_POINT('',#12101);
#5214=VERTEX_POINT('',#12103);
#5215=VERTEX_POINT('',#12105);
#5216=VERTEX_POINT('',#12107);
#5217=VERTEX_POINT('',#12111);
#5218=VERTEX_POINT('',#12113);
#5219=VERTEX_POINT('',#12117);
#5220=VERTEX_POINT('',#12121);
#5221=VERTEX_POINT('',#12125);
#5222=VERTEX_POINT('',#12129);
#5223=VERTEX_POINT('',#12290);
#5224=VERTEX_POINT('',#12292);
#5225=VERTEX_POINT('',#12296);
#5226=VERTEX_POINT('',#12300);
#5227=VERTEX_POINT('',#12304);
#5228=VERTEX_POINT('',#12463);
#5229=VERTEX_POINT('',#12470);
#5230=VERTEX_POINT('',#12480);
#5231=VERTEX_POINT('',#12481);
#5232=VERTEX_POINT('',#12483);
#5233=VERTEX_POINT('',#12485);
#5234=VERTEX_POINT('',#12487);
#5235=VERTEX_POINT('',#12489);
#5236=VERTEX_POINT('',#12492);
#5237=VERTEX_POINT('',#12494);
#5238=VERTEX_POINT('',#12498);
#5239=VERTEX_POINT('',#12500);
#5240=VERTEX_POINT('',#12502);
#5241=VERTEX_POINT('',#12511);
#5242=VERTEX_POINT('',#12515);
#5243=VERTEX_POINT('',#12517);
#5244=VERTEX_POINT('',#12521);
#5245=VERTEX_POINT('',#12525);
#5246=VERTEX_POINT('',#12529);
#5247=VERTEX_POINT('',#12533);
#5248=VERTEX_POINT('',#12539);
#5249=VERTEX_POINT('',#12540);
#5250=VERTEX_POINT('',#12542);
#5251=VERTEX_POINT('',#12544);
#5252=VERTEX_POINT('',#12548);
#5253=VERTEX_POINT('',#12550);
#5254=VERTEX_POINT('',#12554);
#5255=VERTEX_POINT('',#12556);
#5256=VERTEX_POINT('',#12560);
#5257=VERTEX_POINT('',#12562);
#5258=VERTEX_POINT('',#12566);
#5259=VERTEX_POINT('',#12568);
#5260=VERTEX_POINT('',#12731);
#5261=VERTEX_POINT('',#12733);
#5262=VERTEX_POINT('',#12737);
#5263=VERTEX_POINT('',#12741);
#5264=VERTEX_POINT('',#12745);
#5265=VERTEX_POINT('',#12904);
#5266=VERTEX_POINT('',#12911);
#5267=VERTEX_POINT('',#12916);
#5268=VERTEX_POINT('',#12917);
#5269=VERTEX_POINT('',#12919);
#5270=VERTEX_POINT('',#12921);
#5271=VERTEX_POINT('',#12923);
#5272=VERTEX_POINT('',#12925);
#5273=VERTEX_POINT('',#12927);
#5274=VERTEX_POINT('',#12929);
#5275=VERTEX_POINT('',#12933);
#5276=VERTEX_POINT('',#12934);
#5277=VERTEX_POINT('',#12936);
#5278=VERTEX_POINT('',#12938);
#5279=VERTEX_POINT('',#12942);
#5280=VERTEX_POINT('',#12944);
#5281=VERTEX_POINT('',#12946);
#5282=VERTEX_POINT('',#12950);
#5283=VERTEX_POINT('',#12957);
#5284=VERTEX_POINT('',#12958);
#5285=VERTEX_POINT('',#12960);
#5286=VERTEX_POINT('',#12962);
#5287=VERTEX_POINT('',#12964);
#5288=VERTEX_POINT('',#12966);
#5289=VERTEX_POINT('',#12968);
#5290=VERTEX_POINT('',#12970);
#5291=VERTEX_POINT('',#12974);
#5292=VERTEX_POINT('',#12975);
#5293=VERTEX_POINT('',#12977);
#5294=VERTEX_POINT('',#12979);
#5295=VERTEX_POINT('',#12984);
#5296=VERTEX_POINT('',#12988);
#5297=VERTEX_POINT('',#12995);
#5298=VERTEX_POINT('',#12996);
#5299=VERTEX_POINT('',#12998);
#5300=VERTEX_POINT('',#13000);
#5301=VERTEX_POINT('',#13002);
#5302=VERTEX_POINT('',#13004);
#5303=VERTEX_POINT('',#13006);
#5304=VERTEX_POINT('',#13008);
#5305=VERTEX_POINT('',#13012);
#5306=VERTEX_POINT('',#13013);
#5307=VERTEX_POINT('',#13015);
#5308=VERTEX_POINT('',#13017);
#5309=VERTEX_POINT('',#13022);
#5310=VERTEX_POINT('',#13026);
#5311=VERTEX_POINT('',#13033);
#5312=VERTEX_POINT('',#13034);
#5313=VERTEX_POINT('',#13036);
#5314=VERTEX_POINT('',#13038);
#5315=VERTEX_POINT('',#13042);
#5316=VERTEX_POINT('',#13044);
#5317=VERTEX_POINT('',#13048);
#5318=VERTEX_POINT('',#13050);
#5319=VERTEX_POINT('',#13054);
#5320=VERTEX_POINT('',#13056);
#5321=VERTEX_POINT('',#13060);
#5322=VERTEX_POINT('',#13062);
#5323=VERTEX_POINT('',#13070);
#5324=VERTEX_POINT('',#13072);
#5325=VERTEX_POINT('',#13074);
#5326=VERTEX_POINT('',#13076);
#5327=VERTEX_POINT('',#13080);
#5328=VERTEX_POINT('',#13082);
#5329=VERTEX_POINT('',#13084);
#5330=VERTEX_POINT('',#13086);
#5331=VERTEX_POINT('',#13088);
#5332=VERTEX_POINT('',#13092);
#5333=VERTEX_POINT('',#13094);
#5334=VERTEX_POINT('',#13098);
#5335=VERTEX_POINT('',#13099);
#5336=VERTEX_POINT('',#13101);
#5337=VERTEX_POINT('',#13103);
#5338=VERTEX_POINT('',#13105);
#5339=VERTEX_POINT('',#13107);
#5340=VERTEX_POINT('',#13109);
#5341=VERTEX_POINT('',#13111);
#5342=VERTEX_POINT('',#13114);
#5343=VERTEX_POINT('',#13115);
#5344=VERTEX_POINT('',#13117);
#5345=VERTEX_POINT('',#13119);
#5346=VERTEX_POINT('',#13121);
#5347=VERTEX_POINT('',#13123);
#5348=VERTEX_POINT('',#13130);
#5349=VERTEX_POINT('',#13132);
#5350=VERTEX_POINT('',#13136);
#5351=VERTEX_POINT('',#13138);
#5352=VERTEX_POINT('',#13142);
#5353=VERTEX_POINT('',#13143);
#5354=VERTEX_POINT('',#13145);
#5355=VERTEX_POINT('',#13147);
#5356=VERTEX_POINT('',#13149);
#5357=VERTEX_POINT('',#13151);
#5358=VERTEX_POINT('',#13154);
#5359=VERTEX_POINT('',#13156);
#5360=VERTEX_POINT('',#13158);
#5361=VERTEX_POINT('',#13160);
#5362=VERTEX_POINT('',#13162);
#5363=VERTEX_POINT('',#13164);
#5364=VERTEX_POINT('',#13167);
#5365=VERTEX_POINT('',#13168);
#5366=VERTEX_POINT('',#13170);
#5367=VERTEX_POINT('',#13172);
#5368=VERTEX_POINT('',#13174);
#5369=VERTEX_POINT('',#13176);
#5370=VERTEX_POINT('',#13180);
#5371=VERTEX_POINT('',#13182);
#5372=VERTEX_POINT('',#13186);
#5373=VERTEX_POINT('',#13188);
#5374=VERTEX_POINT('',#13192);
#5375=VERTEX_POINT('',#13193);
#5376=VERTEX_POINT('',#13195);
#5377=VERTEX_POINT('',#13197);
#5378=VERTEX_POINT('',#13199);
#5379=VERTEX_POINT('',#13201);
#5380=VERTEX_POINT('',#13204);
#5381=VERTEX_POINT('',#13206);
#5382=VERTEX_POINT('',#13208);
#5383=VERTEX_POINT('',#13210);
#5384=VERTEX_POINT('',#13212);
#5385=VERTEX_POINT('',#13214);
#5386=VERTEX_POINT('',#13217);
#5387=VERTEX_POINT('',#13218);
#5388=VERTEX_POINT('',#13220);
#5389=VERTEX_POINT('',#13222);
#5390=VERTEX_POINT('',#13224);
#5391=VERTEX_POINT('',#13226);
#5392=VERTEX_POINT('',#13230);
#5393=VERTEX_POINT('',#13231);
#5394=VERTEX_POINT('',#13234);
#5395=VERTEX_POINT('',#13236);
#5396=VERTEX_POINT('',#13241);
#5397=VERTEX_POINT('',#13243);
#5398=VERTEX_POINT('',#13247);
#5399=VERTEX_POINT('',#13248);
#5400=VERTEX_POINT('',#13250);
#5401=VERTEX_POINT('',#13252);
#5402=VERTEX_POINT('',#13254);
#5403=VERTEX_POINT('',#13256);
#5404=VERTEX_POINT('',#13259);
#5405=VERTEX_POINT('',#13261);
#5406=VERTEX_POINT('',#13263);
#5407=VERTEX_POINT('',#13265);
#5408=VERTEX_POINT('',#13267);
#5409=VERTEX_POINT('',#13269);
#5410=VERTEX_POINT('',#13272);
#5411=VERTEX_POINT('',#13273);
#5412=VERTEX_POINT('',#13275);
#5413=VERTEX_POINT('',#13277);
#5414=VERTEX_POINT('',#13279);
#5415=VERTEX_POINT('',#13281);
#5416=VERTEX_POINT('',#13285);
#5417=VERTEX_POINT('',#13287);
#5418=VERTEX_POINT('',#13289);
#5419=VERTEX_POINT('',#13291);
#5420=VERTEX_POINT('',#13294);
#5421=VERTEX_POINT('',#13296);
#5422=VERTEX_POINT('',#13298);
#5423=VERTEX_POINT('',#13300);
#5424=VERTEX_POINT('',#13303);
#5425=VERTEX_POINT('',#13305);
#5426=VERTEX_POINT('',#13307);
#5427=VERTEX_POINT('',#13309);
#5428=VERTEX_POINT('',#13312);
#5429=VERTEX_POINT('',#13314);
#5430=VERTEX_POINT('',#13316);
#5431=VERTEX_POINT('',#13318);
#5432=VERTEX_POINT('',#13323);
#5433=VERTEX_POINT('',#13327);
#5434=VERTEX_POINT('',#13337);
#5435=VERTEX_POINT('',#13344);
#5436=VERTEX_POINT('',#13346);
#5437=VERTEX_POINT('',#13350);
#5438=VERTEX_POINT('',#13354);
#5439=VERTEX_POINT('',#13358);
#5440=VERTEX_POINT('',#13362);
#5441=VERTEX_POINT('',#13369);
#5442=VERTEX_POINT('',#13376);
#5443=VERTEX_POINT('',#13378);
#5444=VERTEX_POINT('',#13382);
#5445=VERTEX_POINT('',#13386);
#5446=VERTEX_POINT('',#13390);
#5447=VERTEX_POINT('',#13394);
#5448=VERTEX_POINT('',#13402);
#5449=VERTEX_POINT('',#13406);
#5450=VERTEX_POINT('',#13416);
#5451=VERTEX_POINT('',#13423);
#5452=VERTEX_POINT('',#13425);
#5453=VERTEX_POINT('',#13429);
#5454=VERTEX_POINT('',#13433);
#5455=VERTEX_POINT('',#13437);
#5456=VERTEX_POINT('',#13441);
#5457=VERTEX_POINT('',#13448);
#5458=VERTEX_POINT('',#13452);
#5459=VERTEX_POINT('',#13461);
#5460=VERTEX_POINT('',#13465);
#5461=VERTEX_POINT('',#13475);
#5462=VERTEX_POINT('',#13482);
#5463=VERTEX_POINT('',#13484);
#5464=VERTEX_POINT('',#13488);
#5465=VERTEX_POINT('',#13492);
#5466=VERTEX_POINT('',#13496);
#5467=VERTEX_POINT('',#13500);
#5468=VERTEX_POINT('',#13507);
#5469=VERTEX_POINT('',#13514);
#5470=VERTEX_POINT('',#13516);
#5471=VERTEX_POINT('',#13520);
#5472=VERTEX_POINT('',#13524);
#5473=VERTEX_POINT('',#13528);
#5474=VERTEX_POINT('',#13532);
#5475=VERTEX_POINT('',#13539);
#5476=VERTEX_POINT('',#13549);
#5477=VERTEX_POINT('',#13556);
#5478=VERTEX_POINT('',#13558);
#5479=VERTEX_POINT('',#13562);
#5480=VERTEX_POINT('',#13566);
#5481=VERTEX_POINT('',#13570);
#5482=VERTEX_POINT('',#13574);
#5483=VERTEX_POINT('',#13581);
#5484=VERTEX_POINT('',#13588);
#5485=VERTEX_POINT('',#13590);
#5486=VERTEX_POINT('',#13594);
#5487=VERTEX_POINT('',#13598);
#5488=VERTEX_POINT('',#13602);
#5489=VERTEX_POINT('',#13606);
#5490=VERTEX_POINT('',#13613);
#5491=VERTEX_POINT('',#13617);
#5492=VERTEX_POINT('',#13624);
#5493=VERTEX_POINT('',#13626);
#5494=VERTEX_POINT('',#13630);
#5495=VERTEX_POINT('',#13635);
#5496=VERTEX_POINT('',#13636);
#5497=VERTEX_POINT('',#13638);
#5498=VERTEX_POINT('',#13640);
#5499=VERTEX_POINT('',#13644);
#5500=VERTEX_POINT('',#13645);
#5501=VERTEX_POINT('',#13647);
#5502=VERTEX_POINT('',#13649);
#5503=VERTEX_POINT('',#13653);
#5504=VERTEX_POINT('',#13654);
#5505=VERTEX_POINT('',#13656);
#5506=VERTEX_POINT('',#13658);
#5507=VERTEX_POINT('',#13688);
#5508=VERTEX_POINT('',#13690);
#5509=VERTEX_POINT('',#13694);
#5510=VERTEX_POINT('',#13696);
#5511=VERTEX_POINT('',#13699);
#5512=VERTEX_POINT('',#13701);
#5513=VERTEX_POINT('',#13705);
#5514=VERTEX_POINT('',#13707);
#5515=VERTEX_POINT('',#13711);
#5516=VERTEX_POINT('',#13712);
#5517=VERTEX_POINT('',#13720);
#5518=VERTEX_POINT('',#13721);
#5519=VERTEX_POINT('',#13723);
#5520=VERTEX_POINT('',#13725);
#5521=VERTEX_POINT('',#13752);
#5522=VERTEX_POINT('',#13754);
#5523=VERTEX_POINT('',#13758);
#5524=VERTEX_POINT('',#13785);
#5525=VERTEX_POINT('',#13791);
#5526=VERTEX_POINT('',#13794);
#5527=VERTEX_POINT('',#13797);
#5528=VERTEX_POINT('',#13799);
#5529=VERTEX_POINT('',#13802);
#5530=VERTEX_POINT('',#13805);
#5531=VERTEX_POINT('',#13807);
#5532=VERTEX_POINT('',#13808);
#5533=VERTEX_POINT('',#13810);
#5534=VERTEX_POINT('',#13812);
#5535=VERTEX_POINT('',#13816);
#5536=VERTEX_POINT('',#13818);
#5537=VERTEX_POINT('',#13822);
#5538=VERTEX_POINT('',#13826);
#5539=VERTEX_POINT('',#13832);
#5540=VERTEX_POINT('',#13835);
#5541=VERTEX_POINT('',#13838);
#5542=VERTEX_POINT('',#13841);
#5543=VERTEX_POINT('',#13844);
#5544=VERTEX_POINT('',#13846);
#5545=VERTEX_POINT('',#13849);
#5546=VERTEX_POINT('',#13851);
#5547=VERTEX_POINT('',#13855);
#5548=VERTEX_POINT('',#13862);
#5549=VERTEX_POINT('',#13864);
#5550=VERTEX_POINT('',#13912);
#5551=VERTEX_POINT('',#13916);
#5552=VERTEX_POINT('',#13921);
#5553=VERTEX_POINT('',#13922);
#5554=VERTEX_POINT('',#13924);
#5555=VERTEX_POINT('',#13926);
#5556=VERTEX_POINT('',#13930);
#5557=VERTEX_POINT('',#13931);
#5558=VERTEX_POINT('',#13933);
#5559=VERTEX_POINT('',#13935);
#5560=VERTEX_POINT('',#13939);
#5561=VERTEX_POINT('',#13940);
#5562=VERTEX_POINT('',#13942);
#5563=VERTEX_POINT('',#13944);
#5564=VERTEX_POINT('',#13960);
#5565=VERTEX_POINT('',#13961);
#5566=VERTEX_POINT('',#13979);
#5567=VERTEX_POINT('',#13980);
#5568=VERTEX_POINT('',#13998);
#5569=VERTEX_POINT('',#13999);
#5570=VERTEX_POINT('',#14017);
#5571=VERTEX_POINT('',#14018);
#5572=VERTEX_POINT('',#14036);
#5573=VERTEX_POINT('',#14037);
#5574=VERTEX_POINT('',#14055);
#5575=VERTEX_POINT('',#14056);
#5576=VERTEX_POINT('',#14074);
#5577=VERTEX_POINT('',#14075);
#5578=VERTEX_POINT('',#14093);
#5579=VERTEX_POINT('',#14094);
#5580=VERTEX_POINT('',#14112);
#5581=VERTEX_POINT('',#14113);
#5582=VERTEX_POINT('',#14131);
#5583=VERTEX_POINT('',#14132);
#5584=VERTEX_POINT('',#14150);
#5585=VERTEX_POINT('',#14151);
#5586=VERTEX_POINT('',#14157);
#5587=VERTEX_POINT('',#14158);
#5588=VERTEX_POINT('',#14160);
#5589=VERTEX_POINT('',#14162);
#5590=VERTEX_POINT('',#14166);
#5591=VERTEX_POINT('',#14168);
#5592=VERTEX_POINT('',#14169);
#5593=VERTEX_POINT('',#14171);
#5594=VERTEX_POINT('',#14173);
#5595=VERTEX_POINT('',#14177);
#5596=VERTEX_POINT('',#14179);
#5597=VERTEX_POINT('',#14182);
#5598=VERTEX_POINT('',#14186);
#5599=VERTEX_POINT('',#14193);
#5600=VERTEX_POINT('',#14195);
#5601=VERTEX_POINT('',#14197);
#5602=VERTEX_POINT('',#14199);
#5603=VERTEX_POINT('',#14205);
#5604=VERTEX_POINT('',#14209);
#5605=VERTEX_POINT('',#14238);
#5606=VERTEX_POINT('',#14239);
#5607=VERTEX_POINT('',#14371);
#5608=VERTEX_POINT('',#14373);
#5609=VERTEX_POINT('',#14402);
#5610=VERTEX_POINT('',#14415);
#5611=VERTEX_POINT('',#14417);
#5612=VERTEX_POINT('',#14434);
#5613=VERTEX_POINT('',#14437);
#5614=VERTEX_POINT('',#14443);
#5615=VERTEX_POINT('',#14445);
#5616=VERTEX_POINT('',#14447);
#5617=VERTEX_POINT('',#14449);
#5618=VERTEX_POINT('',#14451);
#5619=VERTEX_POINT('',#14453);
#5620=VERTEX_POINT('',#14456);
#5621=VERTEX_POINT('',#14458);
#5622=VERTEX_POINT('',#14461);
#5623=VERTEX_POINT('',#14463);
#5624=VERTEX_POINT('',#14467);
#5625=VERTEX_POINT('',#14469);
#5626=VERTEX_POINT('',#14473);
#5627=VERTEX_POINT('',#14477);
#5628=VERTEX_POINT('',#14483);
#5629=VERTEX_POINT('',#14487);
#5630=VERTEX_POINT('',#14493);
#5631=VERTEX_POINT('',#14497);
#5632=VERTEX_POINT('',#14503);
#5633=VERTEX_POINT('',#14507);
#5634=VERTEX_POINT('',#14514);
#5635=VERTEX_POINT('',#14518);
#5636=VERTEX_POINT('',#14523);
#5637=VERTEX_POINT('',#14525);
#5638=VERTEX_POINT('',#14527);
#5639=VERTEX_POINT('',#14528);
#5640=VERTEX_POINT('',#14530);
#5641=VERTEX_POINT('',#14532);
#5642=VERTEX_POINT('',#14534);
#5643=VERTEX_POINT('',#14536);
#5644=VERTEX_POINT('',#14538);
#5645=VERTEX_POINT('',#14540);
#5646=VERTEX_POINT('',#14542);
#5647=VERTEX_POINT('',#14544);
#5648=VERTEX_POINT('',#14546);
#5649=VERTEX_POINT('',#14548);
#5650=VERTEX_POINT('',#14550);
#5651=VERTEX_POINT('',#14552);
#5652=VERTEX_POINT('',#14554);
#5653=VERTEX_POINT('',#14556);
#5654=VERTEX_POINT('',#14558);
#5655=VERTEX_POINT('',#14560);
#5656=VERTEX_POINT('',#14562);
#5657=VERTEX_POINT('',#14564);
#5658=VERTEX_POINT('',#14568);
#5659=VERTEX_POINT('',#14569);
#5660=VERTEX_POINT('',#14575);
#5661=VERTEX_POINT('',#14576);
#5662=VERTEX_POINT('',#14578);
#5663=VERTEX_POINT('',#14580);
#5664=VERTEX_POINT('',#14582);
#5665=VERTEX_POINT('',#14584);
#5666=VERTEX_POINT('',#14586);
#5667=VERTEX_POINT('',#14588);
#5668=VERTEX_POINT('',#14590);
#5669=VERTEX_POINT('',#14592);
#5670=VERTEX_POINT('',#14594);
#5671=VERTEX_POINT('',#14596);
#5672=VERTEX_POINT('',#14598);
#5673=VERTEX_POINT('',#14600);
#5674=VERTEX_POINT('',#14602);
#5675=VERTEX_POINT('',#14604);
#5676=VERTEX_POINT('',#14607);
#5677=VERTEX_POINT('',#14609);
#5678=VERTEX_POINT('',#14612);
#5679=VERTEX_POINT('',#14614);
#5680=VERTEX_POINT('',#14618);
#5681=VERTEX_POINT('',#14620);
#5682=VERTEX_POINT('',#14622);
#5683=VERTEX_POINT('',#14623);
#5684=VERTEX_POINT('',#14625);
#5685=VERTEX_POINT('',#14627);
#5686=VERTEX_POINT('',#14629);
#5687=VERTEX_POINT('',#14631);
#5688=VERTEX_POINT('',#14633);
#5689=VERTEX_POINT('',#14635);
#5690=VERTEX_POINT('',#14637);
#5691=VERTEX_POINT('',#14639);
#5692=VERTEX_POINT('',#14641);
#5693=VERTEX_POINT('',#14643);
#5694=VERTEX_POINT('',#14645);
#5695=VERTEX_POINT('',#14647);
#5696=VERTEX_POINT('',#14649);
#5697=VERTEX_POINT('',#14651);
#5698=VERTEX_POINT('',#14653);
#5699=VERTEX_POINT('',#14655);
#5700=VERTEX_POINT('',#14657);
#5701=VERTEX_POINT('',#14659);
#5702=VERTEX_POINT('',#14663);
#5703=VERTEX_POINT('',#14664);
#5704=VERTEX_POINT('',#14670);
#5705=VERTEX_POINT('',#14672);
#5706=VERTEX_POINT('',#14673);
#5707=VERTEX_POINT('',#14675);
#5708=VERTEX_POINT('',#14677);
#5709=VERTEX_POINT('',#14679);
#5710=VERTEX_POINT('',#14681);
#5711=VERTEX_POINT('',#14683);
#5712=VERTEX_POINT('',#14685);
#5713=VERTEX_POINT('',#14688);
#5714=VERTEX_POINT('',#14690);
#5715=VERTEX_POINT('',#14692);
#5716=VERTEX_POINT('',#14694);
#5717=VERTEX_POINT('',#14696);
#5718=VERTEX_POINT('',#14698);
#5719=VERTEX_POINT('',#14701);
#5720=VERTEX_POINT('',#14704);
#5721=VERTEX_POINT('',#14706);
#5722=VERTEX_POINT('',#14709);
#5723=VERTEX_POINT('',#14712);
#5724=VERTEX_POINT('',#14751);
#5725=VERTEX_POINT('',#14753);
#5726=VERTEX_POINT('',#14793);
#5727=VERTEX_POINT('',#14795);
#5728=VERTEX_POINT('',#14804);
#5729=VERTEX_POINT('',#14809);
#5730=VERTEX_POINT('',#14811);
#5731=VERTEX_POINT('',#14814);
#5732=VERTEX_POINT('',#14816);
#5733=VERTEX_POINT('',#14817);
#5734=VERTEX_POINT('',#14819);
#5735=VERTEX_POINT('',#14821);
#5736=VERTEX_POINT('',#14823);
#5737=VERTEX_POINT('',#14825);
#5738=VERTEX_POINT('',#14832);
#5739=VERTEX_POINT('',#14842);
#5740=VERTEX_POINT('',#14852);
#5741=VERTEX_POINT('',#14853);
#5742=VERTEX_POINT('',#14855);
#5743=VERTEX_POINT('',#14862);
#5744=VERTEX_POINT('',#14867);
#5745=VERTEX_POINT('',#14877);
#5746=VERTEX_POINT('',#14887);
#5747=VERTEX_POINT('',#14889);
#5748=VERTEX_POINT('',#14899);
#5749=VERTEX_POINT('',#14909);
#5750=VERTEX_POINT('',#14911);
#5751=VERTEX_POINT('',#14921);
#5752=VERTEX_POINT('',#14928);
#5753=VERTEX_POINT('',#14933);
#5754=VERTEX_POINT('',#14943);
#5755=VERTEX_POINT('',#14954);
#5756=VERTEX_POINT('',#14973);
#5757=VERTEX_POINT('',#14976);
#5758=VERTEX_POINT('',#14979);
#5759=VERTEX_POINT('',#14982);
#5760=VERTEX_POINT('',#14985);
#5761=VERTEX_POINT('',#14991);
#5762=VERTEX_POINT('',#14992);
#5763=VERTEX_POINT('',#14994);
#5764=VERTEX_POINT('',#14996);
#5765=VERTEX_POINT('',#14999);
#5766=VERTEX_POINT('',#15001);
#5767=VERTEX_POINT('',#15002);
#5768=VERTEX_POINT('',#15004);
#5769=VERTEX_POINT('',#15006);
#5770=VERTEX_POINT('',#15008);
#5771=VERTEX_POINT('',#15010);
#5772=VERTEX_POINT('',#15012);
#5773=VERTEX_POINT('',#15014);
#5774=VERTEX_POINT('',#15016);
#5775=VERTEX_POINT('',#15018);
#5776=VERTEX_POINT('',#15020);
#5777=VERTEX_POINT('',#15022);
#5778=VERTEX_POINT('',#15024);
#5779=VERTEX_POINT('',#15026);
#5780=VERTEX_POINT('',#15028);
#5781=VERTEX_POINT('',#15030);
#5782=VERTEX_POINT('',#15032);
#5783=VERTEX_POINT('',#15034);
#5784=VERTEX_POINT('',#15036);
#5785=VERTEX_POINT('',#15038);
#5786=VERTEX_POINT('',#15040);
#5787=VERTEX_POINT('',#15042);
#5788=VERTEX_POINT('',#15044);
#5789=VERTEX_POINT('',#15046);
#5790=VERTEX_POINT('',#15048);
#5791=VERTEX_POINT('',#15050);
#5792=VERTEX_POINT('',#15052);
#5793=VERTEX_POINT('',#15054);
#5794=VERTEX_POINT('',#15056);
#5795=VERTEX_POINT('',#15058);
#5796=VERTEX_POINT('',#15060);
#5797=VERTEX_POINT('',#15062);
#5798=VERTEX_POINT('',#15064);
#5799=VERTEX_POINT('',#15066);
#5800=VERTEX_POINT('',#15068);
#5801=VERTEX_POINT('',#15070);
#5802=VERTEX_POINT('',#15072);
#5803=VERTEX_POINT('',#15075);
#5804=VERTEX_POINT('',#15076);
#5805=VERTEX_POINT('',#15078);
#5806=VERTEX_POINT('',#15082);
#5807=VERTEX_POINT('',#15084);
#5808=VERTEX_POINT('',#15085);
#5809=VERTEX_POINT('',#15087);
#5810=VERTEX_POINT('',#15089);
#5811=VERTEX_POINT('',#15091);
#5812=VERTEX_POINT('',#15093);
#5813=VERTEX_POINT('',#15095);
#5814=VERTEX_POINT('',#15097);
#5815=VERTEX_POINT('',#15099);
#5816=VERTEX_POINT('',#15101);
#5817=VERTEX_POINT('',#15103);
#5818=VERTEX_POINT('',#15105);
#5819=VERTEX_POINT('',#15107);
#5820=VERTEX_POINT('',#15109);
#5821=VERTEX_POINT('',#15111);
#5822=VERTEX_POINT('',#15113);
#5823=VERTEX_POINT('',#15115);
#5824=VERTEX_POINT('',#15117);
#5825=VERTEX_POINT('',#15119);
#5826=VERTEX_POINT('',#15121);
#5827=VERTEX_POINT('',#15123);
#5828=VERTEX_POINT('',#15125);
#5829=VERTEX_POINT('',#15127);
#5830=VERTEX_POINT('',#15129);
#5831=VERTEX_POINT('',#15131);
#5832=VERTEX_POINT('',#15133);
#5833=VERTEX_POINT('',#15135);
#5834=VERTEX_POINT('',#15137);
#5835=VERTEX_POINT('',#15139);
#5836=VERTEX_POINT('',#15141);
#5837=VERTEX_POINT('',#15143);
#5838=VERTEX_POINT('',#15145);
#5839=VERTEX_POINT('',#15147);
#5840=VERTEX_POINT('',#15149);
#5841=VERTEX_POINT('',#15151);
#5842=VERTEX_POINT('',#15153);
#5843=VERTEX_POINT('',#15155);
#5844=VERTEX_POINT('',#15158);
#5845=VERTEX_POINT('',#15159);
#5846=VERTEX_POINT('',#15161);
#5847=VERTEX_POINT('',#15246);
#5848=VERTEX_POINT('',#15248);
#5849=VERTEX_POINT('',#15252);
#5850=VERTEX_POINT('',#15256);
#5851=VERTEX_POINT('',#15264);
#5852=VERTEX_POINT('',#15265);
#5853=VERTEX_POINT('',#15270);
#5854=VERTEX_POINT('',#15275);
#5855=VERTEX_POINT('',#15277);
#5856=VERTEX_POINT('',#15279);
#5857=VERTEX_POINT('',#15283);
#5858=VERTEX_POINT('',#15284);
#5859=VERTEX_POINT('',#15289);
#5860=VERTEX_POINT('',#15294);
#5861=VERTEX_POINT('',#15296);
#5862=VERTEX_POINT('',#15298);
#5863=VERTEX_POINT('',#15302);
#5864=VERTEX_POINT('',#15303);
#5865=VERTEX_POINT('',#15308);
#5866=VERTEX_POINT('',#15313);
#5867=VERTEX_POINT('',#15315);
#5868=VERTEX_POINT('',#15317);
#5869=VERTEX_POINT('',#15324);
#5870=VERTEX_POINT('',#15330);
#5871=VERTEX_POINT('',#15337);
#5872=VERTEX_POINT('',#15343);
#5873=VERTEX_POINT('',#15350);
#5874=VERTEX_POINT('',#15356);
#5875=VERTEX_POINT('',#15360);
#5876=VERTEX_POINT('',#15362);
#5877=VERTEX_POINT('',#15378);
#5878=VERTEX_POINT('',#15380);
#5879=VERTEX_POINT('',#15383);
#5880=VERTEX_POINT('',#15403);
#5881=VERTEX_POINT('',#15404);
#5882=VERTEX_POINT('',#15409);
#5883=VERTEX_POINT('',#15411);
#5884=VERTEX_POINT('',#15421);
#5885=VERTEX_POINT('',#15422);
#5886=VERTEX_POINT('',#15424);
#5887=VERTEX_POINT('',#15429);
#5888=VERTEX_POINT('',#15433);
#5889=VERTEX_POINT('',#15435);
#5890=VERTEX_POINT('',#15437);
#5891=VERTEX_POINT('',#15439);
#5892=VERTEX_POINT('',#15443);
#5893=VERTEX_POINT('',#15467);
#5894=VERTEX_POINT('',#15469);
#5895=VERTEX_POINT('',#15472);
#5896=VERTEX_POINT('',#15474);
#5897=VERTEX_POINT('',#15477);
#5898=VERTEX_POINT('',#15748);
#5899=VERTEX_POINT('',#15751);
#5900=VERTEX_POINT('',#15753);
#5901=VERTEX_POINT('',#15756);
#5902=VERTEX_POINT('',#15758);
#5903=VERTEX_POINT('',#15761);
#5904=VERTEX_POINT('',#15768);
#5905=VERTEX_POINT('',#15772);
#5906=CIRCLE('',#8522,0.015);
#5907=CIRCLE('',#8524,0.015);
#5908=CIRCLE('',#8526,0.035);
#5909=CIRCLE('',#8528,0.04);
#5910=CIRCLE('',#8530,0.0395);
#5911=CIRCLE('',#8532,0.0395);
#5912=CIRCLE('',#8534,0.04);
#5913=CIRCLE('',#8536,0.042);
#5914=CIRCLE('',#8538,0.04125);
#5915=CIRCLE('',#8540,0.04125);
#5916=CIRCLE('',#8542,0.042);
#5917=CIRCLE('',#8543,0.042);
#5918=CIRCLE('',#8545,0.035);
#5919=CIRCLE('',#8548,0.035);
#5920=CIRCLE('',#8550,0.015);
#5921=CIRCLE('',#8552,0.015);
#5922=CIRCLE('',#8556,0.02);
#5923=CIRCLE('',#8559,0.015);
#5924=CIRCLE('',#8560,0.02);
#5925=CIRCLE('',#8563,0.015);
#5926=CIRCLE('',#8567,0.015);
#5927=CIRCLE('',#8568,0.085);
#5928=CIRCLE('',#8569,0.04);
#5929=CIRCLE('',#8570,0.085);
#5930=CIRCLE('',#8572,0.0358503835404867);
#5931=CIRCLE('',#8573,0.085);
#5932=CIRCLE('',#8574,0.04);
#5933=CIRCLE('',#8575,0.085);
#5934=CIRCLE('',#8576,0.0358503835404867);
#5935=CIRCLE('',#8577,0.087);
#5936=CIRCLE('',#8578,0.038);
#5937=CIRCLE('',#8579,0.087);
#5938=CIRCLE('',#8580,0.0338503835404868);
#5939=CIRCLE('',#8581,0.0338503835404867);
#5940=CIRCLE('',#8583,0.0275);
#5941=CIRCLE('',#8584,0.0275);
#5942=CIRCLE('',#8585,0.0275);
#5943=CIRCLE('',#8586,0.0275);
#5944=CIRCLE('',#8587,0.0275);
#5945=CIRCLE('',#8589,0.015);
#5946=CIRCLE('',#8593,0.0358503835404867);
#5947=CIRCLE('',#8598,0.0358503835404867);
#5948=CIRCLE('',#8600,0.038);
#5949=CIRCLE('',#8602,0.087);
#5950=CIRCLE('',#8604,0.0338503835404867);
#5951=CIRCLE('',#8607,0.0338503835404868);
#5952=CIRCLE('',#8609,0.087);
#5953=CIRCLE('',#8611,0.085);
#5954=CIRCLE('',#8612,0.04);
#5955=CIRCLE('',#8613,0.085);
#5956=CIRCLE('',#8614,0.0358503835404868);
#5957=CIRCLE('',#8615,0.0358503835404867);
#5958=CIRCLE('',#8617,0.085);
#5959=CIRCLE('',#8619,0.0358503835404867);
#5960=CIRCLE('',#8622,0.0358503835404868);
#5961=CIRCLE('',#8624,0.085);
#5962=CIRCLE('',#8626,0.04);
#5963=CIRCLE('',#8627,0.0198503835404867);
#5964=CIRCLE('',#8629,0.101);
#5965=CIRCLE('',#8631,0.024);
#5966=CIRCLE('',#8633,0.101);
#5967=CIRCLE('',#8634,0.0198503835404867);
#5968=CIRCLE('',#8638,0.015);
#5969=CIRCLE('',#8644,0.087);
#5970=CIRCLE('',#8645,0.038);
#5971=CIRCLE('',#8646,0.087);
#5972=CIRCLE('',#8647,0.0338503835404867);
#5973=CIRCLE('',#8648,0.0338503835404867);
#5974=CIRCLE('',#8649,0.085);
#5975=CIRCLE('',#8650,0.04);
#5976=CIRCLE('',#8651,0.085);
#5977=CIRCLE('',#8653,0.015);
#5978=CIRCLE('',#8654,0.085);
#5979=CIRCLE('',#8655,0.04);
#5980=CIRCLE('',#8656,0.085);
#5981=CIRCLE('',#8661,0.015);
#5982=CIRCLE('',#8664,0.038);
#5983=CIRCLE('',#8666,0.087);
#5984=CIRCLE('',#8668,0.0338503835404867);
#5985=CIRCLE('',#8671,0.0338503835404867);
#5986=CIRCLE('',#8673,0.087);
#5987=CIRCLE('',#8675,0.085);
#5988=CIRCLE('',#8676,0.085);
#5989=CIRCLE('',#8678,0.04);
#5990=CIRCLE('',#8679,0.04);
#5991=CIRCLE('',#8681,0.085);
#5992=CIRCLE('',#8682,0.085);
#5993=CIRCLE('',#8684,0.0358503835404867);
#5994=CIRCLE('',#8685,0.0358503835404867);
#5995=CIRCLE('',#8688,0.0358503835404867);
#5996=CIRCLE('',#8689,0.0358503835404867);
#5997=CIRCLE('',#8691,0.0198503835404867);
#5998=CIRCLE('',#8693,0.101);
#5999=CIRCLE('',#8695,0.024);
#6000=CIRCLE('',#8697,0.101);
#6001=CIRCLE('',#8698,0.0198503835404867);
#6002=CIRCLE('',#8702,0.015);
#6003=CIRCLE('',#8706,0.15);
#6004=CIRCLE('',#8707,0.14);
#6005=CIRCLE('',#8708,0.15);
#6006=CIRCLE('',#8709,0.15);
#6007=CIRCLE('',#8710,0.15);
#6008=CIRCLE('',#8711,0.15);
#6009=CIRCLE('',#8713,0.13);
#6010=CIRCLE('',#8714,0.13);
#6011=CIRCLE('',#8717,0.15);
#6012=CIRCLE('',#8720,0.15);
#6013=CIRCLE('',#8721,0.14);
#6014=CIRCLE('',#8722,0.15);
#6015=CIRCLE('',#8723,0.15);
#6016=CIRCLE('',#8724,0.15);
#6017=CIRCLE('',#8725,0.15);
#6018=CIRCLE('',#8727,0.13);
#6019=CIRCLE('',#8728,0.13);
#6020=CIRCLE('',#8731,0.15);
#6021=CIRCLE('',#8734,0.15);
#6022=CIRCLE('',#8735,0.14);
#6023=CIRCLE('',#8736,0.15);
#6024=CIRCLE('',#8737,0.15);
#6025=CIRCLE('',#8738,0.15);
#6026=CIRCLE('',#8739,0.15);
#6027=CIRCLE('',#8741,0.13);
#6028=CIRCLE('',#8742,0.13);
#6029=CIRCLE('',#8745,0.15);
#6030=CIRCLE('',#8755,0.105);
#6031=CIRCLE('',#8756,0.14);
#6032=CIRCLE('',#8757,0.13);
#6033=CIRCLE('',#8759,0.15);
#6034=CIRCLE('',#8760,0.15);
#6035=CIRCLE('',#8761,0.15);
#6036=CIRCLE('',#8762,0.15);
#6037=CIRCLE('',#8763,0.15);
#6038=CIRCLE('',#8765,0.15);
#6039=CIRCLE('',#8767,0.15);
#6040=CIRCLE('',#8770,0.15);
#6041=CIRCLE('',#8772,0.15);
#6042=CIRCLE('',#8775,0.15);
#6043=CIRCLE('',#8777,0.15);
#6044=CIRCLE('',#8780,0.15);
#6045=CIRCLE('',#8781,0.15);
#6046=CIRCLE('',#8783,0.15);
#6047=CIRCLE('',#8881,0.13);
#6048=CIRCLE('',#8885,0.015);
#6049=CIRCLE('',#8886,0.095);
#6050=CIRCLE('',#8889,0.015);
#6051=CIRCLE('',#8893,0.055);
#6052=CIRCLE('',#8895,0.055);
#6053=CIRCLE('',#8897,0.125);
#6054=CIRCLE('',#8898,0.125);
#6055=CIRCLE('',#8900,0.001);
#6056=CIRCLE('',#8901,0.001);
#6057=CIRCLE('',#8904,0.125);
#6058=CIRCLE('',#8905,0.125);
#6059=CIRCLE('',#8907,0.124);
#6060=CIRCLE('',#8908,0.124);
#6061=CIRCLE('',#8909,0.115);
#6062=CIRCLE('',#8911,0.115);
#6063=CIRCLE('',#8914,0.0345);
#6064=CIRCLE('',#8916,0.0345);
#6065=CIRCLE('',#8918,0.0335);
#6066=CIRCLE('',#8919,0.0325);
#6067=CIRCLE('',#8921,0.0325);
#6068=CIRCLE('',#8923,0.0315);
#6069=CIRCLE('',#8924,0.021);
#6070=CIRCLE('',#8925,0.021);
#6071=CIRCLE('',#8928,0.021);
#6072=CIRCLE('',#8931,0.021);
#6073=CIRCLE('',#8933,0.0325);
#6074=CIRCLE('',#8935,0.0325);
#6075=CIRCLE('',#8937,0.0315);
#6076=CIRCLE('',#8939,0.0315);
#6077=CIRCLE('',#8941,0.0325);
#6078=CIRCLE('',#8942,0.0325);
#6079=CIRCLE('',#8944,0.015);
#6080=CIRCLE('',#8945,0.0315);
#6081=CIRCLE('',#8948,0.043);
#6082=CIRCLE('',#8949,0.043);
#6083=CIRCLE('',#8951,0.042);
#6084=CIRCLE('',#8952,0.02481);
#6085=CIRCLE('',#8954,0.015);
#6086=CIRCLE('',#8955,0.042);
#6087=CIRCLE('',#8968,0.015);
#6088=CIRCLE('',#8971,0.015);
#6089=CIRCLE('',#8975,0.013);
#6090=CIRCLE('',#8976,0.02);
#6091=CIRCLE('',#8978,0.013);
#6092=CIRCLE('',#8979,0.02);
#6093=CIRCLE('',#8981,0.013);
#6094=CIRCLE('',#8982,0.02);
#6095=CIRCLE('',#8984,0.009);
#6096=CIRCLE('',#8986,0.05);
#6097=CIRCLE('',#8988,0.009);
#6098=CIRCLE('',#8990,0.05);
#6099=CIRCLE('',#8992,0.009);
#6100=CIRCLE('',#8994,0.05);
#6101=CIRCLE('',#8996,0.009);
#6102=CIRCLE('',#8998,0.05);
#6103=CIRCLE('',#9000,0.009);
#6104=CIRCLE('',#9002,0.05);
#6105=CIRCLE('',#9004,0.009);
#6106=CIRCLE('',#9006,0.05);
#6107=CIRCLE('',#9008,0.009);
#6108=CIRCLE('',#9010,0.05);
#6109=CIRCLE('',#9012,0.009);
#6110=CIRCLE('',#9014,0.05);
#6111=CIRCLE('',#9016,0.009);
#6112=CIRCLE('',#9018,0.05);
#6113=CIRCLE('',#9020,0.009);
#6114=CIRCLE('',#9022,0.05);
#6115=CIRCLE('',#9024,0.009);
#6116=CIRCLE('',#9026,0.05);
#6117=CIRCLE('',#9029,0.084);
#6118=CIRCLE('',#9031,0.09);
#6119=CIRCLE('',#9032,0.09);
#6120=CIRCLE('',#9034,0.015);
#6121=CIRCLE('',#9037,0.15);
#6122=CIRCLE('',#9040,0.015);
#6123=CIRCLE('',#9041,0.125);
#6124=CIRCLE('',#9042,0.0685);
#6125=CIRCLE('',#9043,0.44);
#6126=CIRCLE('',#9046,0.44);
#6127=CIRCLE('',#9048,0.0685);
#6128=CIRCLE('',#9050,0.125);
#6129=CIRCLE('',#9051,0.125);
#6130=CIRCLE('',#9052,0.0585);
#6131=CIRCLE('',#9053,0.45);
#6132=CIRCLE('',#9054,0.14);
#6133=CIRCLE('',#9056,0.05);
#6134=CIRCLE('',#9058,0.05);
#6135=CIRCLE('',#9059,0.05);
#6136=CIRCLE('',#9060,0.05);
#6137=CIRCLE('',#9061,0.05);
#6138=CIRCLE('',#9062,0.05);
#6139=CIRCLE('',#9063,0.05);
#6140=CIRCLE('',#9064,0.05);
#6141=CIRCLE('',#9065,0.05);
#6142=CIRCLE('',#9066,0.05);
#6143=CIRCLE('',#9067,0.05);
#6144=CIRCLE('',#9068,0.05);
#6145=CIRCLE('',#9069,0.05);
#6146=CIRCLE('',#9070,0.05);
#6147=CIRCLE('',#9072,0.03);
#6148=CIRCLE('',#9074,0.02);
#6149=CIRCLE('',#9076,0.009);
#6150=CIRCLE('',#9079,0.02);
#6151=CIRCLE('',#9080,0.02);
#6152=CIRCLE('',#9081,0.02);
#6153=CIRCLE('',#9082,0.02);
#6154=CIRCLE('',#9083,0.02);
#6155=CIRCLE('',#9085,0.013);
#6156=CIRCLE('',#9088,0.013);
#6157=CIRCLE('',#9092,0.013);
#6158=CIRCLE('',#9096,0.013);
#6159=CIRCLE('',#9100,0.013);
#6160=CIRCLE('',#9104,0.015);
#6161=CIRCLE('',#9107,0.015);
#6162=CIRCLE('',#9111,0.0015);
#6163=CIRCLE('',#9112,0.0015);
#6164=CIRCLE('',#9113,0.002);
#6165=CIRCLE('',#9114,0.002);
#6166=CIRCLE('',#9115,0.002);
#6167=CIRCLE('',#9116,0.002);
#6168=CIRCLE('',#9117,0.002);
#6169=CIRCLE('',#9118,0.002);
#6170=CIRCLE('',#9120,0.023);
#6171=CIRCLE('',#9122,0.002);
#6172=CIRCLE('',#9123,0.002);
#6173=CIRCLE('',#9124,0.002);
#6174=CIRCLE('',#9125,0.002);
#6175=CIRCLE('',#9126,0.002);
#6176=CIRCLE('',#9127,0.002);
#6177=CIRCLE('',#9128,0.0015);
#6178=CIRCLE('',#9129,0.0015);
#6179=CIRCLE('',#9131,0.023);
#6180=CIRCLE('',#9132,0.023);
#6181=CIRCLE('',#9134,0.0015);
#6182=CIRCLE('',#9135,0.0015);
#6183=CIRCLE('',#9136,0.002);
#6184=CIRCLE('',#9137,0.002);
#6185=CIRCLE('',#9138,0.002);
#6186=CIRCLE('',#9139,0.002);
#6187=CIRCLE('',#9140,0.002);
#6188=CIRCLE('',#9141,0.002);
#6189=CIRCLE('',#9143,0.023);
#6190=CIRCLE('',#9145,0.0015);
#6191=CIRCLE('',#9146,0.002);
#6192=CIRCLE('',#9147,0.002);
#6193=CIRCLE('',#9148,0.002);
#6194=CIRCLE('',#9149,0.002);
#6195=CIRCLE('',#9150,0.002);
#6196=CIRCLE('',#9151,0.002);
#6197=CIRCLE('',#9152,0.0015);
#6198=CIRCLE('',#9154,0.035);
#6199=CIRCLE('',#9155,0.035);
#6200=CIRCLE('',#9157,0.023);
#6201=CIRCLE('',#9159,0.015);
#6202=CIRCLE('',#9161,0.023);
#6203=CIRCLE('',#9162,0.023);
#6204=CIRCLE('',#9163,0.023);
#6205=CIRCLE('',#9164,0.023);
#6206=CIRCLE('',#9208,0.015);
#6207=CIRCLE('',#9212,0.0012295);
#6208=CIRCLE('',#9213,0.0012295);
#6209=CIRCLE('',#9215,0.0015);
#6210=CIRCLE('',#9216,0.00275);
#6211=CIRCLE('',#9217,0.00275);
#6212=CIRCLE('',#9218,0.00275);
#6213=CIRCLE('',#9219,0.00275);
#6214=CIRCLE('',#9220,0.00275);
#6215=CIRCLE('',#9221,0.00275);
#6216=CIRCLE('',#9225,0.00275);
#6217=CIRCLE('',#9227,0.00275);
#6218=CIRCLE('',#9230,0.00275);
#6219=CIRCLE('',#9233,0.00275);
#6220=CIRCLE('',#9236,0.00275);
#6221=CIRCLE('',#9239,0.00275);
#6222=CIRCLE('',#9247,0.00275);
#6223=CIRCLE('',#9249,0.002015625);
#6224=CIRCLE('',#9251,0.001925);
#6225=CIRCLE('',#9253,0.001925);
#6226=CIRCLE('',#9255,0.0015);
#6227=CIRCLE('',#9260,0.00125);
#6228=CIRCLE('',#9261,0.00125);
#6229=CIRCLE('',#9262,0.0015);
#6230=CIRCLE('',#9263,0.004);
#6231=CIRCLE('',#9264,0.006);
#6232=CIRCLE('',#9265,0.006);
#6233=CIRCLE('',#9266,0.006);
#6234=CIRCLE('',#9267,0.004);
#6235=CIRCLE('',#9268,0.004);
#6236=CIRCLE('',#9270,0.0015);
#6237=CIRCLE('',#9271,0.004);
#6238=CIRCLE('',#9272,0.004);
#6239=CIRCLE('',#9273,0.004);
#6240=CIRCLE('',#9274,0.006);
#6241=CIRCLE('',#9275,0.006);
#6242=CIRCLE('',#9276,0.006);
#6243=CIRCLE('',#9320,0.00125);
#6244=CIRCLE('',#9323,0.00125);
#6245=CIRCLE('',#9333,0.0016);
#6246=CIRCLE('',#9334,0.00275);
#6247=CIRCLE('',#9336,0.00275);
#6248=CIRCLE('',#9338,0.00275);
#6249=CIRCLE('',#9340,0.00275);
#6250=CIRCLE('',#9341,0.00275);
#6251=CIRCLE('',#9342,0.00275);
#6252=CIRCLE('',#9343,0.00275);
#6253=CIRCLE('',#9349,0.0015);
#6254=CIRCLE('',#9350,0.0015);
#6255=CIRCLE('',#9352,0.0012293670625);
#6256=CIRCLE('',#9354,0.00275);
#6257=CIRCLE('',#9356,0.00275);
#6258=CIRCLE('',#9358,0.00275);
#6259=CIRCLE('',#9360,0.00275);
#6260=CIRCLE('',#9362,0.00275);
#6261=CIRCLE('',#9364,0.00275);
#6262=CIRCLE('',#9371,0.0575);
#6263=CIRCLE('',#9372,0.0575);
#6264=CIRCLE('',#9374,0.0555);
#6265=CIRCLE('',#9375,0.045);
#6266=CIRCLE('',#9377,0.015);
#6267=CIRCLE('',#9378,0.015);
#6268=CIRCLE('',#9379,0.53);
#6269=CIRCLE('',#9380,0.035);
#6270=CIRCLE('',#9381,1.007);
#6271=CIRCLE('',#9383,0.045);
#6272=CIRCLE('',#9385,0.041);
#6273=CIRCLE('',#9386,0.03);
#6274=CIRCLE('',#9388,0.028);
#6275=CIRCLE('',#9389,0.028);
#6276=CIRCLE('',#9391,0.03);
#6277=CIRCLE('',#9396,0.035);
#6278=CIRCLE('',#9398,0.033);
#6279=CIRCLE('',#9399,0.025);
#6280=CIRCLE('',#9401,0.023);
#6281=CIRCLE('',#9402,0.023);
#6282=CIRCLE('',#9404,0.025);
#6283=CIRCLE('',#9410,0.015);
#6284=CIRCLE('',#9413,0.015);
#6285=EDGE_LOOP('',(#1733));
#6286=EDGE_LOOP('',(#1734));
#6287=EDGE_LOOP('',(#1735));
#6288=EDGE_LOOP('',(#1736));
#6289=EDGE_LOOP('',(#1737,#1738,#1739,#1740));
#6290=EDGE_LOOP('',(#1741));
#6291=EDGE_LOOP('',(#1742));
#6292=EDGE_LOOP('',(#1743));
#6293=EDGE_LOOP('',(#1744));
#6294=EDGE_LOOP('',(#1745));
#6295=EDGE_LOOP('',(#1746));
#6296=EDGE_LOOP('',(#1747));
#6297=EDGE_LOOP('',(#1748));
#6298=EDGE_LOOP('',(#1749));
#6299=EDGE_LOOP('',(#1750));
#6300=EDGE_LOOP('',(#1751));
#6301=EDGE_LOOP('',(#1752));
#6302=EDGE_LOOP('',(#1753));
#6303=EDGE_LOOP('',(#1754));
#6304=EDGE_LOOP('',(#1755));
#6305=EDGE_LOOP('',(#1756));
#6306=EDGE_LOOP('',(#1757));
#6307=EDGE_LOOP('',(#1758));
#6308=EDGE_LOOP('',(#1759));
#6309=EDGE_LOOP('',(#1760));
#6310=EDGE_LOOP('',(#1761));
#6311=EDGE_LOOP('',(#1762));
#6312=EDGE_LOOP('',(#1763));
#6313=EDGE_LOOP('',(#1764));
#6314=EDGE_LOOP('',(#1765));
#6315=EDGE_LOOP('',(#1766));
#6316=EDGE_LOOP('',(#1767));
#6317=EDGE_LOOP('',(#1768,#1769,#1770,#1771));
#6318=EDGE_LOOP('',(#1772));
#6319=EDGE_LOOP('',(#1773,#1774,#1775,#1776));
#6320=EDGE_LOOP('',(#1777,#1778,#1779,#1780));
#6321=EDGE_LOOP('',(#1781));
#6322=EDGE_LOOP('',(#1782,#1783,#1784,#1785));
#6323=EDGE_LOOP('',(#1786,#1787,#1788,#1789));
#6324=EDGE_LOOP('',(#1790));
#6325=EDGE_LOOP('',(#1791));
#6326=EDGE_LOOP('',(#1792));
#6327=EDGE_LOOP('',(#1793));
#6328=EDGE_LOOP('',(#1794,#1795,#1796,#1797));
#6329=EDGE_LOOP('',(#1798,#1799,#1800,#1801,#1802,#1803,#1804));
#6330=EDGE_LOOP('',(#1805,#1806,#1807,#1808,#1809,#1810));
#6331=EDGE_LOOP('',(#1811,#1812,#1813,#1814));
#6332=EDGE_LOOP('',(#1815));
#6333=EDGE_LOOP('',(#1816));
#6334=EDGE_LOOP('',(#1817));
#6335=EDGE_LOOP('',(#1818,#1819,#1820));
#6336=EDGE_LOOP('',(#1821,#1822,#1823));
#6337=EDGE_LOOP('',(#1824,#1825,#1826,#1827,#1828,#1829,#1830));
#6338=EDGE_LOOP('',(#1831,#1832,#1833,#1834));
#6339=EDGE_LOOP('',(#1835,#1836,#1837,#1838));
#6340=EDGE_LOOP('',(#1839,#1840,#1841,#1842));
#6341=EDGE_LOOP('',(#1843,#1844,#1845,#1846,#1847,#1848,#1849));
#6342=EDGE_LOOP('',(#1850,#1851,#1852,#1853));
#6343=EDGE_LOOP('',(#1854,#1855,#1856,#1857));
#6344=EDGE_LOOP('',(#1858,#1859,#1860,#1861));
#6345=EDGE_LOOP('',(#1862,#1863,#1864,#1865));
#6346=EDGE_LOOP('',(#1866,#1867,#1868,#1869));
#6347=EDGE_LOOP('',(#1870,#1871,#1872,#1873));
#6348=EDGE_LOOP('',(#1874,#1875,#1876,#1877,#1878,#1879));
#6349=EDGE_LOOP('',(#1880,#1881,#1882,#1883,#1884,#1885));
#6350=EDGE_LOOP('',(#1886,#1887,#1888,#1889));
#6351=EDGE_LOOP('',(#1890,#1891,#1892,#1893));
#6352=EDGE_LOOP('',(#1894,#1895,#1896,#1897));
#6353=EDGE_LOOP('',(#1898,#1899,#1900,#1901));
#6354=EDGE_LOOP('',(#1902,#1903,#1904,#1905));
#6355=EDGE_LOOP('',(#1906,#1907,#1908,#1909));
#6356=EDGE_LOOP('',(#1910,#1911,#1912,#1913));
#6357=EDGE_LOOP('',(#1914,#1915,#1916,#1917));
#6358=EDGE_LOOP('',(#1918,#1919,#1920,#1921));
#6359=EDGE_LOOP('',(#1922,#1923,#1924,#1925));
#6360=EDGE_LOOP('',(#1926,#1927,#1928,#1929));
#6361=EDGE_LOOP('',(#1930,#1931,#1932,#1933));
#6362=EDGE_LOOP('',(#1934,#1935,#1936,#1937,#1938,#1939));
#6363=EDGE_LOOP('',(#1940));
#6364=EDGE_LOOP('',(#1941));
#6365=EDGE_LOOP('',(#1942));
#6366=EDGE_LOOP('',(#1943,#1944,#1945));
#6367=EDGE_LOOP('',(#1946,#1947,#1948));
#6368=EDGE_LOOP('',(#1949,#1950,#1951,#1952));
#6369=EDGE_LOOP('',(#1953,#1954,#1955,#1956,#1957,#1958));
#6370=EDGE_LOOP('',(#1959,#1960,#1961,#1962,#1963,#1964,#1965));
#6371=EDGE_LOOP('',(#1966));
#6372=EDGE_LOOP('',(#1967,#1968,#1969,#1970));
#6373=EDGE_LOOP('',(#1971,#1972,#1973,#1974));
#6374=EDGE_LOOP('',(#1975,#1976,#1977,#1978));
#6375=EDGE_LOOP('',(#1979,#1980,#1981,#1982));
#6376=EDGE_LOOP('',(#1983));
#6377=EDGE_LOOP('',(#1984));
#6378=EDGE_LOOP('',(#1985));
#6379=EDGE_LOOP('',(#1986,#1987,#1988,#1989));
#6380=EDGE_LOOP('',(#1990,#1991,#1992,#1993));
#6381=EDGE_LOOP('',(#1994,#1995,#1996,#1997));
#6382=EDGE_LOOP('',(#1998,#1999,#2000,#2001));
#6383=EDGE_LOOP('',(#2002,#2003,#2004,#2005));
#6384=EDGE_LOOP('',(#2006,#2007,#2008,#2009));
#6385=EDGE_LOOP('',(#2010,#2011,#2012,#2013));
#6386=EDGE_LOOP('',(#2014,#2015,#2016,#2017));
#6387=EDGE_LOOP('',(#2018,#2019,#2020,#2021));
#6388=EDGE_LOOP('',(#2022,#2023,#2024,#2025));
#6389=EDGE_LOOP('',(#2026,#2027,#2028,#2029));
#6390=EDGE_LOOP('',(#2030,#2031,#2032,#2033));
#6391=EDGE_LOOP('',(#2034,#2035,#2036,#2037,#2038,#2039));
#6392=EDGE_LOOP('',(#2040,#2041,#2042,#2043,#2044,#2045));
#6393=EDGE_LOOP('',(#2046,#2047,#2048,#2049));
#6394=EDGE_LOOP('',(#2050,#2051,#2052,#2053));
#6395=EDGE_LOOP('',(#2054,#2055,#2056,#2057));
#6396=EDGE_LOOP('',(#2058,#2059,#2060,#2061));
#6397=EDGE_LOOP('',(#2062,#2063,#2064,#2065));
#6398=EDGE_LOOP('',(#2066,#2067,#2068,#2069));
#6399=EDGE_LOOP('',(#2070,#2071,#2072,#2073,#2074,#2075));
#6400=EDGE_LOOP('',(#2076));
#6401=EDGE_LOOP('',(#2077));
#6402=EDGE_LOOP('',(#2078));
#6403=EDGE_LOOP('',(#2079,#2080,#2081,#2082,#2083,#2084,#2085,#2086));
#6404=EDGE_LOOP('',(#2087,#2088,#2089,#2090));
#6405=EDGE_LOOP('',(#2091,#2092,#2093,#2094,#2095));
#6406=EDGE_LOOP('',(#2096,#2097,#2098,#2099));
#6407=EDGE_LOOP('',(#2100,#2101,#2102,#2103,#2104));
#6408=EDGE_LOOP('',(#2105,#2106,#2107,#2108,#2109,#2110,#2111,#2112));
#6409=EDGE_LOOP('',(#2113,#2114,#2115,#2116));
#6410=EDGE_LOOP('',(#2117,#2118,#2119,#2120,#2121));
#6411=EDGE_LOOP('',(#2122,#2123,#2124,#2125));
#6412=EDGE_LOOP('',(#2126,#2127,#2128,#2129,#2130));
#6413=EDGE_LOOP('',(#2131,#2132,#2133,#2134,#2135,#2136,#2137,#2138));
#6414=EDGE_LOOP('',(#2139,#2140,#2141,#2142));
#6415=EDGE_LOOP('',(#2143,#2144,#2145,#2146,#2147));
#6416=EDGE_LOOP('',(#2148,#2149,#2150,#2151));
#6417=EDGE_LOOP('',(#2152,#2153,#2154,#2155,#2156));
#6418=EDGE_LOOP('',(#2157,#2158,#2159,#2160));
#6419=EDGE_LOOP('',(#2161,#2162,#2163,#2164));
#6420=EDGE_LOOP('',(#2165,#2166,#2167,#2168));
#6421=EDGE_LOOP('',(#2169,#2170,#2171,#2172));
#6422=EDGE_LOOP('',(#2173,#2174,#2175,#2176));
#6423=EDGE_LOOP('',(#2177,#2178,#2179,#2180));
#6424=EDGE_LOOP('',(#2181,#2182,#2183,#2184,#2185,#2186));
#6425=EDGE_LOOP('',(#2187));
#6426=EDGE_LOOP('',(#2188,#2189,#2190,#2191,#2192,#2193,#2194,#2195,#2196,
#2197,#2198,#2199,#2200,#2201,#2202,#2203));
#6427=EDGE_LOOP('',(#2204,#2205,#2206,#2207,#2208,#2209,#2210,#2211));
#6428=EDGE_LOOP('',(#2212,#2213,#2214,#2215));
#6429=EDGE_LOOP('',(#2216,#2217,#2218,#2219,#2220,#2221));
#6430=EDGE_LOOP('',(#2222,#2223,#2224,#2225,#2226,#2227,#2228,#2229));
#6431=EDGE_LOOP('',(#2230,#2231,#2232,#2233,#2234,#2235));
#6432=EDGE_LOOP('',(#2236,#2237,#2238,#2239));
#6433=EDGE_LOOP('',(#2240,#2241,#2242,#2243,#2244,#2245,#2246,#2247));
#6434=EDGE_LOOP('',(#2248,#2249,#2250,#2251));
#6435=EDGE_LOOP('',(#2252,#2253,#2254,#2255,#2256,#2257));
#6436=EDGE_LOOP('',(#2258,#2259,#2260,#2261,#2262,#2263,#2264,#2265));
#6437=EDGE_LOOP('',(#2266,#2267,#2268,#2269,#2270,#2271));
#6438=EDGE_LOOP('',(#2272,#2273,#2274,#2275,#2276,#2277,#2278,#2279));
#6439=EDGE_LOOP('',(#2280,#2281,#2282,#2283,#2284,#2285,#2286,#2287));
#6440=EDGE_LOOP('',(#2288,#2289,#2290,#2291,#2292,#2293));
#6441=EDGE_LOOP('',(#2294,#2295,#2296,#2297,#2298,#2299,#2300,#2301));
#6442=EDGE_LOOP('',(#2302,#2303,#2304,#2305,#2306,#2307));
#6443=EDGE_LOOP('',(#2308,#2309,#2310,#2311,#2312,#2313,#2314,#2315));
#6444=EDGE_LOOP('',(#2316,#2317,#2318,#2319));
#6445=EDGE_LOOP('',(#2320,#2321,#2322,#2323,#2324,#2325));
#6446=EDGE_LOOP('',(#2326,#2327,#2328,#2329,#2330,#2331,#2332,#2333));
#6447=EDGE_LOOP('',(#2334,#2335,#2336,#2337,#2338,#2339));
#6448=EDGE_LOOP('',(#2340,#2341,#2342,#2343,#2344,#2345,#2346,#2347,#2348,
#2349,#2350,#2351,#2352,#2353,#2354,#2355,#2356,#2357,#2358,#2359,#2360,
#2361,#2362,#2363));
#6449=EDGE_LOOP('',(#2364,#2365,#2366,#2367,#2368));
#6450=EDGE_LOOP('',(#2369,#2370,#2371,#2372,#2373));
#6451=EDGE_LOOP('',(#2374,#2375,#2376,#2377));
#6452=EDGE_LOOP('',(#2378,#2379,#2380,#2381));
#6453=EDGE_LOOP('',(#2382,#2383,#2384,#2385));
#6454=EDGE_LOOP('',(#2386,#2387,#2388,#2389));
#6455=EDGE_LOOP('',(#2390,#2391,#2392,#2393));
#6456=EDGE_LOOP('',(#2394,#2395,#2396,#2397));
#6457=EDGE_LOOP('',(#2398,#2399,#2400,#2401));
#6458=EDGE_LOOP('',(#2402,#2403,#2404,#2405));
#6459=EDGE_LOOP('',(#2406,#2407,#2408,#2409));
#6460=EDGE_LOOP('',(#2410,#2411,#2412,#2413));
#6461=EDGE_LOOP('',(#2414,#2415,#2416,#2417));
#6462=EDGE_LOOP('',(#2418,#2419,#2420,#2421));
#6463=EDGE_LOOP('',(#2422,#2423,#2424,#2425,#2426,#2427));
#6464=EDGE_LOOP('',(#2428,#2429,#2430,#2431));
#6465=EDGE_LOOP('',(#2432,#2433,#2434,#2435));
#6466=EDGE_LOOP('',(#2436,#2437,#2438,#2439));
#6467=EDGE_LOOP('',(#2440,#2441,#2442,#2443));
#6468=EDGE_LOOP('',(#2444,#2445,#2446,#2447));
#6469=EDGE_LOOP('',(#2448,#2449,#2450,#2451));
#6470=EDGE_LOOP('',(#2452,#2453,#2454,#2455));
#6471=EDGE_LOOP('',(#2456,#2457,#2458,#2459));
#6472=EDGE_LOOP('',(#2460,#2461,#2462,#2463));
#6473=EDGE_LOOP('',(#2464,#2465,#2466,#2467,#2468,#2469));
#6474=EDGE_LOOP('',(#2470,#2471,#2472,#2473,#2474));
#6475=EDGE_LOOP('',(#2475,#2476,#2477,#2478,#2479));
#6476=EDGE_LOOP('',(#2480,#2481,#2482,#2483));
#6477=EDGE_LOOP('',(#2484,#2485,#2486,#2487));
#6478=EDGE_LOOP('',(#2488,#2489,#2490,#2491));
#6479=EDGE_LOOP('',(#2492,#2493,#2494,#2495));
#6480=EDGE_LOOP('',(#2496,#2497,#2498,#2499));
#6481=EDGE_LOOP('',(#2500,#2501,#2502,#2503));
#6482=EDGE_LOOP('',(#2504,#2505,#2506,#2507));
#6483=EDGE_LOOP('',(#2508,#2509,#2510,#2511));
#6484=EDGE_LOOP('',(#2512,#2513,#2514,#2515));
#6485=EDGE_LOOP('',(#2516,#2517,#2518,#2519));
#6486=EDGE_LOOP('',(#2520,#2521,#2522,#2523));
#6487=EDGE_LOOP('',(#2524,#2525,#2526,#2527));
#6488=EDGE_LOOP('',(#2528,#2529,#2530,#2531,#2532,#2533));
#6489=EDGE_LOOP('',(#2534,#2535,#2536,#2537));
#6490=EDGE_LOOP('',(#2538,#2539,#2540,#2541));
#6491=EDGE_LOOP('',(#2542,#2543,#2544,#2545));
#6492=EDGE_LOOP('',(#2546,#2547,#2548,#2549,#2550));
#6493=EDGE_LOOP('',(#2551,#2552,#2553,#2554,#2555));
#6494=EDGE_LOOP('',(#2556,#2557,#2558,#2559,#2560));
#6495=EDGE_LOOP('',(#2561,#2562,#2563,#2564));
#6496=EDGE_LOOP('',(#2565,#2566,#2567,#2568));
#6497=EDGE_LOOP('',(#2569,#2570,#2571,#2572));
#6498=EDGE_LOOP('',(#2573,#2574,#2575,#2576));
#6499=EDGE_LOOP('',(#2577,#2578,#2579,#2580));
#6500=EDGE_LOOP('',(#2581,#2582,#2583,#2584));
#6501=EDGE_LOOP('',(#2585,#2586,#2587,#2588));
#6502=EDGE_LOOP('',(#2589,#2590,#2591,#2592));
#6503=EDGE_LOOP('',(#2593,#2594,#2595,#2596));
#6504=EDGE_LOOP('',(#2597,#2598,#2599,#2600));
#6505=EDGE_LOOP('',(#2601,#2602,#2603,#2604));
#6506=EDGE_LOOP('',(#2605,#2606,#2607,#2608));
#6507=EDGE_LOOP('',(#2609,#2610,#2611,#2612,#2613,#2614));
#6508=EDGE_LOOP('',(#2615,#2616,#2617,#2618));
#6509=EDGE_LOOP('',(#2619,#2620,#2621,#2622));
#6510=EDGE_LOOP('',(#2623,#2624,#2625,#2626));
#6511=EDGE_LOOP('',(#2627,#2628,#2629,#2630));
#6512=EDGE_LOOP('',(#2631,#2632,#2633,#2634));
#6513=EDGE_LOOP('',(#2635,#2636,#2637,#2638));
#6514=EDGE_LOOP('',(#2639,#2640,#2641,#2642));
#6515=EDGE_LOOP('',(#2643,#2644,#2645,#2646));
#6516=EDGE_LOOP('',(#2647,#2648,#2649,#2650));
#6517=EDGE_LOOP('',(#2651,#2652,#2653,#2654,#2655,#2656));
#6518=EDGE_LOOP('',(#2657,#2658,#2659,#2660,#2661));
#6519=EDGE_LOOP('',(#2662,#2663,#2664,#2665));
#6520=EDGE_LOOP('',(#2666,#2667,#2668,#2669));
#6521=EDGE_LOOP('',(#2670,#2671,#2672,#2673));
#6522=EDGE_LOOP('',(#2674,#2675,#2676,#2677));
#6523=EDGE_LOOP('',(#2678,#2679,#2680,#2681));
#6524=EDGE_LOOP('',(#2682,#2683,#2684,#2685));
#6525=EDGE_LOOP('',(#2686,#2687,#2688,#2689));
#6526=EDGE_LOOP('',(#2690,#2691,#2692,#2693));
#6527=EDGE_LOOP('',(#2694,#2695,#2696,#2697));
#6528=EDGE_LOOP('',(#2698,#2699,#2700,#2701));
#6529=EDGE_LOOP('',(#2702,#2703,#2704,#2705));
#6530=EDGE_LOOP('',(#2706,#2707,#2708,#2709));
#6531=EDGE_LOOP('',(#2710,#2711,#2712,#2713,#2714,#2715));
#6532=EDGE_LOOP('',(#2716,#2717,#2718,#2719));
#6533=EDGE_LOOP('',(#2720,#2721,#2722,#2723));
#6534=EDGE_LOOP('',(#2724,#2725,#2726,#2727));
#6535=EDGE_LOOP('',(#2728,#2729,#2730,#2731));
#6536=EDGE_LOOP('',(#2732,#2733,#2734,#2735));
#6537=EDGE_LOOP('',(#2736,#2737,#2738,#2739));
#6538=EDGE_LOOP('',(#2740,#2741,#2742,#2743));
#6539=EDGE_LOOP('',(#2744,#2745,#2746,#2747));
#6540=EDGE_LOOP('',(#2748,#2749,#2750,#2751));
#6541=EDGE_LOOP('',(#2752,#2753,#2754,#2755,#2756,#2757));
#6542=EDGE_LOOP('',(#2758,#2759,#2760,#2761,#2762));
#6543=EDGE_LOOP('',(#2763,#2764,#2765,#2766));
#6544=EDGE_LOOP('',(#2767,#2768,#2769,#2770,#2771));
#6545=EDGE_LOOP('',(#2772,#2773,#2774,#2775));
#6546=EDGE_LOOP('',(#2776));
#6547=EDGE_LOOP('',(#2777));
#6548=EDGE_LOOP('',(#2778));
#6549=EDGE_LOOP('',(#2779));
#6550=EDGE_LOOP('',(#2780));
#6551=EDGE_LOOP('',(#2781));
#6552=EDGE_LOOP('',(#2782));
#6553=EDGE_LOOP('',(#2783,#2784,#2785,#2786));
#6554=EDGE_LOOP('',(#2787,#2788,#2789,#2790));
#6555=EDGE_LOOP('',(#2791,#2792,#2793,#2794,#2795,#2796));
#6556=EDGE_LOOP('',(#2797,#2798,#2799,#2800,#2801,#2802,#2803,#2804,#2805,
#2806,#2807,#2808,#2809,#2810));
#6557=EDGE_LOOP('',(#2811,#2812,#2813,#2814));
#6558=EDGE_LOOP('',(#2815,#2816,#2817,#2818));
#6559=EDGE_LOOP('',(#2819,#2820,#2821,#2822));
#6560=EDGE_LOOP('',(#2823,#2824,#2825,#2826));
#6561=EDGE_LOOP('',(#2827,#2828,#2829,#2830));
#6562=EDGE_LOOP('',(#2831,#2832,#2833,#2834));
#6563=EDGE_LOOP('',(#2835,#2836,#2837,#2838));
#6564=EDGE_LOOP('',(#2839));
#6565=EDGE_LOOP('',(#2840,#2841,#2842,#2843));
#6566=EDGE_LOOP('',(#2844));
#6567=EDGE_LOOP('',(#2845));
#6568=EDGE_LOOP('',(#2846));
#6569=EDGE_LOOP('',(#2847));
#6570=EDGE_LOOP('',(#2848));
#6571=EDGE_LOOP('',(#2849));
#6572=EDGE_LOOP('',(#2850));
#6573=EDGE_LOOP('',(#2851,#2852,#2853,#2854));
#6574=EDGE_LOOP('',(#2855,#2856,#2857,#2858));
#6575=EDGE_LOOP('',(#2859,#2860,#2861,#2862));
#6576=EDGE_LOOP('',(#2863,#2864,#2865,#2866));
#6577=EDGE_LOOP('',(#2867,#2868,#2869,#2870));
#6578=EDGE_LOOP('',(#2871));
#6579=EDGE_LOOP('',(#2872,#2873,#2874,#2875));
#6580=EDGE_LOOP('',(#2876));
#6581=EDGE_LOOP('',(#2877));
#6582=EDGE_LOOP('',(#2878));
#6583=EDGE_LOOP('',(#2879));
#6584=EDGE_LOOP('',(#2880));
#6585=EDGE_LOOP('',(#2881));
#6586=EDGE_LOOP('',(#2882));
#6587=EDGE_LOOP('',(#2883));
#6588=EDGE_LOOP('',(#2884));
#6589=EDGE_LOOP('',(#2885));
#6590=EDGE_LOOP('',(#2886));
#6591=EDGE_LOOP('',(#2887));
#6592=EDGE_LOOP('',(#2888));
#6593=EDGE_LOOP('',(#2889,#2890,#2891,#2892));
#6594=EDGE_LOOP('',(#2893,#2894,#2895,#2896,#2897,#2898));
#6595=EDGE_LOOP('',(#2899));
#6596=EDGE_LOOP('',(#2900));
#6597=EDGE_LOOP('',(#2901,#2902,#2903,#2904));
#6598=EDGE_LOOP('',(#2905,#2906,#2907,#2908));
#6599=EDGE_LOOP('',(#2909));
#6600=EDGE_LOOP('',(#2910));
#6601=EDGE_LOOP('',(#2911));
#6602=EDGE_LOOP('',(#2912));
#6603=EDGE_LOOP('',(#2913));
#6604=EDGE_LOOP('',(#2914));
#6605=EDGE_LOOP('',(#2915));
#6606=EDGE_LOOP('',(#2916));
#6607=EDGE_LOOP('',(#2917,#2918,#2919,#2920));
#6608=EDGE_LOOP('',(#2921,#2922,#2923,#2924));
#6609=EDGE_LOOP('',(#2925,#2926,#2927,#2928));
#6610=EDGE_LOOP('',(#2929,#2930,#2931,#2932));
#6611=EDGE_LOOP('',(#2933,#2934,#2935,#2936));
#6612=EDGE_LOOP('',(#2937));
#6613=EDGE_LOOP('',(#2938));
#6614=EDGE_LOOP('',(#2939));
#6615=EDGE_LOOP('',(#2940));
#6616=EDGE_LOOP('',(#2941));
#6617=EDGE_LOOP('',(#2942));
#6618=EDGE_LOOP('',(#2943,#2944,#2945,#2946));
#6619=EDGE_LOOP('',(#2947,#2948,#2949,#2950));
#6620=EDGE_LOOP('',(#2951,#2952,#2953,#2954));
#6621=EDGE_LOOP('',(#2955,#2956));
#6622=EDGE_LOOP('',(#2957,#2958));
#6623=EDGE_LOOP('',(#2959,#2960));
#6624=EDGE_LOOP('',(#2961,#2962));
#6625=EDGE_LOOP('',(#2963,#2964));
#6626=EDGE_LOOP('',(#2965,#2966));
#6627=EDGE_LOOP('',(#2967,#2968));
#6628=EDGE_LOOP('',(#2969,#2970));
#6629=EDGE_LOOP('',(#2971,#2972));
#6630=EDGE_LOOP('',(#2973,#2974));
#6631=EDGE_LOOP('',(#2975,#2976));
#6632=EDGE_LOOP('',(#2977,#2978));
#6633=EDGE_LOOP('',(#2979,#2980));
#6634=EDGE_LOOP('',(#2981,#2982));
#6635=EDGE_LOOP('',(#2983,#2984));
#6636=EDGE_LOOP('',(#2985,#2986));
#6637=EDGE_LOOP('',(#2987,#2988));
#6638=EDGE_LOOP('',(#2989,#2990));
#6639=EDGE_LOOP('',(#2991,#2992));
#6640=EDGE_LOOP('',(#2993,#2994));
#6641=EDGE_LOOP('',(#2995,#2996));
#6642=EDGE_LOOP('',(#2997,#2998));
#6643=EDGE_LOOP('',(#2999,#3000,#3001,#3002));
#6644=EDGE_LOOP('',(#3003));
#6645=EDGE_LOOP('',(#3004,#3005,#3006,#3007));
#6646=EDGE_LOOP('',(#3008));
#6647=EDGE_LOOP('',(#3009));
#6648=EDGE_LOOP('',(#3010));
#6649=EDGE_LOOP('',(#3011));
#6650=EDGE_LOOP('',(#3012));
#6651=EDGE_LOOP('',(#3013));
#6652=EDGE_LOOP('',(#3014,#3015,#3016,#3017,#3018));
#6653=EDGE_LOOP('',(#3019,#3020,#3021,#3022));
#6654=EDGE_LOOP('',(#3023));
#6655=EDGE_LOOP('',(#3024,#3025,#3026,#3027,#3028,#3029,#3030));
#6656=EDGE_LOOP('',(#3031,#3032,#3033,#3034));
#6657=EDGE_LOOP('',(#3035,#3036,#3037,#3038));
#6658=EDGE_LOOP('',(#3039,#3040,#3041,#3042));
#6659=EDGE_LOOP('',(#3043,#3044,#3045,#3046));
#6660=EDGE_LOOP('',(#3047,#3048,#3049,#3050));
#6661=EDGE_LOOP('',(#3051,#3052,#3053,#3054,#3055,#3056));
#6662=EDGE_LOOP('',(#3057,#3058,#3059,#3060));
#6663=EDGE_LOOP('',(#3061));
#6664=EDGE_LOOP('',(#3062,#3063,#3064,#3065));
#6665=EDGE_LOOP('',(#3066,#3067,#3068,#3069,#3070,#3071,#3072,#3073,#3074,
#3075,#3076,#3077,#3078,#3079,#3080,#3081,#3082,#3083,#3084,#3085,#3086,
#3087,#3088,#3089));
#6666=EDGE_LOOP('',(#3090));
#6667=EDGE_LOOP('',(#3091,#3092,#3093,#3094,#3095,#3096,#3097,#3098,#3099,
#3100,#3101,#3102,#3103,#3104,#3105,#3106,#3107,#3108,#3109,#3110,#3111,
#3112,#3113,#3114));
#6668=EDGE_LOOP('',(#3115));
#6669=EDGE_LOOP('',(#3116));
#6670=EDGE_LOOP('',(#3117));
#6671=EDGE_LOOP('',(#3118,#3119));
#6672=EDGE_LOOP('',(#3120,#3121));
#6673=EDGE_LOOP('',(#3122,#3123,#3124,#3125,#3126,#3127,#3128,#3129,#3130,
#3131,#3132,#3133,#3134,#3135,#3136,#3137));
#6674=EDGE_LOOP('',(#3138));
#6675=EDGE_LOOP('',(#3139,#3140,#3141,#3142));
#6676=EDGE_LOOP('',(#3143,#3144,#3145,#3146));
#6677=EDGE_LOOP('',(#3147,#3148,#3149,#3150));
#6678=EDGE_LOOP('',(#3151,#3152,#3153,#3154));
#6679=EDGE_LOOP('',(#3155,#3156,#3157,#3158));
#6680=EDGE_LOOP('',(#3159,#3160,#3161,#3162));
#6681=EDGE_LOOP('',(#3163,#3164,#3165,#3166));
#6682=EDGE_LOOP('',(#3167,#3168,#3169,#3170));
#6683=EDGE_LOOP('',(#3171,#3172,#3173,#3174));
#6684=EDGE_LOOP('',(#3175,#3176,#3177,#3178));
#6685=EDGE_LOOP('',(#3179,#3180,#3181,#3182));
#6686=EDGE_LOOP('',(#3183,#3184,#3185,#3186));
#6687=EDGE_LOOP('',(#3187,#3188,#3189,#3190));
#6688=EDGE_LOOP('',(#3191,#3192,#3193,#3194,#3195,#3196,#3197,#3198,#3199,
#3200,#3201,#3202,#3203,#3204,#3205,#3206));
#6689=EDGE_LOOP('',(#3207));
#6690=EDGE_LOOP('',(#3208));
#6691=EDGE_LOOP('',(#3209));
#6692=EDGE_LOOP('',(#3210));
#6693=EDGE_LOOP('',(#3211));
#6694=EDGE_LOOP('',(#3212));
#6695=EDGE_LOOP('',(#3213));
#6696=EDGE_LOOP('',(#3214));
#6697=EDGE_LOOP('',(#3215,#3216,#3217,#3218,#3219,#3220,#3221,#3222,#3223,
#3224,#3225,#3226,#3227,#3228,#3229,#3230,#3231,#3232,#3233,#3234));
#6698=EDGE_LOOP('',(#3235,#3236,#3237,#3238,#3239,#3240));
#6699=EDGE_LOOP('',(#3241,#3242,#3243,#3244,#3245,#3246,#3247,#3248,#3249,
#3250,#3251,#3252,#3253,#3254,#3255,#3256));
#6700=EDGE_LOOP('',(#3257));
#6701=EDGE_LOOP('',(#3258));
#6702=EDGE_LOOP('',(#3259,#3260,#3261,#3262));
#6703=EDGE_LOOP('',(#3263));
#6704=EDGE_LOOP('',(#3264));
#6705=EDGE_LOOP('',(#3265,#3266,#3267,#3268,#3269,#3270,#3271,#3272,#3273,
#3274,#3275,#3276,#3277,#3278,#3279,#3280,#3281,#3282,#3283,#3284));
#6706=EDGE_LOOP('',(#3285,#3286,#3287,#3288,#3289,#3290));
#6707=EDGE_LOOP('',(#3291));
#6708=EDGE_LOOP('',(#3292,#3293,#3294,#3295,#3296,#3297,#3298,#3299,#3300,
#3301,#3302,#3303,#3304,#3305,#3306,#3307));
#6709=EDGE_LOOP('',(#3308));
#6710=EDGE_LOOP('',(#3309));
#6711=EDGE_LOOP('',(#3310));
#6712=EDGE_LOOP('',(#3311));
#6713=EDGE_LOOP('',(#3312));
#6714=EDGE_LOOP('',(#3313));
#6715=EDGE_LOOP('',(#3314));
#6716=EDGE_LOOP('',(#3315,#3316,#3317,#3318,#3319,#3320,#3321,#3322));
#6717=EDGE_LOOP('',(#3323));
#6718=EDGE_LOOP('',(#3324,#3325,#3326,#3327));
#6719=EDGE_LOOP('',(#3328,#3329,#3330,#3331));
#6720=EDGE_LOOP('',(#3332,#3333,#3334,#3335));
#6721=EDGE_LOOP('',(#3336,#3337,#3338,#3339));
#6722=EDGE_LOOP('',(#3340,#3341,#3342,#3343));
#6723=EDGE_LOOP('',(#3344,#3345,#3346,#3347));
#6724=EDGE_LOOP('',(#3348,#3349,#3350,#3351));
#6725=EDGE_LOOP('',(#3352,#3353,#3354,#3355));
#6726=EDGE_LOOP('',(#3356,#3357,#3358,#3359));
#6727=EDGE_LOOP('',(#3360));
#6728=EDGE_LOOP('',(#3361));
#6729=EDGE_LOOP('',(#3362));
#6730=EDGE_LOOP('',(#3363));
#6731=EDGE_LOOP('',(#3364,#3365,#3366,#3367));
#6732=EDGE_LOOP('',(#3368,#3369,#3370,#3371));
#6733=EDGE_LOOP('',(#3372,#3373,#3374,#3375));
#6734=EDGE_LOOP('',(#3376,#3377,#3378,#3379));
#6735=EDGE_LOOP('',(#3380,#3381,#3382,#3383));
#6736=EDGE_LOOP('',(#3384,#3385,#3386,#3387));
#6737=EDGE_LOOP('',(#3388,#3389,#3390,#3391));
#6738=EDGE_LOOP('',(#3392,#3393,#3394,#3395));
#6739=EDGE_LOOP('',(#3396,#3397,#3398,#3399));
#6740=EDGE_LOOP('',(#3400,#3401,#3402,#3403));
#6741=EDGE_LOOP('',(#3404,#3405,#3406,#3407));
#6742=EDGE_LOOP('',(#3408,#3409,#3410,#3411));
#6743=EDGE_LOOP('',(#3412,#3413,#3414,#3415));
#6744=EDGE_LOOP('',(#3416,#3417,#3418,#3419));
#6745=EDGE_LOOP('',(#3420,#3421,#3422,#3423));
#6746=EDGE_LOOP('',(#3424,#3425,#3426,#3427));
#6747=EDGE_LOOP('',(#3428,#3429,#3430,#3431));
#6748=EDGE_LOOP('',(#3432,#3433,#3434,#3435));
#6749=EDGE_LOOP('',(#3436,#3437,#3438,#3439));
#6750=EDGE_LOOP('',(#3440));
#6751=EDGE_LOOP('',(#3441));
#6752=EDGE_LOOP('',(#3442));
#6753=EDGE_LOOP('',(#3443));
#6754=EDGE_LOOP('',(#3444,#3445,#3446,#3447));
#6755=EDGE_LOOP('',(#3448,#3449,#3450,#3451));
#6756=EDGE_LOOP('',(#3452,#3453,#3454,#3455));
#6757=EDGE_LOOP('',(#3456,#3457,#3458,#3459));
#6758=EDGE_LOOP('',(#3460,#3461,#3462,#3463));
#6759=EDGE_LOOP('',(#3464,#3465,#3466,#3467));
#6760=EDGE_LOOP('',(#3468,#3469,#3470,#3471));
#6761=EDGE_LOOP('',(#3472,#3473,#3474,#3475));
#6762=EDGE_LOOP('',(#3476,#3477,#3478,#3479));
#6763=EDGE_LOOP('',(#3480,#3481,#3482,#3483));
#6764=EDGE_LOOP('',(#3484));
#6765=EDGE_LOOP('',(#3485));
#6766=EDGE_LOOP('',(#3486));
#6767=EDGE_LOOP('',(#3487));
#6768=EDGE_LOOP('',(#3488));
#6769=EDGE_LOOP('',(#3489));
#6770=EDGE_LOOP('',(#3490,#3491,#3492,#3493,#3494,#3495));
#6771=EDGE_LOOP('',(#3496,#3497,#3498));
#6772=EDGE_LOOP('',(#3499,#3500,#3501));
#6773=EDGE_LOOP('',(#3502,#3503,#3504));
#6774=EDGE_LOOP('',(#3505,#3506,#3507));
#6775=EDGE_LOOP('',(#3508,#3509,#3510));
#6776=EDGE_LOOP('',(#3511,#3512,#3513));
#6777=EDGE_LOOP('',(#3514,#3515,#3516));
#6778=EDGE_LOOP('',(#3517,#3518,#3519));
#6779=EDGE_LOOP('',(#3520,#3521,#3522));
#6780=EDGE_LOOP('',(#3523,#3524,#3525));
#6781=EDGE_LOOP('',(#3526,#3527,#3528));
#6782=EDGE_LOOP('',(#3529,#3530,#3531));
#6783=EDGE_LOOP('',(#3532,#3533,#3534,#3535,#3536,#3537));
#6784=EDGE_LOOP('',(#3538,#3539,#3540,#3541,#3542,#3543));
#6785=EDGE_LOOP('',(#3544,#3545,#3546,#3547,#3548,#3549));
#6786=EDGE_LOOP('',(#3550,#3551,#3552,#3553,#3554,#3555));
#6787=EDGE_LOOP('',(#3556,#3557,#3558,#3559,#3560,#3561));
#6788=EDGE_LOOP('',(#3562,#3563,#3564,#3565,#3566,#3567));
#6789=EDGE_LOOP('',(#3568,#3569,#3570,#3571,#3572,#3573));
#6790=EDGE_LOOP('',(#3574));
#6791=EDGE_LOOP('',(#3575));
#6792=EDGE_LOOP('',(#3576));
#6793=EDGE_LOOP('',(#3577));
#6794=EDGE_LOOP('',(#3578));
#6795=EDGE_LOOP('',(#3579));
#6796=EDGE_LOOP('',(#3580));
#6797=EDGE_LOOP('',(#3581));
#6798=EDGE_LOOP('',(#3582));
#6799=EDGE_LOOP('',(#3583));
#6800=EDGE_LOOP('',(#3584));
#6801=EDGE_LOOP('',(#3585));
#6802=EDGE_LOOP('',(#3586));
#6803=EDGE_LOOP('',(#3587,#3588,#3589,#3590));
#6804=EDGE_LOOP('',(#3591));
#6805=EDGE_LOOP('',(#3592,#3593,#3594,#3595,#3596,#3597,#3598,#3599,#3600,
#3601,#3602,#3603,#3604,#3605,#3606,#3607,#3608,#3609,#3610,#3611,#3612,
#3613,#3614,#3615,#3616,#3617,#3618,#3619,#3620,#3621,#3622,#3623,#3624,
#3625,#3626,#3627,#3628));
#6806=EDGE_LOOP('',(#3629,#3630,#3631));
#6807=EDGE_LOOP('',(#3632));
#6808=EDGE_LOOP('',(#3633,#3634,#3635,#3636,#3637,#3638,#3639,#3640,#3641,
#3642,#3643,#3644,#3645,#3646,#3647,#3648,#3649,#3650,#3651,#3652,#3653,
#3654,#3655,#3656,#3657,#3658,#3659,#3660,#3661,#3662,#3663,#3664,#3665,
#3666,#3667,#3668,#3669));
#6809=EDGE_LOOP('',(#3670,#3671,#3672));
#6810=EDGE_LOOP('',(#3673,#3674,#3675,#3676));
#6811=EDGE_LOOP('',(#3677,#3678,#3679,#3680));
#6812=EDGE_LOOP('',(#3681,#3682,#3683,#3684));
#6813=EDGE_LOOP('',(#3685,#3686,#3687,#3688));
#6814=EDGE_LOOP('',(#3689,#3690,#3691,#3692));
#6815=EDGE_LOOP('',(#3693,#3694,#3695,#3696));
#6816=EDGE_LOOP('',(#3697,#3698,#3699,#3700));
#6817=EDGE_LOOP('',(#3701,#3702,#3703,#3704));
#6818=EDGE_LOOP('',(#3705,#3706,#3707,#3708));
#6819=EDGE_LOOP('',(#3709,#3710,#3711,#3712));
#6820=EDGE_LOOP('',(#3713,#3714,#3715,#3716));
#6821=EDGE_LOOP('',(#3717,#3718,#3719,#3720));
#6822=EDGE_LOOP('',(#3721,#3722,#3723,#3724));
#6823=EDGE_LOOP('',(#3725,#3726,#3727,#3728));
#6824=EDGE_LOOP('',(#3729,#3730,#3731,#3732));
#6825=EDGE_LOOP('',(#3733,#3734,#3735,#3736));
#6826=EDGE_LOOP('',(#3737,#3738,#3739,#3740));
#6827=EDGE_LOOP('',(#3741,#3742,#3743,#3744));
#6828=EDGE_LOOP('',(#3745,#3746,#3747,#3748));
#6829=EDGE_LOOP('',(#3749,#3750,#3751,#3752));
#6830=EDGE_LOOP('',(#3753,#3754,#3755,#3756));
#6831=EDGE_LOOP('',(#3757,#3758,#3759,#3760));
#6832=EDGE_LOOP('',(#3761,#3762,#3763,#3764));
#6833=EDGE_LOOP('',(#3765,#3766,#3767,#3768));
#6834=EDGE_LOOP('',(#3769,#3770,#3771,#3772));
#6835=EDGE_LOOP('',(#3773,#3774,#3775,#3776));
#6836=EDGE_LOOP('',(#3777,#3778,#3779,#3780));
#6837=EDGE_LOOP('',(#3781,#3782,#3783,#3784));
#6838=EDGE_LOOP('',(#3785,#3786,#3787,#3788));
#6839=EDGE_LOOP('',(#3789,#3790,#3791,#3792));
#6840=EDGE_LOOP('',(#3793,#3794,#3795,#3796));
#6841=EDGE_LOOP('',(#3797,#3798,#3799,#3800));
#6842=EDGE_LOOP('',(#3801,#3802,#3803,#3804));
#6843=EDGE_LOOP('',(#3805,#3806,#3807,#3808));
#6844=EDGE_LOOP('',(#3809,#3810,#3811,#3812));
#6845=EDGE_LOOP('',(#3813,#3814,#3815,#3816));
#6846=EDGE_LOOP('',(#3817,#3818,#3819,#3820));
#6847=EDGE_LOOP('',(#3821,#3822,#3823,#3824));
#6848=EDGE_LOOP('',(#3825,#3826,#3827,#3828));
#6849=EDGE_LOOP('',(#3829,#3830,#3831,#3832));
#6850=EDGE_LOOP('',(#3833));
#6851=EDGE_LOOP('',(#3834));
#6852=EDGE_LOOP('',(#3835,#3836,#3837,#3838));
#6853=EDGE_LOOP('',(#3839,#3840,#3841,#3842));
#6854=EDGE_LOOP('',(#3843,#3844,#3845,#3846));
#6855=EDGE_LOOP('',(#3847,#3848,#3849,#3850));
#6856=EDGE_LOOP('',(#3851,#3852,#3853,#3854));
#6857=EDGE_LOOP('',(#3855,#3856,#3857,#3858,#3859,#3860));
#6858=EDGE_LOOP('',(#3861,#3862,#3863,#3864,#3865,#3866));
#6859=EDGE_LOOP('',(#3867,#3868,#3869,#3870,#3871,#3872));
#6860=EDGE_LOOP('',(#3873,#3874,#3875,#3876,#3877,#3878));
#6861=EDGE_LOOP('',(#3879,#3880,#3881,#3882,#3883,#3884));
#6862=EDGE_LOOP('',(#3885,#3886,#3887,#3888,#3889,#3890));
#6863=EDGE_LOOP('',(#3891));
#6864=EDGE_LOOP('',(#3892));
#6865=EDGE_LOOP('',(#3893,#3894,#3895));
#6866=EDGE_LOOP('',(#3896,#3897,#3898));
#6867=EDGE_LOOP('',(#3899));
#6868=EDGE_LOOP('',(#3900,#3901,#3902,#3903,#3904,#3905));
#6869=EDGE_LOOP('',(#3906,#3907,#3908));
#6870=EDGE_LOOP('',(#3909,#3910,#3911));
#6871=EDGE_LOOP('',(#3912,#3913,#3914));
#6872=EDGE_LOOP('',(#3915,#3916,#3917));
#6873=EDGE_LOOP('',(#3918));
#6874=EDGE_LOOP('',(#3919));
#6875=EDGE_LOOP('',(#3920));
#6876=EDGE_LOOP('',(#3921,#3922,#3923));
#6877=EDGE_LOOP('',(#3924,#3925,#3926));
#6878=EDGE_LOOP('',(#3927,#3928,#3929));
#6879=EDGE_LOOP('',(#3930,#3931,#3932));
#6880=EDGE_LOOP('',(#3933,#3934,#3935));
#6881=EDGE_LOOP('',(#3936,#3937,#3938));
#6882=EDGE_LOOP('',(#3939,#3940,#3941,#3942,#3943,#3944));
#6883=EDGE_LOOP('',(#3945));
#6884=EDGE_LOOP('',(#3946));
#6885=EDGE_LOOP('',(#3947));
#6886=EDGE_LOOP('',(#3948));
#6887=EDGE_LOOP('',(#3949,#3950,#3951,#3952));
#6888=EDGE_LOOP('',(#3953,#3954,#3955,#3956));
#6889=EDGE_LOOP('',(#3957));
#6890=EDGE_LOOP('',(#3958));
#6891=EDGE_LOOP('',(#3959,#3960,#3961,#3962));
#6892=EDGE_LOOP('',(#3963));
#6893=EDGE_LOOP('',(#3964,#3965));
#6894=EDGE_LOOP('',(#3966));
#6895=EDGE_LOOP('',(#3967));
#6896=EDGE_LOOP('',(#3968));
#6897=EDGE_LOOP('',(#3969));
#6898=EDGE_LOOP('',(#3970));
#6899=EDGE_LOOP('',(#3971));
#6900=EDGE_LOOP('',(#3972));
#6901=EDGE_LOOP('',(#3973));
#6902=EDGE_LOOP('',(#3974));
#6903=EDGE_LOOP('',(#3975,#3976,#3977,#3978));
#6904=EDGE_LOOP('',(#3979,#3980,#3981,#3982,#3983,#3984,#3985,#3986,#3987,
#3988));
#6905=EDGE_LOOP('',(#3989));
#6906=EDGE_LOOP('',(#3990,#3991));
#6907=EDGE_LOOP('',(#3992));
#6908=EDGE_LOOP('',(#3993));
#6909=EDGE_LOOP('',(#3994));
#6910=EDGE_LOOP('',(#3995));
#6911=EDGE_LOOP('',(#3996));
#6912=EDGE_LOOP('',(#3997));
#6913=EDGE_LOOP('',(#3998));
#6914=EDGE_LOOP('',(#3999));
#6915=EDGE_LOOP('',(#4000));
#6916=EDGE_LOOP('',(#4001));
#6917=EDGE_LOOP('',(#4002));
#6918=EDGE_LOOP('',(#4003));
#6919=EDGE_LOOP('',(#4004));
#6920=EDGE_LOOP('',(#4005));
#6921=EDGE_LOOP('',(#4006));
#6922=EDGE_LOOP('',(#4007));
#6923=EDGE_LOOP('',(#4008));
#6924=EDGE_LOOP('',(#4009));
#6925=EDGE_LOOP('',(#4010));
#6926=FACE_BOUND('',#6285,.T.);
#6927=FACE_BOUND('',#6286,.T.);
#6928=FACE_BOUND('',#6287,.T.);
#6929=FACE_BOUND('',#6288,.T.);
#6930=FACE_BOUND('',#6289,.T.);
#6931=FACE_BOUND('',#6290,.T.);
#6932=FACE_BOUND('',#6291,.T.);
#6933=FACE_BOUND('',#6292,.T.);
#6934=FACE_BOUND('',#6293,.T.);
#6935=FACE_BOUND('',#6294,.T.);
#6936=FACE_BOUND('',#6295,.T.);
#6937=FACE_BOUND('',#6296,.T.);
#6938=FACE_BOUND('',#6297,.T.);
#6939=FACE_BOUND('',#6298,.T.);
#6940=FACE_BOUND('',#6299,.T.);
#6941=FACE_BOUND('',#6300,.T.);
#6942=FACE_BOUND('',#6301,.T.);
#6943=FACE_BOUND('',#6302,.T.);
#6944=FACE_BOUND('',#6303,.T.);
#6945=FACE_BOUND('',#6304,.T.);
#6946=FACE_BOUND('',#6305,.T.);
#6947=FACE_BOUND('',#6306,.T.);
#6948=FACE_BOUND('',#6307,.T.);
#6949=FACE_BOUND('',#6308,.T.);
#6950=FACE_BOUND('',#6309,.T.);
#6951=FACE_BOUND('',#6310,.T.);
#6952=FACE_BOUND('',#6311,.T.);
#6953=FACE_BOUND('',#6312,.T.);
#6954=FACE_BOUND('',#6313,.T.);
#6955=FACE_BOUND('',#6314,.T.);
#6956=FACE_BOUND('',#6315,.T.);
#6957=FACE_BOUND('',#6316,.T.);
#6958=FACE_BOUND('',#6317,.T.);
#6959=FACE_BOUND('',#6318,.T.);
#6960=FACE_BOUND('',#6319,.T.);
#6961=FACE_BOUND('',#6320,.T.);
#6962=FACE_BOUND('',#6321,.T.);
#6963=FACE_BOUND('',#6322,.T.);
#6964=FACE_BOUND('',#6323,.T.);
#6965=FACE_BOUND('',#6324,.T.);
#6966=FACE_BOUND('',#6325,.T.);
#6967=FACE_BOUND('',#6326,.T.);
#6968=FACE_BOUND('',#6327,.T.);
#6969=FACE_BOUND('',#6328,.T.);
#6970=FACE_BOUND('',#6329,.T.);
#6971=FACE_BOUND('',#6330,.T.);
#6972=FACE_BOUND('',#6331,.T.);
#6973=FACE_BOUND('',#6332,.T.);
#6974=FACE_BOUND('',#6333,.T.);
#6975=FACE_BOUND('',#6334,.T.);
#6976=FACE_BOUND('',#6335,.T.);
#6977=FACE_BOUND('',#6336,.T.);
#6978=FACE_BOUND('',#6337,.T.);
#6979=FACE_BOUND('',#6338,.T.);
#6980=FACE_BOUND('',#6339,.T.);
#6981=FACE_BOUND('',#6340,.T.);
#6982=FACE_BOUND('',#6341,.T.);
#6983=FACE_BOUND('',#6342,.T.);
#6984=FACE_BOUND('',#6343,.T.);
#6985=FACE_BOUND('',#6344,.T.);
#6986=FACE_BOUND('',#6345,.T.);
#6987=FACE_BOUND('',#6346,.T.);
#6988=FACE_BOUND('',#6347,.T.);
#6989=FACE_BOUND('',#6348,.T.);
#6990=FACE_BOUND('',#6349,.T.);
#6991=FACE_BOUND('',#6350,.T.);
#6992=FACE_BOUND('',#6351,.T.);
#6993=FACE_BOUND('',#6352,.T.);
#6994=FACE_BOUND('',#6353,.T.);
#6995=FACE_BOUND('',#6354,.T.);
#6996=FACE_BOUND('',#6355,.T.);
#6997=FACE_BOUND('',#6356,.T.);
#6998=FACE_BOUND('',#6357,.T.);
#6999=FACE_BOUND('',#6358,.T.);
#7000=FACE_BOUND('',#6359,.T.);
#7001=FACE_BOUND('',#6360,.T.);
#7002=FACE_BOUND('',#6361,.T.);
#7003=FACE_BOUND('',#6362,.T.);
#7004=FACE_BOUND('',#6363,.T.);
#7005=FACE_BOUND('',#6364,.T.);
#7006=FACE_BOUND('',#6365,.T.);
#7007=FACE_BOUND('',#6366,.T.);
#7008=FACE_BOUND('',#6367,.T.);
#7009=FACE_BOUND('',#6368,.T.);
#7010=FACE_BOUND('',#6369,.T.);
#7011=FACE_BOUND('',#6370,.T.);
#7012=FACE_BOUND('',#6371,.T.);
#7013=FACE_BOUND('',#6372,.T.);
#7014=FACE_BOUND('',#6373,.T.);
#7015=FACE_BOUND('',#6374,.T.);
#7016=FACE_BOUND('',#6375,.T.);
#7017=FACE_BOUND('',#6376,.T.);
#7018=FACE_BOUND('',#6377,.T.);
#7019=FACE_BOUND('',#6378,.T.);
#7020=FACE_BOUND('',#6379,.T.);
#7021=FACE_BOUND('',#6380,.T.);
#7022=FACE_BOUND('',#6381,.T.);
#7023=FACE_BOUND('',#6382,.T.);
#7024=FACE_BOUND('',#6383,.T.);
#7025=FACE_BOUND('',#6384,.T.);
#7026=FACE_BOUND('',#6385,.T.);
#7027=FACE_BOUND('',#6386,.T.);
#7028=FACE_BOUND('',#6387,.T.);
#7029=FACE_BOUND('',#6388,.T.);
#7030=FACE_BOUND('',#6389,.T.);
#7031=FACE_BOUND('',#6390,.T.);
#7032=FACE_BOUND('',#6391,.T.);
#7033=FACE_BOUND('',#6392,.T.);
#7034=FACE_BOUND('',#6393,.T.);
#7035=FACE_BOUND('',#6394,.T.);
#7036=FACE_BOUND('',#6395,.T.);
#7037=FACE_BOUND('',#6396,.T.);
#7038=FACE_BOUND('',#6397,.T.);
#7039=FACE_BOUND('',#6398,.T.);
#7040=FACE_BOUND('',#6399,.T.);
#7041=FACE_BOUND('',#6400,.T.);
#7042=FACE_BOUND('',#6401,.T.);
#7043=FACE_BOUND('',#6402,.T.);
#7044=FACE_BOUND('',#6403,.T.);
#7045=FACE_BOUND('',#6404,.T.);
#7046=FACE_BOUND('',#6405,.T.);
#7047=FACE_BOUND('',#6406,.T.);
#7048=FACE_BOUND('',#6407,.T.);
#7049=FACE_BOUND('',#6408,.T.);
#7050=FACE_BOUND('',#6409,.T.);
#7051=FACE_BOUND('',#6410,.T.);
#7052=FACE_BOUND('',#6411,.T.);
#7053=FACE_BOUND('',#6412,.T.);
#7054=FACE_BOUND('',#6413,.T.);
#7055=FACE_BOUND('',#6414,.T.);
#7056=FACE_BOUND('',#6415,.T.);
#7057=FACE_BOUND('',#6416,.T.);
#7058=FACE_BOUND('',#6417,.T.);
#7059=FACE_BOUND('',#6418,.T.);
#7060=FACE_BOUND('',#6419,.T.);
#7061=FACE_BOUND('',#6420,.T.);
#7062=FACE_BOUND('',#6421,.T.);
#7063=FACE_BOUND('',#6422,.T.);
#7064=FACE_BOUND('',#6423,.T.);
#7065=FACE_BOUND('',#6424,.T.);
#7066=FACE_BOUND('',#6425,.T.);
#7067=FACE_BOUND('',#6426,.T.);
#7068=FACE_BOUND('',#6427,.T.);
#7069=FACE_BOUND('',#6428,.T.);
#7070=FACE_BOUND('',#6429,.T.);
#7071=FACE_BOUND('',#6430,.T.);
#7072=FACE_BOUND('',#6431,.T.);
#7073=FACE_BOUND('',#6432,.T.);
#7074=FACE_BOUND('',#6433,.T.);
#7075=FACE_BOUND('',#6434,.T.);
#7076=FACE_BOUND('',#6435,.T.);
#7077=FACE_BOUND('',#6436,.T.);
#7078=FACE_BOUND('',#6437,.T.);
#7079=FACE_BOUND('',#6438,.T.);
#7080=FACE_BOUND('',#6439,.T.);
#7081=FACE_BOUND('',#6440,.T.);
#7082=FACE_BOUND('',#6441,.T.);
#7083=FACE_BOUND('',#6442,.T.);
#7084=FACE_BOUND('',#6443,.T.);
#7085=FACE_BOUND('',#6444,.T.);
#7086=FACE_BOUND('',#6445,.T.);
#7087=FACE_BOUND('',#6446,.T.);
#7088=FACE_BOUND('',#6447,.T.);
#7089=FACE_BOUND('',#6448,.T.);
#7090=FACE_BOUND('',#6449,.T.);
#7091=FACE_BOUND('',#6450,.T.);
#7092=FACE_BOUND('',#6451,.T.);
#7093=FACE_BOUND('',#6452,.T.);
#7094=FACE_BOUND('',#6453,.T.);
#7095=FACE_BOUND('',#6454,.T.);
#7096=FACE_BOUND('',#6455,.T.);
#7097=FACE_BOUND('',#6456,.T.);
#7098=FACE_BOUND('',#6457,.T.);
#7099=FACE_BOUND('',#6458,.T.);
#7100=FACE_BOUND('',#6459,.T.);
#7101=FACE_BOUND('',#6460,.T.);
#7102=FACE_BOUND('',#6461,.T.);
#7103=FACE_BOUND('',#6462,.T.);
#7104=FACE_BOUND('',#6463,.T.);
#7105=FACE_BOUND('',#6464,.T.);
#7106=FACE_BOUND('',#6465,.T.);
#7107=FACE_BOUND('',#6466,.T.);
#7108=FACE_BOUND('',#6467,.T.);
#7109=FACE_BOUND('',#6468,.T.);
#7110=FACE_BOUND('',#6469,.T.);
#7111=FACE_BOUND('',#6470,.T.);
#7112=FACE_BOUND('',#6471,.T.);
#7113=FACE_BOUND('',#6472,.T.);
#7114=FACE_BOUND('',#6473,.T.);
#7115=FACE_BOUND('',#6474,.T.);
#7116=FACE_BOUND('',#6475,.T.);
#7117=FACE_BOUND('',#6476,.T.);
#7118=FACE_BOUND('',#6477,.T.);
#7119=FACE_BOUND('',#6478,.T.);
#7120=FACE_BOUND('',#6479,.T.);
#7121=FACE_BOUND('',#6480,.T.);
#7122=FACE_BOUND('',#6481,.T.);
#7123=FACE_BOUND('',#6482,.T.);
#7124=FACE_BOUND('',#6483,.T.);
#7125=FACE_BOUND('',#6484,.T.);
#7126=FACE_BOUND('',#6485,.T.);
#7127=FACE_BOUND('',#6486,.T.);
#7128=FACE_BOUND('',#6487,.T.);
#7129=FACE_BOUND('',#6488,.T.);
#7130=FACE_BOUND('',#6489,.T.);
#7131=FACE_BOUND('',#6490,.T.);
#7132=FACE_BOUND('',#6491,.T.);
#7133=FACE_BOUND('',#6492,.T.);
#7134=FACE_BOUND('',#6493,.T.);
#7135=FACE_BOUND('',#6494,.T.);
#7136=FACE_BOUND('',#6495,.T.);
#7137=FACE_BOUND('',#6496,.T.);
#7138=FACE_BOUND('',#6497,.T.);
#7139=FACE_BOUND('',#6498,.T.);
#7140=FACE_BOUND('',#6499,.T.);
#7141=FACE_BOUND('',#6500,.T.);
#7142=FACE_BOUND('',#6501,.T.);
#7143=FACE_BOUND('',#6502,.T.);
#7144=FACE_BOUND('',#6503,.T.);
#7145=FACE_BOUND('',#6504,.T.);
#7146=FACE_BOUND('',#6505,.T.);
#7147=FACE_BOUND('',#6506,.T.);
#7148=FACE_BOUND('',#6507,.T.);
#7149=FACE_BOUND('',#6508,.T.);
#7150=FACE_BOUND('',#6509,.T.);
#7151=FACE_BOUND('',#6510,.T.);
#7152=FACE_BOUND('',#6511,.T.);
#7153=FACE_BOUND('',#6512,.T.);
#7154=FACE_BOUND('',#6513,.T.);
#7155=FACE_BOUND('',#6514,.T.);
#7156=FACE_BOUND('',#6515,.T.);
#7157=FACE_BOUND('',#6516,.T.);
#7158=FACE_BOUND('',#6517,.T.);
#7159=FACE_BOUND('',#6518,.T.);
#7160=FACE_BOUND('',#6519,.T.);
#7161=FACE_BOUND('',#6520,.T.);
#7162=FACE_BOUND('',#6521,.T.);
#7163=FACE_BOUND('',#6522,.T.);
#7164=FACE_BOUND('',#6523,.T.);
#7165=FACE_BOUND('',#6524,.T.);
#7166=FACE_BOUND('',#6525,.T.);
#7167=FACE_BOUND('',#6526,.T.);
#7168=FACE_BOUND('',#6527,.T.);
#7169=FACE_BOUND('',#6528,.T.);
#7170=FACE_BOUND('',#6529,.T.);
#7171=FACE_BOUND('',#6530,.T.);
#7172=FACE_BOUND('',#6531,.T.);
#7173=FACE_BOUND('',#6532,.T.);
#7174=FACE_BOUND('',#6533,.T.);
#7175=FACE_BOUND('',#6534,.T.);
#7176=FACE_BOUND('',#6535,.T.);
#7177=FACE_BOUND('',#6536,.T.);
#7178=FACE_BOUND('',#6537,.T.);
#7179=FACE_BOUND('',#6538,.T.);
#7180=FACE_BOUND('',#6539,.T.);
#7181=FACE_BOUND('',#6540,.T.);
#7182=FACE_BOUND('',#6541,.T.);
#7183=FACE_BOUND('',#6542,.T.);
#7184=FACE_BOUND('',#6543,.T.);
#7185=FACE_BOUND('',#6544,.T.);
#7186=FACE_BOUND('',#6545,.T.);
#7187=FACE_BOUND('',#6546,.T.);
#7188=FACE_BOUND('',#6547,.T.);
#7189=FACE_BOUND('',#6548,.T.);
#7190=FACE_BOUND('',#6549,.T.);
#7191=FACE_BOUND('',#6550,.T.);
#7192=FACE_BOUND('',#6551,.T.);
#7193=FACE_BOUND('',#6552,.T.);
#7194=FACE_BOUND('',#6553,.T.);
#7195=FACE_BOUND('',#6554,.T.);
#7196=FACE_BOUND('',#6555,.T.);
#7197=FACE_BOUND('',#6556,.T.);
#7198=FACE_BOUND('',#6557,.T.);
#7199=FACE_BOUND('',#6558,.T.);
#7200=FACE_BOUND('',#6559,.T.);
#7201=FACE_BOUND('',#6560,.T.);
#7202=FACE_BOUND('',#6561,.T.);
#7203=FACE_BOUND('',#6562,.T.);
#7204=FACE_BOUND('',#6563,.T.);
#7205=FACE_BOUND('',#6564,.T.);
#7206=FACE_BOUND('',#6565,.T.);
#7207=FACE_BOUND('',#6566,.T.);
#7208=FACE_BOUND('',#6567,.T.);
#7209=FACE_BOUND('',#6568,.T.);
#7210=FACE_BOUND('',#6569,.T.);
#7211=FACE_BOUND('',#6570,.T.);
#7212=FACE_BOUND('',#6571,.T.);
#7213=FACE_BOUND('',#6572,.T.);
#7214=FACE_BOUND('',#6573,.T.);
#7215=FACE_BOUND('',#6574,.T.);
#7216=FACE_BOUND('',#6575,.T.);
#7217=FACE_BOUND('',#6576,.T.);
#7218=FACE_BOUND('',#6577,.T.);
#7219=FACE_BOUND('',#6578,.T.);
#7220=FACE_BOUND('',#6579,.T.);
#7221=FACE_BOUND('',#6580,.T.);
#7222=FACE_BOUND('',#6581,.T.);
#7223=FACE_BOUND('',#6582,.T.);
#7224=FACE_BOUND('',#6583,.T.);
#7225=FACE_BOUND('',#6584,.T.);
#7226=FACE_BOUND('',#6585,.T.);
#7227=FACE_BOUND('',#6586,.T.);
#7228=FACE_BOUND('',#6587,.T.);
#7229=FACE_BOUND('',#6588,.T.);
#7230=FACE_BOUND('',#6589,.T.);
#7231=FACE_BOUND('',#6590,.T.);
#7232=FACE_BOUND('',#6591,.T.);
#7233=FACE_BOUND('',#6592,.T.);
#7234=FACE_BOUND('',#6593,.T.);
#7235=FACE_BOUND('',#6594,.T.);
#7236=FACE_BOUND('',#6595,.T.);
#7237=FACE_BOUND('',#6596,.T.);
#7238=FACE_BOUND('',#6597,.T.);
#7239=FACE_BOUND('',#6598,.T.);
#7240=FACE_BOUND('',#6599,.T.);
#7241=FACE_BOUND('',#6600,.T.);
#7242=FACE_BOUND('',#6601,.T.);
#7243=FACE_BOUND('',#6602,.T.);
#7244=FACE_BOUND('',#6603,.T.);
#7245=FACE_BOUND('',#6604,.T.);
#7246=FACE_BOUND('',#6605,.T.);
#7247=FACE_BOUND('',#6606,.T.);
#7248=FACE_BOUND('',#6607,.T.);
#7249=FACE_BOUND('',#6608,.T.);
#7250=FACE_BOUND('',#6609,.T.);
#7251=FACE_BOUND('',#6610,.T.);
#7252=FACE_BOUND('',#6611,.T.);
#7253=FACE_BOUND('',#6612,.T.);
#7254=FACE_BOUND('',#6613,.T.);
#7255=FACE_BOUND('',#6614,.T.);
#7256=FACE_BOUND('',#6615,.T.);
#7257=FACE_BOUND('',#6616,.T.);
#7258=FACE_BOUND('',#6617,.T.);
#7259=FACE_BOUND('',#6618,.T.);
#7260=FACE_BOUND('',#6619,.T.);
#7261=FACE_BOUND('',#6620,.T.);
#7262=FACE_BOUND('',#6621,.T.);
#7263=FACE_BOUND('',#6622,.T.);
#7264=FACE_BOUND('',#6623,.T.);
#7265=FACE_BOUND('',#6624,.T.);
#7266=FACE_BOUND('',#6625,.T.);
#7267=FACE_BOUND('',#6626,.T.);
#7268=FACE_BOUND('',#6627,.T.);
#7269=FACE_BOUND('',#6628,.T.);
#7270=FACE_BOUND('',#6629,.T.);
#7271=FACE_BOUND('',#6630,.T.);
#7272=FACE_BOUND('',#6631,.T.);
#7273=FACE_BOUND('',#6632,.T.);
#7274=FACE_BOUND('',#6633,.T.);
#7275=FACE_BOUND('',#6634,.T.);
#7276=FACE_BOUND('',#6635,.T.);
#7277=FACE_BOUND('',#6636,.T.);
#7278=FACE_BOUND('',#6637,.T.);
#7279=FACE_BOUND('',#6638,.T.);
#7280=FACE_BOUND('',#6639,.T.);
#7281=FACE_BOUND('',#6640,.T.);
#7282=FACE_BOUND('',#6641,.T.);
#7283=FACE_BOUND('',#6642,.T.);
#7284=FACE_BOUND('',#6643,.T.);
#7285=FACE_BOUND('',#6644,.T.);
#7286=FACE_BOUND('',#6645,.T.);
#7287=FACE_BOUND('',#6646,.T.);
#7288=FACE_BOUND('',#6647,.T.);
#7289=FACE_BOUND('',#6648,.T.);
#7290=FACE_BOUND('',#6649,.T.);
#7291=FACE_BOUND('',#6650,.T.);
#7292=FACE_BOUND('',#6651,.T.);
#7293=FACE_BOUND('',#6652,.T.);
#7294=FACE_BOUND('',#6653,.T.);
#7295=FACE_BOUND('',#6654,.T.);
#7296=FACE_BOUND('',#6655,.T.);
#7297=FACE_BOUND('',#6656,.T.);
#7298=FACE_BOUND('',#6657,.T.);
#7299=FACE_BOUND('',#6658,.T.);
#7300=FACE_BOUND('',#6659,.T.);
#7301=FACE_BOUND('',#6660,.T.);
#7302=FACE_BOUND('',#6661,.T.);
#7303=FACE_BOUND('',#6662,.T.);
#7304=FACE_BOUND('',#6663,.T.);
#7305=FACE_BOUND('',#6664,.T.);
#7306=FACE_BOUND('',#6665,.T.);
#7307=FACE_BOUND('',#6666,.T.);
#7308=FACE_BOUND('',#6667,.T.);
#7309=FACE_BOUND('',#6668,.T.);
#7310=FACE_BOUND('',#6669,.T.);
#7311=FACE_BOUND('',#6670,.T.);
#7312=FACE_BOUND('',#6671,.T.);
#7313=FACE_BOUND('',#6672,.T.);
#7314=FACE_BOUND('',#6673,.T.);
#7315=FACE_BOUND('',#6674,.T.);
#7316=FACE_BOUND('',#6675,.T.);
#7317=FACE_BOUND('',#6676,.T.);
#7318=FACE_BOUND('',#6677,.T.);
#7319=FACE_BOUND('',#6678,.T.);
#7320=FACE_BOUND('',#6679,.T.);
#7321=FACE_BOUND('',#6680,.T.);
#7322=FACE_BOUND('',#6681,.T.);
#7323=FACE_BOUND('',#6682,.T.);
#7324=FACE_BOUND('',#6683,.T.);
#7325=FACE_BOUND('',#6684,.T.);
#7326=FACE_BOUND('',#6685,.T.);
#7327=FACE_BOUND('',#6686,.T.);
#7328=FACE_BOUND('',#6687,.T.);
#7329=FACE_BOUND('',#6688,.T.);
#7330=FACE_BOUND('',#6689,.T.);
#7331=FACE_BOUND('',#6690,.T.);
#7332=FACE_BOUND('',#6691,.T.);
#7333=FACE_BOUND('',#6692,.T.);
#7334=FACE_BOUND('',#6693,.T.);
#7335=FACE_BOUND('',#6694,.T.);
#7336=FACE_BOUND('',#6695,.T.);
#7337=FACE_BOUND('',#6696,.T.);
#7338=FACE_BOUND('',#6697,.T.);
#7339=FACE_BOUND('',#6698,.T.);
#7340=FACE_BOUND('',#6699,.T.);
#7341=FACE_BOUND('',#6700,.T.);
#7342=FACE_BOUND('',#6701,.T.);
#7343=FACE_BOUND('',#6702,.T.);
#7344=FACE_BOUND('',#6703,.T.);
#7345=FACE_BOUND('',#6704,.T.);
#7346=FACE_BOUND('',#6705,.T.);
#7347=FACE_BOUND('',#6706,.T.);
#7348=FACE_BOUND('',#6707,.T.);
#7349=FACE_BOUND('',#6708,.T.);
#7350=FACE_BOUND('',#6709,.T.);
#7351=FACE_BOUND('',#6710,.T.);
#7352=FACE_BOUND('',#6711,.T.);
#7353=FACE_BOUND('',#6712,.T.);
#7354=FACE_BOUND('',#6713,.T.);
#7355=FACE_BOUND('',#6714,.T.);
#7356=FACE_BOUND('',#6715,.T.);
#7357=FACE_BOUND('',#6716,.T.);
#7358=FACE_BOUND('',#6717,.T.);
#7359=FACE_BOUND('',#6718,.T.);
#7360=FACE_BOUND('',#6719,.T.);
#7361=FACE_BOUND('',#6720,.T.);
#7362=FACE_BOUND('',#6721,.T.);
#7363=FACE_BOUND('',#6722,.T.);
#7364=FACE_BOUND('',#6723,.T.);
#7365=FACE_BOUND('',#6724,.T.);
#7366=FACE_BOUND('',#6725,.T.);
#7367=FACE_BOUND('',#6726,.T.);
#7368=FACE_BOUND('',#6727,.T.);
#7369=FACE_BOUND('',#6728,.T.);
#7370=FACE_BOUND('',#6729,.T.);
#7371=FACE_BOUND('',#6730,.T.);
#7372=FACE_BOUND('',#6731,.T.);
#7373=FACE_BOUND('',#6732,.T.);
#7374=FACE_BOUND('',#6733,.T.);
#7375=FACE_BOUND('',#6734,.T.);
#7376=FACE_BOUND('',#6735,.T.);
#7377=FACE_BOUND('',#6736,.T.);
#7378=FACE_BOUND('',#6737,.T.);
#7379=FACE_BOUND('',#6738,.T.);
#7380=FACE_BOUND('',#6739,.T.);
#7381=FACE_BOUND('',#6740,.T.);
#7382=FACE_BOUND('',#6741,.T.);
#7383=FACE_BOUND('',#6742,.T.);
#7384=FACE_BOUND('',#6743,.T.);
#7385=FACE_BOUND('',#6744,.T.);
#7386=FACE_BOUND('',#6745,.T.);
#7387=FACE_BOUND('',#6746,.T.);
#7388=FACE_BOUND('',#6747,.T.);
#7389=FACE_BOUND('',#6748,.T.);
#7390=FACE_BOUND('',#6749,.T.);
#7391=FACE_BOUND('',#6750,.T.);
#7392=FACE_BOUND('',#6751,.T.);
#7393=FACE_BOUND('',#6752,.T.);
#7394=FACE_BOUND('',#6753,.T.);
#7395=FACE_BOUND('',#6754,.T.);
#7396=FACE_BOUND('',#6755,.T.);
#7397=FACE_BOUND('',#6756,.T.);
#7398=FACE_BOUND('',#6757,.T.);
#7399=FACE_BOUND('',#6758,.T.);
#7400=FACE_BOUND('',#6759,.T.);
#7401=FACE_BOUND('',#6760,.T.);
#7402=FACE_BOUND('',#6761,.T.);
#7403=FACE_BOUND('',#6762,.T.);
#7404=FACE_BOUND('',#6763,.T.);
#7405=FACE_BOUND('',#6764,.T.);
#7406=FACE_BOUND('',#6765,.T.);
#7407=FACE_BOUND('',#6766,.T.);
#7408=FACE_BOUND('',#6767,.T.);
#7409=FACE_BOUND('',#6768,.T.);
#7410=FACE_BOUND('',#6769,.T.);
#7411=FACE_BOUND('',#6770,.T.);
#7412=FACE_BOUND('',#6771,.T.);
#7413=FACE_BOUND('',#6772,.T.);
#7414=FACE_BOUND('',#6773,.T.);
#7415=FACE_BOUND('',#6774,.T.);
#7416=FACE_BOUND('',#6775,.T.);
#7417=FACE_BOUND('',#6776,.T.);
#7418=FACE_BOUND('',#6777,.T.);
#7419=FACE_BOUND('',#6778,.T.);
#7420=FACE_BOUND('',#6779,.T.);
#7421=FACE_BOUND('',#6780,.T.);
#7422=FACE_BOUND('',#6781,.T.);
#7423=FACE_BOUND('',#6782,.T.);
#7424=FACE_BOUND('',#6783,.T.);
#7425=FACE_BOUND('',#6784,.T.);
#7426=FACE_BOUND('',#6785,.T.);
#7427=FACE_BOUND('',#6786,.T.);
#7428=FACE_BOUND('',#6787,.T.);
#7429=FACE_BOUND('',#6788,.T.);
#7430=FACE_BOUND('',#6789,.T.);
#7431=FACE_BOUND('',#6790,.T.);
#7432=FACE_BOUND('',#6791,.T.);
#7433=FACE_BOUND('',#6792,.T.);
#7434=FACE_BOUND('',#6793,.T.);
#7435=FACE_BOUND('',#6794,.T.);
#7436=FACE_BOUND('',#6795,.T.);
#7437=FACE_BOUND('',#6796,.T.);
#7438=FACE_BOUND('',#6797,.T.);
#7439=FACE_BOUND('',#6798,.T.);
#7440=FACE_BOUND('',#6799,.T.);
#7441=FACE_BOUND('',#6800,.T.);
#7442=FACE_BOUND('',#6801,.T.);
#7443=FACE_BOUND('',#6802,.T.);
#7444=FACE_BOUND('',#6803,.T.);
#7445=FACE_BOUND('',#6804,.T.);
#7446=FACE_BOUND('',#6805,.T.);
#7447=FACE_BOUND('',#6806,.T.);
#7448=FACE_BOUND('',#6807,.T.);
#7449=FACE_BOUND('',#6808,.T.);
#7450=FACE_BOUND('',#6809,.T.);
#7451=FACE_BOUND('',#6810,.T.);
#7452=FACE_BOUND('',#6811,.T.);
#7453=FACE_BOUND('',#6812,.T.);
#7454=FACE_BOUND('',#6813,.T.);
#7455=FACE_BOUND('',#6814,.T.);
#7456=FACE_BOUND('',#6815,.T.);
#7457=FACE_BOUND('',#6816,.T.);
#7458=FACE_BOUND('',#6817,.T.);
#7459=FACE_BOUND('',#6818,.T.);
#7460=FACE_BOUND('',#6819,.T.);
#7461=FACE_BOUND('',#6820,.T.);
#7462=FACE_BOUND('',#6821,.T.);
#7463=FACE_BOUND('',#6822,.T.);
#7464=FACE_BOUND('',#6823,.T.);
#7465=FACE_BOUND('',#6824,.T.);
#7466=FACE_BOUND('',#6825,.T.);
#7467=FACE_BOUND('',#6826,.T.);
#7468=FACE_BOUND('',#6827,.T.);
#7469=FACE_BOUND('',#6828,.T.);
#7470=FACE_BOUND('',#6829,.T.);
#7471=FACE_BOUND('',#6830,.T.);
#7472=FACE_BOUND('',#6831,.T.);
#7473=FACE_BOUND('',#6832,.T.);
#7474=FACE_BOUND('',#6833,.T.);
#7475=FACE_BOUND('',#6834,.T.);
#7476=FACE_BOUND('',#6835,.T.);
#7477=FACE_BOUND('',#6836,.T.);
#7478=FACE_BOUND('',#6837,.T.);
#7479=FACE_BOUND('',#6838,.T.);
#7480=FACE_BOUND('',#6839,.T.);
#7481=FACE_BOUND('',#6840,.T.);
#7482=FACE_BOUND('',#6841,.T.);
#7483=FACE_BOUND('',#6842,.T.);
#7484=FACE_BOUND('',#6843,.T.);
#7485=FACE_BOUND('',#6844,.T.);
#7486=FACE_BOUND('',#6845,.T.);
#7487=FACE_BOUND('',#6846,.T.);
#7488=FACE_BOUND('',#6847,.T.);
#7489=FACE_BOUND('',#6848,.T.);
#7490=FACE_BOUND('',#6849,.T.);
#7491=FACE_BOUND('',#6850,.T.);
#7492=FACE_BOUND('',#6851,.T.);
#7493=FACE_BOUND('',#6852,.T.);
#7494=FACE_BOUND('',#6853,.T.);
#7495=FACE_BOUND('',#6854,.T.);
#7496=FACE_BOUND('',#6855,.T.);
#7497=FACE_BOUND('',#6856,.T.);
#7498=FACE_BOUND('',#6857,.T.);
#7499=FACE_BOUND('',#6858,.T.);
#7500=FACE_BOUND('',#6859,.T.);
#7501=FACE_BOUND('',#6860,.T.);
#7502=FACE_BOUND('',#6861,.T.);
#7503=FACE_BOUND('',#6862,.T.);
#7504=FACE_BOUND('',#6863,.T.);
#7505=FACE_BOUND('',#6864,.T.);
#7506=FACE_BOUND('',#6865,.T.);
#7507=FACE_BOUND('',#6866,.T.);
#7508=FACE_BOUND('',#6867,.T.);
#7509=FACE_BOUND('',#6868,.T.);
#7510=FACE_BOUND('',#6869,.T.);
#7511=FACE_BOUND('',#6870,.T.);
#7512=FACE_BOUND('',#6871,.T.);
#7513=FACE_BOUND('',#6872,.T.);
#7514=FACE_BOUND('',#6873,.T.);
#7515=FACE_BOUND('',#6874,.T.);
#7516=FACE_BOUND('',#6875,.T.);
#7517=FACE_BOUND('',#6876,.T.);
#7518=FACE_BOUND('',#6877,.T.);
#7519=FACE_BOUND('',#6878,.T.);
#7520=FACE_BOUND('',#6879,.T.);
#7521=FACE_BOUND('',#6880,.T.);
#7522=FACE_BOUND('',#6881,.T.);
#7523=FACE_BOUND('',#6882,.T.);
#7524=FACE_BOUND('',#6883,.T.);
#7525=FACE_BOUND('',#6884,.T.);
#7526=FACE_BOUND('',#6885,.T.);
#7527=FACE_BOUND('',#6886,.T.);
#7528=FACE_BOUND('',#6887,.T.);
#7529=FACE_BOUND('',#6888,.T.);
#7530=FACE_BOUND('',#6889,.T.);
#7531=FACE_BOUND('',#6890,.T.);
#7532=FACE_BOUND('',#6891,.T.);
#7533=FACE_BOUND('',#6892,.T.);
#7534=FACE_BOUND('',#6893,.T.);
#7535=FACE_BOUND('',#6894,.T.);
#7536=FACE_BOUND('',#6895,.T.);
#7537=FACE_BOUND('',#6896,.T.);
#7538=FACE_BOUND('',#6897,.T.);
#7539=FACE_BOUND('',#6898,.T.);
#7540=FACE_BOUND('',#6899,.T.);
#7541=FACE_BOUND('',#6900,.T.);
#7542=FACE_BOUND('',#6901,.T.);
#7543=FACE_BOUND('',#6902,.T.);
#7544=FACE_BOUND('',#6903,.T.);
#7545=FACE_BOUND('',#6904,.T.);
#7546=FACE_BOUND('',#6905,.T.);
#7547=FACE_BOUND('',#6906,.T.);
#7548=FACE_BOUND('',#6907,.T.);
#7549=FACE_BOUND('',#6908,.T.);
#7550=FACE_BOUND('',#6909,.T.);
#7551=FACE_BOUND('',#6910,.T.);
#7552=FACE_BOUND('',#6911,.T.);
#7553=FACE_BOUND('',#6912,.T.);
#7554=FACE_BOUND('',#6913,.T.);
#7555=FACE_BOUND('',#6914,.T.);
#7556=FACE_BOUND('',#6915,.T.);
#7557=FACE_BOUND('',#6916,.T.);
#7558=FACE_BOUND('',#6917,.T.);
#7559=FACE_BOUND('',#6918,.T.);
#7560=FACE_BOUND('',#6919,.T.);
#7561=FACE_BOUND('',#6920,.T.);
#7562=FACE_BOUND('',#6921,.T.);
#7563=FACE_BOUND('',#6922,.T.);
#7564=FACE_BOUND('',#6923,.T.);
#7565=FACE_BOUND('',#6924,.T.);
#7566=FACE_BOUND('',#6925,.T.);
#7567=PLANE('',#8521);
#7568=PLANE('',#8525);
#7569=PLANE('',#8529);
#7570=PLANE('',#8533);
#7571=PLANE('',#8537);
#7572=PLANE('',#8544);
#7573=PLANE('',#8546);
#7574=PLANE('',#8549);
#7575=PLANE('',#8553);
#7576=PLANE('',#8554);
#7577=PLANE('',#8555);
#7578=PLANE('',#8557);
#7579=PLANE('',#8558);
#7580=PLANE('',#8564);
#7581=PLANE('',#8566);
#7582=PLANE('',#8571);
#7583=PLANE('',#8588);
#7584=PLANE('',#8590);
#7585=PLANE('',#8591);
#7586=PLANE('',#8605);
#7587=PLANE('',#8610);
#7588=PLANE('',#8620);
#7589=PLANE('',#8635);
#7590=PLANE('',#8636);
#7591=PLANE('',#8639);
#7592=PLANE('',#8640);
#7593=PLANE('',#8641);
#7594=PLANE('',#8642);
#7595=PLANE('',#8643);
#7596=PLANE('',#8652);
#7597=PLANE('',#8662);
#7598=PLANE('',#8669);
#7599=PLANE('',#8686);
#7600=PLANE('',#8690);
#7601=PLANE('',#8699);
#7602=PLANE('',#8700);
#7603=PLANE('',#8703);
#7604=PLANE('',#8715);
#7605=PLANE('',#8716);
#7606=PLANE('',#8718);
#7607=PLANE('',#8729);
#7608=PLANE('',#8730);
#7609=PLANE('',#8732);
#7610=PLANE('',#8743);
#7611=PLANE('',#8744);
#7612=PLANE('',#8746);
#7613=PLANE('',#8747);
#7614=PLANE('',#8748);
#7615=PLANE('',#8749);
#7616=PLANE('',#8750);
#7617=PLANE('',#8751);
#7618=PLANE('',#8752);
#7619=PLANE('',#8753);
#7620=PLANE('',#8754);
#7621=PLANE('',#8766);
#7622=PLANE('',#8773);
#7623=PLANE('',#8778);
#7624=PLANE('',#8784);
#7625=PLANE('',#8785);
#7626=PLANE('',#8786);
#7627=PLANE('',#8787);
#7628=PLANE('',#8788);
#7629=PLANE('',#8789);
#7630=PLANE('',#8790);
#7631=PLANE('',#8791);
#7632=PLANE('',#8792);
#7633=PLANE('',#8793);
#7634=PLANE('',#8794);
#7635=PLANE('',#8795);
#7636=PLANE('',#8796);
#7637=PLANE('',#8797);
#7638=PLANE('',#8798);
#7639=PLANE('',#8799);
#7640=PLANE('',#8800);
#7641=PLANE('',#8801);
#7642=PLANE('',#8802);
#7643=PLANE('',#8803);
#7644=PLANE('',#8804);
#7645=PLANE('',#8805);
#7646=PLANE('',#8806);
#7647=PLANE('',#8807);
#7648=PLANE('',#8808);
#7649=PLANE('',#8809);
#7650=PLANE('',#8810);
#7651=PLANE('',#8811);
#7652=PLANE('',#8812);
#7653=PLANE('',#8813);
#7654=PLANE('',#8814);
#7655=PLANE('',#8815);
#7656=PLANE('',#8816);
#7657=PLANE('',#8817);
#7658=PLANE('',#8818);
#7659=PLANE('',#8819);
#7660=PLANE('',#8820);
#7661=PLANE('',#8821);
#7662=PLANE('',#8822);
#7663=PLANE('',#8823);
#7664=PLANE('',#8824);
#7665=PLANE('',#8825);
#7666=PLANE('',#8826);
#7667=PLANE('',#8827);
#7668=PLANE('',#8828);
#7669=PLANE('',#8829);
#7670=PLANE('',#8830);
#7671=PLANE('',#8831);
#7672=PLANE('',#8832);
#7673=PLANE('',#8833);
#7674=PLANE('',#8834);
#7675=PLANE('',#8835);
#7676=PLANE('',#8836);
#7677=PLANE('',#8837);
#7678=PLANE('',#8838);
#7679=PLANE('',#8839);
#7680=PLANE('',#8840);
#7681=PLANE('',#8841);
#7682=PLANE('',#8842);
#7683=PLANE('',#8843);
#7684=PLANE('',#8844);
#7685=PLANE('',#8845);
#7686=PLANE('',#8846);
#7687=PLANE('',#8847);
#7688=PLANE('',#8848);
#7689=PLANE('',#8849);
#7690=PLANE('',#8850);
#7691=PLANE('',#8851);
#7692=PLANE('',#8852);
#7693=PLANE('',#8853);
#7694=PLANE('',#8854);
#7695=PLANE('',#8855);
#7696=PLANE('',#8856);
#7697=PLANE('',#8857);
#7698=PLANE('',#8858);
#7699=PLANE('',#8859);
#7700=PLANE('',#8860);
#7701=PLANE('',#8861);
#7702=PLANE('',#8862);
#7703=PLANE('',#8863);
#7704=PLANE('',#8864);
#7705=PLANE('',#8865);
#7706=PLANE('',#8866);
#7707=PLANE('',#8867);
#7708=PLANE('',#8868);
#7709=PLANE('',#8869);
#7710=PLANE('',#8870);
#7711=PLANE('',#8871);
#7712=PLANE('',#8872);
#7713=PLANE('',#8873);
#7714=PLANE('',#8874);
#7715=PLANE('',#8875);
#7716=PLANE('',#8876);
#7717=PLANE('',#8877);
#7718=PLANE('',#8878);
#7719=PLANE('',#8879);
#7720=PLANE('',#8882);
#7721=PLANE('',#8883);
#7722=PLANE('',#8884);
#7723=PLANE('',#8890);
#7724=PLANE('',#8892);
#7725=PLANE('',#8894);
#7726=PLANE('',#8899);
#7727=PLANE('',#8902);
#7728=PLANE('',#8906);
#7729=PLANE('',#8910);
#7730=PLANE('',#8912);
#7731=PLANE('',#8913);
#7732=PLANE('',#8917);
#7733=PLANE('',#8922);
#7734=PLANE('',#8926);
#7735=PLANE('',#8929);
#7736=PLANE('',#8932);
#7737=PLANE('',#8936);
#7738=PLANE('',#8943);
#7739=PLANE('',#8946);
#7740=PLANE('',#8950);
#7741=PLANE('',#8953);
#7742=PLANE('',#8969);
#7743=PLANE('',#8972);
#7744=PLANE('',#8974);
#7745=PLANE('',#8977);
#7746=PLANE('',#8980);
#7747=PLANE('',#8985);
#7748=PLANE('',#8989);
#7749=PLANE('',#8993);
#7750=PLANE('',#8997);
#7751=PLANE('',#9001);
#7752=PLANE('',#9005);
#7753=PLANE('',#9009);
#7754=PLANE('',#9013);
#7755=PLANE('',#9017);
#7756=PLANE('',#9021);
#7757=PLANE('',#9025);
#7758=PLANE('',#9027);
#7759=PLANE('',#9028);
#7760=PLANE('',#9033);
#7761=PLANE('',#9036);
#7762=PLANE('',#9038);
#7763=PLANE('',#9039);
#7764=PLANE('',#9044);
#7765=PLANE('',#9055);
#7766=PLANE('',#9073);
#7767=PLANE('',#9077);
#7768=PLANE('',#9084);
#7769=PLANE('',#9086);
#7770=PLANE('',#9089);
#7771=PLANE('',#9090);
#7772=PLANE('',#9093);
#7773=PLANE('',#9094);
#7774=PLANE('',#9097);
#7775=PLANE('',#9098);
#7776=PLANE('',#9101);
#7777=PLANE('',#9102);
#7778=PLANE('',#9105);
#7779=PLANE('',#9108);
#7780=PLANE('',#9110);
#7781=PLANE('',#9119);
#7782=PLANE('',#9121);
#7783=PLANE('',#9130);
#7784=PLANE('',#9133);
#7785=PLANE('',#9142);
#7786=PLANE('',#9144);
#7787=PLANE('',#9156);
#7788=PLANE('',#9158);
#7789=PLANE('',#9165);
#7790=PLANE('',#9166);
#7791=PLANE('',#9167);
#7792=PLANE('',#9168);
#7793=PLANE('',#9169);
#7794=PLANE('',#9170);
#7795=PLANE('',#9171);
#7796=PLANE('',#9172);
#7797=PLANE('',#9173);
#7798=PLANE('',#9182);
#7799=PLANE('',#9183);
#7800=PLANE('',#9184);
#7801=PLANE('',#9185);
#7802=PLANE('',#9186);
#7803=PLANE('',#9187);
#7804=PLANE('',#9188);
#7805=PLANE('',#9189);
#7806=PLANE('',#9190);
#7807=PLANE('',#9191);
#7808=PLANE('',#9192);
#7809=PLANE('',#9193);
#7810=PLANE('',#9194);
#7811=PLANE('',#9203);
#7812=PLANE('',#9204);
#7813=PLANE('',#9205);
#7814=PLANE('',#9206);
#7815=PLANE('',#9209);
#7816=PLANE('',#9214);
#7817=PLANE('',#9240);
#7818=PLANE('',#9241);
#7819=PLANE('',#9242);
#7820=PLANE('',#9243);
#7821=PLANE('',#9244);
#7822=PLANE('',#9245);
#7823=PLANE('',#9250);
#7824=PLANE('',#9254);
#7825=PLANE('',#9259);
#7826=PLANE('',#9269);
#7827=PLANE('',#9277);
#7828=PLANE('',#9278);
#7829=PLANE('',#9279);
#7830=PLANE('',#9280);
#7831=PLANE('',#9281);
#7832=PLANE('',#9282);
#7833=PLANE('',#9283);
#7834=PLANE('',#9284);
#7835=PLANE('',#9285);
#7836=PLANE('',#9286);
#7837=PLANE('',#9287);
#7838=PLANE('',#9288);
#7839=PLANE('',#9289);
#7840=PLANE('',#9290);
#7841=PLANE('',#9291);
#7842=PLANE('',#9292);
#7843=PLANE('',#9294);
#7844=PLANE('',#9295);
#7845=PLANE('',#9296);
#7846=PLANE('',#9302);
#7847=PLANE('',#9303);
#7848=PLANE('',#9304);
#7849=PLANE('',#9305);
#7850=PLANE('',#9306);
#7851=PLANE('',#9307);
#7852=PLANE('',#9308);
#7853=PLANE('',#9309);
#7854=PLANE('',#9310);
#7855=PLANE('',#9311);
#7856=PLANE('',#9312);
#7857=PLANE('',#9313);
#7858=PLANE('',#9314);
#7859=PLANE('',#9315);
#7860=PLANE('',#9316);
#7861=PLANE('',#9318);
#7862=PLANE('',#9321);
#7863=PLANE('',#9324);
#7864=PLANE('',#9326);
#7865=PLANE('',#9327);
#7866=PLANE('',#9328);
#7867=PLANE('',#9329);
#7868=PLANE('',#9330);
#7869=PLANE('',#9331);
#7870=PLANE('',#9332);
#7871=PLANE('',#9335);
#7872=PLANE('',#9337);
#7873=PLANE('',#9344);
#7874=PLANE('',#9345);
#7875=PLANE('',#9346);
#7876=PLANE('',#9347);
#7877=PLANE('',#9351);
#7878=PLANE('',#9365);
#7879=PLANE('',#9373);
#7880=PLANE('',#9376);
#7881=PLANE('',#9384);
#7882=PLANE('',#9392);
#7883=PLANE('',#9393);
#7884=PLANE('',#9397);
#7885=PLANE('',#9405);
#7886=PLANE('',#9406);
#7887=PLANE('',#9411);
#7888=PLANE('',#9414);
#7889=ADVANCED_FACE('',(#6926),#7567,.T.);
#7890=ADVANCED_FACE('',(#6927,#6928),#1598,.T.);
#7891=ADVANCED_FACE('',(#6929,#6930),#7568,.T.);
#7892=ADVANCED_FACE('',(#6931,#6932),#200,.T.);
#7893=ADVANCED_FACE('',(#6933,#6934),#7569,.F.);
#7894=ADVANCED_FACE('',(#6935,#6936),#1599,.T.);
#7895=ADVANCED_FACE('',(#6937,#6938),#7570,.T.);
#7896=ADVANCED_FACE('',(#6939,#6940),#201,.T.);
#7897=ADVANCED_FACE('',(#6941,#6942),#7571,.F.);
#7898=ADVANCED_FACE('',(#6943,#6944),#1600,.T.);
#7899=ADVANCED_FACE('',(#6945,#6946),#1601,.T.);
#7900=ADVANCED_FACE('',(#6947,#6948),#7572,.T.);
#7901=ADVANCED_FACE('',(#6949,#6950),#7573,.F.);
#7902=ADVANCED_FACE('',(#6951,#6952),#1602,.T.);
#7903=ADVANCED_FACE('',(#6953,#6954),#7574,.T.);
#7904=ADVANCED_FACE('',(#6955,#6956),#1603,.T.);
#7905=ADVANCED_FACE('',(#6957),#7575,.T.);
#7906=ADVANCED_FACE('',(#6958),#7576,.T.);
#7907=ADVANCED_FACE('',(#6959,#6960),#7577,.F.);
#7908=ADVANCED_FACE('',(#6961),#7578,.F.);
#7909=ADVANCED_FACE('',(#6962,#6963),#7579,.T.);
#7910=ADVANCED_FACE('',(#6964),#1604,.T.);
#7911=ADVANCED_FACE('',(#6965,#6966),#1605,.T.);
#7912=ADVANCED_FACE('',(#6967),#7580,.T.);
#7913=ADVANCED_FACE('',(#6968,#6969),#7581,.T.);
#7914=ADVANCED_FACE('',(#6970,#6971),#7582,.F.);
#7915=ADVANCED_FACE('',(#6972,#6973),#1606,.T.);
#7916=ADVANCED_FACE('',(#6974,#6975),#7583,.F.);
#7917=ADVANCED_FACE('',(#6976),#7584,.F.);
#7918=ADVANCED_FACE('',(#6977),#7585,.F.);
#7919=ADVANCED_FACE('',(#6978),#1607,.T.);
#7920=ADVANCED_FACE('',(#6979),#1608,.F.);
#7921=ADVANCED_FACE('',(#6980),#1609,.T.);
#7922=ADVANCED_FACE('',(#6981),#1610,.F.);
#7923=ADVANCED_FACE('',(#6982),#1611,.T.);
#7924=ADVANCED_FACE('',(#6983),#1612,.T.);
#7925=ADVANCED_FACE('',(#6984),#1613,.F.);
#7926=ADVANCED_FACE('',(#6985),#1614,.T.);
#7927=ADVANCED_FACE('',(#6986),#7586,.T.);
#7928=ADVANCED_FACE('',(#6987),#1615,.T.);
#7929=ADVANCED_FACE('',(#6988),#1616,.F.);
#7930=ADVANCED_FACE('',(#6989,#6990),#7587,.F.);
#7931=ADVANCED_FACE('',(#6991),#1617,.F.);
#7932=ADVANCED_FACE('',(#6992),#1618,.T.);
#7933=ADVANCED_FACE('',(#6993),#7588,.T.);
#7934=ADVANCED_FACE('',(#6994),#1619,.T.);
#7935=ADVANCED_FACE('',(#6995),#1620,.F.);
#7936=ADVANCED_FACE('',(#6996),#1621,.T.);
#7937=ADVANCED_FACE('',(#6997),#118,.T.);
#7938=ADVANCED_FACE('',(#6998),#84,.F.);
#7939=ADVANCED_FACE('',(#6999),#85,.T.);
#7940=ADVANCED_FACE('',(#7000),#86,.F.);
#7941=ADVANCED_FACE('',(#7001),#119,.T.);
#7942=ADVANCED_FACE('',(#7002),#7589,.F.);
#7943=ADVANCED_FACE('',(#7003),#7590,.T.);
#7944=ADVANCED_FACE('',(#7004,#7005),#1622,.F.);
#7945=ADVANCED_FACE('',(#7006),#7591,.T.);
#7946=ADVANCED_FACE('',(#7007),#7592,.F.);
#7947=ADVANCED_FACE('',(#7008),#7593,.F.);
#7948=ADVANCED_FACE('',(#7009),#7594,.F.);
#7949=ADVANCED_FACE('',(#7010,#7011),#7595,.T.);
#7950=ADVANCED_FACE('',(#7012,#7013),#7596,.T.);
#7951=ADVANCED_FACE('',(#7014),#1623,.F.);
#7952=ADVANCED_FACE('',(#7015),#1624,.T.);
#7953=ADVANCED_FACE('',(#7016),#1625,.F.);
#7954=ADVANCED_FACE('',(#7017,#7018),#1626,.F.);
#7955=ADVANCED_FACE('',(#7019),#7597,.F.);
#7956=ADVANCED_FACE('',(#7020),#1627,.T.);
#7957=ADVANCED_FACE('',(#7021),#1628,.F.);
#7958=ADVANCED_FACE('',(#7022),#1629,.T.);
#7959=ADVANCED_FACE('',(#7023),#7598,.F.);
#7960=ADVANCED_FACE('',(#7024),#1630,.T.);
#7961=ADVANCED_FACE('',(#7025),#1631,.F.);
#7962=ADVANCED_FACE('',(#7026),#1632,.F.);
#7963=ADVANCED_FACE('',(#7027),#1633,.T.);
#7964=ADVANCED_FACE('',(#7028),#1634,.F.);
#7965=ADVANCED_FACE('',(#7029),#1635,.T.);
#7966=ADVANCED_FACE('',(#7030),#7599,.F.);
#7967=ADVANCED_FACE('',(#7031),#1636,.T.);
#7968=ADVANCED_FACE('',(#7032,#7033),#7600,.F.);
#7969=ADVANCED_FACE('',(#7034),#120,.T.);
#7970=ADVANCED_FACE('',(#7035),#87,.F.);
#7971=ADVANCED_FACE('',(#7036),#88,.T.);
#7972=ADVANCED_FACE('',(#7037),#89,.F.);
#7973=ADVANCED_FACE('',(#7038),#121,.T.);
#7974=ADVANCED_FACE('',(#7039),#7601,.F.);
#7975=ADVANCED_FACE('',(#7040),#7602,.T.);
#7976=ADVANCED_FACE('',(#7041,#7042),#1637,.T.);
#7977=ADVANCED_FACE('',(#7043),#7603,.T.);
#7978=ADVANCED_FACE('',(#7044),#90,.T.);
#7979=ADVANCED_FACE('',(#7045),#1638,.T.);
#7980=ADVANCED_FACE('',(#7046),#7604,.T.);
#7981=ADVANCED_FACE('',(#7047),#7605,.T.);
#7982=ADVANCED_FACE('',(#7048),#7606,.F.);
#7983=ADVANCED_FACE('',(#7049),#91,.T.);
#7984=ADVANCED_FACE('',(#7050),#1639,.T.);
#7985=ADVANCED_FACE('',(#7051),#7607,.T.);
#7986=ADVANCED_FACE('',(#7052),#7608,.T.);
#7987=ADVANCED_FACE('',(#7053),#7609,.F.);
#7988=ADVANCED_FACE('',(#7054),#92,.T.);
#7989=ADVANCED_FACE('',(#7055),#1640,.T.);
#7990=ADVANCED_FACE('',(#7056),#7610,.T.);
#7991=ADVANCED_FACE('',(#7057),#7611,.T.);
#7992=ADVANCED_FACE('',(#7058),#7612,.F.);
#7993=ADVANCED_FACE('',(#7059),#7613,.T.);
#7994=ADVANCED_FACE('',(#7060),#7614,.T.);
#7995=ADVANCED_FACE('',(#7061),#7615,.T.);
#7996=ADVANCED_FACE('',(#7062),#7616,.T.);
#7997=ADVANCED_FACE('',(#7063),#7617,.T.);
#7998=ADVANCED_FACE('',(#7064),#7618,.T.);
#7999=ADVANCED_FACE('',(#7065),#7619,.T.);
#8000=ADVANCED_FACE('',(#7066,#7067),#7620,.T.);
#8001=ADVANCED_FACE('',(#7068),#93,.T.);
#8002=ADVANCED_FACE('',(#7069),#1641,.T.);
#8003=ADVANCED_FACE('',(#7070,#7071,#7072),#7621,.F.);
#8004=ADVANCED_FACE('',(#7073),#1642,.T.);
#8005=ADVANCED_FACE('',(#7074),#1643,.T.);
#8006=ADVANCED_FACE('',(#7075),#1644,.T.);
#8007=ADVANCED_FACE('',(#7076,#7077,#7078),#7622,.F.);
#8008=ADVANCED_FACE('',(#7079),#1645,.T.);
#8009=ADVANCED_FACE('',(#7080),#1646,.T.);
#8010=ADVANCED_FACE('',(#7081,#7082,#7083),#7623,.F.);
#8011=ADVANCED_FACE('',(#7084),#1647,.T.);
#8012=ADVANCED_FACE('',(#7085),#1648,.T.);
#8013=ADVANCED_FACE('',(#7086,#7087,#7088),#7624,.F.);
#8014=ADVANCED_FACE('',(#7089),#7625,.F.);
#8015=ADVANCED_FACE('',(#7090),#7626,.F.);
#8016=ADVANCED_FACE('',(#7091),#7627,.T.);
#8017=ADVANCED_FACE('',(#7092),#7628,.F.);
#8018=ADVANCED_FACE('',(#7093),#7629,.T.);
#8019=ADVANCED_FACE('',(#7094),#7630,.F.);
#8020=ADVANCED_FACE('',(#7095),#7631,.F.);
#8021=ADVANCED_FACE('',(#7096),#7632,.T.);
#8022=ADVANCED_FACE('',(#7097),#7633,.T.);
#8023=ADVANCED_FACE('',(#7098),#7634,.F.);
#8024=ADVANCED_FACE('',(#7099),#7635,.F.);
#8025=ADVANCED_FACE('',(#7100),#7636,.F.);
#8026=ADVANCED_FACE('',(#7101),#7637,.F.);
#8027=ADVANCED_FACE('',(#7102),#7638,.F.);
#8028=ADVANCED_FACE('',(#7103),#7639,.F.);
#8029=ADVANCED_FACE('',(#7104),#7640,.T.);
#8030=ADVANCED_FACE('',(#7105),#7641,.F.);
#8031=ADVANCED_FACE('',(#7106),#7642,.F.);
#8032=ADVANCED_FACE('',(#7107),#7643,.F.);
#8033=ADVANCED_FACE('',(#7108),#7644,.T.);
#8034=ADVANCED_FACE('',(#7109),#7645,.T.);
#8035=ADVANCED_FACE('',(#7110),#7646,.T.);
#8036=ADVANCED_FACE('',(#7111),#7647,.T.);
#8037=ADVANCED_FACE('',(#7112),#7648,.T.);
#8038=ADVANCED_FACE('',(#7113),#7649,.T.);
#8039=ADVANCED_FACE('',(#7114),#7650,.T.);
#8040=ADVANCED_FACE('',(#7115),#7651,.F.);
#8041=ADVANCED_FACE('',(#7116),#7652,.T.);
#8042=ADVANCED_FACE('',(#7117),#7653,.F.);
#8043=ADVANCED_FACE('',(#7118),#7654,.T.);
#8044=ADVANCED_FACE('',(#7119),#7655,.F.);
#8045=ADVANCED_FACE('',(#7120),#7656,.F.);
#8046=ADVANCED_FACE('',(#7121),#7657,.T.);
#8047=ADVANCED_FACE('',(#7122),#7658,.T.);
#8048=ADVANCED_FACE('',(#7123),#7659,.F.);
#8049=ADVANCED_FACE('',(#7124),#7660,.F.);
#8050=ADVANCED_FACE('',(#7125),#7661,.F.);
#8051=ADVANCED_FACE('',(#7126),#7662,.F.);
#8052=ADVANCED_FACE('',(#7127),#7663,.F.);
#8053=ADVANCED_FACE('',(#7128),#7664,.F.);
#8054=ADVANCED_FACE('',(#7129),#7665,.T.);
#8055=ADVANCED_FACE('',(#7130),#7666,.F.);
#8056=ADVANCED_FACE('',(#7131),#7667,.F.);
#8057=ADVANCED_FACE('',(#7132),#7668,.F.);
#8058=ADVANCED_FACE('',(#7133),#7669,.T.);
#8059=ADVANCED_FACE('',(#7134),#7670,.F.);
#8060=ADVANCED_FACE('',(#7135),#7671,.T.);
#8061=ADVANCED_FACE('',(#7136),#7672,.F.);
#8062=ADVANCED_FACE('',(#7137),#7673,.T.);
#8063=ADVANCED_FACE('',(#7138),#7674,.F.);
#8064=ADVANCED_FACE('',(#7139),#7675,.F.);
#8065=ADVANCED_FACE('',(#7140),#7676,.T.);
#8066=ADVANCED_FACE('',(#7141),#7677,.T.);
#8067=ADVANCED_FACE('',(#7142),#7678,.F.);
#8068=ADVANCED_FACE('',(#7143),#7679,.F.);
#8069=ADVANCED_FACE('',(#7144),#7680,.F.);
#8070=ADVANCED_FACE('',(#7145),#7681,.F.);
#8071=ADVANCED_FACE('',(#7146),#7682,.F.);
#8072=ADVANCED_FACE('',(#7147),#7683,.F.);
#8073=ADVANCED_FACE('',(#7148),#7684,.T.);
#8074=ADVANCED_FACE('',(#7149),#7685,.F.);
#8075=ADVANCED_FACE('',(#7150),#7686,.F.);
#8076=ADVANCED_FACE('',(#7151),#7687,.F.);
#8077=ADVANCED_FACE('',(#7152),#7688,.T.);
#8078=ADVANCED_FACE('',(#7153),#7689,.T.);
#8079=ADVANCED_FACE('',(#7154),#7690,.T.);
#8080=ADVANCED_FACE('',(#7155),#7691,.T.);
#8081=ADVANCED_FACE('',(#7156),#7692,.T.);
#8082=ADVANCED_FACE('',(#7157),#7693,.T.);
#8083=ADVANCED_FACE('',(#7158),#7694,.T.);
#8084=ADVANCED_FACE('',(#7159),#7695,.T.);
#8085=ADVANCED_FACE('',(#7160),#7696,.F.);
#8086=ADVANCED_FACE('',(#7161),#7697,.T.);
#8087=ADVANCED_FACE('',(#7162),#7698,.T.);
#8088=ADVANCED_FACE('',(#7163),#7699,.F.);
#8089=ADVANCED_FACE('',(#7164),#7700,.T.);
#8090=ADVANCED_FACE('',(#7165),#7701,.T.);
#8091=ADVANCED_FACE('',(#7166),#7702,.F.);
#8092=ADVANCED_FACE('',(#7167),#7703,.F.);
#8093=ADVANCED_FACE('',(#7168),#7704,.F.);
#8094=ADVANCED_FACE('',(#7169),#7705,.F.);
#8095=ADVANCED_FACE('',(#7170),#7706,.F.);
#8096=ADVANCED_FACE('',(#7171),#7707,.F.);
#8097=ADVANCED_FACE('',(#7172),#7708,.T.);
#8098=ADVANCED_FACE('',(#7173),#7709,.F.);
#8099=ADVANCED_FACE('',(#7174),#7710,.F.);
#8100=ADVANCED_FACE('',(#7175),#7711,.F.);
#8101=ADVANCED_FACE('',(#7176),#7712,.T.);
#8102=ADVANCED_FACE('',(#7177),#7713,.T.);
#8103=ADVANCED_FACE('',(#7178),#7714,.T.);
#8104=ADVANCED_FACE('',(#7179),#7715,.T.);
#8105=ADVANCED_FACE('',(#7180),#7716,.T.);
#8106=ADVANCED_FACE('',(#7181),#7717,.T.);
#8107=ADVANCED_FACE('',(#7182),#7718,.T.);
#8108=ADVANCED_FACE('',(#7183),#7719,.T.);
#8109=ADVANCED_FACE('',(#7184),#1649,.T.);
#8110=ADVANCED_FACE('',(#7185),#7720,.F.);
#8111=ADVANCED_FACE('',(#7186),#7721,.T.);
#8112=ADVANCED_FACE('',(#7187,#7188),#7722,.T.);
#8113=ADVANCED_FACE('',(#7189,#7190),#94,.T.);
#8114=ADVANCED_FACE('',(#7191,#7192),#1650,.T.);
#8115=ADVANCED_FACE('',(#7193),#7723,.T.);
#8116=ADVANCED_FACE('',(#7194),#7724,.T.);
#8117=ADVANCED_FACE('',(#7195),#7725,.F.);
#8118=ADVANCED_FACE('',(#7196),#1651,.T.);
#8119=ADVANCED_FACE('',(#7197),#7726,.T.);
#8120=ADVANCED_FACE('',(#7198),#7727,.F.);
#8121=ADVANCED_FACE('',(#7199),#1652,.T.);
#8122=ADVANCED_FACE('',(#7200),#7728,.F.);
#8123=ADVANCED_FACE('',(#7201),#122,.T.);
#8124=ADVANCED_FACE('',(#7202),#7729,.T.);
#8125=ADVANCED_FACE('',(#7203),#123,.T.);
#8126=ADVANCED_FACE('',(#7204),#7730,.F.);
#8127=ADVANCED_FACE('',(#7205,#7206),#7731,.T.);
#8128=ADVANCED_FACE('',(#7207,#7208),#1653,.T.);
#8129=ADVANCED_FACE('',(#7209,#7210),#7732,.T.);
#8130=ADVANCED_FACE('',(#7211,#7212),#1654,.T.);
#8131=ADVANCED_FACE('',(#7213,#7214),#7733,.T.);
#8132=ADVANCED_FACE('',(#7215),#7734,.F.);
#8133=ADVANCED_FACE('',(#7216),#1655,.T.);
#8134=ADVANCED_FACE('',(#7217),#7735,.T.);
#8135=ADVANCED_FACE('',(#7218),#1656,.T.);
#8136=ADVANCED_FACE('',(#7219,#7220),#7736,.F.);
#8137=ADVANCED_FACE('',(#7221,#7222),#1657,.T.);
#8138=ADVANCED_FACE('',(#7223,#7224),#7737,.T.);
#8139=ADVANCED_FACE('',(#7225,#7226),#1658,.T.);
#8140=ADVANCED_FACE('',(#7227,#7228),#1659,.T.);
#8141=ADVANCED_FACE('',(#7229,#7230),#7738,.T.);
#8142=ADVANCED_FACE('',(#7231,#7232),#7739,.F.);
#8143=ADVANCED_FACE('',(#7233,#7234),#1660,.T.);
#8144=ADVANCED_FACE('',(#7235),#7740,.T.);
#8145=ADVANCED_FACE('',(#7236,#7237),#7741,.F.);
#8146=ADVANCED_FACE('',(#7238),#1661,.T.);
#8147=ADVANCED_FACE('',(#7239),#1662,.T.);
#8148=ADVANCED_FACE('',(#7240,#7241),#10,.T.);
#8149=ADVANCED_FACE('',(#7242,#7243),#11,.T.);
#8150=ADVANCED_FACE('',(#7244,#7245),#12,.T.);
#8151=ADVANCED_FACE('',(#7246,#7247),#13,.T.);
#8152=ADVANCED_FACE('',(#7248),#14,.T.);
#8153=ADVANCED_FACE('',(#7249),#15,.T.);
#8154=ADVANCED_FACE('',(#7250),#1663,.T.);
#8155=ADVANCED_FACE('',(#7251),#1664,.T.);
#8156=ADVANCED_FACE('',(#7252),#16,.T.);
#8157=ADVANCED_FACE('',(#7253,#7254),#1665,.F.);
#8158=ADVANCED_FACE('',(#7255),#7742,.T.);
#8159=ADVANCED_FACE('',(#7256,#7257),#1666,.F.);
#8160=ADVANCED_FACE('',(#7258),#7743,.T.);
#8161=ADVANCED_FACE('',(#7259),#7744,.T.);
#8162=ADVANCED_FACE('',(#7260),#7745,.T.);
#8163=ADVANCED_FACE('',(#7261),#7746,.T.);
#8164=ADVANCED_FACE('',(#7262),#1667,.F.);
#8165=ADVANCED_FACE('',(#7263),#7747,.T.);
#8166=ADVANCED_FACE('',(#7264),#1668,.F.);
#8167=ADVANCED_FACE('',(#7265),#7748,.T.);
#8168=ADVANCED_FACE('',(#7266),#1669,.F.);
#8169=ADVANCED_FACE('',(#7267),#7749,.T.);
#8170=ADVANCED_FACE('',(#7268),#1670,.F.);
#8171=ADVANCED_FACE('',(#7269),#7750,.T.);
#8172=ADVANCED_FACE('',(#7270),#1671,.F.);
#8173=ADVANCED_FACE('',(#7271),#7751,.T.);
#8174=ADVANCED_FACE('',(#7272),#1672,.F.);
#8175=ADVANCED_FACE('',(#7273),#7752,.T.);
#8176=ADVANCED_FACE('',(#7274),#1673,.F.);
#8177=ADVANCED_FACE('',(#7275),#7753,.T.);
#8178=ADVANCED_FACE('',(#7276),#1674,.F.);
#8179=ADVANCED_FACE('',(#7277),#7754,.T.);
#8180=ADVANCED_FACE('',(#7278),#1675,.F.);
#8181=ADVANCED_FACE('',(#7279),#7755,.T.);
#8182=ADVANCED_FACE('',(#7280),#1676,.F.);
#8183=ADVANCED_FACE('',(#7281),#7756,.T.);
#8184=ADVANCED_FACE('',(#7282),#1677,.F.);
#8185=ADVANCED_FACE('',(#7283),#7757,.T.);
#8186=ADVANCED_FACE('',(#7284),#7758,.T.);
#8187=ADVANCED_FACE('',(#7285,#7286),#7759,.T.);
#8188=ADVANCED_FACE('',(#7287,#7288),#1678,.T.);
#8189=ADVANCED_FACE('',(#7289,#7290),#7760,.F.);
#8190=ADVANCED_FACE('',(#7291,#7292),#95,.T.);
#8191=ADVANCED_FACE('',(#7293),#7761,.T.);
#8192=ADVANCED_FACE('',(#7294),#7762,.F.);
#8193=ADVANCED_FACE('',(#7295,#7296),#7763,.F.);
#8194=ADVANCED_FACE('',(#7297),#7764,.T.);
#8195=ADVANCED_FACE('',(#7298),#1679,.F.);
#8196=ADVANCED_FACE('',(#7299),#1680,.T.);
#8197=ADVANCED_FACE('',(#7300),#1681,.F.);
#8198=ADVANCED_FACE('',(#7301),#124,.T.);
#8199=ADVANCED_FACE('',(#7302),#125,.T.);
#8200=ADVANCED_FACE('',(#7303),#126,.T.);
#8201=ADVANCED_FACE('',(#7304,#7305),#7765,.T.);
#8202=ADVANCED_FACE('',(#7306,#7307),#1682,.T.);
#8203=ADVANCED_FACE('',(#7308,#7309),#96,.T.);
#8204=ADVANCED_FACE('',(#7310,#7311),#7766,.T.);
#8205=ADVANCED_FACE('',(#7312),#1683,.F.);
#8206=ADVANCED_FACE('',(#7313),#7767,.T.);
#8207=ADVANCED_FACE('',(#7314,#7315),#1684,.T.);
#8208=ADVANCED_FACE('',(#7316),#7768,.T.);
#8209=ADVANCED_FACE('',(#7317),#7769,.T.);
#8210=ADVANCED_FACE('',(#7318),#1685,.T.);
#8211=ADVANCED_FACE('',(#7319),#7770,.F.);
#8212=ADVANCED_FACE('',(#7320),#7771,.T.);
#8213=ADVANCED_FACE('',(#7321),#1686,.T.);
#8214=ADVANCED_FACE('',(#7322),#7772,.F.);
#8215=ADVANCED_FACE('',(#7323),#7773,.T.);
#8216=ADVANCED_FACE('',(#7324),#1687,.T.);
#8217=ADVANCED_FACE('',(#7325),#7774,.F.);
#8218=ADVANCED_FACE('',(#7326),#7775,.T.);
#8219=ADVANCED_FACE('',(#7327),#1688,.T.);
#8220=ADVANCED_FACE('',(#7328),#7776,.F.);
#8221=ADVANCED_FACE('',(#7329),#7777,.T.);
#8222=ADVANCED_FACE('',(#7330,#7331),#1689,.F.);
#8223=ADVANCED_FACE('',(#7332),#7778,.T.);
#8224=ADVANCED_FACE('',(#7333,#7334),#1690,.F.);
#8225=ADVANCED_FACE('',(#7335),#7779,.T.);
#8226=ADVANCED_FACE('',(#7336,#7337,#7338),#7780,.F.);
#8227=ADVANCED_FACE('',(#7339),#7781,.T.);
#8228=ADVANCED_FACE('',(#7340,#7341,#7342),#7782,.T.);
#8229=ADVANCED_FACE('',(#7343),#7783,.T.);
#8230=ADVANCED_FACE('',(#7344,#7345,#7346),#7784,.F.);
#8231=ADVANCED_FACE('',(#7347),#7785,.T.);
#8232=ADVANCED_FACE('',(#7348,#7349,#7350),#7786,.T.);
#8233=ADVANCED_FACE('',(#7351,#7352),#1691,.T.);
#8234=ADVANCED_FACE('',(#7353,#7354),#7787,.T.);
#8235=ADVANCED_FACE('',(#7355,#7356),#7788,.F.);
#8236=ADVANCED_FACE('',(#7357,#7358),#1692,.T.);
#8237=ADVANCED_FACE('',(#7359),#7789,.F.);
#8238=ADVANCED_FACE('',(#7360),#7790,.F.);
#8239=ADVANCED_FACE('',(#7361),#7791,.T.);
#8240=ADVANCED_FACE('',(#7362),#7792,.T.);
#8241=ADVANCED_FACE('',(#7363),#7793,.F.);
#8242=ADVANCED_FACE('',(#7364),#7794,.F.);
#8243=ADVANCED_FACE('',(#7365),#7795,.F.);
#8244=ADVANCED_FACE('',(#7366),#7796,.F.);
#8245=ADVANCED_FACE('',(#7367),#7797,.T.);
#8246=ADVANCED_FACE('',(#7368,#7369),#1693,.F.);
#8247=ADVANCED_FACE('',(#7370,#7371),#1694,.F.);
#8248=ADVANCED_FACE('',(#7372),#1695,.T.);
#8249=ADVANCED_FACE('',(#7373),#1696,.T.);
#8250=ADVANCED_FACE('',(#7374),#1697,.T.);
#8251=ADVANCED_FACE('',(#7375),#1698,.T.);
#8252=ADVANCED_FACE('',(#7376),#1699,.T.);
#8253=ADVANCED_FACE('',(#7377),#1700,.T.);
#8254=ADVANCED_FACE('',(#7378),#7798,.F.);
#8255=ADVANCED_FACE('',(#7379),#7799,.F.);
#8256=ADVANCED_FACE('',(#7380),#7800,.T.);
#8257=ADVANCED_FACE('',(#7381),#7801,.T.);
#8258=ADVANCED_FACE('',(#7382),#7802,.T.);
#8259=ADVANCED_FACE('',(#7383),#7803,.T.);
#8260=ADVANCED_FACE('',(#7384),#7804,.F.);
#8261=ADVANCED_FACE('',(#7385),#7805,.F.);
#8262=ADVANCED_FACE('',(#7386),#7806,.T.);
#8263=ADVANCED_FACE('',(#7387),#7807,.T.);
#8264=ADVANCED_FACE('',(#7388),#7808,.T.);
#8265=ADVANCED_FACE('',(#7389),#7809,.T.);
#8266=ADVANCED_FACE('',(#7390),#7810,.F.);
#8267=ADVANCED_FACE('',(#7391,#7392),#1701,.F.);
#8268=ADVANCED_FACE('',(#7393,#7394),#1702,.F.);
#8269=ADVANCED_FACE('',(#7395),#1703,.T.);
#8270=ADVANCED_FACE('',(#7396),#1704,.T.);
#8271=ADVANCED_FACE('',(#7397),#1705,.T.);
#8272=ADVANCED_FACE('',(#7398),#1706,.T.);
#8273=ADVANCED_FACE('',(#7399),#1707,.T.);
#8274=ADVANCED_FACE('',(#7400),#1708,.T.);
#8275=ADVANCED_FACE('',(#7401),#7811,.T.);
#8276=ADVANCED_FACE('',(#7402),#7812,.F.);
#8277=ADVANCED_FACE('',(#7403),#7813,.T.);
#8278=ADVANCED_FACE('',(#7404),#7814,.T.);
#8279=ADVANCED_FACE('',(#7405,#7406),#1709,.F.);
#8280=ADVANCED_FACE('',(#7407),#7815,.T.);
#8281=ADVANCED_FACE('',(#7408,#7409),#1710,.F.);
#8282=ADVANCED_FACE('',(#7410,#7411),#7816,.F.);
#8283=ADVANCED_FACE('',(#7412),#97,.T.);
#8284=ADVANCED_FACE('',(#7413),#98,.T.);
#8285=ADVANCED_FACE('',(#7414),#99,.T.);
#8286=ADVANCED_FACE('',(#7415),#100,.T.);
#8287=ADVANCED_FACE('',(#7416),#101,.T.);
#8288=ADVANCED_FACE('',(#7417),#102,.T.);
#8289=ADVANCED_FACE('',(#7418),#103,.T.);
#8290=ADVANCED_FACE('',(#7419),#104,.T.);
#8291=ADVANCED_FACE('',(#7420),#105,.T.);
#8292=ADVANCED_FACE('',(#7421),#106,.T.);
#8293=ADVANCED_FACE('',(#7422),#107,.T.);
#8294=ADVANCED_FACE('',(#7423),#108,.T.);
#8295=ADVANCED_FACE('',(#7424),#7817,.T.);
#8296=ADVANCED_FACE('',(#7425),#7818,.T.);
#8297=ADVANCED_FACE('',(#7426),#7819,.T.);
#8298=ADVANCED_FACE('',(#7427),#7820,.T.);
#8299=ADVANCED_FACE('',(#7428),#7821,.T.);
#8300=ADVANCED_FACE('',(#7429),#7822,.T.);
#8301=ADVANCED_FACE('',(#7430,#7431),#1711,.T.);
#8302=ADVANCED_FACE('',(#7432,#7433),#17,.T.);
#8303=ADVANCED_FACE('',(#7434,#7435),#7823,.F.);
#8304=ADVANCED_FACE('',(#7436,#7437),#1712,.F.);
#8305=ADVANCED_FACE('',(#7438,#7439),#7824,.F.);
#8306=ADVANCED_FACE('',(#7440,#7441),#109,.F.);
#8307=ADVANCED_FACE('',(#7442,#7443),#110,.F.);
#8308=ADVANCED_FACE('',(#7444,#7445,#7446,#7447),#7825,.T.);
#8309=ADVANCED_FACE('',(#7448,#7449,#7450),#7826,.F.);
#8310=ADVANCED_FACE('',(#7451),#7827,.F.);
#8311=ADVANCED_FACE('',(#7452),#7828,.F.);
#8312=ADVANCED_FACE('',(#7453),#7829,.F.);
#8313=ADVANCED_FACE('',(#7454),#7830,.F.);
#8314=ADVANCED_FACE('',(#7455),#7831,.F.);
#8315=ADVANCED_FACE('',(#7456),#7832,.F.);
#8316=ADVANCED_FACE('',(#7457),#7833,.F.);
#8317=ADVANCED_FACE('',(#7458),#7834,.F.);
#8318=ADVANCED_FACE('',(#7459),#7835,.F.);
#8319=ADVANCED_FACE('',(#7460),#7836,.F.);
#8320=ADVANCED_FACE('',(#7461),#7837,.F.);
#8321=ADVANCED_FACE('',(#7462),#7838,.F.);
#8322=ADVANCED_FACE('',(#7463),#7839,.F.);
#8323=ADVANCED_FACE('',(#7464),#7840,.F.);
#8324=ADVANCED_FACE('',(#7465),#7841,.F.);
#8325=ADVANCED_FACE('',(#7466),#7842,.F.);
#8326=ADVANCED_FACE('',(#7467),#1713,.T.);
#8327=ADVANCED_FACE('',(#7468),#7843,.F.);
#8328=ADVANCED_FACE('',(#7469),#7844,.F.);
#8329=ADVANCED_FACE('',(#7470),#7845,.F.);
#8330=ADVANCED_FACE('',(#7471),#1714,.T.);
#8331=ADVANCED_FACE('',(#7472),#1715,.T.);
#8332=ADVANCED_FACE('',(#7473),#1716,.T.);
#8333=ADVANCED_FACE('',(#7474),#1717,.T.);
#8334=ADVANCED_FACE('',(#7475),#1718,.T.);
#8335=ADVANCED_FACE('',(#7476),#7846,.T.);
#8336=ADVANCED_FACE('',(#7477),#7847,.F.);
#8337=ADVANCED_FACE('',(#7478),#7848,.T.);
#8338=ADVANCED_FACE('',(#7479),#7849,.F.);
#8339=ADVANCED_FACE('',(#7480),#7850,.T.);
#8340=ADVANCED_FACE('',(#7481),#7851,.F.);
#8341=ADVANCED_FACE('',(#7482),#7852,.T.);
#8342=ADVANCED_FACE('',(#7483),#7853,.F.);
#8343=ADVANCED_FACE('',(#7484),#7854,.T.);
#8344=ADVANCED_FACE('',(#7485),#7855,.F.);
#8345=ADVANCED_FACE('',(#7486),#7856,.F.);
#8346=ADVANCED_FACE('',(#7487),#7857,.T.);
#8347=ADVANCED_FACE('',(#7488),#7858,.T.);
#8348=ADVANCED_FACE('',(#7489),#7859,.T.);
#8349=ADVANCED_FACE('',(#7490),#7860,.T.);
#8350=ADVANCED_FACE('',(#7491,#7492),#1719,.F.);
#8351=ADVANCED_FACE('',(#7493),#7861,.T.);
#8352=ADVANCED_FACE('',(#7494),#1720,.F.);
#8353=ADVANCED_FACE('',(#7495),#7862,.F.);
#8354=ADVANCED_FACE('',(#7496),#1721,.F.);
#8355=ADVANCED_FACE('',(#7497),#7863,.T.);
#8356=ADVANCED_FACE('',(#7498),#7864,.T.);
#8357=ADVANCED_FACE('',(#7499),#7865,.T.);
#8358=ADVANCED_FACE('',(#7500),#7866,.T.);
#8359=ADVANCED_FACE('',(#7501),#7867,.T.);
#8360=ADVANCED_FACE('',(#7502),#7868,.T.);
#8361=ADVANCED_FACE('',(#7503),#7869,.T.);
#8362=ADVANCED_FACE('',(#7504,#7505),#7870,.F.);
#8363=ADVANCED_FACE('',(#7506),#7871,.T.);
#8364=ADVANCED_FACE('',(#7507),#7872,.T.);
#8365=ADVANCED_FACE('',(#7508,#7509),#1722,.T.);
#8366=ADVANCED_FACE('',(#7510),#7873,.T.);
#8367=ADVANCED_FACE('',(#7511),#7874,.T.);
#8368=ADVANCED_FACE('',(#7512),#7875,.T.);
#8369=ADVANCED_FACE('',(#7513),#7876,.T.);
#8370=ADVANCED_FACE('',(#7514,#7515),#1723,.T.);
#8371=ADVANCED_FACE('',(#7516),#7877,.T.);
#8372=ADVANCED_FACE('',(#7517),#111,.T.);
#8373=ADVANCED_FACE('',(#7518),#112,.T.);
#8374=ADVANCED_FACE('',(#7519),#113,.T.);
#8375=ADVANCED_FACE('',(#7520),#114,.T.);
#8376=ADVANCED_FACE('',(#7521),#115,.T.);
#8377=ADVANCED_FACE('',(#7522),#116,.T.);
#8378=ADVANCED_FACE('',(#7523),#7878,.T.);
#8379=ADVANCED_FACE('',(#7524,#7525),#18,.F.);
#8380=ADVANCED_FACE('',(#7526,#7527),#117,.T.);
#8381=ADVANCED_FACE('',(#7528),#1724,.T.);
#8382=ADVANCED_FACE('',(#7529),#7879,.T.);
#8383=ADVANCED_FACE('',(#7530,#7531,#7532),#7880,.F.);
#8384=ADVANCED_FACE('',(#7533,#7534),#1725,.T.);
#8385=ADVANCED_FACE('',(#7535,#7536),#7881,.T.);
#8386=ADVANCED_FACE('',(#7537,#7538),#1726,.T.);
#8387=ADVANCED_FACE('',(#7539,#7540),#1727,.F.);
#8388=ADVANCED_FACE('',(#7541,#7542),#7882,.T.);
#8389=ADVANCED_FACE('',(#7543),#7883,.T.);
#8390=ADVANCED_FACE('',(#7544),#19,.T.);
#8391=ADVANCED_FACE('',(#7545),#127,.T.);
#8392=ADVANCED_FACE('',(#7546,#7547),#1728,.T.);
#8393=ADVANCED_FACE('',(#7548,#7549),#7884,.T.);
#8394=ADVANCED_FACE('',(#7550,#7551),#1729,.T.);
#8395=ADVANCED_FACE('',(#7552,#7553),#1730,.F.);
#8396=ADVANCED_FACE('',(#7554,#7555),#7885,.T.);
#8397=ADVANCED_FACE('',(#7556),#7886,.T.);
#8398=ADVANCED_FACE('',(#7557,#7558),#20,.T.);
#8399=ADVANCED_FACE('',(#7559,#7560),#21,.T.);
#8400=ADVANCED_FACE('',(#7561,#7562),#1731,.T.);
#8401=ADVANCED_FACE('',(#7563),#7887,.T.);
#8402=ADVANCED_FACE('',(#7564,#7565),#1732,.T.);
#8403=ADVANCED_FACE('',(#7566),#7888,.T.);
#8404=CLOSED_SHELL('',(#7889,#7890,#7891,#7892,#7893,#7894,#7895,#7896,
#7897,#7898,#7899,#7900,#7901,#7902,#7903,#7904,#7905,#7906,#7907,#7908,
#7909,#7910,#7911,#7912));
#8405=CLOSED_SHELL('',(#7913,#7914,#7915,#7916,#7917,#7918,#7919,#7920,
#7921,#7922,#7923,#7924,#7925,#7926,#7927,#7928,#7929,#7930,#7931,#7932,
#7933,#7934,#7935,#7936,#7937,#7938,#7939,#7940,#7941,#7942,#7943,#7944,
#7945,#7946,#7947,#7948,#7949,#7950,#7951,#7952,#7953,#7954,#7955,#7956,
#7957,#7958,#7959,#7960,#7961,#7962,#7963,#7964,#7965,#7966,#7967,#7968,
#7969,#7970,#7971,#7972,#7973,#7974,#7975,#7976,#7977));
#8406=CLOSED_SHELL('',(#7978,#7979,#7980,#7981,#7982,#7983,#7984,#7985,
#7986,#7987,#7988,#7989,#7990,#7991,#7992,#7993,#7994,#7995,#7996,#7997,
#7998,#7999,#8000,#8001,#8002,#8003,#8004,#8005,#8006,#8007,#8008,#8009,
#8010,#8011,#8012,#8013,#8014,#8015,#8016,#8017,#8018,#8019,#8020,#8021,
#8022,#8023,#8024,#8025,#8026,#8027,#8028,#8029,#8030,#8031,#8032,#8033,
#8034,#8035,#8036,#8037,#8038,#8039,#8040,#8041,#8042,#8043,#8044,#8045,
#8046,#8047,#8048,#8049,#8050,#8051,#8052,#8053,#8054,#8055,#8056,#8057,
#8058,#8059,#8060,#8061,#8062,#8063,#8064,#8065,#8066,#8067,#8068,#8069,
#8070,#8071,#8072,#8073,#8074,#8075,#8076,#8077,#8078,#8079,#8080,#8081,
#8082,#8083,#8084,#8085,#8086,#8087,#8088,#8089,#8090,#8091,#8092,#8093,
#8094,#8095,#8096,#8097,#8098,#8099,#8100,#8101,#8102,#8103,#8104,#8105,
#8106,#8107,#8108,#8109,#8110,#8111,#8112,#8113,#8114,#8115));
#8407=CLOSED_SHELL('',(#8116,#8117,#8118,#8119,#8120,#8121,#8122,#8123,
#8124,#8125,#8126,#8127,#8128,#8129,#8130,#8131,#8132,#8133,#8134,#8135,
#8136,#8137,#8138,#8139,#8140,#8141,#8142,#8143,#8144,#8145,#8146,#8147,
#8148,#8149,#8150,#8151,#8152,#8153,#8154,#8155,#8156,#8157,#8158,#8159,
#8160));
#8408=CLOSED_SHELL('',(#8161,#8162,#8163,#8164,#8165,#8166,#8167,#8168,
#8169,#8170,#8171,#8172,#8173,#8174,#8175,#8176,#8177,#8178,#8179,#8180,
#8181,#8182,#8183,#8184,#8185,#8186,#8187,#8188,#8189,#8190,#8191,#8192,
#8193,#8194,#8195,#8196,#8197,#8198,#8199,#8200,#8201,#8202,#8203,#8204,
#8205,#8206,#8207,#8208,#8209,#8210,#8211,#8212,#8213,#8214,#8215,#8216,
#8217,#8218,#8219,#8220,#8221,#8222,#8223,#8224,#8225));
#8409=CLOSED_SHELL('',(#8226,#8227,#8228,#8229,#8230,#8231,#8232,#8233,
#8234,#8235,#8236,#8237,#8238,#8239,#8240,#8241,#8242,#8243,#8244,#8245,
#8246,#8247,#8248,#8249,#8250,#8251,#8252,#8253,#8254,#8255,#8256,#8257,
#8258,#8259,#8260,#8261,#8262,#8263,#8264,#8265,#8266,#8267,#8268,#8269,
#8270,#8271,#8272,#8273,#8274,#8275,#8276,#8277,#8278,#8279,#8280));
#8410=CLOSED_SHELL('',(#8281,#8282,#8283,#8284,#8285,#8286,#8287,#8288,
#8289,#8290,#8291,#8292,#8293,#8294,#8295,#8296,#8297,#8298,#8299,#8300,
#8301,#8302,#8303,#8304,#8305,#8306,#8307));
#8411=CLOSED_SHELL('',(#8308,#8309,#8310,#8311,#8312,#8313,#8314,#8315,
#8316,#8317,#8318,#8319,#8320,#8321,#8322,#8323,#8324,#8325,#8326,#8327,
#8328,#8329,#8330,#8331,#8332,#8333,#8334,#8335,#8336,#8337,#8338,#8339,
#8340,#8341,#8342,#8343,#8344,#8345,#8346,#8347,#8348,#8349,#8350,#8351,
#8352,#8353,#8354,#8355));
#8412=CLOSED_SHELL('',(#8356,#8357,#8358,#8359,#8360,#8361,#8362,#8363,
#8364,#8365,#8366,#8367,#8368,#8369,#8370,#8371,#8372,#8373,#8374,#8375,
#8376,#8377,#8378,#8379,#8380));
#8413=CLOSED_SHELL('',(#8381,#8382,#8383,#8384,#8385,#8386,#8387,#8388,
#8389,#8390,#8391,#8392,#8393,#8394,#8395,#8396,#8397,#8398,#8399,#8400,
#8401,#8402,#8403));
#8414=STYLED_ITEM('',(#8424),#8488);
#8415=STYLED_ITEM('',(#8425),#8489);
#8416=STYLED_ITEM('',(#8426),#8490);
#8417=STYLED_ITEM('',(#8427),#8491);
#8418=STYLED_ITEM('',(#8428),#8492);
#8419=STYLED_ITEM('',(#8429),#8493);
#8420=STYLED_ITEM('',(#8430),#8494);
#8421=STYLED_ITEM('',(#8431),#8495);
#8422=STYLED_ITEM('',(#8432),#8496);
#8423=STYLED_ITEM('',(#8433),#8497);
#8424=PRESENTATION_STYLE_ASSIGNMENT((#8434));
#8425=PRESENTATION_STYLE_ASSIGNMENT((#8435));
#8426=PRESENTATION_STYLE_ASSIGNMENT((#8436));
#8427=PRESENTATION_STYLE_ASSIGNMENT((#8437));
#8428=PRESENTATION_STYLE_ASSIGNMENT((#8438));
#8429=PRESENTATION_STYLE_ASSIGNMENT((#8439));
#8430=PRESENTATION_STYLE_ASSIGNMENT((#8440));
#8431=PRESENTATION_STYLE_ASSIGNMENT((#8441));
#8432=PRESENTATION_STYLE_ASSIGNMENT((#8442));
#8433=PRESENTATION_STYLE_ASSIGNMENT((#8443));
#8434=SURFACE_STYLE_USAGE(.BOTH.,#8444);
#8435=SURFACE_STYLE_USAGE(.BOTH.,#8445);
#8436=SURFACE_STYLE_USAGE(.BOTH.,#8446);
#8437=SURFACE_STYLE_USAGE(.BOTH.,#8447);
#8438=SURFACE_STYLE_USAGE(.BOTH.,#8448);
#8439=SURFACE_STYLE_USAGE(.BOTH.,#8449);
#8440=SURFACE_STYLE_USAGE(.BOTH.,#8450);
#8441=SURFACE_STYLE_USAGE(.BOTH.,#8451);
#8442=SURFACE_STYLE_USAGE(.BOTH.,#8452);
#8443=SURFACE_STYLE_USAGE(.BOTH.,#8453);
#8444=SURFACE_SIDE_STYLE('',(#8454));
#8445=SURFACE_SIDE_STYLE('',(#8455));
#8446=SURFACE_SIDE_STYLE('',(#8456));
#8447=SURFACE_SIDE_STYLE('',(#8457));
#8448=SURFACE_SIDE_STYLE('',(#8458));
#8449=SURFACE_SIDE_STYLE('',(#8459));
#8450=SURFACE_SIDE_STYLE('',(#8460));
#8451=SURFACE_SIDE_STYLE('',(#8461));
#8452=SURFACE_SIDE_STYLE('',(#8462));
#8453=SURFACE_SIDE_STYLE('',(#8463));
#8454=SURFACE_STYLE_FILL_AREA(#8464);
#8455=SURFACE_STYLE_FILL_AREA(#8465);
#8456=SURFACE_STYLE_FILL_AREA(#8466);
#8457=SURFACE_STYLE_FILL_AREA(#8467);
#8458=SURFACE_STYLE_FILL_AREA(#8468);
#8459=SURFACE_STYLE_FILL_AREA(#8469);
#8460=SURFACE_STYLE_FILL_AREA(#8470);
#8461=SURFACE_STYLE_FILL_AREA(#8471);
#8462=SURFACE_STYLE_FILL_AREA(#8472);
#8463=SURFACE_STYLE_FILL_AREA(#8473);
#8464=FILL_AREA_STYLE('',(#8474));
#8465=FILL_AREA_STYLE('',(#8475));
#8466=FILL_AREA_STYLE('',(#8476));
#8467=FILL_AREA_STYLE('',(#8477));
#8468=FILL_AREA_STYLE('',(#8478));
#8469=FILL_AREA_STYLE('',(#8479));
#8470=FILL_AREA_STYLE('',(#8480));
#8471=FILL_AREA_STYLE('',(#8481));
#8472=FILL_AREA_STYLE('',(#8482));
#8473=FILL_AREA_STYLE('',(#8483));
#8474=FILL_AREA_STYLE_COLOUR('',#8484);
#8475=FILL_AREA_STYLE_COLOUR('',#8484);
#8476=FILL_AREA_STYLE_COLOUR('',#8485);
#8477=FILL_AREA_STYLE_COLOUR('',#8484);
#8478=FILL_AREA_STYLE_COLOUR('',#8484);
#8479=FILL_AREA_STYLE_COLOUR('',#8484);
#8480=FILL_AREA_STYLE_COLOUR('',#8486);
#8481=FILL_AREA_STYLE_COLOUR('',#8487);
#8482=FILL_AREA_STYLE_COLOUR('',#8486);
#8483=FILL_AREA_STYLE_COLOUR('',#8484);
#8484=COLOUR_RGB('',0.670588235294118,0.0235294117647059,0.0235294117647059);
#8485=COLOUR_RGB('',0.176470588235294,0.172549019607843,0.172549019607843);
#8486=COLOUR_RGB('',0.603921568627451,0.647058823529412,0.686274509803922);
#8487=COLOUR_RGB('',0.4,0.4,0.4);
#8488=MANIFOLD_SOLID_BREP('end_effector_a',#8404);
#8489=MANIFOLD_SOLID_BREP('arm_link_3b',#8405);
#8490=MANIFOLD_SOLID_BREP('base_link',#8406);
#8491=MANIFOLD_SOLID_BREP('arm_link_3a',#8407);
#8492=MANIFOLD_SOLID_BREP('arm_link_1',#8408);
#8493=MANIFOLD_SOLID_BREP('end_effector_b',#8409);
#8494=MANIFOLD_SOLID_BREP('Prevailing torque nut thin M3x0.50',#8410);
#8495=MANIFOLD_SOLID_BREP('claw',#8411);
#8496=MANIFOLD_SOLID_BREP('Hex head screw grade A & B M3x0.50 x 30',#8412);
#8497=MANIFOLD_SOLID_BREP('arm_link_2',#8413);
#8498=SHAPE_DEFINITION_REPRESENTATION(#15803,#8509);
#8499=SHAPE_DEFINITION_REPRESENTATION(#15804,#8510);
#8500=SHAPE_DEFINITION_REPRESENTATION(#15806,#8511);
#8501=SHAPE_DEFINITION_REPRESENTATION(#15808,#8512);
#8502=SHAPE_DEFINITION_REPRESENTATION(#15810,#8513);
#8503=SHAPE_DEFINITION_REPRESENTATION(#15812,#8514);
#8504=SHAPE_DEFINITION_REPRESENTATION(#15814,#8515);
#8505=SHAPE_DEFINITION_REPRESENTATION(#15816,#8516);
#8506=SHAPE_DEFINITION_REPRESENTATION(#15818,#8517);
#8507=SHAPE_DEFINITION_REPRESENTATION(#15820,#8518);
#8508=SHAPE_DEFINITION_REPRESENTATION(#15823,#8519);
#8509=SHAPE_REPRESENTATION('Final Assembly',(#8520,#8565,#8704,#8891,#8973,
#9109,#9210,#9258,#9325,#9368,#9369,#9415,#9416,#9417),#15778);
#8510=SHAPE_REPRESENTATION('end_effector_a',(#8520),#15779);
#8511=SHAPE_REPRESENTATION('arm_link_3b',(#8520),#15780);
#8512=SHAPE_REPRESENTATION('base_link',(#8520),#15781);
#8513=SHAPE_REPRESENTATION('arm_link_3a',(#8520),#15782);
#8514=SHAPE_REPRESENTATION('arm_link_1',(#8520),#15783);
#8515=SHAPE_REPRESENTATION('end_effector_b',(#8520),#15784);
#8516=SHAPE_REPRESENTATION('Prevailing torque nut thin M3x0.50',(#8520),
#15785);
#8517=SHAPE_REPRESENTATION('claw',(#8520),#15786);
#8518=SHAPE_REPRESENTATION('Hex head screw grade A & B M3x0.50 x 30',(#8520),
#15787);
#8519=SHAPE_REPRESENTATION('arm_link_2',(#8520),#15788);
#8520=AXIS2_PLACEMENT_3D('',#11912,#9418,#9419);
#8521=AXIS2_PLACEMENT_3D('',#11913,#9420,#9421);
#8522=AXIS2_PLACEMENT_3D('',#11914,#9422,#9423);
#8523=AXIS2_PLACEMENT_3D('',#11916,#9424,#9425);
#8524=AXIS2_PLACEMENT_3D('',#11917,#9426,#9427);
#8525=AXIS2_PLACEMENT_3D('',#11919,#9428,#9429);
#8526=AXIS2_PLACEMENT_3D('',#11920,#9430,#9431);
#8527=AXIS2_PLACEMENT_3D('',#11930,#9436,#9437);
#8528=AXIS2_PLACEMENT_3D('',#11931,#9438,#9439);
#8529=AXIS2_PLACEMENT_3D('',#11933,#9440,#9441);
#8530=AXIS2_PLACEMENT_3D('',#11934,#9442,#9443);
#8531=AXIS2_PLACEMENT_3D('',#11936,#9444,#9445);
#8532=AXIS2_PLACEMENT_3D('',#11937,#9446,#9447);
#8533=AXIS2_PLACEMENT_3D('',#11939,#9448,#9449);
#8534=AXIS2_PLACEMENT_3D('',#11940,#9450,#9451);
#8535=AXIS2_PLACEMENT_3D('',#11942,#9452,#9453);
#8536=AXIS2_PLACEMENT_3D('',#11943,#9454,#9455);
#8537=AXIS2_PLACEMENT_3D('',#11945,#9456,#9457);
#8538=AXIS2_PLACEMENT_3D('',#11946,#9458,#9459);
#8539=AXIS2_PLACEMENT_3D('',#11948,#9460,#9461);
#8540=AXIS2_PLACEMENT_3D('',#11949,#9462,#9463);
#8541=AXIS2_PLACEMENT_3D('',#11951,#9464,#9465);
#8542=AXIS2_PLACEMENT_3D('',#11952,#9466,#9467);
#8543=AXIS2_PLACEMENT_3D('',#11954,#9468,#9469);
#8544=AXIS2_PLACEMENT_3D('',#11956,#9470,#9471);
#8545=AXIS2_PLACEMENT_3D('',#11957,#9472,#9473);
#8546=AXIS2_PLACEMENT_3D('',#11959,#9474,#9475);
#8547=AXIS2_PLACEMENT_3D('',#11960,#9476,#9477);
#8548=AXIS2_PLACEMENT_3D('',#11961,#9478,#9479);
#8549=AXIS2_PLACEMENT_3D('',#11963,#9480,#9481);
#8550=AXIS2_PLACEMENT_3D('',#11964,#9482,#9483);
#8551=AXIS2_PLACEMENT_3D('',#11966,#9484,#9485);
#8552=AXIS2_PLACEMENT_3D('',#11967,#9486,#9487);
#8553=AXIS2_PLACEMENT_3D('',#11969,#9488,#9489);
#8554=AXIS2_PLACEMENT_3D('',#11970,#9490,#9491);
#8555=AXIS2_PLACEMENT_3D('',#11976,#9495,#9496);
#8556=AXIS2_PLACEMENT_3D('',#11979,#9498,#9499);
#8557=AXIS2_PLACEMENT_3D('',#11980,#9500,#9501);
#8558=AXIS2_PLACEMENT_3D('',#11984,#9504,#9505);
#8559=AXIS2_PLACEMENT_3D('',#11985,#9506,#9507);
#8560=AXIS2_PLACEMENT_3D('',#11987,#9508,#9509);
#8561=AXIS2_PLACEMENT_3D('',#11988,#9510,#9511);
#8562=AXIS2_PLACEMENT_3D('',#11989,#9512,#9513);
#8563=AXIS2_PLACEMENT_3D('',#11990,#9514,#9515);
#8564=AXIS2_PLACEMENT_3D('',#11992,#9516,#9517);
#8565=AXIS2_PLACEMENT_3D('',#11993,#9518,#9519);
#8566=AXIS2_PLACEMENT_3D('',#11994,#9520,#9521);
#8567=AXIS2_PLACEMENT_3D('',#11995,#9522,#9523);
#8568=AXIS2_PLACEMENT_3D('',#12000,#9525,#9526);
#8569=AXIS2_PLACEMENT_3D('',#12002,#9527,#9528);
#8570=AXIS2_PLACEMENT_3D('',#12004,#9529,#9530);
#8571=AXIS2_PLACEMENT_3D('',#12005,#9531,#9532);
#8572=AXIS2_PLACEMENT_3D('',#12009,#9534,#9535);
#8573=AXIS2_PLACEMENT_3D('',#12011,#9536,#9537);
#8574=AXIS2_PLACEMENT_3D('',#12013,#9538,#9539);
#8575=AXIS2_PLACEMENT_3D('',#12015,#9540,#9541);
#8576=AXIS2_PLACEMENT_3D('',#12017,#9542,#9543);
#8577=AXIS2_PLACEMENT_3D('',#12020,#9545,#9546);
#8578=AXIS2_PLACEMENT_3D('',#12023,#9547,#9548);
#8579=AXIS2_PLACEMENT_3D('',#12025,#9549,#9550);
#8580=AXIS2_PLACEMENT_3D('',#12027,#9551,#9552);
#8581=AXIS2_PLACEMENT_3D('',#12031,#9554,#9555);
#8582=AXIS2_PLACEMENT_3D('',#12032,#9556,#9557);
#8583=AXIS2_PLACEMENT_3D('',#12033,#9558,#9559);
#8584=AXIS2_PLACEMENT_3D('',#12035,#9560,#9561);
#8585=AXIS2_PLACEMENT_3D('',#12037,#9562,#9563);
#8586=AXIS2_PLACEMENT_3D('',#12039,#9564,#9565);
#8587=AXIS2_PLACEMENT_3D('',#12040,#9566,#9567);
#8588=AXIS2_PLACEMENT_3D('',#12042,#9568,#9569);
#8589=AXIS2_PLACEMENT_3D('',#12043,#9570,#9571);
#8590=AXIS2_PLACEMENT_3D('',#12045,#9572,#9573);
#8591=AXIS2_PLACEMENT_3D('',#12047,#9575,#9576);
#8592=AXIS2_PLACEMENT_3D('',#12049,#9578,#9579);
#8593=AXIS2_PLACEMENT_3D('',#12057,#9584,#9585);
#8594=AXIS2_PLACEMENT_3D('',#12058,#9586,#9587);
#8595=AXIS2_PLACEMENT_3D('',#12060,#9589,#9590);
#8596=AXIS2_PLACEMENT_3D('',#12062,#9592,#9593);
#8597=AXIS2_PLACEMENT_3D('',#12064,#9595,#9596);
#8598=AXIS2_PLACEMENT_3D('',#12071,#9600,#9601);
#8599=AXIS2_PLACEMENT_3D('',#12072,#9602,#9603);
#8600=AXIS2_PLACEMENT_3D('',#12075,#9605,#9606);
#8601=AXIS2_PLACEMENT_3D('',#12078,#9608,#9609);
#8602=AXIS2_PLACEMENT_3D('',#12081,#9611,#9612);
#8603=AXIS2_PLACEMENT_3D('',#12082,#9613,#9614);
#8604=AXIS2_PLACEMENT_3D('',#12085,#9616,#9617);
#8605=AXIS2_PLACEMENT_3D('',#12086,#9618,#9619);
#8606=AXIS2_PLACEMENT_3D('',#12090,#9622,#9623);
#8607=AXIS2_PLACEMENT_3D('',#12093,#9625,#9626);
#8608=AXIS2_PLACEMENT_3D('',#12094,#9627,#9628);
#8609=AXIS2_PLACEMENT_3D('',#12095,#9629,#9630);
#8610=AXIS2_PLACEMENT_3D('',#12096,#9631,#9632);
#8611=AXIS2_PLACEMENT_3D('',#12097,#9633,#9634);
#8612=AXIS2_PLACEMENT_3D('',#12100,#9635,#9636);
#8613=AXIS2_PLACEMENT_3D('',#12102,#9637,#9638);
#8614=AXIS2_PLACEMENT_3D('',#12104,#9639,#9640);
#8615=AXIS2_PLACEMENT_3D('',#12108,#9642,#9643);
#8616=AXIS2_PLACEMENT_3D('',#12109,#9644,#9645);
#8617=AXIS2_PLACEMENT_3D('',#12112,#9647,#9648);
#8618=AXIS2_PLACEMENT_3D('',#12115,#9650,#9651);
#8619=AXIS2_PLACEMENT_3D('',#12118,#9653,#9654);
#8620=AXIS2_PLACEMENT_3D('',#12119,#9655,#9656);
#8621=AXIS2_PLACEMENT_3D('',#12123,#9659,#9660);
#8622=AXIS2_PLACEMENT_3D('',#12126,#9662,#9663);
#8623=AXIS2_PLACEMENT_3D('',#12127,#9664,#9665);
#8624=AXIS2_PLACEMENT_3D('',#12130,#9667,#9668);
#8625=AXIS2_PLACEMENT_3D('',#12131,#9669,#9670);
#8626=AXIS2_PLACEMENT_3D('',#12132,#9671,#9672);
#8627=AXIS2_PLACEMENT_3D('',#12291,#9674,#9675);
#8628=AXIS2_PLACEMENT_3D('',#12294,#9677,#9678);
#8629=AXIS2_PLACEMENT_3D('',#12297,#9680,#9681);
#8630=AXIS2_PLACEMENT_3D('',#12298,#9682,#9683);
#8631=AXIS2_PLACEMENT_3D('',#12301,#9685,#9686);
#8632=AXIS2_PLACEMENT_3D('',#12302,#9687,#9688);
#8633=AXIS2_PLACEMENT_3D('',#12305,#9690,#9691);
#8634=AXIS2_PLACEMENT_3D('',#12464,#9693,#9694);
#8635=AXIS2_PLACEMENT_3D('',#12465,#9695,#9696);
#8636=AXIS2_PLACEMENT_3D('',#12467,#9698,#9699);
#8637=AXIS2_PLACEMENT_3D('',#12468,#9700,#9701);
#8638=AXIS2_PLACEMENT_3D('',#12469,#9702,#9703);
#8639=AXIS2_PLACEMENT_3D('',#12471,#9704,#9705);
#8640=AXIS2_PLACEMENT_3D('',#12472,#9706,#9707);
#8641=AXIS2_PLACEMENT_3D('',#12474,#9709,#9710);
#8642=AXIS2_PLACEMENT_3D('',#12476,#9712,#9713);
#8643=AXIS2_PLACEMENT_3D('',#12478,#9715,#9716);
#8644=AXIS2_PLACEMENT_3D('',#12479,#9717,#9718);
#8645=AXIS2_PLACEMENT_3D('',#12482,#9719,#9720);
#8646=AXIS2_PLACEMENT_3D('',#12484,#9721,#9722);
#8647=AXIS2_PLACEMENT_3D('',#12486,#9723,#9724);
#8648=AXIS2_PLACEMENT_3D('',#12490,#9726,#9727);
#8649=AXIS2_PLACEMENT_3D('',#12491,#9728,#9729);
#8650=AXIS2_PLACEMENT_3D('',#12493,#9730,#9731);
#8651=AXIS2_PLACEMENT_3D('',#12495,#9732,#9733);
#8652=AXIS2_PLACEMENT_3D('',#12496,#9734,#9735);
#8653=AXIS2_PLACEMENT_3D('',#12497,#9736,#9737);
#8654=AXIS2_PLACEMENT_3D('',#12499,#9738,#9739);
#8655=AXIS2_PLACEMENT_3D('',#12501,#9740,#9741);
#8656=AXIS2_PLACEMENT_3D('',#12503,#9742,#9743);
#8657=AXIS2_PLACEMENT_3D('',#12504,#9744,#9745);
#8658=AXIS2_PLACEMENT_3D('',#12506,#9747,#9748);
#8659=AXIS2_PLACEMENT_3D('',#12508,#9750,#9751);
#8660=AXIS2_PLACEMENT_3D('',#12509,#9752,#9753);
#8661=AXIS2_PLACEMENT_3D('',#12510,#9754,#9755);
#8662=AXIS2_PLACEMENT_3D('',#12512,#9756,#9757);
#8663=AXIS2_PLACEMENT_3D('',#12513,#9758,#9759);
#8664=AXIS2_PLACEMENT_3D('',#12516,#9761,#9762);
#8665=AXIS2_PLACEMENT_3D('',#12519,#9764,#9765);
#8666=AXIS2_PLACEMENT_3D('',#12522,#9767,#9768);
#8667=AXIS2_PLACEMENT_3D('',#12523,#9769,#9770);
#8668=AXIS2_PLACEMENT_3D('',#12526,#9772,#9773);
#8669=AXIS2_PLACEMENT_3D('',#12527,#9774,#9775);
#8670=AXIS2_PLACEMENT_3D('',#12531,#9778,#9779);
#8671=AXIS2_PLACEMENT_3D('',#12534,#9781,#9782);
#8672=AXIS2_PLACEMENT_3D('',#12535,#9783,#9784);
#8673=AXIS2_PLACEMENT_3D('',#12536,#9785,#9786);
#8674=AXIS2_PLACEMENT_3D('',#12537,#9787,#9788);
#8675=AXIS2_PLACEMENT_3D('',#12538,#9789,#9790);
#8676=AXIS2_PLACEMENT_3D('',#12543,#9792,#9793);
#8677=AXIS2_PLACEMENT_3D('',#12546,#9795,#9796);
#8678=AXIS2_PLACEMENT_3D('',#12547,#9797,#9798);
#8679=AXIS2_PLACEMENT_3D('',#12551,#9800,#9801);
#8680=AXIS2_PLACEMENT_3D('',#12552,#9802,#9803);
#8681=AXIS2_PLACEMENT_3D('',#12553,#9804,#9805);
#8682=AXIS2_PLACEMENT_3D('',#12557,#9807,#9808);
#8683=AXIS2_PLACEMENT_3D('',#12558,#9809,#9810);
#8684=AXIS2_PLACEMENT_3D('',#12559,#9811,#9812);
#8685=AXIS2_PLACEMENT_3D('',#12563,#9814,#9815);
#8686=AXIS2_PLACEMENT_3D('',#12564,#9816,#9817);
#8687=AXIS2_PLACEMENT_3D('',#12570,#9821,#9822);
#8688=AXIS2_PLACEMENT_3D('',#12571,#9823,#9824);
#8689=AXIS2_PLACEMENT_3D('',#12572,#9825,#9826);
#8690=AXIS2_PLACEMENT_3D('',#12573,#9827,#9828);
#8691=AXIS2_PLACEMENT_3D('',#12732,#9830,#9831);
#8692=AXIS2_PLACEMENT_3D('',#12735,#9833,#9834);
#8693=AXIS2_PLACEMENT_3D('',#12738,#9836,#9837);
#8694=AXIS2_PLACEMENT_3D('',#12739,#9838,#9839);
#8695=AXIS2_PLACEMENT_3D('',#12742,#9841,#9842);
#8696=AXIS2_PLACEMENT_3D('',#12743,#9843,#9844);
#8697=AXIS2_PLACEMENT_3D('',#12746,#9846,#9847);
#8698=AXIS2_PLACEMENT_3D('',#12905,#9849,#9850);
#8699=AXIS2_PLACEMENT_3D('',#12906,#9851,#9852);
#8700=AXIS2_PLACEMENT_3D('',#12908,#9854,#9855);
#8701=AXIS2_PLACEMENT_3D('',#12909,#9856,#9857);
#8702=AXIS2_PLACEMENT_3D('',#12910,#9858,#9859);
#8703=AXIS2_PLACEMENT_3D('',#12912,#9860,#9861);
#8704=AXIS2_PLACEMENT_3D('',#12913,#9862,#9863);
#8705=AXIS2_PLACEMENT_3D('',#12914,#9864,#9865);
#8706=AXIS2_PLACEMENT_3D('',#12915,#9866,#9867);
#8707=AXIS2_PLACEMENT_3D('',#12920,#9869,#9870);
#8708=AXIS2_PLACEMENT_3D('',#12924,#9872,#9873);
#8709=AXIS2_PLACEMENT_3D('',#12926,#9874,#9875);
#8710=AXIS2_PLACEMENT_3D('',#12928,#9876,#9877);
#8711=AXIS2_PLACEMENT_3D('',#12930,#9878,#9879);
#8712=AXIS2_PLACEMENT_3D('',#12931,#9880,#9881);
#8713=AXIS2_PLACEMENT_3D('',#12932,#9882,#9883);
#8714=AXIS2_PLACEMENT_3D('',#12937,#9885,#9886);
#8715=AXIS2_PLACEMENT_3D('',#12940,#9888,#9889);
#8716=AXIS2_PLACEMENT_3D('',#12948,#9894,#9895);
#8717=AXIS2_PLACEMENT_3D('',#12951,#9897,#9898);
#8718=AXIS2_PLACEMENT_3D('',#12952,#9899,#9900);
#8719=AXIS2_PLACEMENT_3D('',#12955,#9903,#9904);
#8720=AXIS2_PLACEMENT_3D('',#12956,#9905,#9906);
#8721=AXIS2_PLACEMENT_3D('',#12961,#9908,#9909);
#8722=AXIS2_PLACEMENT_3D('',#12965,#9911,#9912);
#8723=AXIS2_PLACEMENT_3D('',#12967,#9913,#9914);
#8724=AXIS2_PLACEMENT_3D('',#12969,#9915,#9916);
#8725=AXIS2_PLACEMENT_3D('',#12971,#9917,#9918);
#8726=AXIS2_PLACEMENT_3D('',#12972,#9919,#9920);
#8727=AXIS2_PLACEMENT_3D('',#12973,#9921,#9922);
#8728=AXIS2_PLACEMENT_3D('',#12978,#9924,#9925);
#8729=AXIS2_PLACEMENT_3D('',#12981,#9927,#9928);
#8730=AXIS2_PLACEMENT_3D('',#12986,#9932,#9933);
#8731=AXIS2_PLACEMENT_3D('',#12989,#9935,#9936);
#8732=AXIS2_PLACEMENT_3D('',#12990,#9937,#9938);
#8733=AXIS2_PLACEMENT_3D('',#12993,#9941,#9942);
#8734=AXIS2_PLACEMENT_3D('',#12994,#9943,#9944);
#8735=AXIS2_PLACEMENT_3D('',#12999,#9946,#9947);
#8736=AXIS2_PLACEMENT_3D('',#13003,#9949,#9950);
#8737=AXIS2_PLACEMENT_3D('',#13005,#9951,#9952);
#8738=AXIS2_PLACEMENT_3D('',#13007,#9953,#9954);
#8739=AXIS2_PLACEMENT_3D('',#13009,#9955,#9956);
#8740=AXIS2_PLACEMENT_3D('',#13010,#9957,#9958);
#8741=AXIS2_PLACEMENT_3D('',#13011,#9959,#9960);
#8742=AXIS2_PLACEMENT_3D('',#13016,#9962,#9963);
#8743=AXIS2_PLACEMENT_3D('',#13019,#9965,#9966);
#8744=AXIS2_PLACEMENT_3D('',#13024,#9970,#9971);
#8745=AXIS2_PLACEMENT_3D('',#13027,#9973,#9974);
#8746=AXIS2_PLACEMENT_3D('',#13028,#9975,#9976);
#8747=AXIS2_PLACEMENT_3D('',#13031,#9979,#9980);
#8748=AXIS2_PLACEMENT_3D('',#13040,#9985,#9986);
#8749=AXIS2_PLACEMENT_3D('',#13046,#9990,#9991);
#8750=AXIS2_PLACEMENT_3D('',#13052,#9995,#9996);
#8751=AXIS2_PLACEMENT_3D('',#13058,#10000,#10001);
#8752=AXIS2_PLACEMENT_3D('',#13064,#10005,#10006);
#8753=AXIS2_PLACEMENT_3D('',#13067,#10009,#10010);
#8754=AXIS2_PLACEMENT_3D('',#13068,#10011,#10012);
#8755=AXIS2_PLACEMENT_3D('',#13069,#10013,#10014);
#8756=AXIS2_PLACEMENT_3D('',#13071,#10015,#10016);
#8757=AXIS2_PLACEMENT_3D('',#13075,#10018,#10019);
#8758=AXIS2_PLACEMENT_3D('',#13078,#10021,#10022);
#8759=AXIS2_PLACEMENT_3D('',#13079,#10023,#10024);
#8760=AXIS2_PLACEMENT_3D('',#13081,#10025,#10026);
#8761=AXIS2_PLACEMENT_3D('',#13083,#10027,#10028);
#8762=AXIS2_PLACEMENT_3D('',#13085,#10029,#10030);
#8763=AXIS2_PLACEMENT_3D('',#13087,#10031,#10032);
#8764=AXIS2_PLACEMENT_3D('',#13090,#10034,#10035);
#8765=AXIS2_PLACEMENT_3D('',#13093,#10037,#10038);
#8766=AXIS2_PLACEMENT_3D('',#13096,#10040,#10041);
#8767=AXIS2_PLACEMENT_3D('',#13102,#10044,#10045);
#8768=AXIS2_PLACEMENT_3D('',#13125,#10057,#10058);
#8769=AXIS2_PLACEMENT_3D('',#13128,#10061,#10062);
#8770=AXIS2_PLACEMENT_3D('',#13131,#10064,#10065);
#8771=AXIS2_PLACEMENT_3D('',#13134,#10067,#10068);
#8772=AXIS2_PLACEMENT_3D('',#13137,#10070,#10071);
#8773=AXIS2_PLACEMENT_3D('',#13140,#10073,#10074);
#8774=AXIS2_PLACEMENT_3D('',#13178,#10094,#10095);
#8775=AXIS2_PLACEMENT_3D('',#13181,#10097,#10098);
#8776=AXIS2_PLACEMENT_3D('',#13184,#10100,#10101);
#8777=AXIS2_PLACEMENT_3D('',#13187,#10103,#10104);
#8778=AXIS2_PLACEMENT_3D('',#13190,#10106,#10107);
#8779=AXIS2_PLACEMENT_3D('',#13228,#10127,#10128);
#8780=AXIS2_PLACEMENT_3D('',#13229,#10129,#10130);
#8781=AXIS2_PLACEMENT_3D('',#13235,#10133,#10134);
#8782=AXIS2_PLACEMENT_3D('',#13239,#10137,#10138);
#8783=AXIS2_PLACEMENT_3D('',#13242,#10140,#10141);
#8784=AXIS2_PLACEMENT_3D('',#13245,#10143,#10144);
#8785=AXIS2_PLACEMENT_3D('',#13283,#10164,#10165);
#8786=AXIS2_PLACEMENT_3D('',#13320,#10186,#10187);
#8787=AXIS2_PLACEMENT_3D('',#13325,#10191,#10192);
#8788=AXIS2_PLACEMENT_3D('',#13330,#10196,#10197);
#8789=AXIS2_PLACEMENT_3D('',#13333,#10200,#10201);
#8790=AXIS2_PLACEMENT_3D('',#13334,#10202,#10203);
#8791=AXIS2_PLACEMENT_3D('',#13335,#10204,#10205);
#8792=AXIS2_PLACEMENT_3D('',#13339,#10208,#10209);
#8793=AXIS2_PLACEMENT_3D('',#13341,#10211,#10212);
#8794=AXIS2_PLACEMENT_3D('',#13342,#10213,#10214);
#8795=AXIS2_PLACEMENT_3D('',#13348,#10218,#10219);
#8796=AXIS2_PLACEMENT_3D('',#13352,#10222,#10223);
#8797=AXIS2_PLACEMENT_3D('',#13356,#10226,#10227);
#8798=AXIS2_PLACEMENT_3D('',#13360,#10230,#10231);
#8799=AXIS2_PLACEMENT_3D('',#13364,#10234,#10235);
#8800=AXIS2_PLACEMENT_3D('',#13366,#10237,#10238);
#8801=AXIS2_PLACEMENT_3D('',#13367,#10239,#10240);
#8802=AXIS2_PLACEMENT_3D('',#13371,#10243,#10244);
#8803=AXIS2_PLACEMENT_3D('',#13373,#10246,#10247);
#8804=AXIS2_PLACEMENT_3D('',#13374,#10248,#10249);
#8805=AXIS2_PLACEMENT_3D('',#13380,#10253,#10254);
#8806=AXIS2_PLACEMENT_3D('',#13384,#10257,#10258);
#8807=AXIS2_PLACEMENT_3D('',#13388,#10261,#10262);
#8808=AXIS2_PLACEMENT_3D('',#13392,#10265,#10266);
#8809=AXIS2_PLACEMENT_3D('',#13396,#10269,#10270);
#8810=AXIS2_PLACEMENT_3D('',#13398,#10272,#10273);
#8811=AXIS2_PLACEMENT_3D('',#13399,#10274,#10275);
#8812=AXIS2_PLACEMENT_3D('',#13404,#10279,#10280);
#8813=AXIS2_PLACEMENT_3D('',#13409,#10284,#10285);
#8814=AXIS2_PLACEMENT_3D('',#13412,#10288,#10289);
#8815=AXIS2_PLACEMENT_3D('',#13413,#10290,#10291);
#8816=AXIS2_PLACEMENT_3D('',#13414,#10292,#10293);
#8817=AXIS2_PLACEMENT_3D('',#13418,#10296,#10297);
#8818=AXIS2_PLACEMENT_3D('',#13420,#10299,#10300);
#8819=AXIS2_PLACEMENT_3D('',#13421,#10301,#10302);
#8820=AXIS2_PLACEMENT_3D('',#13427,#10306,#10307);
#8821=AXIS2_PLACEMENT_3D('',#13431,#10310,#10311);
#8822=AXIS2_PLACEMENT_3D('',#13435,#10314,#10315);
#8823=AXIS2_PLACEMENT_3D('',#13439,#10318,#10319);
#8824=AXIS2_PLACEMENT_3D('',#13443,#10322,#10323);
#8825=AXIS2_PLACEMENT_3D('',#13445,#10325,#10326);
#8826=AXIS2_PLACEMENT_3D('',#13446,#10327,#10328);
#8827=AXIS2_PLACEMENT_3D('',#13450,#10331,#10332);
#8828=AXIS2_PLACEMENT_3D('',#13454,#10335,#10336);
#8829=AXIS2_PLACEMENT_3D('',#13456,#10338,#10339);
#8830=AXIS2_PLACEMENT_3D('',#13458,#10341,#10342);
#8831=AXIS2_PLACEMENT_3D('',#13463,#10346,#10347);
#8832=AXIS2_PLACEMENT_3D('',#13468,#10351,#10352);
#8833=AXIS2_PLACEMENT_3D('',#13471,#10355,#10356);
#8834=AXIS2_PLACEMENT_3D('',#13472,#10357,#10358);
#8835=AXIS2_PLACEMENT_3D('',#13473,#10359,#10360);
#8836=AXIS2_PLACEMENT_3D('',#13477,#10363,#10364);
#8837=AXIS2_PLACEMENT_3D('',#13479,#10366,#10367);
#8838=AXIS2_PLACEMENT_3D('',#13480,#10368,#10369);
#8839=AXIS2_PLACEMENT_3D('',#13486,#10373,#10374);
#8840=AXIS2_PLACEMENT_3D('',#13490,#10377,#10378);
#8841=AXIS2_PLACEMENT_3D('',#13494,#10381,#10382);
#8842=AXIS2_PLACEMENT_3D('',#13498,#10385,#10386);
#8843=AXIS2_PLACEMENT_3D('',#13502,#10389,#10390);
#8844=AXIS2_PLACEMENT_3D('',#13504,#10392,#10393);
#8845=AXIS2_PLACEMENT_3D('',#13505,#10394,#10395);
#8846=AXIS2_PLACEMENT_3D('',#13509,#10398,#10399);
#8847=AXIS2_PLACEMENT_3D('',#13511,#10401,#10402);
#8848=AXIS2_PLACEMENT_3D('',#13512,#10403,#10404);
#8849=AXIS2_PLACEMENT_3D('',#13518,#10408,#10409);
#8850=AXIS2_PLACEMENT_3D('',#13522,#10412,#10413);
#8851=AXIS2_PLACEMENT_3D('',#13526,#10416,#10417);
#8852=AXIS2_PLACEMENT_3D('',#13530,#10420,#10421);
#8853=AXIS2_PLACEMENT_3D('',#13534,#10424,#10425);
#8854=AXIS2_PLACEMENT_3D('',#13536,#10427,#10428);
#8855=AXIS2_PLACEMENT_3D('',#13537,#10429,#10430);
#8856=AXIS2_PLACEMENT_3D('',#13542,#10434,#10435);
#8857=AXIS2_PLACEMENT_3D('',#13545,#10438,#10439);
#8858=AXIS2_PLACEMENT_3D('',#13546,#10440,#10441);
#8859=AXIS2_PLACEMENT_3D('',#13547,#10442,#10443);
#8860=AXIS2_PLACEMENT_3D('',#13551,#10446,#10447);
#8861=AXIS2_PLACEMENT_3D('',#13553,#10449,#10450);
#8862=AXIS2_PLACEMENT_3D('',#13554,#10451,#10452);
#8863=AXIS2_PLACEMENT_3D('',#13560,#10456,#10457);
#8864=AXIS2_PLACEMENT_3D('',#13564,#10460,#10461);
#8865=AXIS2_PLACEMENT_3D('',#13568,#10464,#10465);
#8866=AXIS2_PLACEMENT_3D('',#13572,#10468,#10469);
#8867=AXIS2_PLACEMENT_3D('',#13576,#10472,#10473);
#8868=AXIS2_PLACEMENT_3D('',#13578,#10475,#10476);
#8869=AXIS2_PLACEMENT_3D('',#13579,#10477,#10478);
#8870=AXIS2_PLACEMENT_3D('',#13583,#10481,#10482);
#8871=AXIS2_PLACEMENT_3D('',#13585,#10484,#10485);
#8872=AXIS2_PLACEMENT_3D('',#13586,#10486,#10487);
#8873=AXIS2_PLACEMENT_3D('',#13592,#10491,#10492);
#8874=AXIS2_PLACEMENT_3D('',#13596,#10495,#10496);
#8875=AXIS2_PLACEMENT_3D('',#13600,#10499,#10500);
#8876=AXIS2_PLACEMENT_3D('',#13604,#10503,#10504);
#8877=AXIS2_PLACEMENT_3D('',#13608,#10507,#10508);
#8878=AXIS2_PLACEMENT_3D('',#13610,#10510,#10511);
#8879=AXIS2_PLACEMENT_3D('',#13611,#10512,#10513);
#8880=AXIS2_PLACEMENT_3D('',#13615,#10516,#10517);
#8881=AXIS2_PLACEMENT_3D('',#13618,#10519,#10520);
#8882=AXIS2_PLACEMENT_3D('',#13619,#10521,#10522);
#8883=AXIS2_PLACEMENT_3D('',#13621,#10524,#10525);
#8884=AXIS2_PLACEMENT_3D('',#13622,#10526,#10527);
#8885=AXIS2_PLACEMENT_3D('',#13623,#10528,#10529);
#8886=AXIS2_PLACEMENT_3D('',#13625,#10530,#10531);
#8887=AXIS2_PLACEMENT_3D('',#13627,#10532,#10533);
#8888=AXIS2_PLACEMENT_3D('',#13628,#10534,#10535);
#8889=AXIS2_PLACEMENT_3D('',#13629,#10536,#10537);
#8890=AXIS2_PLACEMENT_3D('',#13631,#10538,#10539);
#8891=AXIS2_PLACEMENT_3D('',#13632,#10540,#10541);
#8892=AXIS2_PLACEMENT_3D('',#13633,#10542,#10543);
#8893=AXIS2_PLACEMENT_3D('',#13634,#10544,#10545);
#8894=AXIS2_PLACEMENT_3D('',#13642,#10549,#10550);
#8895=AXIS2_PLACEMENT_3D('',#13646,#10552,#10553);
#8896=AXIS2_PLACEMENT_3D('',#13651,#10556,#10557);
#8897=AXIS2_PLACEMENT_3D('',#13655,#10559,#10560);
#8898=AXIS2_PLACEMENT_3D('',#13691,#10563,#10564);
#8899=AXIS2_PLACEMENT_3D('',#13692,#10565,#10566);
#8900=AXIS2_PLACEMENT_3D('',#13700,#10571,#10572);
#8901=AXIS2_PLACEMENT_3D('',#13706,#10576,#10577);
#8902=AXIS2_PLACEMENT_3D('',#13709,#10579,#10580);
#8903=AXIS2_PLACEMENT_3D('',#13715,#10584,#10585);
#8904=AXIS2_PLACEMENT_3D('',#13716,#10586,#10587);
#8905=AXIS2_PLACEMENT_3D('',#13717,#10588,#10589);
#8906=AXIS2_PLACEMENT_3D('',#13718,#10590,#10591);
#8907=AXIS2_PLACEMENT_3D('',#13719,#10592,#10593);
#8908=AXIS2_PLACEMENT_3D('',#13724,#10595,#10596);
#8909=AXIS2_PLACEMENT_3D('',#13753,#10599,#10600);
#8910=AXIS2_PLACEMENT_3D('',#13756,#10602,#10603);
#8911=AXIS2_PLACEMENT_3D('',#13786,#10607,#10608);
#8912=AXIS2_PLACEMENT_3D('',#13787,#10609,#10610);
#8913=AXIS2_PLACEMENT_3D('',#13789,#10612,#10613);
#8914=AXIS2_PLACEMENT_3D('',#13790,#10614,#10615);
#8915=AXIS2_PLACEMENT_3D('',#13792,#10616,#10617);
#8916=AXIS2_PLACEMENT_3D('',#13793,#10618,#10619);
#8917=AXIS2_PLACEMENT_3D('',#13795,#10620,#10621);
#8918=AXIS2_PLACEMENT_3D('',#13796,#10622,#10623);
#8919=AXIS2_PLACEMENT_3D('',#13798,#10624,#10625);
#8920=AXIS2_PLACEMENT_3D('',#13800,#10626,#10627);
#8921=AXIS2_PLACEMENT_3D('',#13801,#10628,#10629);
#8922=AXIS2_PLACEMENT_3D('',#13803,#10630,#10631);
#8923=AXIS2_PLACEMENT_3D('',#13804,#10632,#10633);
#8924=AXIS2_PLACEMENT_3D('',#13809,#10635,#10636);
#8925=AXIS2_PLACEMENT_3D('',#13813,#10638,#10639);
#8926=AXIS2_PLACEMENT_3D('',#13814,#10640,#10641);
#8927=AXIS2_PLACEMENT_3D('',#13820,#10645,#10646);
#8928=AXIS2_PLACEMENT_3D('',#13823,#10648,#10649);
#8929=AXIS2_PLACEMENT_3D('',#13824,#10650,#10651);
#8930=AXIS2_PLACEMENT_3D('',#13828,#10654,#10655);
#8931=AXIS2_PLACEMENT_3D('',#13829,#10656,#10657);
#8932=AXIS2_PLACEMENT_3D('',#13830,#10658,#10659);
#8933=AXIS2_PLACEMENT_3D('',#13831,#10660,#10661);
#8934=AXIS2_PLACEMENT_3D('',#13833,#10662,#10663);
#8935=AXIS2_PLACEMENT_3D('',#13834,#10664,#10665);
#8936=AXIS2_PLACEMENT_3D('',#13836,#10666,#10667);
#8937=AXIS2_PLACEMENT_3D('',#13837,#10668,#10669);
#8938=AXIS2_PLACEMENT_3D('',#13839,#10670,#10671);
#8939=AXIS2_PLACEMENT_3D('',#13840,#10672,#10673);
#8940=AXIS2_PLACEMENT_3D('',#13842,#10674,#10675);
#8941=AXIS2_PLACEMENT_3D('',#13843,#10676,#10677);
#8942=AXIS2_PLACEMENT_3D('',#13845,#10678,#10679);
#8943=AXIS2_PLACEMENT_3D('',#13847,#10680,#10681);
#8944=AXIS2_PLACEMENT_3D('',#13848,#10682,#10683);
#8945=AXIS2_PLACEMENT_3D('',#13850,#10684,#10685);
#8946=AXIS2_PLACEMENT_3D('',#13852,#10686,#10687);
#8947=AXIS2_PLACEMENT_3D('',#13853,#10688,#10689);
#8948=AXIS2_PLACEMENT_3D('',#13854,#10690,#10691);
#8949=AXIS2_PLACEMENT_3D('',#13856,#10692,#10693);
#8950=AXIS2_PLACEMENT_3D('',#13857,#10694,#10695);
#8951=AXIS2_PLACEMENT_3D('',#13858,#10696,#10697);
#8952=AXIS2_PLACEMENT_3D('',#13859,#10698,#10699);
#8953=AXIS2_PLACEMENT_3D('',#13860,#10700,#10701);
#8954=AXIS2_PLACEMENT_3D('',#13861,#10702,#10703);
#8955=AXIS2_PLACEMENT_3D('',#13863,#10704,#10705);
#8956=AXIS2_PLACEMENT_3D('',#13865,#10706,#10707);
#8957=AXIS2_PLACEMENT_3D('',#13880,#10708,#10709);
#8958=AXIS2_PLACEMENT_3D('',#13881,#10710,#10711);
#8959=AXIS2_PLACEMENT_3D('',#13882,#10712,#10713);
#8960=AXIS2_PLACEMENT_3D('',#13883,#10714,#10715);
#8961=AXIS2_PLACEMENT_3D('',#13884,#10716,#10717);
#8962=AXIS2_PLACEMENT_3D('',#13885,#10718,#10719);
#8963=AXIS2_PLACEMENT_3D('',#13886,#10720,#10721);
#8964=AXIS2_PLACEMENT_3D('',#13897,#10722,#10723);
#8965=AXIS2_PLACEMENT_3D('',#13903,#10724,#10725);
#8966=AXIS2_PLACEMENT_3D('',#13909,#10726,#10727);
#8967=AXIS2_PLACEMENT_3D('',#13910,#10728,#10729);
#8968=AXIS2_PLACEMENT_3D('',#13911,#10730,#10731);
#8969=AXIS2_PLACEMENT_3D('',#13913,#10732,#10733);
#8970=AXIS2_PLACEMENT_3D('',#13914,#10734,#10735);
#8971=AXIS2_PLACEMENT_3D('',#13915,#10736,#10737);
#8972=AXIS2_PLACEMENT_3D('',#13917,#10738,#10739);
#8973=AXIS2_PLACEMENT_3D('',#13918,#10740,#10741);
#8974=AXIS2_PLACEMENT_3D('',#13919,#10742,#10743);
#8975=AXIS2_PLACEMENT_3D('',#13923,#10745,#10746);
#8976=AXIS2_PLACEMENT_3D('',#13927,#10748,#10749);
#8977=AXIS2_PLACEMENT_3D('',#13928,#10750,#10751);
#8978=AXIS2_PLACEMENT_3D('',#13932,#10753,#10754);
#8979=AXIS2_PLACEMENT_3D('',#13936,#10756,#10757);
#8980=AXIS2_PLACEMENT_3D('',#13937,#10758,#10759);
#8981=AXIS2_PLACEMENT_3D('',#13938,#10760,#10761);
#8982=AXIS2_PLACEMENT_3D('',#13943,#10763,#10764);
#8983=AXIS2_PLACEMENT_3D('',#13946,#10766,#10767);
#8984=AXIS2_PLACEMENT_3D('',#13962,#10768,#10769);
#8985=AXIS2_PLACEMENT_3D('',#13963,#10770,#10771);
#8986=AXIS2_PLACEMENT_3D('',#13964,#10772,#10773);
#8987=AXIS2_PLACEMENT_3D('',#13965,#10774,#10775);
#8988=AXIS2_PLACEMENT_3D('',#13981,#10776,#10777);
#8989=AXIS2_PLACEMENT_3D('',#13982,#10778,#10779);
#8990=AXIS2_PLACEMENT_3D('',#13983,#10780,#10781);
#8991=AXIS2_PLACEMENT_3D('',#13984,#10782,#10783);
#8992=AXIS2_PLACEMENT_3D('',#14000,#10784,#10785);
#8993=AXIS2_PLACEMENT_3D('',#14001,#10786,#10787);
#8994=AXIS2_PLACEMENT_3D('',#14002,#10788,#10789);
#8995=AXIS2_PLACEMENT_3D('',#14003,#10790,#10791);
#8996=AXIS2_PLACEMENT_3D('',#14019,#10792,#10793);
#8997=AXIS2_PLACEMENT_3D('',#14020,#10794,#10795);
#8998=AXIS2_PLACEMENT_3D('',#14021,#10796,#10797);
#8999=AXIS2_PLACEMENT_3D('',#14022,#10798,#10799);
#9000=AXIS2_PLACEMENT_3D('',#14038,#10800,#10801);
#9001=AXIS2_PLACEMENT_3D('',#14039,#10802,#10803);
#9002=AXIS2_PLACEMENT_3D('',#14040,#10804,#10805);
#9003=AXIS2_PLACEMENT_3D('',#14041,#10806,#10807);
#9004=AXIS2_PLACEMENT_3D('',#14057,#10808,#10809);
#9005=AXIS2_PLACEMENT_3D('',#14058,#10810,#10811);
#9006=AXIS2_PLACEMENT_3D('',#14059,#10812,#10813);
#9007=AXIS2_PLACEMENT_3D('',#14060,#10814,#10815);
#9008=AXIS2_PLACEMENT_3D('',#14076,#10816,#10817);
#9009=AXIS2_PLACEMENT_3D('',#14077,#10818,#10819);
#9010=AXIS2_PLACEMENT_3D('',#14078,#10820,#10821);
#9011=AXIS2_PLACEMENT_3D('',#14079,#10822,#10823);
#9012=AXIS2_PLACEMENT_3D('',#14095,#10824,#10825);
#9013=AXIS2_PLACEMENT_3D('',#14096,#10826,#10827);
#9014=AXIS2_PLACEMENT_3D('',#14097,#10828,#10829);
#9015=AXIS2_PLACEMENT_3D('',#14098,#10830,#10831);
#9016=AXIS2_PLACEMENT_3D('',#14114,#10832,#10833);
#9017=AXIS2_PLACEMENT_3D('',#14115,#10834,#10835);
#9018=AXIS2_PLACEMENT_3D('',#14116,#10836,#10837);
#9019=AXIS2_PLACEMENT_3D('',#14117,#10838,#10839);
#9020=AXIS2_PLACEMENT_3D('',#14133,#10840,#10841);
#9021=AXIS2_PLACEMENT_3D('',#14134,#10842,#10843);
#9022=AXIS2_PLACEMENT_3D('',#14135,#10844,#10845);
#9023=AXIS2_PLACEMENT_3D('',#14136,#10846,#10847);
#9024=AXIS2_PLACEMENT_3D('',#14152,#10848,#10849);
#9025=AXIS2_PLACEMENT_3D('',#14153,#10850,#10851);
#9026=AXIS2_PLACEMENT_3D('',#14154,#10852,#10853);
#9027=AXIS2_PLACEMENT_3D('',#14155,#10854,#10855);
#9028=AXIS2_PLACEMENT_3D('',#14164,#10860,#10861);
#9029=AXIS2_PLACEMENT_3D('',#14165,#10862,#10863);
#9030=AXIS2_PLACEMENT_3D('',#14175,#10868,#10869);
#9031=AXIS2_PLACEMENT_3D('',#14176,#10870,#10871);
#9032=AXIS2_PLACEMENT_3D('',#14178,#10872,#10873);
#9033=AXIS2_PLACEMENT_3D('',#14180,#10874,#10875);
#9034=AXIS2_PLACEMENT_3D('',#14181,#10876,#10877);
#9035=AXIS2_PLACEMENT_3D('',#14183,#10878,#10879);
#9036=AXIS2_PLACEMENT_3D('',#14184,#10880,#10881);
#9037=AXIS2_PLACEMENT_3D('',#14185,#10882,#10883);
#9038=AXIS2_PLACEMENT_3D('',#14189,#10886,#10887);
#9039=AXIS2_PLACEMENT_3D('',#14191,#10889,#10890);
#9040=AXIS2_PLACEMENT_3D('',#14192,#10891,#10892);
#9041=AXIS2_PLACEMENT_3D('',#14196,#10894,#10895);
#9042=AXIS2_PLACEMENT_3D('',#14198,#10896,#10897);
#9043=AXIS2_PLACEMENT_3D('',#14200,#10898,#10899);
#9044=AXIS2_PLACEMENT_3D('',#14201,#10900,#10901);
#9045=AXIS2_PLACEMENT_3D('',#14203,#10903,#10904);
#9046=AXIS2_PLACEMENT_3D('',#14206,#10906,#10907);
#9047=AXIS2_PLACEMENT_3D('',#14207,#10908,#10909);
#9048=AXIS2_PLACEMENT_3D('',#14210,#10911,#10912);
#9049=AXIS2_PLACEMENT_3D('',#14211,#10913,#10914);
#9050=AXIS2_PLACEMENT_3D('',#14212,#10915,#10916);
#9051=AXIS2_PLACEMENT_3D('',#14237,#10917,#10918);
#9052=AXIS2_PLACEMENT_3D('',#14370,#10921,#10922);
#9053=AXIS2_PLACEMENT_3D('',#14372,#10923,#10924);
#9054=AXIS2_PLACEMENT_3D('',#14399,#10926,#10927);
#9055=AXIS2_PLACEMENT_3D('',#14400,#10928,#10929);
#9056=AXIS2_PLACEMENT_3D('',#14401,#10930,#10931);
#9057=AXIS2_PLACEMENT_3D('',#14403,#10932,#10933);
#9058=AXIS2_PLACEMENT_3D('',#14404,#10934,#10935);
#9059=AXIS2_PLACEMENT_3D('',#14405,#10936,#10937);
#9060=AXIS2_PLACEMENT_3D('',#14406,#10938,#10939);
#9061=AXIS2_PLACEMENT_3D('',#14407,#10940,#10941);
#9062=AXIS2_PLACEMENT_3D('',#14408,#10942,#10943);
#9063=AXIS2_PLACEMENT_3D('',#14409,#10944,#10945);
#9064=AXIS2_PLACEMENT_3D('',#14410,#10946,#10947);
#9065=AXIS2_PLACEMENT_3D('',#14411,#10948,#10949);
#9066=AXIS2_PLACEMENT_3D('',#14412,#10950,#10951);
#9067=AXIS2_PLACEMENT_3D('',#14413,#10952,#10953);
#9068=AXIS2_PLACEMENT_3D('',#14414,#10954,#10955);
#9069=AXIS2_PLACEMENT_3D('',#14416,#10956,#10957);
#9070=AXIS2_PLACEMENT_3D('',#14418,#10958,#10959);
#9071=AXIS2_PLACEMENT_3D('',#14419,#10960,#10961);
#9072=AXIS2_PLACEMENT_3D('',#14433,#10962,#10963);
#9073=AXIS2_PLACEMENT_3D('',#14435,#10964,#10965);
#9074=AXIS2_PLACEMENT_3D('',#14436,#10966,#10967);
#9075=AXIS2_PLACEMENT_3D('',#14438,#10968,#10969);
#9076=AXIS2_PLACEMENT_3D('',#14439,#10970,#10971);
#9077=AXIS2_PLACEMENT_3D('',#14440,#10972,#10973);
#9078=AXIS2_PLACEMENT_3D('',#14441,#10974,#10975);
#9079=AXIS2_PLACEMENT_3D('',#14444,#10977,#10978);
#9080=AXIS2_PLACEMENT_3D('',#14448,#10980,#10981);
#9081=AXIS2_PLACEMENT_3D('',#14452,#10983,#10984);
#9082=AXIS2_PLACEMENT_3D('',#14457,#10987,#10988);
#9083=AXIS2_PLACEMENT_3D('',#14462,#10991,#10992);
#9084=AXIS2_PLACEMENT_3D('',#14465,#10994,#10995);
#9085=AXIS2_PLACEMENT_3D('',#14468,#10997,#10998);
#9086=AXIS2_PLACEMENT_3D('',#14471,#11000,#11001);
#9087=AXIS2_PLACEMENT_3D('',#14475,#11004,#11005);
#9088=AXIS2_PLACEMENT_3D('',#14478,#11007,#11008);
#9089=AXIS2_PLACEMENT_3D('',#14479,#11009,#11010);
#9090=AXIS2_PLACEMENT_3D('',#14481,#11012,#11013);
#9091=AXIS2_PLACEMENT_3D('',#14485,#11016,#11017);
#9092=AXIS2_PLACEMENT_3D('',#14488,#11019,#11020);
#9093=AXIS2_PLACEMENT_3D('',#14489,#11021,#11022);
#9094=AXIS2_PLACEMENT_3D('',#14491,#11024,#11025);
#9095=AXIS2_PLACEMENT_3D('',#14495,#11028,#11029);
#9096=AXIS2_PLACEMENT_3D('',#14498,#11031,#11032);
#9097=AXIS2_PLACEMENT_3D('',#14499,#11033,#11034);
#9098=AXIS2_PLACEMENT_3D('',#14501,#11036,#11037);
#9099=AXIS2_PLACEMENT_3D('',#14505,#11040,#11041);
#9100=AXIS2_PLACEMENT_3D('',#14508,#11043,#11044);
#9101=AXIS2_PLACEMENT_3D('',#14509,#11045,#11046);
#9102=AXIS2_PLACEMENT_3D('',#14511,#11048,#11049);
#9103=AXIS2_PLACEMENT_3D('',#14512,#11050,#11051);
#9104=AXIS2_PLACEMENT_3D('',#14513,#11052,#11053);
#9105=AXIS2_PLACEMENT_3D('',#14515,#11054,#11055);
#9106=AXIS2_PLACEMENT_3D('',#14516,#11056,#11057);
#9107=AXIS2_PLACEMENT_3D('',#14517,#11058,#11059);
#9108=AXIS2_PLACEMENT_3D('',#14519,#11060,#11061);
#9109=AXIS2_PLACEMENT_3D('',#14520,#11062,#11063);
#9110=AXIS2_PLACEMENT_3D('',#14521,#11064,#11065);
#9111=AXIS2_PLACEMENT_3D('',#14522,#11066,#11067);
#9112=AXIS2_PLACEMENT_3D('',#14524,#11068,#11069);
#9113=AXIS2_PLACEMENT_3D('',#14539,#11076,#11077);
#9114=AXIS2_PLACEMENT_3D('',#14543,#11079,#11080);
#9115=AXIS2_PLACEMENT_3D('',#14547,#11082,#11083);
#9116=AXIS2_PLACEMENT_3D('',#14551,#11085,#11086);
#9117=AXIS2_PLACEMENT_3D('',#14555,#11088,#11089);
#9118=AXIS2_PLACEMENT_3D('',#14559,#11091,#11092);
#9119=AXIS2_PLACEMENT_3D('',#14566,#11096,#11097);
#9120=AXIS2_PLACEMENT_3D('',#14571,#11100,#11101);
#9121=AXIS2_PLACEMENT_3D('',#14573,#11103,#11104);
#9122=AXIS2_PLACEMENT_3D('',#14577,#11106,#11107);
#9123=AXIS2_PLACEMENT_3D('',#14581,#11109,#11110);
#9124=AXIS2_PLACEMENT_3D('',#14585,#11112,#11113);
#9125=AXIS2_PLACEMENT_3D('',#14589,#11115,#11116);
#9126=AXIS2_PLACEMENT_3D('',#14601,#11122,#11123);
#9127=AXIS2_PLACEMENT_3D('',#14605,#11125,#11126);
#9128=AXIS2_PLACEMENT_3D('',#14606,#11127,#11128);
#9129=AXIS2_PLACEMENT_3D('',#14608,#11129,#11130);
#9130=AXIS2_PLACEMENT_3D('',#14610,#11131,#11132);
#9131=AXIS2_PLACEMENT_3D('',#14611,#11133,#11134);
#9132=AXIS2_PLACEMENT_3D('',#14613,#11135,#11136);
#9133=AXIS2_PLACEMENT_3D('',#14616,#11138,#11139);
#9134=AXIS2_PLACEMENT_3D('',#14617,#11140,#11141);
#9135=AXIS2_PLACEMENT_3D('',#14619,#11142,#11143);
#9136=AXIS2_PLACEMENT_3D('',#14634,#11150,#11151);
#9137=AXIS2_PLACEMENT_3D('',#14638,#11153,#11154);
#9138=AXIS2_PLACEMENT_3D('',#14642,#11156,#11157);
#9139=AXIS2_PLACEMENT_3D('',#14646,#11159,#11160);
#9140=AXIS2_PLACEMENT_3D('',#14650,#11162,#11163);
#9141=AXIS2_PLACEMENT_3D('',#14654,#11165,#11166);
#9142=AXIS2_PLACEMENT_3D('',#14661,#11170,#11171);
#9143=AXIS2_PLACEMENT_3D('',#14666,#11174,#11175);
#9144=AXIS2_PLACEMENT_3D('',#14668,#11177,#11178);
#9145=AXIS2_PLACEMENT_3D('',#14669,#11179,#11180);
#9146=AXIS2_PLACEMENT_3D('',#14674,#11182,#11183);
#9147=AXIS2_PLACEMENT_3D('',#14678,#11185,#11186);
#9148=AXIS2_PLACEMENT_3D('',#14682,#11188,#11189);
#9149=AXIS2_PLACEMENT_3D('',#14691,#11194,#11195);
#9150=AXIS2_PLACEMENT_3D('',#14695,#11197,#11198);
#9151=AXIS2_PLACEMENT_3D('',#14699,#11200,#11201);
#9152=AXIS2_PLACEMENT_3D('',#14700,#11202,#11203);
#9153=AXIS2_PLACEMENT_3D('',#14702,#11204,#11205);
#9154=AXIS2_PLACEMENT_3D('',#14703,#11206,#11207);
#9155=AXIS2_PLACEMENT_3D('',#14705,#11208,#11209);
#9156=AXIS2_PLACEMENT_3D('',#14707,#11210,#11211);
#9157=AXIS2_PLACEMENT_3D('',#14708,#11212,#11213);
#9158=AXIS2_PLACEMENT_3D('',#14710,#11214,#11215);
#9159=AXIS2_PLACEMENT_3D('',#14711,#11216,#11217);
#9160=AXIS2_PLACEMENT_3D('',#14713,#11218,#11219);
#9161=AXIS2_PLACEMENT_3D('',#14714,#11220,#11221);
#9162=AXIS2_PLACEMENT_3D('',#14715,#11222,#11223);
#9163=AXIS2_PLACEMENT_3D('',#14716,#11224,#11225);
#9164=AXIS2_PLACEMENT_3D('',#14717,#11226,#11227);
#9165=AXIS2_PLACEMENT_3D('',#14718,#11228,#11229);
#9166=AXIS2_PLACEMENT_3D('',#14720,#11231,#11232);
#9167=AXIS2_PLACEMENT_3D('',#14722,#11234,#11235);
#9168=AXIS2_PLACEMENT_3D('',#14725,#11238,#11239);
#9169=AXIS2_PLACEMENT_3D('',#14727,#11241,#11242);
#9170=AXIS2_PLACEMENT_3D('',#14729,#11244,#11245);
#9171=AXIS2_PLACEMENT_3D('',#14732,#11248,#11249);
#9172=AXIS2_PLACEMENT_3D('',#14735,#11252,#11253);
#9173=AXIS2_PLACEMENT_3D('',#14738,#11256,#11257);
#9174=AXIS2_PLACEMENT_3D('',#14741,#11260,#11261);
#9175=AXIS2_PLACEMENT_3D('',#14742,#11262,#11263);
#9176=AXIS2_PLACEMENT_3D('',#14743,#11264,#11265);
#9177=AXIS2_PLACEMENT_3D('',#14744,#11266,#11267);
#9178=AXIS2_PLACEMENT_3D('',#14745,#11268,#11269);
#9179=AXIS2_PLACEMENT_3D('',#14746,#11270,#11271);
#9180=AXIS2_PLACEMENT_3D('',#14747,#11272,#11273);
#9181=AXIS2_PLACEMENT_3D('',#14748,#11274,#11275);
#9182=AXIS2_PLACEMENT_3D('',#14749,#11276,#11277);
#9183=AXIS2_PLACEMENT_3D('',#14755,#11281,#11282);
#9184=AXIS2_PLACEMENT_3D('',#14757,#11284,#11285);
#9185=AXIS2_PLACEMENT_3D('',#14759,#11287,#11288);
#9186=AXIS2_PLACEMENT_3D('',#14760,#11289,#11290);
#9187=AXIS2_PLACEMENT_3D('',#14762,#11292,#11293);
#9188=AXIS2_PLACEMENT_3D('',#14764,#11295,#11296);
#9189=AXIS2_PLACEMENT_3D('',#14767,#11299,#11300);
#9190=AXIS2_PLACEMENT_3D('',#14770,#11303,#11304);
#9191=AXIS2_PLACEMENT_3D('',#14773,#11307,#11308);
#9192=AXIS2_PLACEMENT_3D('',#14776,#11311,#11312);
#9193=AXIS2_PLACEMENT_3D('',#14779,#11315,#11316);
#9194=AXIS2_PLACEMENT_3D('',#14781,#11318,#11319);
#9195=AXIS2_PLACEMENT_3D('',#14783,#11321,#11322);
#9196=AXIS2_PLACEMENT_3D('',#14784,#11323,#11324);
#9197=AXIS2_PLACEMENT_3D('',#14785,#11325,#11326);
#9198=AXIS2_PLACEMENT_3D('',#14786,#11327,#11328);
#9199=AXIS2_PLACEMENT_3D('',#14787,#11329,#11330);
#9200=AXIS2_PLACEMENT_3D('',#14788,#11331,#11332);
#9201=AXIS2_PLACEMENT_3D('',#14789,#11333,#11334);
#9202=AXIS2_PLACEMENT_3D('',#14790,#11335,#11336);
#9203=AXIS2_PLACEMENT_3D('',#14791,#11337,#11338);
#9204=AXIS2_PLACEMENT_3D('',#14797,#11342,#11343);
#9205=AXIS2_PLACEMENT_3D('',#14799,#11345,#11346);
#9206=AXIS2_PLACEMENT_3D('',#14801,#11348,#11349);
#9207=AXIS2_PLACEMENT_3D('',#14802,#11350,#11351);
#9208=AXIS2_PLACEMENT_3D('',#14803,#11352,#11353);
#9209=AXIS2_PLACEMENT_3D('',#14805,#11354,#11355);
#9210=AXIS2_PLACEMENT_3D('',#14806,#11356,#11357);
#9211=AXIS2_PLACEMENT_3D('',#14807,#11358,#11359);
#9212=AXIS2_PLACEMENT_3D('',#14808,#11360,#11361);
#9213=AXIS2_PLACEMENT_3D('',#14810,#11362,#11363);
#9214=AXIS2_PLACEMENT_3D('',#14812,#11364,#11365);
#9215=AXIS2_PLACEMENT_3D('',#14813,#11366,#11367);
#9216=AXIS2_PLACEMENT_3D('',#14815,#11368,#11369);
#9217=AXIS2_PLACEMENT_3D('',#14818,#11370,#11371);
#9218=AXIS2_PLACEMENT_3D('',#14820,#11372,#11373);
#9219=AXIS2_PLACEMENT_3D('',#14822,#11374,#11375);
#9220=AXIS2_PLACEMENT_3D('',#14824,#11376,#11377);
#9221=AXIS2_PLACEMENT_3D('',#14826,#11378,#11379);
#9222=AXIS2_PLACEMENT_3D('',#14827,#11380,#11381);
#9223=AXIS2_PLACEMENT_3D('',#14837,#11382,#11383);
#9224=AXIS2_PLACEMENT_3D('',#14847,#11384,#11385);
#9225=AXIS2_PLACEMENT_3D('',#14854,#11386,#11387);
#9226=AXIS2_PLACEMENT_3D('',#14860,#11388,#11389);
#9227=AXIS2_PLACEMENT_3D('',#14861,#11390,#11391);
#9228=AXIS2_PLACEMENT_3D('',#14872,#11392,#11393);
#9229=AXIS2_PLACEMENT_3D('',#14882,#11394,#11395);
#9230=AXIS2_PLACEMENT_3D('',#14888,#11396,#11397);
#9231=AXIS2_PLACEMENT_3D('',#14894,#11398,#11399);
#9232=AXIS2_PLACEMENT_3D('',#14904,#11400,#11401);
#9233=AXIS2_PLACEMENT_3D('',#14910,#11402,#11403);
#9234=AXIS2_PLACEMENT_3D('',#14916,#11404,#11405);
#9235=AXIS2_PLACEMENT_3D('',#14926,#11406,#11407);
#9236=AXIS2_PLACEMENT_3D('',#14927,#11408,#11409);
#9237=AXIS2_PLACEMENT_3D('',#14938,#11410,#11411);
#9238=AXIS2_PLACEMENT_3D('',#14948,#11412,#11413);
#9239=AXIS2_PLACEMENT_3D('',#14949,#11414,#11415);
#9240=AXIS2_PLACEMENT_3D('',#14959,#11416,#11417);
#9241=AXIS2_PLACEMENT_3D('',#14962,#11420,#11421);
#9242=AXIS2_PLACEMENT_3D('',#14964,#11423,#11424);
#9243=AXIS2_PLACEMENT_3D('',#14966,#11426,#11427);
#9244=AXIS2_PLACEMENT_3D('',#14968,#11429,#11430);
#9245=AXIS2_PLACEMENT_3D('',#14970,#11432,#11433);
#9246=AXIS2_PLACEMENT_3D('',#14971,#11434,#11435);
#9247=AXIS2_PLACEMENT_3D('',#14972,#11436,#11437);
#9248=AXIS2_PLACEMENT_3D('',#14974,#11438,#11439);
#9249=AXIS2_PLACEMENT_3D('',#14975,#11440,#11441);
#9250=AXIS2_PLACEMENT_3D('',#14977,#11442,#11443);
#9251=AXIS2_PLACEMENT_3D('',#14978,#11444,#11445);
#9252=AXIS2_PLACEMENT_3D('',#14980,#11446,#11447);
#9253=AXIS2_PLACEMENT_3D('',#14981,#11448,#11449);
#9254=AXIS2_PLACEMENT_3D('',#14983,#11450,#11451);
#9255=AXIS2_PLACEMENT_3D('',#14984,#11452,#11453);
#9256=AXIS2_PLACEMENT_3D('',#14986,#11454,#11455);
#9257=AXIS2_PLACEMENT_3D('',#14987,#11456,#11457);
#9258=AXIS2_PLACEMENT_3D('',#14988,#11458,#11459);
#9259=AXIS2_PLACEMENT_3D('',#14989,#11460,#11461);
#9260=AXIS2_PLACEMENT_3D('',#14990,#11462,#11463);
#9261=AXIS2_PLACEMENT_3D('',#14995,#11465,#11466);
#9262=AXIS2_PLACEMENT_3D('',#14998,#11468,#11469);
#9263=AXIS2_PLACEMENT_3D('',#15003,#11471,#11472);
#9264=AXIS2_PLACEMENT_3D('',#15047,#11494,#11495);
#9265=AXIS2_PLACEMENT_3D('',#15055,#11499,#11500);
#9266=AXIS2_PLACEMENT_3D('',#15059,#11502,#11503);
#9267=AXIS2_PLACEMENT_3D('',#15065,#11506,#11507);
#9268=AXIS2_PLACEMENT_3D('',#15069,#11509,#11510);
#9269=AXIS2_PLACEMENT_3D('',#15080,#11516,#11517);
#9270=AXIS2_PLACEMENT_3D('',#15081,#11518,#11519);
#9271=AXIS2_PLACEMENT_3D('',#15086,#11521,#11522);
#9272=AXIS2_PLACEMENT_3D('',#15094,#11526,#11527);
#9273=AXIS2_PLACEMENT_3D('',#15098,#11529,#11530);
#9274=AXIS2_PLACEMENT_3D('',#15104,#11533,#11534);
#9275=AXIS2_PLACEMENT_3D('',#15108,#11536,#11537);
#9276=AXIS2_PLACEMENT_3D('',#15116,#11541,#11542);
#9277=AXIS2_PLACEMENT_3D('',#15163,#11566,#11567);
#9278=AXIS2_PLACEMENT_3D('',#15166,#11570,#11571);
#9279=AXIS2_PLACEMENT_3D('',#15169,#11574,#11575);
#9280=AXIS2_PLACEMENT_3D('',#15172,#11578,#11579);
#9281=AXIS2_PLACEMENT_3D('',#15175,#11582,#11583);
#9282=AXIS2_PLACEMENT_3D('',#15178,#11586,#11587);
#9283=AXIS2_PLACEMENT_3D('',#15181,#11590,#11591);
#9284=AXIS2_PLACEMENT_3D('',#15184,#11594,#11595);
#9285=AXIS2_PLACEMENT_3D('',#15187,#11598,#11599);
#9286=AXIS2_PLACEMENT_3D('',#15189,#11601,#11602);
#9287=AXIS2_PLACEMENT_3D('',#15192,#11605,#11606);
#9288=AXIS2_PLACEMENT_3D('',#15195,#11609,#11610);
#9289=AXIS2_PLACEMENT_3D('',#15197,#11612,#11613);
#9290=AXIS2_PLACEMENT_3D('',#15199,#11615,#11616);
#9291=AXIS2_PLACEMENT_3D('',#15202,#11619,#11620);
#9292=AXIS2_PLACEMENT_3D('',#15204,#11622,#11623);
#9293=AXIS2_PLACEMENT_3D('',#15206,#11625,#11626);
#9294=AXIS2_PLACEMENT_3D('',#15208,#11628,#11629);
#9295=AXIS2_PLACEMENT_3D('',#15210,#11631,#11632);
#9296=AXIS2_PLACEMENT_3D('',#15212,#11634,#11635);
#9297=AXIS2_PLACEMENT_3D('',#15214,#11637,#11638);
#9298=AXIS2_PLACEMENT_3D('',#15215,#11639,#11640);
#9299=AXIS2_PLACEMENT_3D('',#15216,#11641,#11642);
#9300=AXIS2_PLACEMENT_3D('',#15217,#11643,#11644);
#9301=AXIS2_PLACEMENT_3D('',#15218,#11645,#11646);
#9302=AXIS2_PLACEMENT_3D('',#15219,#11647,#11648);
#9303=AXIS2_PLACEMENT_3D('',#15221,#11650,#11651);
#9304=AXIS2_PLACEMENT_3D('',#15222,#11652,#11653);
#9305=AXIS2_PLACEMENT_3D('',#15224,#11655,#11656);
#9306=AXIS2_PLACEMENT_3D('',#15225,#11657,#11658);
#9307=AXIS2_PLACEMENT_3D('',#15227,#11660,#11661);
#9308=AXIS2_PLACEMENT_3D('',#15228,#11662,#11663);
#9309=AXIS2_PLACEMENT_3D('',#15230,#11665,#11666);
#9310=AXIS2_PLACEMENT_3D('',#15231,#11667,#11668);
#9311=AXIS2_PLACEMENT_3D('',#15233,#11670,#11671);
#9312=AXIS2_PLACEMENT_3D('',#15234,#11672,#11673);
#9313=AXIS2_PLACEMENT_3D('',#15236,#11675,#11676);
#9314=AXIS2_PLACEMENT_3D('',#15237,#11677,#11678);
#9315=AXIS2_PLACEMENT_3D('',#15240,#11681,#11682);
#9316=AXIS2_PLACEMENT_3D('',#15242,#11684,#11685);
#9317=AXIS2_PLACEMENT_3D('',#15243,#11686,#11687);
#9318=AXIS2_PLACEMENT_3D('',#15244,#11688,#11689);
#9319=AXIS2_PLACEMENT_3D('',#15250,#11693,#11694);
#9320=AXIS2_PLACEMENT_3D('',#15253,#11696,#11697);
#9321=AXIS2_PLACEMENT_3D('',#15254,#11698,#11699);
#9322=AXIS2_PLACEMENT_3D('',#15258,#11702,#11703);
#9323=AXIS2_PLACEMENT_3D('',#15259,#11704,#11705);
#9324=AXIS2_PLACEMENT_3D('',#15260,#11706,#11707);
#9325=AXIS2_PLACEMENT_3D('',#15261,#11708,#11709);
#9326=AXIS2_PLACEMENT_3D('',#15262,#11710,#11711);
#9327=AXIS2_PLACEMENT_3D('',#15281,#11716,#11717);
#9328=AXIS2_PLACEMENT_3D('',#15300,#11722,#11723);
#9329=AXIS2_PLACEMENT_3D('',#15319,#11728,#11729);
#9330=AXIS2_PLACEMENT_3D('',#15332,#11732,#11733);
#9331=AXIS2_PLACEMENT_3D('',#15345,#11736,#11737);
#9332=AXIS2_PLACEMENT_3D('',#15358,#11740,#11741);
#9333=AXIS2_PLACEMENT_3D('',#15359,#11742,#11743);
#9334=AXIS2_PLACEMENT_3D('',#15361,#11744,#11745);
#9335=AXIS2_PLACEMENT_3D('',#15363,#11746,#11747);
#9336=AXIS2_PLACEMENT_3D('',#15364,#11748,#11749);
#9337=AXIS2_PLACEMENT_3D('',#15365,#11750,#11751);
#9338=AXIS2_PLACEMENT_3D('',#15366,#11752,#11753);
#9339=AXIS2_PLACEMENT_3D('',#15367,#11754,#11755);
#9340=AXIS2_PLACEMENT_3D('',#15368,#11756,#11757);
#9341=AXIS2_PLACEMENT_3D('',#15369,#11758,#11759);
#9342=AXIS2_PLACEMENT_3D('',#15370,#11760,#11761);
#9343=AXIS2_PLACEMENT_3D('',#15371,#11762,#11763);
#9344=AXIS2_PLACEMENT_3D('',#15372,#11764,#11765);
#9345=AXIS2_PLACEMENT_3D('',#15373,#11766,#11767);
#9346=AXIS2_PLACEMENT_3D('',#15374,#11768,#11769);
#9347=AXIS2_PLACEMENT_3D('',#15375,#11770,#11771);
#9348=AXIS2_PLACEMENT_3D('',#15376,#11772,#11773);
#9349=AXIS2_PLACEMENT_3D('',#15377,#11774,#11775);
#9350=AXIS2_PLACEMENT_3D('',#15379,#11776,#11777);
#9351=AXIS2_PLACEMENT_3D('',#15381,#11778,#11779);
#9352=AXIS2_PLACEMENT_3D('',#15382,#11780,#11781);
#9353=AXIS2_PLACEMENT_3D('',#15384,#11782,#11783);
#9354=AXIS2_PLACEMENT_3D('',#15385,#11784,#11785);
#9355=AXIS2_PLACEMENT_3D('',#15386,#11786,#11787);
#9356=AXIS2_PLACEMENT_3D('',#15387,#11788,#11789);
#9357=AXIS2_PLACEMENT_3D('',#15388,#11790,#11791);
#9358=AXIS2_PLACEMENT_3D('',#15389,#11792,#11793);
#9359=AXIS2_PLACEMENT_3D('',#15390,#11794,#11795);
#9360=AXIS2_PLACEMENT_3D('',#15391,#11796,#11797);
#9361=AXIS2_PLACEMENT_3D('',#15392,#11798,#11799);
#9362=AXIS2_PLACEMENT_3D('',#15393,#11800,#11801);
#9363=AXIS2_PLACEMENT_3D('',#15394,#11802,#11803);
#9364=AXIS2_PLACEMENT_3D('',#15395,#11804,#11805);
#9365=AXIS2_PLACEMENT_3D('',#15396,#11806,#11807);
#9366=AXIS2_PLACEMENT_3D('',#15397,#11808,#11809);
#9367=AXIS2_PLACEMENT_3D('',#15398,#11810,#11811);
#9368=AXIS2_PLACEMENT_3D('',#15399,#11812,#11813);
#9369=AXIS2_PLACEMENT_3D('',#15400,#11814,#11815);
#9370=AXIS2_PLACEMENT_3D('',#15401,#11816,#11817);
#9371=AXIS2_PLACEMENT_3D('',#15402,#11818,#11819);
#9372=AXIS2_PLACEMENT_3D('',#15410,#11820,#11821);
#9373=AXIS2_PLACEMENT_3D('',#15416,#11822,#11823);
#9374=AXIS2_PLACEMENT_3D('',#15423,#11824,#11825);
#9375=AXIS2_PLACEMENT_3D('',#15430,#11826,#11827);
#9376=AXIS2_PLACEMENT_3D('',#15431,#11828,#11829);
#9377=AXIS2_PLACEMENT_3D('',#15432,#11830,#11831);
#9378=AXIS2_PLACEMENT_3D('',#15434,#11832,#11833);
#9379=AXIS2_PLACEMENT_3D('',#15436,#11834,#11835);
#9380=AXIS2_PLACEMENT_3D('',#15438,#11836,#11837);
#9381=AXIS2_PLACEMENT_3D('',#15440,#11838,#11839);
#9382=AXIS2_PLACEMENT_3D('',#15441,#11840,#11841);
#9383=AXIS2_PLACEMENT_3D('',#15442,#11842,#11843);
#9384=AXIS2_PLACEMENT_3D('',#15465,#11844,#11845);
#9385=AXIS2_PLACEMENT_3D('',#15466,#11846,#11847);
#9386=AXIS2_PLACEMENT_3D('',#15468,#11848,#11849);
#9387=AXIS2_PLACEMENT_3D('',#15470,#11850,#11851);
#9388=AXIS2_PLACEMENT_3D('',#15471,#11852,#11853);
#9389=AXIS2_PLACEMENT_3D('',#15473,#11854,#11855);
#9390=AXIS2_PLACEMENT_3D('',#15475,#11856,#11857);
#9391=AXIS2_PLACEMENT_3D('',#15476,#11858,#11859);
#9392=AXIS2_PLACEMENT_3D('',#15478,#11860,#11861);
#9393=AXIS2_PLACEMENT_3D('',#15479,#11862,#11863);
#9394=AXIS2_PLACEMENT_3D('',#15480,#11864,#11865);
#9395=AXIS2_PLACEMENT_3D('',#15746,#11866,#11867);
#9396=AXIS2_PLACEMENT_3D('',#15747,#11868,#11869);
#9397=AXIS2_PLACEMENT_3D('',#15749,#11870,#11871);
#9398=AXIS2_PLACEMENT_3D('',#15750,#11872,#11873);
#9399=AXIS2_PLACEMENT_3D('',#15752,#11874,#11875);
#9400=AXIS2_PLACEMENT_3D('',#15754,#11876,#11877);
#9401=AXIS2_PLACEMENT_3D('',#15755,#11878,#11879);
#9402=AXIS2_PLACEMENT_3D('',#15757,#11880,#11881);
#9403=AXIS2_PLACEMENT_3D('',#15759,#11882,#11883);
#9404=AXIS2_PLACEMENT_3D('',#15760,#11884,#11885);
#9405=AXIS2_PLACEMENT_3D('',#15762,#11886,#11887);
#9406=AXIS2_PLACEMENT_3D('',#15763,#11888,#11889);
#9407=AXIS2_PLACEMENT_3D('',#15764,#11890,#11891);
#9408=AXIS2_PLACEMENT_3D('',#15765,#11892,#11893);
#9409=AXIS2_PLACEMENT_3D('',#15766,#11894,#11895);
#9410=AXIS2_PLACEMENT_3D('',#15767,#11896,#11897);
#9411=AXIS2_PLACEMENT_3D('',#15769,#11898,#11899);
#9412=AXIS2_PLACEMENT_3D('',#15770,#11900,#11901);
#9413=AXIS2_PLACEMENT_3D('',#15771,#11902,#11903);
#9414=AXIS2_PLACEMENT_3D('',#15773,#11904,#11905);
#9415=AXIS2_PLACEMENT_3D('',#15774,#11906,#11907);
#9416=AXIS2_PLACEMENT_3D('',#15775,#11908,#11909);
#9417=AXIS2_PLACEMENT_3D('',#15776,#11910,#11911);
#9418=DIRECTION('',(0.,0.,1.));
#9419=DIRECTION('',(1.,0.,0.));
#9420=DIRECTION('',(1.,0.,0.));
#9421=DIRECTION('',(0.,-1.,0.));
#9422=DIRECTION('',(-1.,0.,0.));
#9423=DIRECTION('',(0.,0.,1.));
#9424=DIRECTION('',(-1.,0.,0.));
#9425=DIRECTION('',(0.,0.,-1.));
#9426=DIRECTION('',(-1.,0.,0.));
#9427=DIRECTION('',(0.,0.,1.));
#9428=DIRECTION('',(0.,0.,1.));
#9429=DIRECTION('',(1.,0.,0.));
#9430=DIRECTION('',(0.,0.,1.));
#9431=DIRECTION('',(1.,0.,0.));
#9432=DIRECTION('',(0.,1.,0.));
#9433=DIRECTION('',(-1.,-9.91270557701033E-17,0.));
#9434=DIRECTION('',(0.,1.,0.));
#9435=DIRECTION('',(-1.,-1.98254111540206E-16,0.));
#9436=DIRECTION('',(0.,0.,1.));
#9437=DIRECTION('',(1.,0.,0.));
#9438=DIRECTION('',(0.,0.,1.));
#9439=DIRECTION('',(1.,0.,0.));
#9440=DIRECTION('',(0.,0.,1.));
#9441=DIRECTION('',(1.,0.,0.));
#9442=DIRECTION('',(0.,0.,-1.));
#9443=DIRECTION('',(-1.,0.,0.));
#9444=DIRECTION('',(0.,0.,1.));
#9445=DIRECTION('',(1.,0.,0.));
#9446=DIRECTION('',(0.,0.,-1.));
#9447=DIRECTION('',(-1.,0.,0.));
#9448=DIRECTION('',(0.,0.,1.));
#9449=DIRECTION('',(1.,0.,0.));
#9450=DIRECTION('',(0.,0.,1.));
#9451=DIRECTION('',(1.,0.,0.));
#9452=DIRECTION('',(0.,0.,1.));
#9453=DIRECTION('',(1.,0.,0.));
#9454=DIRECTION('',(0.,0.,1.));
#9455=DIRECTION('',(1.,0.,0.));
#9456=DIRECTION('',(0.,0.,1.));
#9457=DIRECTION('',(1.,0.,0.));
#9458=DIRECTION('',(0.,0.,-1.));
#9459=DIRECTION('',(-1.,0.,0.));
#9460=DIRECTION('',(0.,0.,1.));
#9461=DIRECTION('',(1.,0.,0.));
#9462=DIRECTION('',(0.,0.,-1.));
#9463=DIRECTION('',(-1.,0.,0.));
#9464=DIRECTION('',(0.,0.,1.));
#9465=DIRECTION('',(1.,0.,0.));
#9466=DIRECTION('',(0.,0.,-1.));
#9467=DIRECTION('',(-1.,0.,0.));
#9468=DIRECTION('',(0.,0.,-1.));
#9469=DIRECTION('',(-1.,0.,0.));
#9470=DIRECTION('',(0.,0.,-1.));
#9471=DIRECTION('',(1.,0.,0.));
#9472=DIRECTION('',(0.,0.,-1.));
#9473=DIRECTION('',(-1.,0.,0.));
#9474=DIRECTION('',(0.,0.,-1.));
#9475=DIRECTION('',(1.,0.,0.));
#9476=DIRECTION('',(0.,0.,1.));
#9477=DIRECTION('',(1.,0.,0.));
#9478=DIRECTION('',(0.,0.,-1.));
#9479=DIRECTION('',(-1.,0.,0.));
#9480=DIRECTION('',(0.,0.,-1.));
#9481=DIRECTION('',(1.,0.,0.));
#9482=DIRECTION('',(0.,0.,-1.));
#9483=DIRECTION('',(-1.,0.,0.));
#9484=DIRECTION('',(0.,0.,1.));
#9485=DIRECTION('',(1.,0.,0.));
#9486=DIRECTION('',(0.,0.,-1.));
#9487=DIRECTION('',(-1.,0.,0.));
#9488=DIRECTION('',(0.,0.,-1.));
#9489=DIRECTION('',(1.,0.,0.));
#9490=DIRECTION('',(9.91270557701032E-17,-1.,0.));
#9491=DIRECTION('',(1.,9.91270557701033E-17,0.));
#9492=DIRECTION('',(0.,0.,-1.));
#9493=DIRECTION('',(-1.,-9.91270557701033E-17,0.));
#9494=DIRECTION('',(0.,0.,-1.));
#9495=DIRECTION('',(-1.,0.,0.));
#9496=DIRECTION('',(0.,0.,1.));
#9497=DIRECTION('',(0.,0.,-1.));
#9498=DIRECTION('',(-1.,0.,0.));
#9499=DIRECTION('',(0.,0.,1.));
#9500=DIRECTION('',(1.98254111540206E-16,-1.,0.));
#9501=DIRECTION('',(1.,1.98254111540206E-16,0.));
#9502=DIRECTION('',(0.,0.,-1.));
#9503=DIRECTION('',(-1.,-1.98254111540206E-16,0.));
#9504=DIRECTION('',(-1.,0.,0.));
#9505=DIRECTION('',(0.,0.,1.));
#9506=DIRECTION('',(-1.,0.,0.));
#9507=DIRECTION('',(0.,0.,1.));
#9508=DIRECTION('',(-1.,0.,0.));
#9509=DIRECTION('',(0.,0.,1.));
#9510=DIRECTION('',(-1.,0.,0.));
#9511=DIRECTION('',(0.,0.,1.));
#9512=DIRECTION('',(1.,0.,0.));
#9513=DIRECTION('',(0.,0.,-1.));
#9514=DIRECTION('',(-1.,0.,0.));
#9515=DIRECTION('',(0.,0.,1.));
#9516=DIRECTION('',(-1.,0.,0.));
#9517=DIRECTION('',(0.,-1.,0.));
#9518=DIRECTION('',(0.666363211725432,-0.236558808880521,0.707106781186545));
#9519=DIRECTION('',(0.334544675817656,0.942379891488597,-4.51028103753961E-17));
#9520=DIRECTION('',(1.,0.,0.));
#9521=DIRECTION('',(0.,1.,0.));
#9522=DIRECTION('',(1.,0.,0.));
#9523=DIRECTION('',(0.,0.,-1.));
#9524=DIRECTION('',(0.,-2.03680931777954E-16,-1.));
#9525=DIRECTION('',(1.,0.,0.));
#9526=DIRECTION('',(0.,0.,-1.));
#9527=DIRECTION('',(1.,0.,0.));
#9528=DIRECTION('',(0.,0.,-1.));
#9529=DIRECTION('',(-1.,0.,0.));
#9530=DIRECTION('',(0.,0.,-1.));
#9531=DIRECTION('',(1.,0.,0.));
#9532=DIRECTION('',(0.,1.,0.));
#9533=DIRECTION('',(0.,0.,1.));
#9534=DIRECTION('',(1.,0.,0.));
#9535=DIRECTION('',(0.,0.,-1.));
#9536=DIRECTION('',(-1.,0.,0.));
#9537=DIRECTION('',(0.,0.,-1.));
#9538=DIRECTION('',(1.,0.,0.));
#9539=DIRECTION('',(0.,0.,-1.));
#9540=DIRECTION('',(1.,0.,0.));
#9541=DIRECTION('',(0.,0.,-1.));
#9542=DIRECTION('',(1.,0.,0.));
#9543=DIRECTION('',(0.,0.,-1.));
#9544=DIRECTION('',(0.,0.,1.));
#9545=DIRECTION('',(1.,0.,0.));
#9546=DIRECTION('',(0.,0.,1.));
#9547=DIRECTION('',(1.,0.,0.));
#9548=DIRECTION('',(0.,0.,1.));
#9549=DIRECTION('',(-1.,0.,0.));
#9550=DIRECTION('',(0.,0.,1.));
#9551=DIRECTION('',(1.,0.,0.));
#9552=DIRECTION('',(0.,0.,1.));
#9553=DIRECTION('',(0.,0.,1.));
#9554=DIRECTION('',(1.,0.,0.));
#9555=DIRECTION('',(0.,0.,1.));
#9556=DIRECTION('',(0.,1.,0.));
#9557=DIRECTION('',(0.,0.,1.));
#9558=DIRECTION('',(0.,-1.,0.));
#9559=DIRECTION('',(0.,0.,-1.));
#9560=DIRECTION('',(0.,-1.,0.));
#9561=DIRECTION('',(0.,0.,-1.));
#9562=DIRECTION('',(0.,-1.,0.));
#9563=DIRECTION('',(0.,0.,-1.));
#9564=DIRECTION('',(0.,-1.,0.));
#9565=DIRECTION('',(0.,0.,-1.));
#9566=DIRECTION('',(0.,-1.,0.));
#9567=DIRECTION('',(0.,0.,-1.));
#9568=DIRECTION('',(0.,-1.,0.));
#9569=DIRECTION('',(1.,0.,0.));
#9570=DIRECTION('',(0.,1.,0.));
#9571=DIRECTION('',(0.,0.,1.));
#9572=DIRECTION('',(0.,-1.,0.));
#9573=DIRECTION('',(0.,0.,-1.));
#9574=DIRECTION('',(-1.,0.,0.));
#9575=DIRECTION('',(0.,-1.,0.));
#9576=DIRECTION('',(0.,0.,-1.));
#9577=DIRECTION('',(-1.,0.,0.));
#9578=DIRECTION('',(-1.,0.,0.));
#9579=DIRECTION('',(0.,0.,1.));
#9580=DIRECTION('',(-1.,0.,0.));
#9581=DIRECTION('',(-1.,0.,0.));
#9582=DIRECTION('',(-1.,0.,0.));
#9583=DIRECTION('',(-1.,0.,0.));
#9584=DIRECTION('',(1.,0.,0.));
#9585=DIRECTION('',(0.,0.,-1.));
#9586=DIRECTION('',(-1.,0.,0.));
#9587=DIRECTION('',(0.,0.,1.));
#9588=DIRECTION('',(-1.,0.,0.));
#9589=DIRECTION('',(-1.,0.,0.));
#9590=DIRECTION('',(0.,0.,1.));
#9591=DIRECTION('',(-1.,0.,0.));
#9592=DIRECTION('',(-1.,0.,0.));
#9593=DIRECTION('',(0.,0.,1.));
#9594=DIRECTION('',(-1.,0.,0.));
#9595=DIRECTION('',(-1.,0.,0.));
#9596=DIRECTION('',(0.,0.,1.));
#9597=DIRECTION('',(-1.,0.,0.));
#9598=DIRECTION('',(-1.,0.,0.));
#9599=DIRECTION('',(-1.,0.,0.));
#9600=DIRECTION('',(1.,0.,0.));
#9601=DIRECTION('',(0.,0.,-1.));
#9602=DIRECTION('',(1.,0.,0.));
#9603=DIRECTION('',(0.,0.,-1.));
#9604=DIRECTION('',(1.,0.,0.));
#9605=DIRECTION('',(1.,0.,0.));
#9606=DIRECTION('',(0.,0.,1.));
#9607=DIRECTION('',(1.,0.,0.));
#9608=DIRECTION('',(1.,0.,0.));
#9609=DIRECTION('',(0.,0.,-1.));
#9610=DIRECTION('',(1.,0.,0.));
#9611=DIRECTION('',(1.,0.,0.));
#9612=DIRECTION('',(0.,0.,1.));
#9613=DIRECTION('',(1.,0.,0.));
#9614=DIRECTION('',(0.,0.,-1.));
#9615=DIRECTION('',(1.,0.,0.));
#9616=DIRECTION('',(1.,0.,0.));
#9617=DIRECTION('',(0.,0.,1.));
#9618=DIRECTION('',(0.,1.,0.));
#9619=DIRECTION('',(0.,0.,1.));
#9620=DIRECTION('',(1.,0.,0.));
#9621=DIRECTION('',(0.,0.,1.));
#9622=DIRECTION('',(1.,0.,0.));
#9623=DIRECTION('',(0.,0.,-1.));
#9624=DIRECTION('',(1.,0.,0.));
#9625=DIRECTION('',(1.,0.,0.));
#9626=DIRECTION('',(0.,0.,1.));
#9627=DIRECTION('',(1.,0.,0.));
#9628=DIRECTION('',(0.,0.,-1.));
#9629=DIRECTION('',(-1.,0.,0.));
#9630=DIRECTION('',(0.,0.,1.));
#9631=DIRECTION('',(-1.,0.,0.));
#9632=DIRECTION('',(0.,-1.,0.));
#9633=DIRECTION('',(-1.,0.,0.));
#9634=DIRECTION('',(0.,0.,1.));
#9635=DIRECTION('',(-1.,0.,0.));
#9636=DIRECTION('',(0.,0.,1.));
#9637=DIRECTION('',(-1.,0.,0.));
#9638=DIRECTION('',(0.,0.,1.));
#9639=DIRECTION('',(-1.,0.,0.));
#9640=DIRECTION('',(0.,0.,1.));
#9641=DIRECTION('',(0.,0.,1.));
#9642=DIRECTION('',(-1.,0.,0.));
#9643=DIRECTION('',(0.,0.,1.));
#9644=DIRECTION('',(1.,0.,0.));
#9645=DIRECTION('',(0.,0.,-1.));
#9646=DIRECTION('',(1.,0.,0.));
#9647=DIRECTION('',(-1.,0.,0.));
#9648=DIRECTION('',(0.,0.,1.));
#9649=DIRECTION('',(1.,0.,0.));
#9650=DIRECTION('',(1.,0.,0.));
#9651=DIRECTION('',(0.,0.,-1.));
#9652=DIRECTION('',(1.,0.,0.));
#9653=DIRECTION('',(-1.,0.,0.));
#9654=DIRECTION('',(0.,0.,1.));
#9655=DIRECTION('',(0.,1.,0.));
#9656=DIRECTION('',(0.,0.,1.));
#9657=DIRECTION('',(1.,0.,0.));
#9658=DIRECTION('',(0.,0.,1.));
#9659=DIRECTION('',(1.,0.,0.));
#9660=DIRECTION('',(0.,0.,-1.));
#9661=DIRECTION('',(1.,0.,0.));
#9662=DIRECTION('',(-1.,0.,0.));
#9663=DIRECTION('',(0.,0.,1.));
#9664=DIRECTION('',(1.,0.,0.));
#9665=DIRECTION('',(0.,0.,-1.));
#9666=DIRECTION('',(1.,0.,0.));
#9667=DIRECTION('',(-1.,0.,0.));
#9668=DIRECTION('',(0.,0.,1.));
#9669=DIRECTION('',(1.,0.,0.));
#9670=DIRECTION('',(0.,0.,-1.));
#9671=DIRECTION('',(-1.,0.,0.));
#9672=DIRECTION('',(0.,0.,1.));
#9673=DIRECTION('',(0.376377046955938,-0.288532813488562,-0.880391466374534));
#9674=DIRECTION('',(-1.,0.,0.));
#9675=DIRECTION('',(0.,0.,1.));
#9676=DIRECTION('',(0.33436717749277,0.82305766767451,-0.459102021665899));
#9677=DIRECTION('',(-1.,0.,0.));
#9678=DIRECTION('',(0.,0.,1.));
#9679=DIRECTION('',(0.376377046955938,0.365866328284259,-0.851165171017073));
#9680=DIRECTION('',(1.,0.,0.));
#9681=DIRECTION('',(0.,0.,1.));
#9682=DIRECTION('',(1.,0.,0.));
#9683=DIRECTION('',(0.,0.,-1.));
#9684=DIRECTION('',(0.376377046955936,0.365866328284261,0.851165171017072));
#9685=DIRECTION('',(-1.,0.,0.));
#9686=DIRECTION('',(0.,0.,1.));
#9687=DIRECTION('',(-1.,0.,0.));
#9688=DIRECTION('',(0.,0.,1.));
#9689=DIRECTION('',(0.376377046955938,-0.288532813488561,0.880391466374534));
#9690=DIRECTION('',(1.,0.,0.));
#9691=DIRECTION('',(0.,0.,1.));
#9692=DIRECTION('',(0.33436717749277,0.823057667674509,0.459102021665899));
#9693=DIRECTION('',(-1.,0.,0.));
#9694=DIRECTION('',(0.,0.,1.));
#9695=DIRECTION('',(0.926466577122309,-0.376377046955938,0.));
#9696=DIRECTION('',(0.376377046955938,0.926466577122309,0.));
#9697=DIRECTION('',(0.,0.,-1.));
#9698=DIRECTION('',(-1.,0.,0.));
#9699=DIRECTION('',(0.,-1.,0.));
#9700=DIRECTION('',(1.,0.,0.));
#9701=DIRECTION('',(0.,0.,-1.));
#9702=DIRECTION('',(1.,0.,0.));
#9703=DIRECTION('',(0.,0.,-1.));
#9704=DIRECTION('',(1.,0.,0.));
#9705=DIRECTION('',(0.,1.,0.));
#9706=DIRECTION('',(0.,-1.,0.));
#9707=DIRECTION('',(0.,0.,-1.));
#9708=DIRECTION('',(0.,0.,1.));
#9709=DIRECTION('',(0.,-1.,0.));
#9710=DIRECTION('',(0.,0.,-1.));
#9711=DIRECTION('',(0.,0.,1.));
#9712=DIRECTION('',(0.,1.,-2.03680931777954E-16));
#9713=DIRECTION('',(0.,2.03680931777954E-16,1.));
#9714=DIRECTION('',(0.,2.03680931777954E-16,1.));
#9715=DIRECTION('',(1.,0.,0.));
#9716=DIRECTION('',(0.,1.,0.));
#9717=DIRECTION('',(-1.,0.,0.));
#9718=DIRECTION('',(0.,0.,-1.));
#9719=DIRECTION('',(1.,0.,0.));
#9720=DIRECTION('',(0.,0.,-1.));
#9721=DIRECTION('',(1.,0.,0.));
#9722=DIRECTION('',(0.,0.,-1.));
#9723=DIRECTION('',(1.,0.,0.));
#9724=DIRECTION('',(0.,0.,-1.));
#9725=DIRECTION('',(0.,0.,1.));
#9726=DIRECTION('',(1.,0.,0.));
#9727=DIRECTION('',(0.,0.,-1.));
#9728=DIRECTION('',(1.,0.,0.));
#9729=DIRECTION('',(0.,0.,-1.));
#9730=DIRECTION('',(1.,0.,0.));
#9731=DIRECTION('',(0.,0.,-1.));
#9732=DIRECTION('',(-1.,0.,0.));
#9733=DIRECTION('',(0.,0.,-1.));
#9734=DIRECTION('',(-1.,0.,0.));
#9735=DIRECTION('',(0.,1.,0.));
#9736=DIRECTION('',(1.,0.,0.));
#9737=DIRECTION('',(0.,0.,-1.));
#9738=DIRECTION('',(-1.,0.,0.));
#9739=DIRECTION('',(0.,0.,-1.));
#9740=DIRECTION('',(1.,0.,0.));
#9741=DIRECTION('',(0.,0.,-1.));
#9742=DIRECTION('',(1.,0.,0.));
#9743=DIRECTION('',(0.,0.,-1.));
#9744=DIRECTION('',(1.,0.,0.));
#9745=DIRECTION('',(0.,0.,-1.));
#9746=DIRECTION('',(1.,0.,0.));
#9747=DIRECTION('',(1.,0.,0.));
#9748=DIRECTION('',(0.,0.,-1.));
#9749=DIRECTION('',(1.,0.,0.));
#9750=DIRECTION('',(1.,0.,0.));
#9751=DIRECTION('',(0.,0.,-1.));
#9752=DIRECTION('',(-1.,0.,0.));
#9753=DIRECTION('',(0.,0.,1.));
#9754=DIRECTION('',(1.,0.,0.));
#9755=DIRECTION('',(0.,0.,-1.));
#9756=DIRECTION('',(1.,0.,0.));
#9757=DIRECTION('',(0.,1.,0.));
#9758=DIRECTION('',(-1.,0.,0.));
#9759=DIRECTION('',(0.,0.,1.));
#9760=DIRECTION('',(-1.,0.,0.));
#9761=DIRECTION('',(1.,0.,0.));
#9762=DIRECTION('',(0.,0.,-1.));
#9763=DIRECTION('',(-1.,0.,0.));
#9764=DIRECTION('',(-1.,0.,0.));
#9765=DIRECTION('',(0.,0.,1.));
#9766=DIRECTION('',(-1.,0.,0.));
#9767=DIRECTION('',(-1.,0.,0.));
#9768=DIRECTION('',(0.,0.,-1.));
#9769=DIRECTION('',(-1.,0.,0.));
#9770=DIRECTION('',(0.,0.,1.));
#9771=DIRECTION('',(-1.,0.,0.));
#9772=DIRECTION('',(1.,0.,0.));
#9773=DIRECTION('',(0.,0.,-1.));
#9774=DIRECTION('',(0.,-1.,0.));
#9775=DIRECTION('',(0.,0.,-1.));
#9776=DIRECTION('',(-1.,0.,0.));
#9777=DIRECTION('',(0.,0.,1.));
#9778=DIRECTION('',(-1.,0.,0.));
#9779=DIRECTION('',(0.,0.,1.));
#9780=DIRECTION('',(-1.,0.,0.));
#9781=DIRECTION('',(1.,0.,0.));
#9782=DIRECTION('',(0.,0.,-1.));
#9783=DIRECTION('',(-1.,0.,0.));
#9784=DIRECTION('',(0.,0.,1.));
#9785=DIRECTION('',(1.,0.,0.));
#9786=DIRECTION('',(0.,0.,-1.));
#9787=DIRECTION('',(-1.,0.,0.));
#9788=DIRECTION('',(0.,0.,1.));
#9789=DIRECTION('',(1.,0.,0.));
#9790=DIRECTION('',(0.,0.,-1.));
#9791=DIRECTION('',(-1.,0.,0.));
#9792=DIRECTION('',(1.,0.,0.));
#9793=DIRECTION('',(0.,0.,-1.));
#9794=DIRECTION('',(-1.,0.,0.));
#9795=DIRECTION('',(-1.,0.,0.));
#9796=DIRECTION('',(0.,0.,1.));
#9797=DIRECTION('',(1.,0.,0.));
#9798=DIRECTION('',(0.,0.,-1.));
#9799=DIRECTION('',(-1.,0.,0.));
#9800=DIRECTION('',(1.,0.,0.));
#9801=DIRECTION('',(0.,0.,-1.));
#9802=DIRECTION('',(-1.,0.,0.));
#9803=DIRECTION('',(0.,0.,1.));
#9804=DIRECTION('',(1.,0.,0.));
#9805=DIRECTION('',(0.,0.,-1.));
#9806=DIRECTION('',(-1.,0.,0.));
#9807=DIRECTION('',(1.,0.,0.));
#9808=DIRECTION('',(0.,0.,-1.));
#9809=DIRECTION('',(-1.,0.,0.));
#9810=DIRECTION('',(0.,0.,1.));
#9811=DIRECTION('',(1.,0.,0.));
#9812=DIRECTION('',(0.,0.,-1.));
#9813=DIRECTION('',(-1.,0.,0.));
#9814=DIRECTION('',(1.,0.,0.));
#9815=DIRECTION('',(0.,0.,-1.));
#9816=DIRECTION('',(0.,-1.,0.));
#9817=DIRECTION('',(0.,0.,-1.));
#9818=DIRECTION('',(0.,0.,1.));
#9819=DIRECTION('',(-1.,0.,0.));
#9820=DIRECTION('',(0.,0.,1.));
#9821=DIRECTION('',(-1.,0.,0.));
#9822=DIRECTION('',(0.,0.,1.));
#9823=DIRECTION('',(1.,0.,0.));
#9824=DIRECTION('',(0.,0.,-1.));
#9825=DIRECTION('',(1.,0.,0.));
#9826=DIRECTION('',(0.,0.,-1.));
#9827=DIRECTION('',(1.,0.,0.));
#9828=DIRECTION('',(0.,1.,0.));
#9829=DIRECTION('',(-0.376377046955939,-0.288532813488561,0.880391466374534));
#9830=DIRECTION('',(1.,0.,0.));
#9831=DIRECTION('',(0.,0.,-1.));
#9832=DIRECTION('',(-0.33436717749277,0.82305766767451,0.459102021665899));
#9833=DIRECTION('',(1.,0.,0.));
#9834=DIRECTION('',(0.,0.,-1.));
#9835=DIRECTION('',(-0.376377046955938,0.365866328284261,0.851165171017072));
#9836=DIRECTION('',(1.,0.,0.));
#9837=DIRECTION('',(0.,0.,-1.));
#9838=DIRECTION('',(-1.,0.,0.));
#9839=DIRECTION('',(0.,0.,1.));
#9840=DIRECTION('',(-0.376377046955938,0.365866328284262,-0.851165171017072));
#9841=DIRECTION('',(1.,0.,0.));
#9842=DIRECTION('',(0.,0.,-1.));
#9843=DIRECTION('',(1.,0.,0.));
#9844=DIRECTION('',(0.,0.,-1.));
#9845=DIRECTION('',(-0.376377046955938,-0.28853281348856,-0.880391466374535));
#9846=DIRECTION('',(1.,0.,0.));
#9847=DIRECTION('',(0.,0.,-1.));
#9848=DIRECTION('',(-0.33436717749277,0.82305766767451,-0.459102021665898));
#9849=DIRECTION('',(1.,0.,0.));
#9850=DIRECTION('',(0.,0.,-1.));
#9851=DIRECTION('',(-0.926466577122309,-0.376377046955938,0.));
#9852=DIRECTION('',(0.376377046955938,-0.926466577122309,0.));
#9853=DIRECTION('',(0.,0.,1.));
#9854=DIRECTION('',(1.,0.,0.));
#9855=DIRECTION('',(0.,1.,0.));
#9856=DIRECTION('',(0.,-1.,0.));
#9857=DIRECTION('',(0.,0.,-1.));
#9858=DIRECTION('',(0.,1.,0.));
#9859=DIRECTION('',(0.,0.,1.));
#9860=DIRECTION('',(0.,1.,0.));
#9861=DIRECTION('',(-1.,0.,0.));
#9862=DIRECTION('',(-0.243905863638894,0.0865865335392579,-0.965925826289069));
#9863=DIRECTION('',(0.334544675817656,0.942379891488597,3.26128013483639E-16));
#9864=DIRECTION('',(0.,0.,-1.));
#9865=DIRECTION('',(-1.,0.,0.));
#9866=DIRECTION('',(0.,0.,1.));
#9867=DIRECTION('',(1.,0.,0.));
#9868=DIRECTION('',(0.353553390593274,-0.612372435695795,0.707106781186548));
#9869=DIRECTION('',(0.,0.,1.));
#9870=DIRECTION('',(1.,0.,0.));
#9871=DIRECTION('',(-0.353553390593275,-0.612372435695794,0.707106781186548));
#9872=DIRECTION('',(0.,0.,1.));
#9873=DIRECTION('',(1.,0.,0.));
#9874=DIRECTION('',(0.,0.,1.));
#9875=DIRECTION('',(1.,0.,0.));
#9876=DIRECTION('',(0.,0.,1.));
#9877=DIRECTION('',(1.,0.,0.));
#9878=DIRECTION('',(0.,0.,1.));
#9879=DIRECTION('',(1.,0.,0.));
#9880=DIRECTION('',(0.,0.,1.));
#9881=DIRECTION('',(-1.83697019872103E-16,-1.,0.));
#9882=DIRECTION('',(0.,0.,1.));
#9883=DIRECTION('',(-1.83697019872103E-16,-1.,0.));
#9884=DIRECTION('',(0.,0.,1.));
#9885=DIRECTION('',(0.,0.,1.));
#9886=DIRECTION('',(-1.83697019872103E-16,-1.,0.));
#9887=DIRECTION('',(0.,0.,1.));
#9888=DIRECTION('',(0.5,0.866025403784438,0.));
#9889=DIRECTION('',(-0.866025403784438,0.5,0.));
#9890=DIRECTION('',(-0.866025403784438,0.5,0.));
#9891=DIRECTION('',(-0.866025403784438,0.5,0.));
#9892=DIRECTION('',(0.,0.,1.));
#9893=DIRECTION('',(0.612372435695794,-0.353553390593275,0.707106781186548));
#9894=DIRECTION('',(0.,0.,1.));
#9895=DIRECTION('',(-1.83697019872103E-16,-1.,0.));
#9896=DIRECTION('',(-0.5,0.866025403784439,0.));
#9897=DIRECTION('',(0.,0.,1.));
#9898=DIRECTION('',(-1.83697019872103E-16,-1.,0.));
#9899=DIRECTION('',(0.866025403784439,0.5,0.));
#9900=DIRECTION('',(-0.5,0.866025403784439,0.));
#9901=DIRECTION('',(0.,0.,1.));
#9902=DIRECTION('',(-0.5,0.866025403784439,0.));
#9903=DIRECTION('',(0.,0.,-1.));
#9904=DIRECTION('',(-1.,0.,0.));
#9905=DIRECTION('',(0.,0.,1.));
#9906=DIRECTION('',(1.,0.,0.));
#9907=DIRECTION('',(-0.612372435695794,-0.353553390593274,0.707106781186548));
#9908=DIRECTION('',(0.,0.,1.));
#9909=DIRECTION('',(1.,0.,0.));
#9910=DIRECTION('',(-0.612372435695794,0.353553390593275,0.707106781186548));
#9911=DIRECTION('',(0.,0.,1.));
#9912=DIRECTION('',(1.,0.,0.));
#9913=DIRECTION('',(0.,0.,1.));
#9914=DIRECTION('',(1.,0.,0.));
#9915=DIRECTION('',(0.,0.,1.));
#9916=DIRECTION('',(1.,0.,0.));
#9917=DIRECTION('',(0.,0.,1.));
#9918=DIRECTION('',(1.,0.,0.));
#9919=DIRECTION('',(0.,0.,1.));
#9920=DIRECTION('',(-1.,1.22464679914735E-16,0.));
#9921=DIRECTION('',(0.,0.,1.));
#9922=DIRECTION('',(-1.,1.22464679914735E-16,0.));
#9923=DIRECTION('',(0.,0.,1.));
#9924=DIRECTION('',(0.,0.,1.));
#9925=DIRECTION('',(-1.,1.22464679914735E-16,0.));
#9926=DIRECTION('',(0.,0.,1.));
#9927=DIRECTION('',(0.866025403784438,-0.5,0.));
#9928=DIRECTION('',(0.5,0.866025403784438,0.));
#9929=DIRECTION('',(0.5,0.866025403784438,0.));
#9930=DIRECTION('',(0.5,0.866025403784438,0.));
#9931=DIRECTION('',(0.,0.,1.));
#9932=DIRECTION('',(0.,0.,1.));
#9933=DIRECTION('',(-1.,1.22464679914735E-16,0.));
#9934=DIRECTION('',(0.866025403784439,0.5,0.));
#9935=DIRECTION('',(0.,0.,1.));
#9936=DIRECTION('',(-1.,1.22464679914735E-16,0.));
#9937=DIRECTION('',(0.5,-0.866025403784439,0.));
#9938=DIRECTION('',(0.866025403784439,0.5,0.));
#9939=DIRECTION('',(0.,0.,1.));
#9940=DIRECTION('',(0.866025403784439,0.5,0.));
#9941=DIRECTION('',(0.,0.,-1.));
#9942=DIRECTION('',(-1.,0.,0.));
#9943=DIRECTION('',(0.,0.,1.));
#9944=DIRECTION('',(1.,0.,0.));
#9945=DIRECTION('',(-0.353553390593274,0.612372435695794,0.707106781186548));
#9946=DIRECTION('',(0.,0.,1.));
#9947=DIRECTION('',(1.,0.,0.));
#9948=DIRECTION('',(0.353553390593275,0.612372435695794,0.707106781186548));
#9949=DIRECTION('',(0.,0.,1.));
#9950=DIRECTION('',(1.,0.,0.));
#9951=DIRECTION('',(0.,0.,1.));
#9952=DIRECTION('',(1.,0.,0.));
#9953=DIRECTION('',(0.,0.,1.));
#9954=DIRECTION('',(1.,0.,0.));
#9955=DIRECTION('',(0.,0.,1.));
#9956=DIRECTION('',(1.,0.,0.));
#9957=DIRECTION('',(0.,0.,1.));
#9958=DIRECTION('',(6.12323399573677E-17,1.,0.));
#9959=DIRECTION('',(0.,0.,1.));
#9960=DIRECTION('',(6.12323399573677E-17,1.,0.));
#9961=DIRECTION('',(0.,0.,1.));
#9962=DIRECTION('',(0.,0.,1.));
#9963=DIRECTION('',(6.12323399573677E-17,1.,0.));
#9964=DIRECTION('',(0.,0.,1.));
#9965=DIRECTION('',(-0.5,-0.866025403784438,0.));
#9966=DIRECTION('',(0.866025403784438,-0.5,0.));
#9967=DIRECTION('',(0.866025403784438,-0.5,0.));
#9968=DIRECTION('',(0.866025403784438,-0.5,0.));
#9969=DIRECTION('',(0.,0.,1.));
#9970=DIRECTION('',(0.,0.,1.));
#9971=DIRECTION('',(6.12323399573677E-17,1.,0.));
#9972=DIRECTION('',(0.5,-0.866025403784439,0.));
#9973=DIRECTION('',(0.,0.,1.));
#9974=DIRECTION('',(6.12323399573677E-17,1.,0.));
#9975=DIRECTION('',(-0.866025403784439,-0.5,0.));
#9976=DIRECTION('',(0.5,-0.866025403784439,0.));
#9977=DIRECTION('',(0.,0.,1.));
#9978=DIRECTION('',(0.5,-0.866025403784439,0.));
#9979=DIRECTION('',(-6.12323399573677E-17,1.,0.));
#9980=DIRECTION('',(-1.,-6.12323399573677E-17,0.));
#9981=DIRECTION('',(1.,6.12323399573677E-17,0.));
#9982=DIRECTION('',(0.,0.,-1.));
#9983=DIRECTION('',(1.,6.12323399573677E-17,0.));
#9984=DIRECTION('',(0.,0.,-1.));
#9985=DIRECTION('',(-0.866025403784439,0.5,0.));
#9986=DIRECTION('',(-0.5,-0.866025403784439,0.));
#9987=DIRECTION('',(0.5,0.866025403784439,0.));
#9988=DIRECTION('',(0.,0.,-1.));
#9989=DIRECTION('',(0.5,0.866025403784439,0.));
#9990=DIRECTION('',(-0.866025403784438,-0.5,0.));
#9991=DIRECTION('',(0.5,-0.866025403784438,0.));
#9992=DIRECTION('',(-0.5,0.866025403784438,0.));
#9993=DIRECTION('',(0.,0.,-1.));
#9994=DIRECTION('',(-0.5,0.866025403784438,0.));
#9995=DIRECTION('',(6.12323399573677E-17,-1.,0.));
#9996=DIRECTION('',(1.,6.12323399573677E-17,0.));
#9997=DIRECTION('',(-1.,-6.12323399573677E-17,0.));
#9998=DIRECTION('',(0.,0.,-1.));
#9999=DIRECTION('',(-1.,-6.12323399573677E-17,0.));
#10000=DIRECTION('',(0.866025403784439,-0.5,0.));
#10001=DIRECTION('',(0.5,0.866025403784439,0.));
#10002=DIRECTION('',(-0.5,-0.866025403784439,0.));
#10003=DIRECTION('',(0.,0.,-1.));
#10004=DIRECTION('',(-0.5,-0.866025403784439,0.));
#10005=DIRECTION('',(0.866025403784439,0.5,0.));
#10006=DIRECTION('',(-0.5,0.866025403784439,0.));
#10007=DIRECTION('',(0.5,-0.866025403784439,0.));
#10008=DIRECTION('',(0.5,-0.866025403784439,0.));
#10009=DIRECTION('',(0.,0.,1.));
#10010=DIRECTION('',(6.12323399573677E-17,-1.,0.));
#10011=DIRECTION('',(0.,0.,1.));
#10012=DIRECTION('',(1.,0.,0.));
#10013=DIRECTION('',(0.,0.,1.));
#10014=DIRECTION('',(1.,0.,0.));
#10015=DIRECTION('',(0.,0.,1.));
#10016=DIRECTION('',(1.,0.,0.));
#10017=DIRECTION('',(-0.866025403784439,-0.5,0.));
#10018=DIRECTION('',(0.,0.,1.));
#10019=DIRECTION('',(1.,0.,0.));
#10020=DIRECTION('',(-0.5,-0.866025403784438,0.));
#10021=DIRECTION('',(0.,0.,-1.));
#10022=DIRECTION('',(-1.,0.,0.));
#10023=DIRECTION('',(0.,0.,1.));
#10024=DIRECTION('',(1.,0.,0.));
#10025=DIRECTION('',(0.,0.,1.));
#10026=DIRECTION('',(1.,0.,0.));
#10027=DIRECTION('',(0.,0.,1.));
#10028=DIRECTION('',(1.,0.,0.));
#10029=DIRECTION('',(0.,0.,1.));
#10030=DIRECTION('',(1.,0.,0.));
#10031=DIRECTION('',(0.,0.,1.));
#10032=DIRECTION('',(1.,0.,0.));
#10033=DIRECTION('',(0.612372435695794,0.353553390593274,0.707106781186548));
#10034=DIRECTION('',(0.,0.,-1.));
#10035=DIRECTION('',(-1.,0.,0.));
#10036=DIRECTION('',(0.,0.,-1.));
#10037=DIRECTION('',(0.,0.,1.));
#10038=DIRECTION('',(6.12323399573677E-17,1.,0.));
#10039=DIRECTION('',(0.,0.,-1.));
#10040=DIRECTION('',(0.,0.,-1.));
#10041=DIRECTION('',(-1.83697019872103E-16,-1.,0.));
#10042=DIRECTION('',(-1.,1.83697019872103E-16,0.));
#10043=DIRECTION('',(1.83697019872103E-16,1.,0.));
#10044=DIRECTION('',(0.,0.,1.));
#10045=DIRECTION('',(-1.83697019872103E-16,-1.,0.));
#10046=DIRECTION('',(-6.12323399573677E-17,1.,0.));
#10047=DIRECTION('',(1.,6.12323399573677E-17,0.));
#10048=DIRECTION('',(-0.707106781186535,0.707106781186561,0.));
#10049=DIRECTION('',(-1.,9.23845702955541E-16,0.));
#10050=DIRECTION('',(-0.707106781186552,-0.707106781186543,0.));
#10051=DIRECTION('',(-1.,1.83697019872103E-16,0.));
#10052=DIRECTION('',(-0.5,0.866025403784439,0.));
#10053=DIRECTION('',(0.5,0.866025403784438,0.));
#10054=DIRECTION('',(1.,-1.83697019872103E-16,0.));
#10055=DIRECTION('',(0.5,-0.866025403784439,0.));
#10056=DIRECTION('',(-0.5,-0.866025403784439,0.));
#10057=DIRECTION('',(0.,0.,-1.));
#10058=DIRECTION('',(-1.,0.,0.));
#10059=DIRECTION('',(0.,0.,-1.));
#10060=DIRECTION('',(0.,0.,-1.));
#10061=DIRECTION('',(0.,0.,-1.));
#10062=DIRECTION('',(-1.,0.,0.));
#10063=DIRECTION('',(0.,0.,-1.));
#10064=DIRECTION('',(0.,0.,1.));
#10065=DIRECTION('',(1.,0.,0.));
#10066=DIRECTION('',(0.,0.,1.));
#10067=DIRECTION('',(0.,0.,-1.));
#10068=DIRECTION('',(-1.,0.,0.));
#10069=DIRECTION('',(0.,0.,-1.));
#10070=DIRECTION('',(0.,0.,1.));
#10071=DIRECTION('',(-1.,1.22464679914735E-16,0.));
#10072=DIRECTION('',(0.,0.,-1.));
#10073=DIRECTION('',(0.,0.,-1.));
#10074=DIRECTION('',(-1.,1.22464679914735E-16,0.));
#10075=DIRECTION('',(0.866025403784439,-0.5,0.));
#10076=DIRECTION('',(1.22464679914735E-16,-1.,0.));
#10077=DIRECTION('',(-0.866025403784439,-0.5,0.));
#10078=DIRECTION('',(-0.866025403784439,0.5,0.));
#10079=DIRECTION('',(-1.22464679914735E-16,1.,0.));
#10080=DIRECTION('',(0.866025403784438,0.5,0.));
#10081=DIRECTION('',(1.,1.22464679914735E-16,0.));
#10082=DIRECTION('',(1.22464679914735E-16,-1.,0.));
#10083=DIRECTION('',(-0.707106781186547,-0.707106781186548,0.));
#10084=DIRECTION('',(8.62613362998173E-16,1.,0.));
#10085=DIRECTION('',(-0.707106781186543,0.707106781186552,0.));
#10086=DIRECTION('',(1.22464679914735E-16,1.,0.));
#10087=DIRECTION('',(1.,-1.22464679914735E-16,0.));
#10088=DIRECTION('',(1.22464679914735E-16,1.,0.));
#10089=DIRECTION('',(0.866025403784439,0.5,0.));
#10090=DIRECTION('',(0.866025403784438,-0.5,0.));
#10091=DIRECTION('',(-1.22464679914735E-16,-1.,0.));
#10092=DIRECTION('',(-0.866025403784439,-0.5,0.));
#10093=DIRECTION('',(-0.866025403784439,0.5,0.));
#10094=DIRECTION('',(0.,0.,-1.));
#10095=DIRECTION('',(-1.,0.,0.));
#10096=DIRECTION('',(0.,0.,-1.));
#10097=DIRECTION('',(0.,0.,1.));
#10098=DIRECTION('',(1.,0.,0.));
#10099=DIRECTION('',(0.,0.,-1.));
#10100=DIRECTION('',(0.,0.,-1.));
#10101=DIRECTION('',(-1.,0.,0.));
#10102=DIRECTION('',(0.,0.,-1.));
#10103=DIRECTION('',(0.,0.,1.));
#10104=DIRECTION('',(1.,0.,0.));
#10105=DIRECTION('',(0.,0.,-1.));
#10106=DIRECTION('',(0.,0.,-1.));
#10107=DIRECTION('',(6.12323399573677E-17,1.,0.));
#10108=DIRECTION('',(-0.5,-0.866025403784439,0.));
#10109=DIRECTION('',(-1.,-1.83697019872103E-16,0.));
#10110=DIRECTION('',(-0.5,0.866025403784439,0.));
#10111=DIRECTION('',(0.5,0.866025403784439,0.));
#10112=DIRECTION('',(1.,1.83697019872103E-16,0.));
#10113=DIRECTION('',(0.5,-0.866025403784438,0.));
#10114=DIRECTION('',(1.83697019872103E-16,-1.,0.));
#10115=DIRECTION('',(-1.,-1.83697019872103E-16,0.));
#10116=DIRECTION('',(-0.707106781186548,0.707106781186547,0.));
#10117=DIRECTION('',(1.,-8.01381023040805E-16,0.));
#10118=DIRECTION('',(0.707106781186552,0.707106781186543,0.));
#10119=DIRECTION('',(1.,-6.12323399573677E-17,0.));
#10120=DIRECTION('',(-6.12323399573677E-17,-1.,0.));
#10121=DIRECTION('',(1.,-6.12323399573677E-17,0.));
#10122=DIRECTION('',(0.5,-0.866025403784439,0.));
#10123=DIRECTION('',(-0.5,-0.866025403784438,0.));
#10124=DIRECTION('',(-1.,6.12323399573677E-17,0.));
#10125=DIRECTION('',(-0.5,0.866025403784439,0.));
#10126=DIRECTION('',(0.5,0.866025403784439,0.));
#10127=DIRECTION('',(0.,0.,-1.));
#10128=DIRECTION('',(-1.,0.,0.));
#10129=DIRECTION('',(0.,0.,1.));
#10130=DIRECTION('',(1.,0.,0.));
#10131=DIRECTION('',(0.,0.,1.));
#10132=DIRECTION('',(0.,0.,-1.));
#10133=DIRECTION('',(0.,0.,1.));
#10134=DIRECTION('',(1.,0.,0.));
#10135=DIRECTION('',(0.,0.,-1.));
#10136=DIRECTION('',(0.,0.,1.));
#10137=DIRECTION('',(0.,0.,-1.));
#10138=DIRECTION('',(-1.,0.,0.));
#10139=DIRECTION('',(0.,0.,-1.));
#10140=DIRECTION('',(0.,0.,1.));
#10141=DIRECTION('',(1.,0.,0.));
#10142=DIRECTION('',(0.,0.,-1.));
#10143=DIRECTION('',(0.,0.,-1.));
#10144=DIRECTION('',(1.,0.,0.));
#10145=DIRECTION('',(-0.866025403784439,0.5,0.));
#10146=DIRECTION('',(0.,1.,0.));
#10147=DIRECTION('',(0.866025403784439,0.5,0.));
#10148=DIRECTION('',(0.866025403784439,-0.5,0.));
#10149=DIRECTION('',(0.,-1.,0.));
#10150=DIRECTION('',(-0.866025403784438,-0.5,0.));
#10151=DIRECTION('',(-1.,0.,0.));
#10152=DIRECTION('',(0.,1.,0.));
#10153=DIRECTION('',(0.707106781186548,0.707106781186548,0.));
#10154=DIRECTION('',(-7.40148683083438E-16,-1.,0.));
#10155=DIRECTION('',(0.707106781186543,-0.707106781186552,0.));
#10156=DIRECTION('',(0.,-1.,0.));
#10157=DIRECTION('',(-1.,0.,0.));
#10158=DIRECTION('',(0.,-1.,0.));
#10159=DIRECTION('',(-0.866025403784439,-0.5,0.));
#10160=DIRECTION('',(-0.866025403784438,0.5,0.));
#10161=DIRECTION('',(0.,1.,0.));
#10162=DIRECTION('',(0.866025403784439,0.5,0.));
#10163=DIRECTION('',(0.866025403784439,-0.5,0.));
#10164=DIRECTION('',(0.,0.,1.));
#10165=DIRECTION('',(1.,0.,0.));
#10166=DIRECTION('',(1.83697019872103E-16,1.,0.));
#10167=DIRECTION('',(0.707106781186552,0.707106781186543,0.));
#10168=DIRECTION('',(-1.,9.23845702955541E-16,0.));
#10169=DIRECTION('',(0.707106781186535,-0.707106781186561,0.));
#10170=DIRECTION('',(3.22474897950247E-16,1.,0.));
#10171=DIRECTION('',(1.,-1.22464679914735E-16,0.));
#10172=DIRECTION('',(0.707106781186543,-0.707106781186552,0.));
#10173=DIRECTION('',(8.62613362998173E-16,1.,0.));
#10174=DIRECTION('',(0.707106781186547,0.707106781186548,0.));
#10175=DIRECTION('',(1.,-2.6124255799288E-16,0.));
#10176=DIRECTION('',(-6.12323399573677E-17,-1.,0.));
#10177=DIRECTION('',(-0.707106781186552,-0.707106781186543,0.));
#10178=DIRECTION('',(1.,-8.01381023040805E-16,0.));
#10179=DIRECTION('',(0.707106781186548,-0.707106781186547,0.));
#10180=DIRECTION('',(-2.00010218035512E-16,-1.,0.));
#10181=DIRECTION('',(-1.,0.,0.));
#10182=DIRECTION('',(-0.707106781186543,0.707106781186552,0.));
#10183=DIRECTION('',(-7.40148683083438E-16,-1.,0.));
#10184=DIRECTION('',(-0.707106781186548,-0.707106781186548,0.));
#10185=DIRECTION('',(-1.,1.38777878078145E-16,0.));
#10186=DIRECTION('',(-1.38777878078145E-16,-1.,0.));
#10187=DIRECTION('',(1.,-1.38777878078145E-16,0.));
#10188=DIRECTION('',(0.,0.,1.));
#10189=DIRECTION('',(-0.306031592601997,0.,-0.952021357076345));
#10190=DIRECTION('',(-1.,0.,0.));
#10191=DIRECTION('',(0.,-1.,0.));
#10192=DIRECTION('',(0.,0.,-1.));
#10193=DIRECTION('',(-1.,0.,0.));
#10194=DIRECTION('',(-0.306031592601997,0.,-0.952021357076345));
#10195=DIRECTION('',(0.,0.,-1.));
#10196=DIRECTION('',(1.,-7.40148683083438E-16,0.));
#10197=DIRECTION('',(7.40148683083438E-16,1.,0.));
#10198=DIRECTION('',(0.,0.,1.));
#10199=DIRECTION('',(0.,0.,-1.));
#10200=DIRECTION('',(-0.707106781186552,-0.707106781186543,0.));
#10201=DIRECTION('',(0.,0.,1.));
#10202=DIRECTION('',(0.707106781186548,-0.707106781186548,0.));
#10203=DIRECTION('',(0.,0.,-1.));
#10204=DIRECTION('',(0.,-1.,0.));
#10205=DIRECTION('',(1.,0.,0.));
#10206=DIRECTION('',(-1.,0.,0.));
#10207=DIRECTION('',(-0.306031592601997,0.,-0.952021357076345));
#10208=DIRECTION('',(0.,0.,1.));
#10209=DIRECTION('',(1.,0.,0.));
#10210=DIRECTION('',(0.,-1.,0.));
#10211=DIRECTION('',(-0.952021357076345,0.,0.306031592601997));
#10212=DIRECTION('',(0.306031592601997,0.,0.952021357076345));
#10213=DIRECTION('',(1.,0.,0.));
#10214=DIRECTION('',(0.,0.,-1.));
#10215=DIRECTION('',(0.,0.,-1.));
#10216=DIRECTION('',(0.,-1.,0.));
#10217=DIRECTION('',(0.,0.,-1.));
#10218=DIRECTION('',(0.5,0.866025403784439,0.));
#10219=DIRECTION('',(-0.866025403784439,0.5,0.));
#10220=DIRECTION('',(0.,0.,-1.));
#10221=DIRECTION('',(0.866025403784439,-0.5,0.));
#10222=DIRECTION('',(-0.5,0.866025403784439,0.));
#10223=DIRECTION('',(-0.866025403784439,-0.5,0.));
#10224=DIRECTION('',(0.,0.,-1.));
#10225=DIRECTION('',(0.866025403784439,0.5,0.));
#10226=DIRECTION('',(-1.,0.,0.));
#10227=DIRECTION('',(0.,0.,1.));
#10228=DIRECTION('',(0.,0.,-1.));
#10229=DIRECTION('',(0.,1.,0.));
#10230=DIRECTION('',(-0.5,-0.866025403784438,0.));
#10231=DIRECTION('',(0.866025403784438,-0.5,0.));
#10232=DIRECTION('',(0.,0.,-1.));
#10233=DIRECTION('',(-0.866025403784438,0.5,0.));
#10234=DIRECTION('',(0.5,-0.866025403784439,0.));
#10235=DIRECTION('',(0.866025403784439,0.5,0.));
#10236=DIRECTION('',(-0.866025403784439,-0.5,0.));
#10237=DIRECTION('',(0.,0.,1.));
#10238=DIRECTION('',(1.,0.,0.));
#10239=DIRECTION('',(0.,1.,0.));
#10240=DIRECTION('',(1.,0.,0.));
#10241=DIRECTION('',(-1.,0.,0.));
#10242=DIRECTION('',(-0.306031592601997,0.,-0.952021357076345));
#10243=DIRECTION('',(0.952021357076345,0.,-0.306031592601997));
#10244=DIRECTION('',(-0.306031592601997,0.,-0.952021357076345));
#10245=DIRECTION('',(0.,1.,0.));
#10246=DIRECTION('',(0.,0.,-1.));
#10247=DIRECTION('',(-1.,0.,0.));
#10248=DIRECTION('',(-1.,0.,0.));
#10249=DIRECTION('',(0.,0.,1.));
#10250=DIRECTION('',(0.,0.,-1.));
#10251=DIRECTION('',(0.,1.,0.));
#10252=DIRECTION('',(0.,0.,-1.));
#10253=DIRECTION('',(-0.5,-0.866025403784439,0.));
#10254=DIRECTION('',(0.866025403784439,-0.5,0.));
#10255=DIRECTION('',(0.,0.,-1.));
#10256=DIRECTION('',(-0.866025403784439,0.5,0.));
#10257=DIRECTION('',(0.5,-0.866025403784438,0.));
#10258=DIRECTION('',(0.866025403784438,0.5,0.));
#10259=DIRECTION('',(0.,0.,-1.));
#10260=DIRECTION('',(-0.866025403784438,-0.5,0.));
#10261=DIRECTION('',(1.,0.,0.));
#10262=DIRECTION('',(0.,0.,-1.));
#10263=DIRECTION('',(0.,0.,-1.));
#10264=DIRECTION('',(0.,-1.,0.));
#10265=DIRECTION('',(0.5,0.866025403784439,0.));
#10266=DIRECTION('',(-0.866025403784439,0.5,0.));
#10267=DIRECTION('',(0.,0.,-1.));
#10268=DIRECTION('',(0.866025403784439,-0.5,0.));
#10269=DIRECTION('',(-0.5,0.866025403784439,0.));
#10270=DIRECTION('',(-0.866025403784439,-0.5,0.));
#10271=DIRECTION('',(0.866025403784439,0.5,0.));
#10272=DIRECTION('',(0.,0.,1.));
#10273=DIRECTION('',(1.,0.,0.));
#10274=DIRECTION('',(1.,-2.00010218035512E-16,0.));
#10275=DIRECTION('',(2.00010218035512E-16,1.,0.));
#10276=DIRECTION('',(0.,0.,1.));
#10277=DIRECTION('',(5.62170915477002E-17,-0.306031592601997,-0.952021357076345));
#10278=DIRECTION('',(1.83697019872103E-16,-1.,0.));
#10279=DIRECTION('',(1.,-6.12323399573677E-17,0.));
#10280=DIRECTION('',(6.12323399573677E-17,1.,0.));
#10281=DIRECTION('',(-6.12323399573677E-17,-1.,0.));
#10282=DIRECTION('',(-1.87390305159001E-17,-0.306031592601997,-0.952021357076345));
#10283=DIRECTION('',(0.,0.,-1.));
#10284=DIRECTION('',(8.01381023040805E-16,1.,0.));
#10285=DIRECTION('',(-1.,8.01381023040805E-16,0.));
#10286=DIRECTION('',(0.,0.,1.));
#10287=DIRECTION('',(0.,0.,-1.));
#10288=DIRECTION('',(0.707106781186543,-0.707106781186552,0.));
#10289=DIRECTION('',(0.,0.,1.));
#10290=DIRECTION('',(0.707106781186547,0.707106781186548,0.));
#10291=DIRECTION('',(0.,0.,-1.));
#10292=DIRECTION('',(1.,-6.12323399573677E-17,0.));
#10293=DIRECTION('',(6.12323399573677E-17,1.,0.));
#10294=DIRECTION('',(-6.12323399573677E-17,-1.,0.));
#10295=DIRECTION('',(-1.87390305159001E-17,-0.306031592601997,-0.952021357076345));
#10296=DIRECTION('',(0.,0.,1.));
#10297=DIRECTION('',(1.,0.,0.));
#10298=DIRECTION('',(1.,-6.12323399573677E-17,0.));
#10299=DIRECTION('',(-5.82944953831733E-17,-0.952021357076345,0.306031592601997));
#10300=DIRECTION('',(0.,-0.306031592601997,-0.952021357076345));
#10301=DIRECTION('',(6.12323399573677E-17,1.,0.));
#10302=DIRECTION('',(-1.,6.12323399573677E-17,0.));
#10303=DIRECTION('',(0.,0.,-1.));
#10304=DIRECTION('',(1.,-6.12323399573677E-17,0.));
#10305=DIRECTION('',(0.,0.,-1.));
#10306=DIRECTION('',(-0.866025403784439,0.5,0.));
#10307=DIRECTION('',(-0.5,-0.866025403784439,0.));
#10308=DIRECTION('',(0.,0.,-1.));
#10309=DIRECTION('',(0.5,0.866025403784439,0.));
#10310=DIRECTION('',(-0.866025403784439,-0.5,0.));
#10311=DIRECTION('',(0.5,-0.866025403784439,0.));
#10312=DIRECTION('',(0.,0.,-1.));
#10313=DIRECTION('',(-0.5,0.866025403784439,0.));
#10314=DIRECTION('',(-6.12323399573677E-17,-1.,0.));
#10315=DIRECTION('',(1.,-6.12323399573677E-17,0.));
#10316=DIRECTION('',(0.,0.,-1.));
#10317=DIRECTION('',(-1.,6.12323399573677E-17,0.));
#10318=DIRECTION('',(0.866025403784438,-0.5,0.));
#10319=DIRECTION('',(0.5,0.866025403784438,0.));
#10320=DIRECTION('',(0.,0.,-1.));
#10321=DIRECTION('',(-0.5,-0.866025403784438,0.));
#10322=DIRECTION('',(0.866025403784439,0.5,0.));
#10323=DIRECTION('',(-0.5,0.866025403784439,0.));
#10324=DIRECTION('',(0.5,-0.866025403784439,0.));
#10325=DIRECTION('',(0.,0.,1.));
#10326=DIRECTION('',(6.12323399573677E-17,1.,0.));
#10327=DIRECTION('',(1.,6.12323399573677E-17,0.));
#10328=DIRECTION('',(6.12323399573677E-17,-1.,0.));
#10329=DIRECTION('',(-6.12323399573677E-17,1.,0.));
#10330=DIRECTION('',(-1.87390305159001E-17,0.306031592601997,-0.952021357076345));
#10331=DIRECTION('',(5.82944953831733E-17,-0.952021357076345,-0.306031592601997));
#10332=DIRECTION('',(0.,0.306031592601997,-0.952021357076345));
#10333=DIRECTION('',(-1.87390305159001E-17,0.306031592601997,-0.952021357076345));
#10334=DIRECTION('',(1.,6.12323399573677E-17,0.));
#10335=DIRECTION('',(0.,0.,-1.));
#10336=DIRECTION('',(-1.,0.,0.));
#10337=DIRECTION('',(-6.12323399573677E-17,1.,0.));
#10338=DIRECTION('',(1.,6.12323399573677E-17,0.));
#10339=DIRECTION('',(6.12323399573677E-17,-1.,0.));
#10340=DIRECTION('',(0.,0.,1.));
#10341=DIRECTION('',(2.6124255799288E-16,1.,0.));
#10342=DIRECTION('',(-1.,2.6124255799288E-16,0.));
#10343=DIRECTION('',(0.,0.,1.));
#10344=DIRECTION('',(0.306031592601997,3.74780610318001E-17,-0.952021357076345));
#10345=DIRECTION('',(1.,1.22464679914735E-16,0.));
#10346=DIRECTION('',(1.22464679914735E-16,1.,0.));
#10347=DIRECTION('',(-1.,1.22464679914735E-16,0.));
#10348=DIRECTION('',(1.,-1.22464679914735E-16,0.));
#10349=DIRECTION('',(0.306031592601997,-3.74780610318001E-17,-0.952021357076345));
#10350=DIRECTION('',(0.,0.,-1.));
#10351=DIRECTION('',(-1.,8.62613362998173E-16,0.));
#10352=DIRECTION('',(-8.62613362998173E-16,-1.,0.));
#10353=DIRECTION('',(0.,0.,1.));
#10354=DIRECTION('',(0.,0.,-1.));
#10355=DIRECTION('',(0.707106781186552,0.707106781186543,0.));
#10356=DIRECTION('',(0.,0.,1.));
#10357=DIRECTION('',(-0.707106781186548,0.707106781186547,0.));
#10358=DIRECTION('',(0.,0.,-1.));
#10359=DIRECTION('',(1.22464679914735E-16,1.,0.));
#10360=DIRECTION('',(-1.,1.22464679914735E-16,0.));
#10361=DIRECTION('',(1.,-1.22464679914735E-16,0.));
#10362=DIRECTION('',(0.306031592601997,-3.74780610318001E-17,-0.952021357076345));
#10363=DIRECTION('',(0.,0.,1.));
#10364=DIRECTION('',(1.,0.,0.));
#10365=DIRECTION('',(1.22464679914735E-16,1.,0.));
#10366=DIRECTION('',(0.952021357076345,-1.16588990766346E-16,0.306031592601997));
#10367=DIRECTION('',(0.306031592601997,0.,-0.952021357076345));
#10368=DIRECTION('',(-1.,1.22464679914735E-16,0.));
#10369=DIRECTION('',(-1.22464679914735E-16,-1.,0.));
#10370=DIRECTION('',(0.,0.,-1.));
#10371=DIRECTION('',(1.22464679914735E-16,1.,0.));
#10372=DIRECTION('',(0.,0.,-1.));
#10373=DIRECTION('',(-0.5,-0.866025403784439,0.));
#10374=DIRECTION('',(0.866025403784439,-0.5,0.));
#10375=DIRECTION('',(0.,0.,-1.));
#10376=DIRECTION('',(-0.866025403784439,0.5,0.));
#10377=DIRECTION('',(0.5,-0.866025403784439,0.));
#10378=DIRECTION('',(0.866025403784439,0.5,0.));
#10379=DIRECTION('',(0.,0.,-1.));
#10380=DIRECTION('',(-0.866025403784439,-0.5,0.));
#10381=DIRECTION('',(1.,-1.22464679914735E-16,0.));
#10382=DIRECTION('',(1.22464679914735E-16,1.,0.));
#10383=DIRECTION('',(0.,0.,-1.));
#10384=DIRECTION('',(-1.22464679914735E-16,-1.,0.));
#10385=DIRECTION('',(0.5,0.866025403784438,0.));
#10386=DIRECTION('',(-0.866025403784439,0.5,0.));
#10387=DIRECTION('',(0.,0.,-1.));
#10388=DIRECTION('',(0.866025403784438,-0.5,0.));
#10389=DIRECTION('',(-0.5,0.866025403784439,0.));
#10390=DIRECTION('',(-0.866025403784439,-0.5,0.));
#10391=DIRECTION('',(0.866025403784439,0.5,0.));
#10392=DIRECTION('',(0.,0.,1.));
#10393=DIRECTION('',(-1.,1.22464679914735E-16,0.));
#10394=DIRECTION('',(1.22464679914735E-16,-1.,0.));
#10395=DIRECTION('',(-1.,-1.22464679914735E-16,0.));
#10396=DIRECTION('',(1.,1.22464679914735E-16,0.));
#10397=DIRECTION('',(0.306031592601997,3.74780610318001E-17,-0.952021357076345));
#10398=DIRECTION('',(-0.952021357076345,-1.16588990766346E-16,-0.306031592601997));
#10399=DIRECTION('',(-0.306031592601997,0.,0.952021357076345));
#10400=DIRECTION('',(1.22464679914735E-16,-1.,0.));
#10401=DIRECTION('',(0.,0.,-1.));
#10402=DIRECTION('',(-1.,0.,0.));
#10403=DIRECTION('',(1.,1.22464679914735E-16,0.));
#10404=DIRECTION('',(-1.22464679914735E-16,1.,0.));
#10405=DIRECTION('',(0.,0.,-1.));
#10406=DIRECTION('',(1.22464679914735E-16,-1.,0.));
#10407=DIRECTION('',(0.,0.,-1.));
#10408=DIRECTION('',(0.5,0.866025403784439,0.));
#10409=DIRECTION('',(-0.866025403784439,0.5,0.));
#10410=DIRECTION('',(0.,0.,-1.));
#10411=DIRECTION('',(0.866025403784439,-0.5,0.));
#10412=DIRECTION('',(-0.5,0.866025403784438,0.));
#10413=DIRECTION('',(-0.866025403784439,-0.5,0.));
#10414=DIRECTION('',(0.,0.,-1.));
#10415=DIRECTION('',(0.866025403784438,0.5,0.));
#10416=DIRECTION('',(-1.,-1.22464679914735E-16,0.));
#10417=DIRECTION('',(1.22464679914735E-16,-1.,0.));
#10418=DIRECTION('',(0.,0.,-1.));
#10419=DIRECTION('',(-1.22464679914735E-16,1.,0.));
#10420=DIRECTION('',(-0.5,-0.866025403784439,0.));
#10421=DIRECTION('',(0.866025403784439,-0.5,0.));
#10422=DIRECTION('',(0.,0.,-1.));
#10423=DIRECTION('',(-0.866025403784439,0.5,0.));
#10424=DIRECTION('',(0.5,-0.866025403784439,0.));
#10425=DIRECTION('',(0.866025403784439,0.5,0.));
#10426=DIRECTION('',(-0.866025403784439,-0.5,0.));
#10427=DIRECTION('',(0.,0.,1.));
#10428=DIRECTION('',(-1.,-1.22464679914735E-16,0.));
#10429=DIRECTION('',(-1.,1.83697019872103E-16,0.));
#10430=DIRECTION('',(-1.83697019872103E-16,-1.,0.));
#10431=DIRECTION('',(1.83697019872103E-16,1.,0.));
#10432=DIRECTION('',(5.62170915477002E-17,0.306031592601997,-0.952021357076345));
#10433=DIRECTION('',(0.,0.,-1.));
#10434=DIRECTION('',(-9.23845702955541E-16,-1.,0.));
#10435=DIRECTION('',(1.,-9.23845702955541E-16,0.));
#10436=DIRECTION('',(0.,0.,1.));
#10437=DIRECTION('',(0.,0.,-1.));
#10438=DIRECTION('',(-0.707106781186543,0.707106781186552,0.));
#10439=DIRECTION('',(0.,0.,1.));
#10440=DIRECTION('',(0.707106781186561,0.707106781186535,0.));
#10441=DIRECTION('',(0.,0.,1.));
#10442=DIRECTION('',(-1.,1.83697019872103E-16,0.));
#10443=DIRECTION('',(-1.83697019872103E-16,-1.,0.));
#10444=DIRECTION('',(1.83697019872103E-16,1.,0.));
#10445=DIRECTION('',(5.62170915477002E-17,0.306031592601997,-0.952021357076345));
#10446=DIRECTION('',(0.,0.,1.));
#10447=DIRECTION('',(1.,0.,0.));
#10448=DIRECTION('',(-1.,1.83697019872103E-16,0.));
#10449=DIRECTION('',(1.7488348614952E-16,0.952021357076345,0.306031592601997));
#10450=DIRECTION('',(0.,-0.306031592601997,0.952021357076345));
#10451=DIRECTION('',(-1.83697019872103E-16,-1.,0.));
#10452=DIRECTION('',(1.,-1.83697019872103E-16,0.));
#10453=DIRECTION('',(0.,0.,-1.));
#10454=DIRECTION('',(-1.,1.83697019872103E-16,0.));
#10455=DIRECTION('',(0.,0.,-1.));
#10456=DIRECTION('',(0.866025403784439,-0.5,0.));
#10457=DIRECTION('',(0.5,0.866025403784439,0.));
#10458=DIRECTION('',(0.,0.,-1.));
#10459=DIRECTION('',(-0.5,-0.866025403784439,0.));
#10460=DIRECTION('',(0.866025403784439,0.5,0.));
#10461=DIRECTION('',(-0.5,0.866025403784439,0.));
#10462=DIRECTION('',(0.,0.,-1.));
#10463=DIRECTION('',(0.5,-0.866025403784439,0.));
#10464=DIRECTION('',(1.83697019872103E-16,1.,0.));
#10465=DIRECTION('',(-1.,1.83697019872103E-16,0.));
#10466=DIRECTION('',(0.,0.,-1.));
#10467=DIRECTION('',(1.,-1.83697019872103E-16,0.));
#10468=DIRECTION('',(-0.866025403784438,0.5,0.));
#10469=DIRECTION('',(-0.5,-0.866025403784439,0.));
#10470=DIRECTION('',(0.,0.,-1.));
#10471=DIRECTION('',(0.5,0.866025403784438,0.));
#10472=DIRECTION('',(-0.866025403784439,-0.5,0.));
#10473=DIRECTION('',(0.5,-0.866025403784439,0.));
#10474=DIRECTION('',(-0.5,0.866025403784439,0.));
#10475=DIRECTION('',(0.,0.,1.));
#10476=DIRECTION('',(-1.83697019872103E-16,-1.,0.));
#10477=DIRECTION('',(-1.,-1.83697019872103E-16,0.));
#10478=DIRECTION('',(-1.83697019872103E-16,1.,0.));
#10479=DIRECTION('',(1.83697019872103E-16,-1.,0.));
#10480=DIRECTION('',(5.62170915477002E-17,-0.306031592601997,-0.952021357076345));
#10481=DIRECTION('',(-1.7488348614952E-16,0.952021357076345,-0.306031592601997));
#10482=DIRECTION('',(0.,0.306031592601997,0.952021357076345));
#10483=DIRECTION('',(-1.,-1.83697019872103E-16,0.));
#10484=DIRECTION('',(0.,0.,-1.));
#10485=DIRECTION('',(-1.,0.,0.));
#10486=DIRECTION('',(1.83697019872103E-16,-1.,0.));
#10487=DIRECTION('',(1.,1.83697019872103E-16,0.));
#10488=DIRECTION('',(0.,0.,-1.));
#10489=DIRECTION('',(-1.,-1.83697019872103E-16,0.));
#10490=DIRECTION('',(0.,0.,-1.));
#10491=DIRECTION('',(0.866025403784439,-0.5,0.));
#10492=DIRECTION('',(0.5,0.866025403784439,0.));
#10493=DIRECTION('',(0.,0.,-1.));
#10494=DIRECTION('',(-0.5,-0.866025403784439,0.));
#10495=DIRECTION('',(0.866025403784438,0.5,0.));
#10496=DIRECTION('',(-0.5,0.866025403784439,0.));
#10497=DIRECTION('',(0.,0.,-1.));
#10498=DIRECTION('',(0.5,-0.866025403784438,0.));
#10499=DIRECTION('',(-1.83697019872103E-16,1.,0.));
#10500=DIRECTION('',(-1.,-1.83697019872103E-16,0.));
#10501=DIRECTION('',(0.,0.,-1.));
#10502=DIRECTION('',(1.,1.83697019872103E-16,0.));
#10503=DIRECTION('',(-0.866025403784439,0.5,0.));
#10504=DIRECTION('',(-0.5,-0.866025403784439,0.));
#10505=DIRECTION('',(0.,0.,-1.));
#10506=DIRECTION('',(0.5,0.866025403784439,0.));
#10507=DIRECTION('',(-0.866025403784439,-0.5,0.));
#10508=DIRECTION('',(0.5,-0.866025403784439,0.));
#10509=DIRECTION('',(-0.5,0.866025403784439,0.));
#10510=DIRECTION('',(0.,0.,1.));
#10511=DIRECTION('',(-1.83697019872103E-16,1.,0.));
#10512=DIRECTION('',(-0.866025403784438,0.5,0.));
#10513=DIRECTION('',(-0.5,-0.866025403784438,0.));
#10514=DIRECTION('',(0.,0.,1.));
#10515=DIRECTION('',(-0.5,-0.866025403784438,0.));
#10516=DIRECTION('',(0.,0.,1.));
#10517=DIRECTION('',(1.,0.,0.));
#10518=DIRECTION('',(0.,0.,1.));
#10519=DIRECTION('',(0.,0.,1.));
#10520=DIRECTION('',(1.,0.,0.));
#10521=DIRECTION('',(-0.5,0.866025403784439,0.));
#10522=DIRECTION('',(-0.866025403784439,-0.5,0.));
#10523=DIRECTION('',(-0.866025403784439,-0.5,0.));
#10524=DIRECTION('',(0.,0.,1.));
#10525=DIRECTION('',(1.,0.,0.));
#10526=DIRECTION('',(0.,0.,1.));
#10527=DIRECTION('',(1.,0.,0.));
#10528=DIRECTION('',(0.,0.,1.));
#10529=DIRECTION('',(1.,0.,0.));
#10530=DIRECTION('',(0.,0.,1.));
#10531=DIRECTION('',(1.,0.,0.));
#10532=DIRECTION('',(0.,0.,-1.));
#10533=DIRECTION('',(-1.,0.,0.));
#10534=DIRECTION('',(0.,0.,-1.));
#10535=DIRECTION('',(-1.,0.,0.));
#10536=DIRECTION('',(0.,0.,1.));
#10537=DIRECTION('',(1.,0.,0.));
#10538=DIRECTION('',(0.,0.,1.));
#10539=DIRECTION('',(1.,0.,0.));
#10540=DIRECTION('',(0.,0.,1.));
#10541=DIRECTION('',(1.,0.,0.));
#10542=DIRECTION('',(0.,1.,0.));
#10543=DIRECTION('',(0.,0.,1.));
#10544=DIRECTION('',(0.,-1.,0.));
#10545=DIRECTION('',(0.,0.,-1.));
#10546=DIRECTION('',(-1.,0.,0.));
#10547=DIRECTION('',(0.,0.,-1.));
#10548=DIRECTION('',(-1.,0.,0.));
#10549=DIRECTION('',(0.,1.,0.));
#10550=DIRECTION('',(0.,0.,1.));
#10551=DIRECTION('',(-1.,0.,0.));
#10552=DIRECTION('',(0.,-1.,0.));
#10553=DIRECTION('',(0.,0.,-1.));
#10554=DIRECTION('',(-1.,0.,0.));
#10555=DIRECTION('',(0.,0.,-1.));
#10556=DIRECTION('',(0.,1.,0.));
#10557=DIRECTION('',(0.,0.,1.));
#10558=DIRECTION('',(0.,1.,0.));
#10559=DIRECTION('',(0.,-1.,0.));
#10560=DIRECTION('',(0.,0.,-1.));
#10561=DIRECTION('',(0.,1.,0.));
#10562=DIRECTION('',(0.,1.,0.));
#10563=DIRECTION('',(0.,-1.,0.));
#10564=DIRECTION('',(0.,0.,-1.));
#10565=DIRECTION('',(0.,0.,-1.));
#10566=DIRECTION('',(-1.,0.,0.));
#10567=DIRECTION('',(-1.,0.,0.));
#10568=DIRECTION('',(0.,1.,0.));
#10569=DIRECTION('',(-1.,0.,0.));
#10570=DIRECTION('',(-1.,0.,0.));
#10571=DIRECTION('',(0.,0.,-1.));
#10572=DIRECTION('',(-1.,0.,0.));
#10573=DIRECTION('',(0.,-1.,0.));
#10574=DIRECTION('',(0.,1.,0.));
#10575=DIRECTION('',(0.,-1.,0.));
#10576=DIRECTION('',(0.,0.,-1.));
#10577=DIRECTION('',(-1.,0.,0.));
#10578=DIRECTION('',(-1.,0.,0.));
#10579=DIRECTION('',(0.,0.,-1.));
#10580=DIRECTION('',(-1.,0.,0.));
#10581=DIRECTION('',(0.,1.,0.));
#10582=DIRECTION('',(-1.,0.,0.));
#10583=DIRECTION('',(-1.,0.,0.));
#10584=DIRECTION('',(0.,1.,0.));
#10585=DIRECTION('',(0.,0.,1.));
#10586=DIRECTION('',(0.,-1.,0.));
#10587=DIRECTION('',(0.,0.,-1.));
#10588=DIRECTION('',(0.,1.,0.));
#10589=DIRECTION('',(0.,0.,-1.));
#10590=DIRECTION('',(0.,-1.,0.));
#10591=DIRECTION('',(1.,0.,0.));
#10592=DIRECTION('',(0.,-1.,0.));
#10593=DIRECTION('',(0.,0.,-1.));
#10594=DIRECTION('',(-1.,0.,0.));
#10595=DIRECTION('',(0.,-1.,0.));
#10596=DIRECTION('',(0.,0.,-1.));
#10597=DIRECTION('',(-1.,0.,0.));
#10598=DIRECTION('',(-0.19078239484994,0.943863015854093,-0.269675147386884));
#10599=DIRECTION('',(0.,-1.,0.));
#10600=DIRECTION('',(0.,0.,-1.));
#10601=DIRECTION('',(-0.19078239484994,0.943863015854093,0.269675147386884));
#10602=DIRECTION('',(0.,-0.274721127897378,-0.961523947640823));
#10603=DIRECTION('',(0.,0.961523947640823,-0.274721127897378));
#10604=DIRECTION('',(0.190782394849938,0.943863015854094,-0.269675147386882));
#10605=DIRECTION('',(-1.,0.,0.));
#10606=DIRECTION('',(0.190782394849939,0.943863015854094,0.269675147386881));
#10607=DIRECTION('',(0.,1.,0.));
#10608=DIRECTION('',(0.,0.,-1.));
#10609=DIRECTION('',(0.,0.274721127897378,-0.961523947640823));
#10610=DIRECTION('',(0.,0.961523947640823,0.274721127897378));
#10611=DIRECTION('',(-1.,0.,0.));
#10612=DIRECTION('',(0.,-1.,0.));
#10613=DIRECTION('',(1.,0.,0.));
#10614=DIRECTION('',(0.,-1.,0.));
#10615=DIRECTION('',(0.,0.,-1.));
#10616=DIRECTION('',(0.,1.,0.));
#10617=DIRECTION('',(0.,0.,1.));
#10618=DIRECTION('',(0.,-1.,0.));
#10619=DIRECTION('',(0.,0.,-1.));
#10620=DIRECTION('',(0.,-1.,0.));
#10621=DIRECTION('',(1.,0.,0.));
#10622=DIRECTION('',(0.,-1.,0.));
#10623=DIRECTION('',(0.,0.,-1.));
#10624=DIRECTION('',(0.,-1.,0.));
#10625=DIRECTION('',(0.,0.,-1.));
#10626=DIRECTION('',(0.,1.,0.));
#10627=DIRECTION('',(0.,0.,1.));
#10628=DIRECTION('',(0.,-1.,0.));
#10629=DIRECTION('',(0.,0.,-1.));
#10630=DIRECTION('',(0.,-1.,0.));
#10631=DIRECTION('',(1.,0.,0.));
#10632=DIRECTION('',(0.,-1.,0.));
#10633=DIRECTION('',(0.,0.,-1.));
#10634=DIRECTION('',(0.,0.,1.));
#10635=DIRECTION('',(0.,1.,0.));
#10636=DIRECTION('',(0.,0.,-1.));
#10637=DIRECTION('',(0.,0.,1.));
#10638=DIRECTION('',(0.,-1.,0.));
#10639=DIRECTION('',(0.,0.,-1.));
#10640=DIRECTION('',(-1.,0.,0.));
#10641=DIRECTION('',(0.,0.,1.));
#10642=DIRECTION('',(0.,1.,0.));
#10643=DIRECTION('',(0.,0.,1.));
#10644=DIRECTION('',(0.,1.,0.));
#10645=DIRECTION('',(0.,1.,0.));
#10646=DIRECTION('',(0.,0.,1.));
#10647=DIRECTION('',(0.,1.,0.));
#10648=DIRECTION('',(0.,-1.,0.));
#10649=DIRECTION('',(0.,0.,-1.));
#10650=DIRECTION('',(-1.,0.,0.));
#10651=DIRECTION('',(0.,0.,1.));
#10652=DIRECTION('',(0.,1.,0.));
#10653=DIRECTION('',(0.,0.,1.));
#10654=DIRECTION('',(0.,1.,0.));
#10655=DIRECTION('',(0.,0.,1.));
#10656=DIRECTION('',(0.,1.,0.));
#10657=DIRECTION('',(0.,0.,-1.));
#10658=DIRECTION('',(0.,-1.,0.));
#10659=DIRECTION('',(1.,0.,0.));
#10660=DIRECTION('',(0.,-1.,0.));
#10661=DIRECTION('',(0.,0.,-1.));
#10662=DIRECTION('',(0.,1.,0.));
#10663=DIRECTION('',(0.,0.,1.));
#10664=DIRECTION('',(0.,-1.,0.));
#10665=DIRECTION('',(0.,0.,-1.));
#10666=DIRECTION('',(0.,-1.,0.));
#10667=DIRECTION('',(1.,0.,0.));
#10668=DIRECTION('',(0.,-1.,0.));
#10669=DIRECTION('',(0.,0.,-1.));
#10670=DIRECTION('',(0.,1.,0.));
#10671=DIRECTION('',(0.,0.,1.));
#10672=DIRECTION('',(0.,-1.,0.));
#10673=DIRECTION('',(0.,0.,-1.));
#10674=DIRECTION('',(0.,1.,0.));
#10675=DIRECTION('',(0.,0.,1.));
#10676=DIRECTION('',(0.,-1.,0.));
#10677=DIRECTION('',(0.,0.,-1.));
#10678=DIRECTION('',(0.,-1.,0.));
#10679=DIRECTION('',(0.,0.,-1.));
#10680=DIRECTION('',(0.,-1.,0.));
#10681=DIRECTION('',(1.,0.,0.));
#10682=DIRECTION('',(0.,-1.,0.));
#10683=DIRECTION('',(0.,0.,-1.));
#10684=DIRECTION('',(0.,-1.,0.));
#10685=DIRECTION('',(0.,0.,-1.));
#10686=DIRECTION('',(0.,-1.,0.));
#10687=DIRECTION('',(1.,0.,0.));
#10688=DIRECTION('',(-1.,0.,0.));
#10689=DIRECTION('',(0.,0.,1.));
#10690=DIRECTION('',(1.,0.,0.));
#10691=DIRECTION('',(0.,0.,-1.));
#10692=DIRECTION('',(1.,0.,0.));
#10693=DIRECTION('',(0.,0.,-1.));
#10694=DIRECTION('',(1.,0.,0.));
#10695=DIRECTION('',(0.,1.,0.));
#10696=DIRECTION('',(1.,0.,0.));
#10697=DIRECTION('',(0.,0.,-1.));
#10698=DIRECTION('',(1.,0.,0.));
#10699=DIRECTION('',(0.,0.,-1.));
#10700=DIRECTION('',(1.,0.,0.));
#10701=DIRECTION('',(0.,1.,0.));
#10702=DIRECTION('',(-1.,0.,0.));
#10703=DIRECTION('',(0.,0.,1.));
#10704=DIRECTION('',(1.,0.,0.));
#10705=DIRECTION('',(0.,0.,-1.));
#10706=DIRECTION('',(-1.,0.,0.));
#10707=DIRECTION('',(0.,0.,1.));
#10708=DIRECTION('',(0.,1.,0.));
#10709=DIRECTION('',(0.,0.,1.));
#10710=DIRECTION('',(0.,-1.,0.));
#10711=DIRECTION('',(0.,0.,-1.));
#10712=DIRECTION('',(0.,-1.,0.));
#10713=DIRECTION('',(0.,0.,-1.));
#10714=DIRECTION('',(0.,-1.,0.));
#10715=DIRECTION('',(0.,0.,-1.));
#10716=DIRECTION('',(1.,0.,0.));
#10717=DIRECTION('',(0.,0.,-1.));
#10718=DIRECTION('',(1.,0.,0.));
#10719=DIRECTION('',(0.,0.,-1.));
#10720=DIRECTION('',(0.,-1.,0.));
#10721=DIRECTION('',(0.,0.,-1.));
#10722=DIRECTION('',(-1.,0.,0.));
#10723=DIRECTION('',(0.,0.,1.));
#10724=DIRECTION('',(1.,0.,0.));
#10725=DIRECTION('',(0.,0.,-1.));
#10726=DIRECTION('',(0.,-1.,0.));
#10727=DIRECTION('',(0.,0.,-1.));
#10728=DIRECTION('',(0.,-1.,0.));
#10729=DIRECTION('',(0.,0.,-1.));
#10730=DIRECTION('',(0.,-1.,0.));
#10731=DIRECTION('',(0.,0.,-1.));
#10732=DIRECTION('',(0.,-1.,0.));
#10733=DIRECTION('',(1.,0.,0.));
#10734=DIRECTION('',(-1.,0.,0.));
#10735=DIRECTION('',(0.,0.,1.));
#10736=DIRECTION('',(-1.,0.,0.));
#10737=DIRECTION('',(0.,0.,1.));
#10738=DIRECTION('',(-1.,0.,0.));
#10739=DIRECTION('',(0.,-1.,0.));
#10740=DIRECTION('',(0.243905863638895,-0.0865865335392583,0.965925826289069));
#10741=DIRECTION('',(-0.334544675817658,-0.942379891488596,-1.7347234759768E-17));
#10742=DIRECTION('',(1.34301172333688E-16,-1.,0.));
#10743=DIRECTION('',(1.,1.34301172333688E-16,0.));
#10744=DIRECTION('',(-0.939692620785908,-1.26201820604863E-16,0.342020143325669));
#10745=DIRECTION('',(1.34301172333688E-16,-1.,0.));
#10746=DIRECTION('',(1.,1.34301172333688E-16,0.));
#10747=DIRECTION('',(-0.342020143325669,-4.59337062103734E-17,0.939692620785908));
#10748=DIRECTION('',(1.34301172333688E-16,-1.,0.));
#10749=DIRECTION('',(1.,1.34301172333688E-16,0.));
#10750=DIRECTION('',(1.34301172333688E-16,-1.,0.));
#10751=DIRECTION('',(1.,1.34301172333688E-16,0.));
#10752=DIRECTION('',(0.342020143325669,4.59337062103734E-17,0.939692620785908));
#10753=DIRECTION('',(1.34301172333688E-16,-1.,0.));
#10754=DIRECTION('',(1.,1.34301172333688E-16,0.));
#10755=DIRECTION('',(0.939692620785908,1.26201820604863E-16,0.342020143325669));
#10756=DIRECTION('',(1.34301172333688E-16,-1.,0.));
#10757=DIRECTION('',(1.,1.34301172333688E-16,0.));
#10758=DIRECTION('',(1.34301172333688E-16,-1.,0.));
#10759=DIRECTION('',(1.,1.34301172333688E-16,0.));
#10760=DIRECTION('',(1.34301172333688E-16,-1.,0.));
#10761=DIRECTION('',(1.,1.34301172333688E-16,0.));
#10762=DIRECTION('',(-0.939692620785908,-1.26201820604863E-16,-0.342020143325669));
#10763=DIRECTION('',(1.34301172333688E-16,-1.,0.));
#10764=DIRECTION('',(1.,1.34301172333688E-16,0.));
#10765=DIRECTION('',(-0.342020143325669,-4.59337062103734E-17,-0.939692620785908));
#10766=DIRECTION('',(-1.79929453346824E-17,1.,-6.71505861668442E-17));
#10767=DIRECTION('',(0.5,6.71505861668442E-17,0.866025403784438));
#10768=DIRECTION('',(-1.79929453346824E-17,1.,-6.71505861668442E-17));
#10769=DIRECTION('',(-0.5,-6.71505861668442E-17,-0.866025403784438));
#10770=DIRECTION('',(1.79929453346824E-17,-1.,6.71505861668442E-17));
#10771=DIRECTION('',(0.866025403784438,-1.79929453346824E-17,-0.5));
#10772=DIRECTION('',(1.34301172333688E-16,-1.,0.));
#10773=DIRECTION('',(0.866025403784438,1.16308226999006E-16,-0.5));
#10774=DIRECTION('',(-6.71505861668442E-17,1.,-1.16308226999006E-16));
#10775=DIRECTION('',(0.866025403784439,1.16308226999006E-16,0.5));
#10776=DIRECTION('',(-6.71505861668442E-17,1.,-1.16308226999006E-16));
#10777=DIRECTION('',(-0.866025403784439,-1.16308226999006E-16,-0.5));
#10778=DIRECTION('',(6.71505861668442E-17,-1.,1.16308226999006E-16));
#10779=DIRECTION('',(0.5,-6.71505861668442E-17,-0.866025403784439));
#10780=DIRECTION('',(1.34301172333688E-16,-1.,0.));
#10781=DIRECTION('',(0.5,6.71505861668441E-17,-0.866025403784439));
#10782=DIRECTION('',(-1.34301172333688E-16,1.,-1.34301172333688E-16));
#10783=DIRECTION('',(1.,1.34301172333688E-16,-1.83697019872103E-16));
#10784=DIRECTION('',(-1.34301172333688E-16,1.,-1.34301172333688E-16));
#10785=DIRECTION('',(-1.,-1.34301172333688E-16,1.83697019872103E-16));
#10786=DIRECTION('',(1.34301172333688E-16,-1.,1.34301172333688E-16));
#10787=DIRECTION('',(-1.83697019872103E-16,-1.34301172333688E-16,-1.));
#10788=DIRECTION('',(1.34301172333688E-16,-1.,0.));
#10789=DIRECTION('',(-1.83697019872103E-16,-2.46519032881566E-32,-1.));
#10790=DIRECTION('',(-2.01451758500532E-16,1.,-1.16308226999006E-16));
#10791=DIRECTION('',(0.866025403784438,1.16308226999006E-16,-0.5));
#10792=DIRECTION('',(-2.01451758500532E-16,1.,-1.16308226999006E-16));
#10793=DIRECTION('',(-0.866025403784438,-1.16308226999006E-16,0.5));
#10794=DIRECTION('',(2.01451758500532E-16,-1.,1.16308226999006E-16));
#10795=DIRECTION('',(-0.5,-2.01451758500532E-16,-0.866025403784438));
#10796=DIRECTION('',(1.34301172333688E-16,-1.,0.));
#10797=DIRECTION('',(-0.5,-6.71505861668442E-17,-0.866025403784438));
#10798=DIRECTION('',(-2.50609399332694E-16,1.,-6.71505861668441E-17));
#10799=DIRECTION('',(0.5,6.71505861668441E-17,-0.866025403784439));
#10800=DIRECTION('',(-2.50609399332694E-16,1.,-6.71505861668441E-17));
#10801=DIRECTION('',(-0.5,-6.71505861668441E-17,0.866025403784439));
#10802=DIRECTION('',(2.50609399332694E-16,-1.,6.71505861668441E-17));
#10803=DIRECTION('',(-0.866025403784439,-2.50609399332694E-16,-0.5));
#10804=DIRECTION('',(1.34301172333688E-16,-1.,0.));
#10805=DIRECTION('',(-0.866025403784439,-1.16308226999006E-16,-0.5));
#10806=DIRECTION('',(-2.68602344667377E-16,1.,1.64471500820189E-32));
#10807=DIRECTION('',(-1.22464679914735E-16,-1.64471500820189E-32,-1.));
#10808=DIRECTION('',(-2.68602344667377E-16,1.,1.64471500820189E-32));
#10809=DIRECTION('',(1.22464679914735E-16,1.64471500820189E-32,1.));
#10810=DIRECTION('',(2.68602344667377E-16,-1.,-1.64471500820189E-32));
#10811=DIRECTION('',(-1.,-2.68602344667377E-16,1.22464679914735E-16));
#10812=DIRECTION('',(1.34301172333688E-16,-1.,0.));
#10813=DIRECTION('',(-1.,-1.34301172333688E-16,1.22464679914735E-16));
#10814=DIRECTION('',(-2.50609399332694E-16,1.,6.71505861668442E-17));
#10815=DIRECTION('',(-0.5,-6.71505861668442E-17,-0.866025403784439));
#10816=DIRECTION('',(-2.50609399332694E-16,1.,6.71505861668442E-17));
#10817=DIRECTION('',(0.5,6.71505861668442E-17,0.866025403784439));
#10818=DIRECTION('',(2.50609399332694E-16,-1.,-6.71505861668442E-17));
#10819=DIRECTION('',(-0.866025403784439,-2.50609399332694E-16,0.5));
#10820=DIRECTION('',(1.34301172333688E-16,-1.,0.));
#10821=DIRECTION('',(-0.866025403784439,-1.16308226999006E-16,0.5));
#10822=DIRECTION('',(-2.01451758500532E-16,1.,1.16308226999006E-16));
#10823=DIRECTION('',(-0.866025403784439,-1.16308226999006E-16,-0.5));
#10824=DIRECTION('',(-2.01451758500532E-16,1.,1.16308226999006E-16));
#10825=DIRECTION('',(0.866025403784439,1.16308226999006E-16,0.5));
#10826=DIRECTION('',(2.01451758500532E-16,-1.,-1.16308226999006E-16));
#10827=DIRECTION('',(-0.5,-2.01451758500532E-16,0.866025403784439));
#10828=DIRECTION('',(1.34301172333688E-16,-1.,0.));
#10829=DIRECTION('',(-0.5,-6.71505861668441E-17,0.866025403784439));
#10830=DIRECTION('',(-1.34301172333688E-16,1.,1.34301172333688E-16));
#10831=DIRECTION('',(-1.,-1.34301172333688E-16,6.12323399573677E-17));
#10832=DIRECTION('',(-1.34301172333688E-16,1.,1.34301172333688E-16));
#10833=DIRECTION('',(1.,1.34301172333688E-16,-6.12323399573677E-17));
#10834=DIRECTION('',(1.34301172333688E-16,-1.,-1.34301172333688E-16));
#10835=DIRECTION('',(6.12323399573677E-17,-1.34301172333688E-16,1.));
#10836=DIRECTION('',(1.34301172333688E-16,-1.,0.));
#10837=DIRECTION('',(6.12323399573677E-17,2.46519032881566E-32,1.));
#10838=DIRECTION('',(-6.71505861668441E-17,1.,1.16308226999006E-16));
#10839=DIRECTION('',(-0.866025403784439,-1.16308226999006E-16,0.5));
#10840=DIRECTION('',(-6.71505861668441E-17,1.,1.16308226999006E-16));
#10841=DIRECTION('',(0.866025403784439,1.16308226999006E-16,-0.5));
#10842=DIRECTION('',(6.71505861668441E-17,-1.,-1.16308226999006E-16));
#10843=DIRECTION('',(0.5,-6.71505861668441E-17,0.866025403784439));
#10844=DIRECTION('',(1.34301172333688E-16,-1.,0.));
#10845=DIRECTION('',(0.5,6.71505861668442E-17,0.866025403784439));
#10846=DIRECTION('',(-1.79929453346824E-17,1.,6.71505861668441E-17));
#10847=DIRECTION('',(-0.5,-6.71505861668441E-17,0.866025403784439));
#10848=DIRECTION('',(-1.79929453346824E-17,1.,6.71505861668441E-17));
#10849=DIRECTION('',(0.5,6.71505861668441E-17,-0.866025403784439));
#10850=DIRECTION('',(1.79929453346824E-17,-1.,-6.71505861668441E-17));
#10851=DIRECTION('',(0.866025403784439,-1.79929453346824E-17,0.5));
#10852=DIRECTION('',(1.34301172333688E-16,-1.,0.));
#10853=DIRECTION('',(0.866025403784439,1.16308226999006E-16,0.5));
#10854=DIRECTION('',(0.,0.,1.));
#10855=DIRECTION('',(1.,0.,0.));
#10856=DIRECTION('',(-1.,-1.34301172333688E-16,0.));
#10857=DIRECTION('',(1.34301172333688E-16,-1.,0.));
#10858=DIRECTION('',(-1.,-1.34301172333688E-16,0.));
#10859=DIRECTION('',(0.,1.,0.));
#10860=DIRECTION('',(0.,0.,1.));
#10861=DIRECTION('',(1.,0.,0.));
#10862=DIRECTION('',(0.,0.,1.));
#10863=DIRECTION('',(1.,0.,0.));
#10864=DIRECTION('',(0.,1.,0.));
#10865=DIRECTION('',(-1.,-1.34301172333688E-16,0.));
#10866=DIRECTION('',(0.,1.,0.));
#10867=DIRECTION('',(-1.,-1.34301172333688E-16,0.));
#10868=DIRECTION('',(0.,0.,-1.));
#10869=DIRECTION('',(-1.,0.,0.));
#10870=DIRECTION('',(0.,0.,1.));
#10871=DIRECTION('',(1.,0.,0.));
#10872=DIRECTION('',(0.,0.,1.));
#10873=DIRECTION('',(1.,0.,0.));
#10874=DIRECTION('',(0.,0.,1.));
#10875=DIRECTION('',(1.,0.,0.));
#10876=DIRECTION('',(0.,0.,-1.));
#10877=DIRECTION('',(-1.,0.,0.));
#10878=DIRECTION('',(0.,0.,-1.));
#10879=DIRECTION('',(-1.,0.,0.));
#10880=DIRECTION('',(1.34301172333688E-16,-1.,0.));
#10881=DIRECTION('',(1.,1.34301172333688E-16,0.));
#10882=DIRECTION('',(1.34301172333688E-16,-1.,0.));
#10883=DIRECTION('',(1.,1.34301172333688E-16,0.));
#10884=DIRECTION('',(0.,0.,-1.));
#10885=DIRECTION('',(0.,0.,-1.));
#10886=DIRECTION('',(-1.,0.,0.));
#10887=DIRECTION('',(0.,0.,1.));
#10888=DIRECTION('',(0.,0.,-1.));
#10889=DIRECTION('',(1.34301172333688E-16,-1.,0.));
#10890=DIRECTION('',(1.,1.34301172333688E-16,0.));
#10891=DIRECTION('',(-1.34301172333688E-16,1.,0.));
#10892=DIRECTION('',(-1.,-1.34301172333688E-16,0.));
#10893=DIRECTION('',(0.,0.,-1.));
#10894=DIRECTION('',(0.,-1.,0.));
#10895=DIRECTION('',(0.,0.,-1.));
#10896=DIRECTION('',(0.,-1.,0.));
#10897=DIRECTION('',(0.,0.,-1.));
#10898=DIRECTION('',(0.,-1.,0.));
#10899=DIRECTION('',(0.,0.,-1.));
#10900=DIRECTION('',(-1.,0.,0.));
#10901=DIRECTION('',(0.,0.,1.));
#10902=DIRECTION('',(1.34301172333688E-16,-1.,0.));
#10903=DIRECTION('',(0.,1.,0.));
#10904=DIRECTION('',(0.,0.,1.));
#10905=DIRECTION('',(0.,1.,0.));
#10906=DIRECTION('',(0.,-1.,0.));
#10907=DIRECTION('',(0.,0.,-1.));
#10908=DIRECTION('',(0.,1.,0.));
#10909=DIRECTION('',(0.,0.,1.));
#10910=DIRECTION('',(0.,1.,0.));
#10911=DIRECTION('',(0.,-1.,0.));
#10912=DIRECTION('',(0.,0.,-1.));
#10913=DIRECTION('',(0.,1.,0.));
#10914=DIRECTION('',(0.,0.,1.));
#10915=DIRECTION('',(0.,-1.,0.));
#10916=DIRECTION('',(0.,0.,-1.));
#10917=DIRECTION('',(1.34301172333688E-16,-1.,0.));
#10918=DIRECTION('',(1.,1.34301172333688E-16,0.));
#10919=DIRECTION('',(0.558197580290679,-0.513676331564907,0.651576616943588));
#10920=DIRECTION('',(0.0470608856387101,-0.6,0.798614596061767));
#10921=DIRECTION('',(1.34301172333688E-16,-1.,0.));
#10922=DIRECTION('',(1.,1.34301172333688E-16,0.));
#10923=DIRECTION('',(1.34301172333688E-16,-1.,0.));
#10924=DIRECTION('',(1.,1.34301172333688E-16,0.));
#10925=DIRECTION('',(-0.914296069381969,-0.399536194381078,-0.0665847346782111));
#10926=DIRECTION('',(1.34301172333688E-16,-1.,0.));
#10927=DIRECTION('',(1.,1.34301172333688E-16,0.));
#10928=DIRECTION('',(1.34301172333688E-16,-1.,0.));
#10929=DIRECTION('',(1.,1.34301172333688E-16,0.));
#10930=DIRECTION('',(1.34301172333688E-16,-1.,0.));
#10931=DIRECTION('',(1.,1.34301172333688E-16,0.));
#10932=DIRECTION('',(-1.34301172333688E-16,1.,0.));
#10933=DIRECTION('',(-1.,-1.34301172333688E-16,0.));
#10934=DIRECTION('',(1.34301172333688E-16,-1.,0.));
#10935=DIRECTION('',(1.,1.34301172333688E-16,0.));
#10936=DIRECTION('',(1.34301172333688E-16,-1.,0.));
#10937=DIRECTION('',(1.,1.34301172333688E-16,0.));
#10938=DIRECTION('',(1.34301172333688E-16,-1.,0.));
#10939=DIRECTION('',(1.,1.34301172333688E-16,0.));
#10940=DIRECTION('',(1.34301172333688E-16,-1.,0.));
#10941=DIRECTION('',(1.,1.34301172333688E-16,0.));
#10942=DIRECTION('',(1.34301172333688E-16,-1.,0.));
#10943=DIRECTION('',(1.,1.34301172333688E-16,0.));
#10944=DIRECTION('',(1.34301172333688E-16,-1.,0.));
#10945=DIRECTION('',(1.,1.34301172333688E-16,0.));
#10946=DIRECTION('',(1.34301172333688E-16,-1.,0.));
#10947=DIRECTION('',(1.,1.34301172333688E-16,0.));
#10948=DIRECTION('',(1.34301172333688E-16,-1.,0.));
#10949=DIRECTION('',(1.,1.34301172333688E-16,0.));
#10950=DIRECTION('',(1.34301172333688E-16,-1.,0.));
#10951=DIRECTION('',(1.,1.34301172333688E-16,0.));
#10952=DIRECTION('',(1.34301172333688E-16,-1.,0.));
#10953=DIRECTION('',(1.,1.34301172333688E-16,0.));
#10954=DIRECTION('',(1.34301172333688E-16,-1.,0.));
#10955=DIRECTION('',(1.,1.34301172333688E-16,0.));
#10956=DIRECTION('',(1.34301172333688E-16,-1.,0.));
#10957=DIRECTION('',(1.,1.34301172333688E-16,0.));
#10958=DIRECTION('',(1.34301172333688E-16,-1.,0.));
#10959=DIRECTION('',(1.,1.34301172333688E-16,0.));
#10960=DIRECTION('',(-1.34301172333688E-16,1.,0.));
#10961=DIRECTION('',(-1.,-1.34301172333688E-16,0.));
#10962=DIRECTION('',(1.34301172333688E-16,-1.,0.));
#10963=DIRECTION('',(1.,1.34301172333688E-16,0.));
#10964=DIRECTION('',(1.34301172333688E-16,-1.,0.));
#10965=DIRECTION('',(1.,1.34301172333688E-16,0.));
#10966=DIRECTION('',(1.34301172333688E-16,-1.,0.));
#10967=DIRECTION('',(1.,1.34301172333688E-16,0.));
#10968=DIRECTION('',(0.,1.,0.));
#10969=DIRECTION('',(0.,0.,1.));
#10970=DIRECTION('',(0.,1.,0.));
#10971=DIRECTION('',(0.,0.,-1.));
#10972=DIRECTION('',(0.,-1.,0.));
#10973=DIRECTION('',(1.,0.,0.));
#10974=DIRECTION('',(-1.34301172333688E-16,1.,0.));
#10975=DIRECTION('',(-1.,-1.34301172333688E-16,0.));
#10976=DIRECTION('',(-1.34301172333688E-16,1.,0.));
#10977=DIRECTION('',(1.34301172333688E-16,-1.,0.));
#10978=DIRECTION('',(1.,1.34301172333688E-16,0.));
#10979=DIRECTION('',(-1.34301172333688E-16,1.,0.));
#10980=DIRECTION('',(1.34301172333688E-16,-1.,0.));
#10981=DIRECTION('',(1.,1.34301172333688E-16,0.));
#10982=DIRECTION('',(-1.34301172333688E-16,1.,0.));
#10983=DIRECTION('',(1.34301172333688E-16,-1.,0.));
#10984=DIRECTION('',(1.,1.34301172333688E-16,0.));
#10985=DIRECTION('',(-1.34301172333688E-16,1.,0.));
#10986=DIRECTION('',(-1.34301172333688E-16,1.,0.));
#10987=DIRECTION('',(1.34301172333688E-16,-1.,0.));
#10988=DIRECTION('',(1.,1.34301172333688E-16,0.));
#10989=DIRECTION('',(-1.34301172333688E-16,1.,0.));
#10990=DIRECTION('',(-1.34301172333688E-16,1.,0.));
#10991=DIRECTION('',(1.34301172333688E-16,-1.,0.));
#10992=DIRECTION('',(1.,1.34301172333688E-16,0.));
#10993=DIRECTION('',(-1.34301172333688E-16,1.,0.));
#10994=DIRECTION('',(1.34301172333688E-16,-1.,0.));
#10995=DIRECTION('',(1.,1.34301172333688E-16,0.));
#10996=DIRECTION('',(0.939692620785908,1.26201820604863E-16,-0.342020143325669));
#10997=DIRECTION('',(1.34301172333688E-16,-1.,0.));
#10998=DIRECTION('',(1.,1.34301172333688E-16,0.));
#10999=DIRECTION('',(0.342020143325669,4.59337062103734E-17,-0.939692620785908));
#11000=DIRECTION('',(0.342020143325669,4.59337062103734E-17,-0.939692620785908));
#11001=DIRECTION('',(-0.939692620785908,0.,-0.342020143325669));
#11002=DIRECTION('',(-1.34301172333688E-16,1.,0.));
#11003=DIRECTION('',(-0.939692620785908,-1.26201820604863E-16,-0.342020143325669));
#11004=DIRECTION('',(-1.34301172333688E-16,1.,0.));
#11005=DIRECTION('',(-1.,-1.34301172333688E-16,0.));
#11006=DIRECTION('',(-1.34301172333688E-16,1.,0.));
#11007=DIRECTION('',(1.34301172333688E-16,-1.,0.));
#11008=DIRECTION('',(1.,1.34301172333688E-16,0.));
#11009=DIRECTION('',(0.939692620785908,1.26201820604863E-16,-0.342020143325669));
#11010=DIRECTION('',(-0.342020143325669,0.,-0.939692620785908));
#11011=DIRECTION('',(-0.342020143325669,-4.59337062103734E-17,-0.939692620785908));
#11012=DIRECTION('',(0.939692620785908,1.26201820604863E-16,0.342020143325669));
#11013=DIRECTION('',(0.342020143325669,0.,-0.939692620785908));
#11014=DIRECTION('',(-1.34301172333688E-16,1.,0.));
#11015=DIRECTION('',(0.342020143325669,4.59337062103734E-17,-0.939692620785908));
#11016=DIRECTION('',(-1.34301172333688E-16,1.,0.));
#11017=DIRECTION('',(-1.,-1.34301172333688E-16,0.));
#11018=DIRECTION('',(-1.34301172333688E-16,1.,0.));
#11019=DIRECTION('',(1.34301172333688E-16,-1.,0.));
#11020=DIRECTION('',(1.,1.34301172333688E-16,0.));
#11021=DIRECTION('',(0.342020143325669,4.59337062103734E-17,0.939692620785908));
#11022=DIRECTION('',(0.939692620785908,0.,-0.342020143325669));
#11023=DIRECTION('',(0.939692620785908,1.26201820604863E-16,-0.342020143325669));
#11024=DIRECTION('',(-0.342020143325669,-4.59337062103734E-17,0.939692620785908));
#11025=DIRECTION('',(0.939692620785908,0.,0.342020143325669));
#11026=DIRECTION('',(-1.34301172333688E-16,1.,0.));
#11027=DIRECTION('',(0.939692620785908,1.26201820604863E-16,0.342020143325669));
#11028=DIRECTION('',(-1.34301172333688E-16,1.,0.));
#11029=DIRECTION('',(-1.,-1.34301172333688E-16,0.));
#11030=DIRECTION('',(-1.34301172333688E-16,1.,0.));
#11031=DIRECTION('',(1.34301172333688E-16,-1.,0.));
#11032=DIRECTION('',(1.,1.34301172333688E-16,0.));
#11033=DIRECTION('',(-0.939692620785908,-1.26201820604863E-16,0.342020143325669));
#11034=DIRECTION('',(0.342020143325669,0.,0.939692620785908));
#11035=DIRECTION('',(0.342020143325669,4.59337062103734E-17,0.939692620785908));
#11036=DIRECTION('',(-0.939692620785908,-1.26201820604863E-16,-0.342020143325669));
#11037=DIRECTION('',(-0.342020143325669,0.,0.939692620785908));
#11038=DIRECTION('',(-1.34301172333688E-16,1.,0.));
#11039=DIRECTION('',(-0.342020143325669,-4.59337062103734E-17,0.939692620785908));
#11040=DIRECTION('',(-1.34301172333688E-16,1.,0.));
#11041=DIRECTION('',(-1.,-1.34301172333688E-16,0.));
#11042=DIRECTION('',(-1.34301172333688E-16,1.,0.));
#11043=DIRECTION('',(1.34301172333688E-16,-1.,0.));
#11044=DIRECTION('',(1.,1.34301172333688E-16,0.));
#11045=DIRECTION('',(-0.342020143325669,-4.59337062103734E-17,-0.939692620785908));
#11046=DIRECTION('',(-0.939692620785908,0.,0.342020143325669));
#11047=DIRECTION('',(-0.939692620785908,-1.26201820604863E-16,0.342020143325669));
#11048=DIRECTION('',(1.34301172333688E-16,-1.,0.));
#11049=DIRECTION('',(1.,1.34301172333688E-16,0.));
#11050=DIRECTION('',(0.,0.,-1.));
#11051=DIRECTION('',(-1.,0.,0.));
#11052=DIRECTION('',(0.,0.,-1.));
#11053=DIRECTION('',(-1.,0.,0.));
#11054=DIRECTION('',(0.,0.,-1.));
#11055=DIRECTION('',(1.,0.,0.));
#11056=DIRECTION('',(-1.34301172333688E-16,1.,0.));
#11057=DIRECTION('',(-1.,-1.34301172333688E-16,0.));
#11058=DIRECTION('',(-1.34301172333688E-16,1.,0.));
#11059=DIRECTION('',(-1.,-1.34301172333688E-16,0.));
#11060=DIRECTION('',(-1.34301172333688E-16,1.,0.));
#11061=DIRECTION('',(-1.,-1.34301172333688E-16,0.));
#11062=DIRECTION('',(-7.24823616621867E-16,-2.98509981576553E-17,1.));
#11063=DIRECTION('',(0.942379891488596,-0.334544675817658,6.73072708679E-16));
#11064=DIRECTION('',(0.,0.,-1.));
#11065=DIRECTION('',(1.,0.,0.));
#11066=DIRECTION('',(0.,0.,-1.));
#11067=DIRECTION('',(-1.,0.,0.));
#11068=DIRECTION('',(0.,0.,-1.));
#11069=DIRECTION('',(-1.,0.,0.));
#11070=DIRECTION('',(0.,1.,0.));
#11071=DIRECTION('',(-1.,-5.9476233462062E-16,0.));
#11072=DIRECTION('',(0.,1.,0.));
#11073=DIRECTION('',(-1.,-5.9476233462062E-16,0.));
#11074=DIRECTION('',(-1.,-5.9476233462062E-16,0.));
#11075=DIRECTION('',(-0.766044443118978,-0.642787609686539,0.));
#11076=DIRECTION('',(0.,0.,-1.));
#11077=DIRECTION('',(-1.,0.,0.));
#11078=DIRECTION('',(-1.38777878078145E-15,-1.,0.));
#11079=DIRECTION('',(0.,0.,-1.));
#11080=DIRECTION('',(-1.,0.,0.));
#11081=DIRECTION('',(0.766044443118978,-0.64278760968654,0.));
#11082=DIRECTION('',(0.,0.,-1.));
#11083=DIRECTION('',(-1.,0.,0.));
#11084=DIRECTION('',(1.,0.,0.));
#11085=DIRECTION('',(0.,0.,-1.));
#11086=DIRECTION('',(-1.,0.,0.));
#11087=DIRECTION('',(-0.766044443118978,-0.64278760968654,0.));
#11088=DIRECTION('',(0.,0.,-1.));
#11089=DIRECTION('',(-1.,0.,0.));
#11090=DIRECTION('',(0.,-1.,0.));
#11091=DIRECTION('',(0.,0.,-1.));
#11092=DIRECTION('',(-1.,0.,0.));
#11093=DIRECTION('',(0.766044443118978,-0.642787609686539,0.));
#11094=DIRECTION('',(-1.,-5.9476233462062E-16,0.));
#11095=DIRECTION('',(-1.,-5.9476233462062E-16,0.));
#11096=DIRECTION('',(0.,-1.,0.));
#11097=DIRECTION('',(1.,0.,0.));
#11098=DIRECTION('',(1.,0.,0.));
#11099=DIRECTION('',(0.,0.,-1.));
#11100=DIRECTION('',(0.,-1.,0.));
#11101=DIRECTION('',(0.,0.,-1.));
#11102=DIRECTION('',(0.,0.,-1.));
#11103=DIRECTION('',(0.,0.,-1.));
#11104=DIRECTION('',(1.,0.,0.));
#11105=DIRECTION('',(-0.766044443118978,-0.64278760968654,0.));
#11106=DIRECTION('',(0.,0.,-1.));
#11107=DIRECTION('',(-1.,0.,0.));
#11108=DIRECTION('',(1.,0.,0.));
#11109=DIRECTION('',(0.,0.,-1.));
#11110=DIRECTION('',(-1.,0.,0.));
#11111=DIRECTION('',(0.766044443118978,-0.64278760968654,0.));
#11112=DIRECTION('',(0.,0.,-1.));
#11113=DIRECTION('',(-1.,0.,0.));
#11114=DIRECTION('',(-1.38777878078145E-15,-1.,0.));
#11115=DIRECTION('',(0.,0.,-1.));
#11116=DIRECTION('',(-1.,0.,0.));
#11117=DIRECTION('',(-0.766044443118978,-0.642787609686539,0.));
#11118=DIRECTION('',(-1.,-5.9476233462062E-16,0.));
#11119=DIRECTION('',(-1.,-5.9476233462062E-16,0.));
#11120=DIRECTION('',(-1.,-5.9476233462062E-16,0.));
#11121=DIRECTION('',(0.766044443118978,-0.642787609686539,0.));
#11122=DIRECTION('',(0.,0.,-1.));
#11123=DIRECTION('',(-1.,0.,0.));
#11124=DIRECTION('',(0.,-1.,0.));
#11125=DIRECTION('',(0.,0.,-1.));
#11126=DIRECTION('',(-1.,0.,0.));
#11127=DIRECTION('',(0.,0.,-1.));
#11128=DIRECTION('',(1.,0.,0.));
#11129=DIRECTION('',(0.,0.,1.));
#11130=DIRECTION('',(1.,0.,0.));
#11131=DIRECTION('',(0.,-1.,0.));
#11132=DIRECTION('',(1.,0.,0.));
#11133=DIRECTION('',(0.,-1.,0.));
#11134=DIRECTION('',(0.,0.,-1.));
#11135=DIRECTION('',(0.,-1.,0.));
#11136=DIRECTION('',(0.,0.,-1.));
#11137=DIRECTION('',(-1.,-5.9476233462062E-16,0.));
#11138=DIRECTION('',(0.,0.,1.));
#11139=DIRECTION('',(1.,0.,0.));
#11140=DIRECTION('',(0.,0.,1.));
#11141=DIRECTION('',(1.,0.,0.));
#11142=DIRECTION('',(0.,0.,1.));
#11143=DIRECTION('',(1.,0.,0.));
#11144=DIRECTION('',(0.,1.,0.));
#11145=DIRECTION('',(-1.,-5.9476233462062E-16,0.));
#11146=DIRECTION('',(0.,1.,0.));
#11147=DIRECTION('',(-1.,-5.9476233462062E-16,0.));
#11148=DIRECTION('',(-1.,-5.9476233462062E-16,0.));
#11149=DIRECTION('',(0.766044443118978,-0.642787609686539,0.));
#11150=DIRECTION('',(0.,0.,1.));
#11151=DIRECTION('',(1.,0.,0.));
#11152=DIRECTION('',(0.,-1.,0.));
#11153=DIRECTION('',(0.,0.,1.));
#11154=DIRECTION('',(1.,0.,0.));
#11155=DIRECTION('',(-0.766044443118978,-0.64278760968654,0.));
#11156=DIRECTION('',(0.,0.,1.));
#11157=DIRECTION('',(1.,0.,0.));
#11158=DIRECTION('',(1.,0.,0.));
#11159=DIRECTION('',(0.,0.,1.));
#11160=DIRECTION('',(1.,0.,0.));
#11161=DIRECTION('',(0.766044443118978,-0.64278760968654,0.));
#11162=DIRECTION('',(0.,0.,1.));
#11163=DIRECTION('',(1.,0.,0.));
#11164=DIRECTION('',(-1.38777878078145E-15,-1.,0.));
#11165=DIRECTION('',(0.,0.,1.));
#11166=DIRECTION('',(1.,0.,0.));
#11167=DIRECTION('',(-0.766044443118978,-0.642787609686539,0.));
#11168=DIRECTION('',(-1.,-5.9476233462062E-16,0.));
#11169=DIRECTION('',(-1.,-5.9476233462062E-16,0.));
#11170=DIRECTION('',(0.,-1.,0.));
#11171=DIRECTION('',(1.,0.,0.));
#11172=DIRECTION('',(1.,0.,0.));
#11173=DIRECTION('',(0.,0.,1.));
#11174=DIRECTION('',(0.,-1.,0.));
#11175=DIRECTION('',(0.,0.,-1.));
#11176=DIRECTION('',(0.,0.,1.));
#11177=DIRECTION('',(0.,0.,1.));
#11178=DIRECTION('',(1.,0.,0.));
#11179=DIRECTION('',(0.,0.,-1.));
#11180=DIRECTION('',(1.,0.,0.));
#11181=DIRECTION('',(1.,0.,0.));
#11182=DIRECTION('',(0.,0.,1.));
#11183=DIRECTION('',(1.,0.,0.));
#11184=DIRECTION('',(-0.766044443118978,-0.64278760968654,0.));
#11185=DIRECTION('',(0.,0.,1.));
#11186=DIRECTION('',(1.,0.,0.));
#11187=DIRECTION('',(0.,-1.,0.));
#11188=DIRECTION('',(0.,0.,1.));
#11189=DIRECTION('',(1.,0.,0.));
#11190=DIRECTION('',(0.766044443118978,-0.642787609686539,0.));
#11191=DIRECTION('',(-1.,-5.9476233462062E-16,0.));
#11192=DIRECTION('',(-1.,-5.9476233462062E-16,0.));
#11193=DIRECTION('',(-0.766044443118978,-0.642787609686539,0.));
#11194=DIRECTION('',(0.,0.,1.));
#11195=DIRECTION('',(1.,0.,0.));
#11196=DIRECTION('',(-1.38777878078145E-15,-1.,0.));
#11197=DIRECTION('',(0.,0.,1.));
#11198=DIRECTION('',(1.,0.,0.));
#11199=DIRECTION('',(0.766044443118978,-0.64278760968654,0.));
#11200=DIRECTION('',(0.,0.,1.));
#11201=DIRECTION('',(1.,0.,0.));
#11202=DIRECTION('',(0.,0.,1.));
#11203=DIRECTION('',(1.,0.,0.));
#11204=DIRECTION('',(0.,1.,0.));
#11205=DIRECTION('',(0.,0.,1.));
#11206=DIRECTION('',(0.,-1.,0.));
#11207=DIRECTION('',(0.,0.,-1.));
#11208=DIRECTION('',(0.,-1.,0.));
#11209=DIRECTION('',(0.,0.,-1.));
#11210=DIRECTION('',(0.,-1.,0.));
#11211=DIRECTION('',(1.,0.,0.));
#11212=DIRECTION('',(0.,-1.,0.));
#11213=DIRECTION('',(0.,0.,-1.));
#11214=DIRECTION('',(0.,-1.,0.));
#11215=DIRECTION('',(1.,0.,0.));
#11216=DIRECTION('',(0.,1.,0.));
#11217=DIRECTION('',(0.,0.,1.));
#11218=DIRECTION('',(0.,1.,0.));
#11219=DIRECTION('',(0.,0.,1.));
#11220=DIRECTION('',(0.,-1.,0.));
#11221=DIRECTION('',(0.,0.,-1.));
#11222=DIRECTION('',(0.,-1.,0.));
#11223=DIRECTION('',(0.,0.,-1.));
#11224=DIRECTION('',(0.,-1.,0.));
#11225=DIRECTION('',(0.,0.,-1.));
#11226=DIRECTION('',(0.,-1.,0.));
#11227=DIRECTION('',(0.,0.,-1.));
#11228=DIRECTION('',(5.9476233462062E-16,-1.,0.));
#11229=DIRECTION('',(1.,5.9476233462062E-16,0.));
#11230=DIRECTION('',(0.,0.,-1.));
#11231=DIRECTION('',(5.9476233462062E-16,-1.,0.));
#11232=DIRECTION('',(1.,5.9476233462062E-16,0.));
#11233=DIRECTION('',(0.,0.,-1.));
#11234=DIRECTION('',(1.,0.,0.));
#11235=DIRECTION('',(0.,0.,-1.));
#11236=DIRECTION('',(0.,0.,-1.));
#11237=DIRECTION('',(0.,0.,-1.));
#11238=DIRECTION('',(0.642787609686539,0.766044443118978,0.));
#11239=DIRECTION('',(-0.766044443118978,0.642787609686539,0.));
#11240=DIRECTION('',(0.,0.,-1.));
#11241=DIRECTION('',(0.642787609686539,-0.766044443118978,0.));
#11242=DIRECTION('',(0.766044443118978,0.642787609686539,0.));
#11243=DIRECTION('',(0.,0.,-1.));
#11244=DIRECTION('',(1.,-1.38777878078145E-15,0.));
#11245=DIRECTION('',(1.38777878078145E-15,1.,0.));
#11246=DIRECTION('',(0.,0.,-1.));
#11247=DIRECTION('',(0.,0.,-1.));
#11248=DIRECTION('',(0.64278760968654,0.766044443118978,0.));
#11249=DIRECTION('',(-0.766044443118978,0.64278760968654,0.));
#11250=DIRECTION('',(0.,0.,-1.));
#11251=DIRECTION('',(0.,0.,-1.));
#11252=DIRECTION('',(0.,1.,0.));
#11253=DIRECTION('',(0.,0.,1.));
#11254=DIRECTION('',(0.,0.,-1.));
#11255=DIRECTION('',(0.,0.,-1.));
#11256=DIRECTION('',(0.64278760968654,-0.766044443118978,0.));
#11257=DIRECTION('',(0.766044443118978,0.64278760968654,0.));
#11258=DIRECTION('',(0.,0.,-1.));
#11259=DIRECTION('',(0.,0.,-1.));
#11260=DIRECTION('',(0.,0.,1.));
#11261=DIRECTION('',(1.,0.,0.));
#11262=DIRECTION('',(0.,0.,1.));
#11263=DIRECTION('',(1.,0.,0.));
#11264=DIRECTION('',(0.,0.,1.));
#11265=DIRECTION('',(1.,0.,0.));
#11266=DIRECTION('',(0.,0.,-1.));
#11267=DIRECTION('',(-1.,0.,0.));
#11268=DIRECTION('',(0.,0.,-1.));
#11269=DIRECTION('',(-1.,0.,0.));
#11270=DIRECTION('',(0.,0.,-1.));
#11271=DIRECTION('',(-1.,0.,0.));
#11272=DIRECTION('',(0.,0.,-1.));
#11273=DIRECTION('',(-1.,0.,0.));
#11274=DIRECTION('',(0.,0.,-1.));
#11275=DIRECTION('',(-1.,0.,0.));
#11276=DIRECTION('',(0.,0.,1.));
#11277=DIRECTION('',(1.,0.,0.));
#11278=DIRECTION('',(0.,1.,0.));
#11279=DIRECTION('',(1.,0.,0.));
#11280=DIRECTION('',(0.,1.,0.));
#11281=DIRECTION('',(-1.,0.,0.));
#11282=DIRECTION('',(0.,0.,1.));
#11283=DIRECTION('',(0.,0.,1.));
#11284=DIRECTION('',(-1.,0.,0.));
#11285=DIRECTION('',(0.,0.,1.));
#11286=DIRECTION('',(0.,0.,1.));
#11287=DIRECTION('',(0.,-1.,0.));
#11288=DIRECTION('',(1.,0.,0.));
#11289=DIRECTION('',(-5.9476233462062E-16,1.,0.));
#11290=DIRECTION('',(-1.,-5.9476233462062E-16,0.));
#11291=DIRECTION('',(0.,0.,1.));
#11292=DIRECTION('',(-5.9476233462062E-16,1.,0.));
#11293=DIRECTION('',(-1.,-5.9476233462062E-16,0.));
#11294=DIRECTION('',(0.,0.,1.));
#11295=DIRECTION('',(-1.,0.,0.));
#11296=DIRECTION('',(0.,0.,1.));
#11297=DIRECTION('',(0.,0.,1.));
#11298=DIRECTION('',(0.,0.,1.));
#11299=DIRECTION('',(-0.64278760968654,0.766044443118978,0.));
#11300=DIRECTION('',(-0.766044443118978,-0.64278760968654,0.));
#11301=DIRECTION('',(0.,0.,1.));
#11302=DIRECTION('',(0.,0.,1.));
#11303=DIRECTION('',(0.,-1.,0.));
#11304=DIRECTION('',(0.,0.,-1.));
#11305=DIRECTION('',(0.,0.,1.));
#11306=DIRECTION('',(0.,0.,1.));
#11307=DIRECTION('',(-0.64278760968654,-0.766044443118978,0.));
#11308=DIRECTION('',(0.766044443118978,-0.64278760968654,0.));
#11309=DIRECTION('',(0.,0.,1.));
#11310=DIRECTION('',(0.,0.,1.));
#11311=DIRECTION('',(-1.,1.38777878078145E-15,0.));
#11312=DIRECTION('',(-1.38777878078145E-15,-1.,0.));
#11313=DIRECTION('',(0.,0.,1.));
#11314=DIRECTION('',(0.,0.,1.));
#11315=DIRECTION('',(-0.642787609686539,0.766044443118978,0.));
#11316=DIRECTION('',(-0.766044443118978,-0.642787609686539,0.));
#11317=DIRECTION('',(0.,0.,1.));
#11318=DIRECTION('',(-0.642787609686539,-0.766044443118978,0.));
#11319=DIRECTION('',(0.766044443118978,-0.642787609686539,0.));
#11320=DIRECTION('',(0.,0.,1.));
#11321=DIRECTION('',(0.,0.,-1.));
#11322=DIRECTION('',(-1.,0.,0.));
#11323=DIRECTION('',(0.,0.,-1.));
#11324=DIRECTION('',(-1.,0.,0.));
#11325=DIRECTION('',(0.,0.,-1.));
#11326=DIRECTION('',(-1.,0.,0.));
#11327=DIRECTION('',(0.,0.,1.));
#11328=DIRECTION('',(1.,0.,0.));
#11329=DIRECTION('',(0.,0.,1.));
#11330=DIRECTION('',(1.,0.,0.));
#11331=DIRECTION('',(0.,0.,1.));
#11332=DIRECTION('',(1.,0.,0.));
#11333=DIRECTION('',(0.,0.,1.));
#11334=DIRECTION('',(1.,0.,0.));
#11335=DIRECTION('',(0.,0.,1.));
#11336=DIRECTION('',(1.,0.,0.));
#11337=DIRECTION('',(0.,0.,1.));
#11338=DIRECTION('',(1.,0.,0.));
#11339=DIRECTION('',(0.,1.,0.));
#11340=DIRECTION('',(1.,0.,0.));
#11341=DIRECTION('',(0.,1.,0.));
#11342=DIRECTION('',(1.,0.,0.));
#11343=DIRECTION('',(0.,0.,-1.));
#11344=DIRECTION('',(0.,0.,-1.));
#11345=DIRECTION('',(1.,0.,0.));
#11346=DIRECTION('',(0.,0.,-1.));
#11347=DIRECTION('',(0.,0.,-1.));
#11348=DIRECTION('',(0.,-1.,0.));
#11349=DIRECTION('',(1.,0.,0.));
#11350=DIRECTION('',(0.,1.,0.));
#11351=DIRECTION('',(0.,0.,1.));
#11352=DIRECTION('',(0.,1.,0.));
#11353=DIRECTION('',(0.,0.,1.));
#11354=DIRECTION('',(0.,1.,0.));
#11355=DIRECTION('',(-1.,0.,0.));
#11356=DIRECTION('',(-0.666363211725435,0.236558808880522,0.707106781186541));
#11357=DIRECTION('',(-0.334544675817657,-0.942379891488597,-3.12250225675819E-17));
#11358=DIRECTION('',(0.,0.,-1.));
#11359=DIRECTION('',(-1.,0.,0.));
#11360=DIRECTION('',(0.,0.,1.));
#11361=DIRECTION('',(1.,0.,0.));
#11362=DIRECTION('',(0.,0.,-1.));
#11363=DIRECTION('',(-1.,0.,0.));
#11364=DIRECTION('',(0.,0.,1.));
#11365=DIRECTION('',(1.,0.,0.));
#11366=DIRECTION('',(0.,0.,1.));
#11367=DIRECTION('',(1.,0.,0.));
#11368=DIRECTION('',(0.,0.,1.));
#11369=DIRECTION('',(1.,0.,0.));
#11370=DIRECTION('',(0.,0.,1.));
#11371=DIRECTION('',(1.,0.,0.));
#11372=DIRECTION('',(0.,0.,1.));
#11373=DIRECTION('',(1.,0.,0.));
#11374=DIRECTION('',(0.,0.,1.));
#11375=DIRECTION('',(1.,0.,0.));
#11376=DIRECTION('',(0.,0.,1.));
#11377=DIRECTION('',(1.,0.,0.));
#11378=DIRECTION('',(0.,0.,1.));
#11379=DIRECTION('',(1.,0.,0.));
#11380=DIRECTION('',(0.,0.,1.));
#11381=DIRECTION('',(1.,0.,0.));
#11382=DIRECTION('',(0.,0.,1.));
#11383=DIRECTION('',(1.,0.,0.));
#11384=DIRECTION('',(0.,0.,-1.));
#11385=DIRECTION('',(-1.,0.,0.));
#11386=DIRECTION('',(0.,0.,1.));
#11387=DIRECTION('',(1.,0.,0.));
#11388=DIRECTION('',(0.,0.,-1.));
#11389=DIRECTION('',(-1.,0.,0.));
#11390=DIRECTION('',(0.,0.,1.));
#11391=DIRECTION('',(1.,0.,0.));
#11392=DIRECTION('',(0.,0.,1.));
#11393=DIRECTION('',(1.,0.,0.));
#11394=DIRECTION('',(0.,0.,-1.));
#11395=DIRECTION('',(-1.,0.,0.));
#11396=DIRECTION('',(0.,0.,1.));
#11397=DIRECTION('',(1.,0.,0.));
#11398=DIRECTION('',(0.,0.,1.));
#11399=DIRECTION('',(1.,0.,0.));
#11400=DIRECTION('',(0.,0.,-1.));
#11401=DIRECTION('',(-1.,0.,0.));
#11402=DIRECTION('',(0.,0.,1.));
#11403=DIRECTION('',(1.,0.,0.));
#11404=DIRECTION('',(0.,0.,1.));
#11405=DIRECTION('',(1.,0.,0.));
#11406=DIRECTION('',(0.,0.,-1.));
#11407=DIRECTION('',(-1.,0.,0.));
#11408=DIRECTION('',(0.,0.,1.));
#11409=DIRECTION('',(1.,0.,0.));
#11410=DIRECTION('',(0.,0.,1.));
#11411=DIRECTION('',(1.,0.,0.));
#11412=DIRECTION('',(0.,0.,-1.));
#11413=DIRECTION('',(-1.,0.,0.));
#11414=DIRECTION('',(0.,0.,1.));
#11415=DIRECTION('',(1.,0.,0.));
#11416=DIRECTION('',(0.866025403784438,0.5,0.));
#11417=DIRECTION('',(-0.5,0.866025403784438,0.));
#11418=DIRECTION('',(0.,0.,-1.));
#11419=DIRECTION('',(0.,0.,-1.));
#11420=DIRECTION('',(0.866025403784439,-0.5,0.));
#11421=DIRECTION('',(0.5,0.866025403784439,0.));
#11422=DIRECTION('',(0.,0.,-1.));
#11423=DIRECTION('',(0.,-1.,0.));
#11424=DIRECTION('',(0.,0.,-1.));
#11425=DIRECTION('',(0.,0.,-1.));
#11426=DIRECTION('',(-0.866025403784438,-0.5,0.));
#11427=DIRECTION('',(0.5,-0.866025403784438,0.));
#11428=DIRECTION('',(0.,0.,-1.));
#11429=DIRECTION('',(-0.866025403784439,0.5,0.));
#11430=DIRECTION('',(-0.5,-0.866025403784439,0.));
#11431=DIRECTION('',(0.,0.,-1.));
#11432=DIRECTION('',(0.,1.,0.));
#11433=DIRECTION('',(0.,0.,1.));
#11434=DIRECTION('',(0.,0.,-1.));
#11435=DIRECTION('',(-1.,0.,0.));
#11436=DIRECTION('',(0.,0.,-1.));
#11437=DIRECTION('',(-1.,0.,0.));
#11438=DIRECTION('',(0.,0.,-1.));
#11439=DIRECTION('',(-1.,0.,0.));
#11440=DIRECTION('',(0.,0.,-1.));
#11441=DIRECTION('',(-1.,0.,0.));
#11442=DIRECTION('',(0.,0.,-1.));
#11443=DIRECTION('',(-1.,0.,0.));
#11444=DIRECTION('',(0.,0.,-1.));
#11445=DIRECTION('',(-1.,0.,0.));
#11446=DIRECTION('',(0.,0.,-1.));
#11447=DIRECTION('',(-1.,0.,0.));
#11448=DIRECTION('',(0.,0.,-1.));
#11449=DIRECTION('',(-1.,0.,0.));
#11450=DIRECTION('',(0.,0.,-1.));
#11451=DIRECTION('',(-1.,0.,0.));
#11452=DIRECTION('',(0.,0.,-1.));
#11453=DIRECTION('',(-1.,0.,0.));
#11454=DIRECTION('',(0.,0.,-1.));
#11455=DIRECTION('',(-1.,0.,0.));
#11456=DIRECTION('',(0.,0.,1.));
#11457=DIRECTION('',(1.,0.,0.));
#11458=DIRECTION('',(-0.666363211725435,0.236558808880522,0.707106781186541));
#11459=DIRECTION('',(0.666363211725426,-0.236558808880511,0.707106781186554));
#11460=DIRECTION('',(0.,-1.,0.));
#11461=DIRECTION('',(1.,0.,0.));
#11462=DIRECTION('',(0.,1.,0.));
#11463=DIRECTION('',(0.,0.,-1.));
#11464=DIRECTION('',(0.141862689846281,0.,-0.989886345612252));
#11465=DIRECTION('',(0.,1.,0.));
#11466=DIRECTION('',(0.,0.,-1.));
#11467=DIRECTION('',(0.141862689846281,0.,-0.989886345612252));
#11468=DIRECTION('',(0.,-1.,0.));
#11469=DIRECTION('',(0.,0.,-1.));
#11470=DIRECTION('',(0.,0.,-1.));
#11471=DIRECTION('',(0.,-1.,0.));
#11472=DIRECTION('',(0.,0.,-1.));
#11473=DIRECTION('',(1.,0.,0.));
#11474=DIRECTION('',(0.,0.,1.));
#11475=DIRECTION('',(0.894427190999916,0.,0.447213595499958));
#11476=DIRECTION('',(0.894427190999916,0.,-0.447213595499958));
#11477=DIRECTION('',(0.,0.,1.));
#11478=DIRECTION('',(0.894427190999916,0.,0.447213595499958));
#11479=DIRECTION('',(0.894427190999916,0.,-0.447213595499958));
#11480=DIRECTION('',(0.,0.,1.));
#11481=DIRECTION('',(0.894427190999916,0.,0.447213595499958));
#11482=DIRECTION('',(0.894427190999916,0.,-0.447213595499958));
#11483=DIRECTION('',(0.,0.,1.));
#11484=DIRECTION('',(0.894427190999916,0.,0.447213595499958));
#11485=DIRECTION('',(0.894427190999916,0.,-0.447213595499958));
#11486=DIRECTION('',(0.,0.,1.));
#11487=DIRECTION('',(0.894427190999916,0.,0.447213595499958));
#11488=DIRECTION('',(0.894427190999916,0.,-0.447213595499958));
#11489=DIRECTION('',(0.,0.,1.));
#11490=DIRECTION('',(0.894427190999916,0.,0.447213595499958));
#11491=DIRECTION('',(0.894427190999916,0.,-0.447213595499958));
#11492=DIRECTION('',(0.,0.,1.));
#11493=DIRECTION('',(0.89572110941035,0.,0.444616344905011));
#11494=DIRECTION('',(0.,-1.,0.));
#11495=DIRECTION('',(0.,0.,-1.));
#11496=DIRECTION('',(-0.384034748020374,0.,-0.923318640726444));
#11497=DIRECTION('',(-1.,0.,0.));
#11498=DIRECTION('',(2.24781070126572E-15,0.,1.));
#11499=DIRECTION('',(0.,-1.,0.));
#11500=DIRECTION('',(0.,0.,-1.));
#11501=DIRECTION('',(-0.985915492957747,0.,-0.167244254747012));
#11502=DIRECTION('',(0.,-1.,0.));
#11503=DIRECTION('',(0.,0.,-1.));
#11504=DIRECTION('',(0.167244254747011,0.,-0.985915492957747));
#11505=DIRECTION('',(-0.985915492957747,0.,-0.167244254747011));
#11506=DIRECTION('',(0.,-1.,0.));
#11507=DIRECTION('',(0.,0.,-1.));
#11508=DIRECTION('',(-0.354983029212103,0.,-0.93487274480081));
#11509=DIRECTION('',(0.,-1.,0.));
#11510=DIRECTION('',(0.,0.,-1.));
#11511=DIRECTION('',(0.833707883013565,0.,-0.552205727787245));
#11512=DIRECTION('',(0.158233373297482,0.,-0.987401741731753));
#11513=DIRECTION('',(-0.255892560316283,0.,0.966705227861512));
#11514=DIRECTION('',(1.,0.,0.));
#11515=DIRECTION('',(0.,0.,-1.));
#11516=DIRECTION('',(0.,-1.,0.));
#11517=DIRECTION('',(1.,0.,0.));
#11518=DIRECTION('',(0.,-1.,0.));
#11519=DIRECTION('',(0.,0.,-1.));
#11520=DIRECTION('',(1.,0.,0.));
#11521=DIRECTION('',(0.,-1.,0.));
#11522=DIRECTION('',(0.,0.,-1.));
#11523=DIRECTION('',(0.,0.,-1.));
#11524=DIRECTION('',(0.158233373297482,0.,-0.987401741731753));
#11525=DIRECTION('',(0.833707883013565,0.,-0.552205727787245));
#11526=DIRECTION('',(0.,-1.,0.));
#11527=DIRECTION('',(0.,0.,-1.));
#11528=DIRECTION('',(-0.354983029212103,0.,-0.93487274480081));
#11529=DIRECTION('',(0.,-1.,0.));
#11530=DIRECTION('',(0.,0.,-1.));
#11531=DIRECTION('',(-0.985915492957747,0.,-0.167244254747011));
#11532=DIRECTION('',(0.167244254747011,0.,-0.985915492957747));
#11533=DIRECTION('',(0.,-1.,0.));
#11534=DIRECTION('',(0.,0.,-1.));
#11535=DIRECTION('',(-0.985915492957747,0.,-0.167244254747012));
#11536=DIRECTION('',(0.,-1.,0.));
#11537=DIRECTION('',(0.,0.,-1.));
#11538=DIRECTION('',(2.24781070126572E-15,0.,1.));
#11539=DIRECTION('',(-1.,0.,0.));
#11540=DIRECTION('',(-0.384034748020374,0.,-0.923318640726444));
#11541=DIRECTION('',(0.,-1.,0.));
#11542=DIRECTION('',(0.,0.,-1.));
#11543=DIRECTION('',(0.89572110941035,0.,0.444616344905011));
#11544=DIRECTION('',(0.,0.,1.));
#11545=DIRECTION('',(0.894427190999916,0.,-0.447213595499958));
#11546=DIRECTION('',(0.894427190999916,0.,0.447213595499958));
#11547=DIRECTION('',(0.,0.,1.));
#11548=DIRECTION('',(0.894427190999916,0.,-0.447213595499958));
#11549=DIRECTION('',(0.894427190999916,0.,0.447213595499958));
#11550=DIRECTION('',(0.,0.,1.));
#11551=DIRECTION('',(0.894427190999916,0.,-0.447213595499958));
#11552=DIRECTION('',(0.894427190999916,0.,0.447213595499958));
#11553=DIRECTION('',(0.,0.,1.));
#11554=DIRECTION('',(0.894427190999916,0.,-0.447213595499958));
#11555=DIRECTION('',(0.894427190999916,0.,0.447213595499958));
#11556=DIRECTION('',(0.,0.,1.));
#11557=DIRECTION('',(0.894427190999916,0.,-0.447213595499958));
#11558=DIRECTION('',(0.894427190999916,0.,0.447213595499958));
#11559=DIRECTION('',(0.,0.,1.));
#11560=DIRECTION('',(0.894427190999916,0.,-0.447213595499958));
#11561=DIRECTION('',(0.894427190999916,0.,0.447213595499958));
#11562=DIRECTION('',(0.,0.,1.));
#11563=DIRECTION('',(1.,0.,0.));
#11564=DIRECTION('',(-0.255892560316283,0.,0.966705227861512));
#11565=DIRECTION('',(0.,0.,-1.));
#11566=DIRECTION('',(-1.,0.,0.));
#11567=DIRECTION('',(0.,0.,1.));
#11568=DIRECTION('',(0.,-1.,0.));
#11569=DIRECTION('',(0.,-1.,0.));
#11570=DIRECTION('',(-1.,0.,0.));
#11571=DIRECTION('',(0.,0.,1.));
#11572=DIRECTION('',(0.,-1.,0.));
#11573=DIRECTION('',(0.,-1.,0.));
#11574=DIRECTION('',(-1.,0.,0.));
#11575=DIRECTION('',(0.,0.,1.));
#11576=DIRECTION('',(0.,-1.,0.));
#11577=DIRECTION('',(0.,-1.,0.));
#11578=DIRECTION('',(-1.,0.,0.));
#11579=DIRECTION('',(0.,0.,1.));
#11580=DIRECTION('',(0.,-1.,0.));
#11581=DIRECTION('',(0.,-1.,0.));
#11582=DIRECTION('',(-1.,0.,0.));
#11583=DIRECTION('',(0.,0.,1.));
#11584=DIRECTION('',(0.,-1.,0.));
#11585=DIRECTION('',(0.,-1.,0.));
#11586=DIRECTION('',(-1.,0.,0.));
#11587=DIRECTION('',(0.,0.,1.));
#11588=DIRECTION('',(0.,-1.,0.));
#11589=DIRECTION('',(0.,1.,0.));
#11590=DIRECTION('',(0.167244254747012,0.,-0.985915492957747));
#11591=DIRECTION('',(-0.985915492957747,0.,-0.167244254747012));
#11592=DIRECTION('',(0.,1.,0.));
#11593=DIRECTION('',(0.,1.,0.));
#11594=DIRECTION('',(0.985915492957747,0.,0.167244254747011));
#11595=DIRECTION('',(0.167244254747011,0.,-0.985915492957747));
#11596=DIRECTION('',(0.,1.,0.));
#11597=DIRECTION('',(0.,1.,0.));
#11598=DIRECTION('',(0.167244254747011,0.,-0.985915492957747));
#11599=DIRECTION('',(-0.985915492957747,0.,-0.167244254747011));
#11600=DIRECTION('',(0.,1.,0.));
#11601=DIRECTION('',(0.93487274480081,0.,-0.354983029212103));
#11602=DIRECTION('',(-0.354983029212103,0.,-0.93487274480081));
#11603=DIRECTION('',(0.,1.,0.));
#11604=DIRECTION('',(0.,1.,0.));
#11605=DIRECTION('',(0.552205727787245,0.,0.833707883013565));
#11606=DIRECTION('',(0.833707883013565,0.,-0.552205727787245));
#11607=DIRECTION('',(0.,1.,0.));
#11608=DIRECTION('',(0.,1.,0.));
#11609=DIRECTION('',(0.987401741731753,0.,0.158233373297482));
#11610=DIRECTION('',(0.158233373297482,0.,-0.987401741731753));
#11611=DIRECTION('',(0.,1.,0.));
#11612=DIRECTION('',(1.,0.,0.));
#11613=DIRECTION('',(0.,0.,-1.));
#11614=DIRECTION('',(0.,1.,0.));
#11615=DIRECTION('',(0.,0.,1.));
#11616=DIRECTION('',(1.,0.,0.));
#11617=DIRECTION('',(0.,1.,0.));
#11618=DIRECTION('',(0.,1.,0.));
#11619=DIRECTION('',(-1.,0.,0.));
#11620=DIRECTION('',(0.,0.,1.));
#11621=DIRECTION('',(0.,-1.,0.));
#11622=DIRECTION('',(-0.444616344905011,0.,0.89572110941035));
#11623=DIRECTION('',(0.89572110941035,0.,0.444616344905011));
#11624=DIRECTION('',(0.,1.,0.));
#11625=DIRECTION('',(0.,1.,0.));
#11626=DIRECTION('',(0.,0.,1.));
#11627=DIRECTION('',(0.,1.,0.));
#11628=DIRECTION('',(0.923318640726444,0.,-0.384034748020374));
#11629=DIRECTION('',(-0.384034748020374,0.,-0.923318640726444));
#11630=DIRECTION('',(0.,1.,0.));
#11631=DIRECTION('',(0.,0.,-1.));
#11632=DIRECTION('',(-1.,0.,0.));
#11633=DIRECTION('',(0.,1.,0.));
#11634=DIRECTION('',(-1.,0.,2.24781070126572E-15));
#11635=DIRECTION('',(2.24781070126572E-15,0.,1.));
#11636=DIRECTION('',(0.,1.,0.));
#11637=DIRECTION('',(0.,1.,0.));
#11638=DIRECTION('',(0.,0.,1.));
#11639=DIRECTION('',(0.,1.,0.));
#11640=DIRECTION('',(0.,0.,1.));
#11641=DIRECTION('',(0.,1.,0.));
#11642=DIRECTION('',(0.,0.,1.));
#11643=DIRECTION('',(0.,1.,0.));
#11644=DIRECTION('',(0.,0.,1.));
#11645=DIRECTION('',(0.,1.,0.));
#11646=DIRECTION('',(0.,0.,1.));
#11647=DIRECTION('',(0.447213595499958,0.,-0.894427190999916));
#11648=DIRECTION('',(-0.894427190999916,0.,-0.447213595499958));
#11649=DIRECTION('',(0.,-1.,0.));
#11650=DIRECTION('',(-0.447213595499958,0.,-0.894427190999916));
#11651=DIRECTION('',(-0.894427190999916,0.,0.447213595499958));
#11652=DIRECTION('',(0.447213595499958,0.,-0.894427190999916));
#11653=DIRECTION('',(-0.894427190999916,0.,-0.447213595499958));
#11654=DIRECTION('',(0.,-1.,0.));
#11655=DIRECTION('',(-0.447213595499958,0.,-0.894427190999916));
#11656=DIRECTION('',(-0.894427190999916,0.,0.447213595499958));
#11657=DIRECTION('',(0.447213595499958,0.,-0.894427190999916));
#11658=DIRECTION('',(-0.894427190999916,0.,-0.447213595499958));
#11659=DIRECTION('',(0.,-1.,0.));
#11660=DIRECTION('',(-0.447213595499958,0.,-0.894427190999916));
#11661=DIRECTION('',(-0.894427190999916,0.,0.447213595499958));
#11662=DIRECTION('',(0.447213595499958,0.,-0.894427190999916));
#11663=DIRECTION('',(-0.894427190999916,0.,-0.447213595499958));
#11664=DIRECTION('',(0.,-1.,0.));
#11665=DIRECTION('',(-0.447213595499958,0.,-0.894427190999916));
#11666=DIRECTION('',(-0.894427190999916,0.,0.447213595499958));
#11667=DIRECTION('',(0.447213595499958,0.,-0.894427190999916));
#11668=DIRECTION('',(-0.894427190999916,0.,-0.447213595499958));
#11669=DIRECTION('',(0.,-1.,0.));
#11670=DIRECTION('',(-0.447213595499958,0.,-0.894427190999916));
#11671=DIRECTION('',(-0.894427190999916,0.,0.447213595499958));
#11672=DIRECTION('',(-0.447213595499958,0.,-0.894427190999916));
#11673=DIRECTION('',(-0.894427190999916,0.,0.447213595499958));
#11674=DIRECTION('',(0.,-1.,0.));
#11675=DIRECTION('',(0.447213595499958,0.,-0.894427190999916));
#11676=DIRECTION('',(-0.894427190999916,0.,-0.447213595499958));
#11677=DIRECTION('',(0.,0.,-1.));
#11678=DIRECTION('',(-1.,0.,0.));
#11679=DIRECTION('',(0.,-1.,0.));
#11680=DIRECTION('',(0.,-1.,0.));
#11681=DIRECTION('',(0.966705227861512,0.,0.255892560316283));
#11682=DIRECTION('',(0.255892560316283,0.,-0.966705227861512));
#11683=DIRECTION('',(0.,-1.,0.));
#11684=DIRECTION('',(-1.,0.,0.));
#11685=DIRECTION('',(0.,0.,1.));
#11686=DIRECTION('',(0.,-1.,0.));
#11687=DIRECTION('',(0.,0.,-1.));
#11688=DIRECTION('',(-0.989886345612252,0.,-0.141862689846281));
#11689=DIRECTION('',(-0.141862689846281,0.,0.989886345612252));
#11690=DIRECTION('',(0.,-1.,0.));
#11691=DIRECTION('',(0.141862689846281,0.,-0.989886345612252));
#11692=DIRECTION('',(0.,-1.,0.));
#11693=DIRECTION('',(0.,-1.,0.));
#11694=DIRECTION('',(0.,0.,-1.));
#11695=DIRECTION('',(0.,-1.,0.));
#11696=DIRECTION('',(0.,1.,0.));
#11697=DIRECTION('',(0.,0.,-1.));
#11698=DIRECTION('',(-0.989886345612252,0.,-0.141862689846281));
#11699=DIRECTION('',(-0.141862689846281,0.,0.989886345612252));
#11700=DIRECTION('',(0.,-1.,0.));
#11701=DIRECTION('',(0.141862689846281,0.,-0.989886345612252));
#11702=DIRECTION('',(0.,-1.,0.));
#11703=DIRECTION('',(0.,0.,-1.));
#11704=DIRECTION('',(0.,1.,0.));
#11705=DIRECTION('',(0.,0.,-1.));
#11706=DIRECTION('',(0.,-1.,0.));
#11707=DIRECTION('',(1.,0.,0.));
#11708=DIRECTION('',(0.678594717551471,-0.200577219875174,0.706596057290433));
#11709=DIRECTION('',(0.308981033997574,0.950688544586595,-0.0268702776616066));
#11710=DIRECTION('',(-0.866025403784439,0.5,0.));
#11711=DIRECTION('',(-0.5,-0.866025403784439,0.));
#11712=DIRECTION('',(0.,0.,-1.));
#11713=DIRECTION('',(0.,0.,-1.));
#11714=DIRECTION('',(0.5,0.866025403784439,0.));
#11715=DIRECTION('',(0.5,0.866025403784439,0.));
#11716=DIRECTION('',(1.83697019872103E-16,-1.,0.));
#11717=DIRECTION('',(1.,1.83697019872103E-16,0.));
#11718=DIRECTION('',(0.,0.,-1.));
#11719=DIRECTION('',(0.,0.,-1.));
#11720=DIRECTION('',(-1.,-1.83697019872103E-16,0.));
#11721=DIRECTION('',(-1.,-1.83697019872103E-16,0.));
#11722=DIRECTION('',(0.866025403784438,0.5,0.));
#11723=DIRECTION('',(-0.5,0.866025403784438,0.));
#11724=DIRECTION('',(0.,0.,-1.));
#11725=DIRECTION('',(0.,0.,-1.));
#11726=DIRECTION('',(0.5,-0.866025403784438,0.));
#11727=DIRECTION('',(0.5,-0.866025403784438,0.));
#11728=DIRECTION('',(-0.866025403784438,-0.5,0.));
#11729=DIRECTION('',(0.5,-0.866025403784438,0.));
#11730=DIRECTION('',(-0.5,0.866025403784438,0.));
#11731=DIRECTION('',(-0.5,0.866025403784438,0.));
#11732=DIRECTION('',(0.866025403784439,-0.5,0.));
#11733=DIRECTION('',(0.5,0.866025403784439,0.));
#11734=DIRECTION('',(-0.5,-0.866025403784439,0.));
#11735=DIRECTION('',(-0.5,-0.866025403784439,0.));
#11736=DIRECTION('',(-6.12323399573677E-17,1.,0.));
#11737=DIRECTION('',(-1.,-6.12323399573677E-17,0.));
#11738=DIRECTION('',(1.,6.12323399573677E-17,0.));
#11739=DIRECTION('',(1.,6.12323399573677E-17,0.));
#11740=DIRECTION('',(0.,0.,1.));
#11741=DIRECTION('',(1.,0.,0.));
#11742=DIRECTION('',(0.,0.,1.));
#11743=DIRECTION('',(1.,0.,0.));
#11744=DIRECTION('',(0.,0.,1.));
#11745=DIRECTION('',(1.,0.,0.));
#11746=DIRECTION('',(0.,0.,-1.));
#11747=DIRECTION('',(1.,0.,0.));
#11748=DIRECTION('',(0.,0.,1.));
#11749=DIRECTION('',(1.,0.,0.));
#11750=DIRECTION('',(0.,0.,-1.));
#11751=DIRECTION('',(1.,0.,0.));
#11752=DIRECTION('',(0.,0.,1.));
#11753=DIRECTION('',(1.,0.,0.));
#11754=DIRECTION('',(0.,0.,-1.));
#11755=DIRECTION('',(-1.,0.,0.));
#11756=DIRECTION('',(0.,0.,1.));
#11757=DIRECTION('',(1.,0.,0.));
#11758=DIRECTION('',(0.,0.,1.));
#11759=DIRECTION('',(1.,0.,0.));
#11760=DIRECTION('',(0.,0.,1.));
#11761=DIRECTION('',(1.,0.,0.));
#11762=DIRECTION('',(0.,0.,1.));
#11763=DIRECTION('',(1.,0.,0.));
#11764=DIRECTION('',(0.,0.,-1.));
#11765=DIRECTION('',(1.,0.,0.));
#11766=DIRECTION('',(0.,0.,-1.));
#11767=DIRECTION('',(1.,0.,0.));
#11768=DIRECTION('',(0.,0.,-1.));
#11769=DIRECTION('',(1.,0.,0.));
#11770=DIRECTION('',(0.,0.,-1.));
#11771=DIRECTION('',(1.,0.,0.));
#11772=DIRECTION('',(0.,0.,1.));
#11773=DIRECTION('',(1.,0.,0.));
#11774=DIRECTION('',(0.,0.,-1.));
#11775=DIRECTION('',(-1.,0.,0.));
#11776=DIRECTION('',(0.,0.,1.));
#11777=DIRECTION('',(1.,0.,0.));
#11778=DIRECTION('',(0.,0.,-1.));
#11779=DIRECTION('',(1.,0.,0.));
#11780=DIRECTION('',(0.,0.,-1.));
#11781=DIRECTION('',(-1.,0.,0.));
#11782=DIRECTION('',(0.,0.,-1.));
#11783=DIRECTION('',(-1.,0.,0.));
#11784=DIRECTION('',(0.,0.,1.));
#11785=DIRECTION('',(1.,0.,0.));
#11786=DIRECTION('',(0.,0.,-1.));
#11787=DIRECTION('',(-1.,0.,0.));
#11788=DIRECTION('',(0.,0.,1.));
#11789=DIRECTION('',(1.,0.,0.));
#11790=DIRECTION('',(0.,0.,-1.));
#11791=DIRECTION('',(-1.,0.,0.));
#11792=DIRECTION('',(0.,0.,1.));
#11793=DIRECTION('',(1.,0.,0.));
#11794=DIRECTION('',(0.,0.,-1.));
#11795=DIRECTION('',(-1.,0.,0.));
#11796=DIRECTION('',(0.,0.,1.));
#11797=DIRECTION('',(1.,0.,0.));
#11798=DIRECTION('',(0.,0.,-1.));
#11799=DIRECTION('',(-1.,0.,0.));
#11800=DIRECTION('',(0.,0.,1.));
#11801=DIRECTION('',(1.,0.,0.));
#11802=DIRECTION('',(0.,0.,-1.));
#11803=DIRECTION('',(-1.,0.,0.));
#11804=DIRECTION('',(0.,0.,1.));
#11805=DIRECTION('',(1.,0.,0.));
#11806=DIRECTION('',(0.,0.,1.));
#11807=DIRECTION('',(1.,0.,0.));
#11808=DIRECTION('',(0.,0.,1.));
#11809=DIRECTION('',(1.,0.,0.));
#11810=DIRECTION('',(0.,0.,1.));
#11811=DIRECTION('',(1.,0.,0.));
#11812=DIRECTION('',(-0.666363211725435,0.236558808880522,0.707106781186541));
#11813=DIRECTION('',(0.666363211725426,-0.236558808880511,0.707106781186554));
#11814=DIRECTION('',(0.666363211725432,-0.236558808880514,0.707106781186547));
#11815=DIRECTION('',(-0.334544675817656,-0.942379891488597,9.19750386962891E-15));
#11816=DIRECTION('',(0.,0.,-1.));
#11817=DIRECTION('',(-1.,0.,0.));
#11818=DIRECTION('',(0.,0.,1.));
#11819=DIRECTION('',(1.,0.,0.));
#11820=DIRECTION('',(0.,0.,1.));
#11821=DIRECTION('',(1.,0.,0.));
#11822=DIRECTION('',(0.,0.,1.));
#11823=DIRECTION('',(1.,0.,0.));
#11824=DIRECTION('',(0.,0.,1.));
#11825=DIRECTION('',(1.,0.,0.));
#11826=DIRECTION('',(0.,0.,1.));
#11827=DIRECTION('',(1.,0.,0.));
#11828=DIRECTION('',(0.,0.,1.));
#11829=DIRECTION('',(1.,0.,0.));
#11830=DIRECTION('',(0.,0.,1.));
#11831=DIRECTION('',(1.,0.,0.));
#11832=DIRECTION('',(0.,0.,1.));
#11833=DIRECTION('',(1.,0.,0.));
#11834=DIRECTION('',(0.,0.,1.));
#11835=DIRECTION('',(-0.369256108769014,-0.929327674255301,0.));
#11836=DIRECTION('',(0.,0.,1.));
#11837=DIRECTION('',(1.,0.,0.));
#11838=DIRECTION('',(0.,0.,1.));
#11839=DIRECTION('',(-0.133021381972779,-0.991113168078223,0.));
#11840=DIRECTION('',(0.,0.,-1.));
#11841=DIRECTION('',(-1.,0.,0.));
#11842=DIRECTION('',(0.,0.,1.));
#11843=DIRECTION('',(1.,0.,0.));
#11844=DIRECTION('',(0.,0.,1.));
#11845=DIRECTION('',(1.,0.,0.));
#11846=DIRECTION('',(0.,0.,1.));
#11847=DIRECTION('',(1.,0.,0.));
#11848=DIRECTION('',(0.,0.,1.));
#11849=DIRECTION('',(1.,0.,0.));
#11850=DIRECTION('',(0.,0.,1.));
#11851=DIRECTION('',(1.,0.,0.));
#11852=DIRECTION('',(0.,0.,1.));
#11853=DIRECTION('',(1.,0.,0.));
#11854=DIRECTION('',(0.,0.,1.));
#11855=DIRECTION('',(1.,0.,0.));
#11856=DIRECTION('',(0.,0.,1.));
#11857=DIRECTION('',(1.,0.,0.));
#11858=DIRECTION('',(0.,0.,1.));
#11859=DIRECTION('',(1.,0.,0.));
#11860=DIRECTION('',(0.,0.,1.));
#11861=DIRECTION('',(1.,0.,0.));
#11862=DIRECTION('',(0.,0.,1.));
#11863=DIRECTION('',(1.,0.,0.));
#11864=DIRECTION('',(0.,0.,1.));
#11865=DIRECTION('',(1.,0.,0.));
#11866=DIRECTION('',(0.,0.,-1.));
#11867=DIRECTION('',(-1.,0.,0.));
#11868=DIRECTION('',(0.,0.,1.));
#11869=DIRECTION('',(1.,0.,0.));
#11870=DIRECTION('',(0.,0.,1.));
#11871=DIRECTION('',(1.,0.,0.));
#11872=DIRECTION('',(0.,0.,1.));
#11873=DIRECTION('',(1.,0.,0.));
#11874=DIRECTION('',(0.,0.,1.));
#11875=DIRECTION('',(1.,0.,0.));
#11876=DIRECTION('',(0.,0.,1.));
#11877=DIRECTION('',(1.,0.,0.));
#11878=DIRECTION('',(0.,0.,1.));
#11879=DIRECTION('',(1.,0.,0.));
#11880=DIRECTION('',(0.,0.,1.));
#11881=DIRECTION('',(1.,0.,0.));
#11882=DIRECTION('',(0.,0.,1.));
#11883=DIRECTION('',(1.,0.,0.));
#11884=DIRECTION('',(0.,0.,1.));
#11885=DIRECTION('',(1.,0.,0.));
#11886=DIRECTION('',(0.,0.,1.));
#11887=DIRECTION('',(1.,0.,0.));
#11888=DIRECTION('',(0.,0.,1.));
#11889=DIRECTION('',(1.,0.,0.));
#11890=DIRECTION('',(0.,0.,1.));
#11891=DIRECTION('',(1.,0.,0.));
#11892=DIRECTION('',(0.,0.,1.));
#11893=DIRECTION('',(1.,0.,0.));
#11894=DIRECTION('',(0.,0.,1.));
#11895=DIRECTION('',(1.,0.,0.));
#11896=DIRECTION('',(0.,0.,-1.));
#11897=DIRECTION('',(-1.,0.,0.));
#11898=DIRECTION('',(0.,0.,-1.));
#11899=DIRECTION('',(1.,0.,0.));
#11900=DIRECTION('',(0.,0.,1.));
#11901=DIRECTION('',(1.,0.,0.));
#11902=DIRECTION('',(0.,0.,-1.));
#11903=DIRECTION('',(-1.,0.,0.));
#11904=DIRECTION('',(0.,0.,-1.));
#11905=DIRECTION('',(1.,0.,0.));
#11906=DIRECTION('',(0.334544675817657,0.942379891488596,-3.88578058618805E-16));
#11907=DIRECTION('',(-0.771952414609722,0.274042955102031,-0.573576436351047));
#11908=DIRECTION('',(-0.666363211725435,0.236558808880522,0.707106781186541));
#11909=DIRECTION('',(0.666363211725426,-0.236558808880511,0.707106781186554));
#11910=DIRECTION('',(-0.666363211725435,0.236558808880522,0.707106781186541));
#11911=DIRECTION('',(0.666363211725426,-0.236558808880511,0.707106781186554));
#11912=CARTESIAN_POINT('',(0.,0.,0.));
#11913=CARTESIAN_POINT('',(0.0275,0.,0.031));
#11914=CARTESIAN_POINT('',(0.0275,-5.20417042793042E-18,0.042));
#11915=CARTESIAN_POINT('',(0.0275,-5.20417042793042E-18,0.057));
#11916=CARTESIAN_POINT('',(0.0275,-5.20417042793042E-18,0.042));
#11917=CARTESIAN_POINT('',(0.0175,-5.20417042793042E-18,0.042));
#11918=CARTESIAN_POINT('',(0.0175,-5.20417042793042E-18,0.057));
#11919=CARTESIAN_POINT('',(-0.0175,0.,-6.93889390390723E-18));
#11920=CARTESIAN_POINT('',(0.,0.,-1.38777878078145E-17));
#11921=CARTESIAN_POINT('',(0.035,0.,-1.38777878078145E-17));
#11922=CARTESIAN_POINT('',(0.0175,3.46944695195361E-18,-6.93889390390723E-18));
#11923=CARTESIAN_POINT('',(0.0175,-0.02,-6.93889390390723E-18));
#11924=CARTESIAN_POINT('',(0.0175,0.02,-6.93889390390723E-18));
#11925=CARTESIAN_POINT('',(0.,-0.02,-6.93889390390723E-18));
#11926=CARTESIAN_POINT('',(-0.0175,-0.02,-6.93889390390723E-18));
#11927=CARTESIAN_POINT('',(-0.0175,0.,-6.93889390390723E-18));
#11928=CARTESIAN_POINT('',(-0.0175,0.02,-6.93889390390723E-18));
#11929=CARTESIAN_POINT('',(3.46944695195361E-18,0.02,-6.93889390390723E-18));
#11930=CARTESIAN_POINT('',(0.,0.,-0.0155240117561744));
#11931=CARTESIAN_POINT('',(0.,0.,-0.02));
#11932=CARTESIAN_POINT('',(0.04,0.,-0.02));
#11933=CARTESIAN_POINT('',(-0.02,0.,-0.02));
#11934=CARTESIAN_POINT('',(0.,-2.41867742831602E-18,-0.02));
#11935=CARTESIAN_POINT('',(-0.0395,-2.41867742831602E-18,-0.02));
#11936=CARTESIAN_POINT('',(0.,-2.41867742831602E-18,-0.021));
#11937=CARTESIAN_POINT('',(0.,-2.41867742831602E-18,-0.021));
#11938=CARTESIAN_POINT('',(-0.0395,-2.41867742831602E-18,-0.021));
#11939=CARTESIAN_POINT('',(0.,-0.02,-0.021));
#11940=CARTESIAN_POINT('',(0.,-2.41867742831602E-18,-0.021));
#11941=CARTESIAN_POINT('',(0.04,-2.41867742831602E-18,-0.021));
#11942=CARTESIAN_POINT('',(0.,-2.60208521396521E-18,-0.0345432266997109));
#11943=CARTESIAN_POINT('',(0.,-2.41867742831602E-18,-0.041));
#11944=CARTESIAN_POINT('',(0.042,-2.41867742831602E-18,-0.041));
#11945=CARTESIAN_POINT('',(0.,-0.021,-0.041));
#11946=CARTESIAN_POINT('',(0.,-2.52583402324141E-18,-0.041));
#11947=CARTESIAN_POINT('',(-0.04125,-2.52583402324141E-18,-0.041));
#11948=CARTESIAN_POINT('',(0.,-2.52583402324141E-18,-0.042));
#11949=CARTESIAN_POINT('',(0.,-2.52583402324141E-18,-0.042));
#11950=CARTESIAN_POINT('',(-0.04125,-2.52583402324141E-18,-0.042));
#11951=CARTESIAN_POINT('',(0.,-2.57175827820944E-18,-0.049));
#11952=CARTESIAN_POINT('',(0.,-2.57175827820944E-18,-0.049));
#11953=CARTESIAN_POINT('',(-0.042,-2.57175827820944E-18,-0.049));
#11954=CARTESIAN_POINT('',(0.,-2.57175827820944E-18,-0.042));
#11955=CARTESIAN_POINT('',(-0.042,-2.57175827820944E-18,-0.042));
#11956=CARTESIAN_POINT('',(0.,0.,-0.049));
#11957=CARTESIAN_POINT('',(0.,-2.14313189850787E-18,-0.049));
#11958=CARTESIAN_POINT('',(-0.035,-2.14313189850787E-18,-0.049));
#11959=CARTESIAN_POINT('',(0.,0.,-0.042));
#11960=CARTESIAN_POINT('',(0.,-2.14313189850787E-18,-0.056));
#11961=CARTESIAN_POINT('',(0.,-2.14313189850787E-18,-0.056));
#11962=CARTESIAN_POINT('',(-0.035,-2.14313189850787E-18,-0.056));
#11963=CARTESIAN_POINT('',(0.,0.,-0.056));
#11964=CARTESIAN_POINT('',(0.,-9.18485099360515E-19,-0.056));
#11965=CARTESIAN_POINT('',(-0.015,-9.18485099360515E-19,-0.056));
#11966=CARTESIAN_POINT('',(0.,-9.18485099360515E-19,-0.066));
#11967=CARTESIAN_POINT('',(0.,-9.18485099360515E-19,-0.066));
#11968=CARTESIAN_POINT('',(-0.015,-9.18485099360515E-19,-0.066));
#11969=CARTESIAN_POINT('',(0.,0.,-0.066));
#11970=CARTESIAN_POINT('',(0.,-0.02,0.042));
#11971=CARTESIAN_POINT('',(0.0175,-0.02,0.042));
#11972=CARTESIAN_POINT('',(0.0175,-0.02,0.042));
#11973=CARTESIAN_POINT('',(0.,-0.02,0.042));
#11974=CARTESIAN_POINT('',(-0.0175,-0.02,0.042));
#11975=CARTESIAN_POINT('',(-0.0175,-0.02,0.042));
#11976=CARTESIAN_POINT('',(0.0175,3.46944695195361E-18,0.042));
#11977=CARTESIAN_POINT('',(0.0175,0.02,0.042));
#11978=CARTESIAN_POINT('',(0.0175,0.02,0.042));
#11979=CARTESIAN_POINT('',(0.0175,-3.46944695195361E-18,0.042));
#11980=CARTESIAN_POINT('',(3.46944695195361E-18,0.02,0.042));
#11981=CARTESIAN_POINT('',(-0.0175,0.02,0.042));
#11982=CARTESIAN_POINT('',(-0.0175,0.02,0.042));
#11983=CARTESIAN_POINT('',(3.46944695195361E-18,0.02,0.042));
#11984=CARTESIAN_POINT('',(-0.0175,0.,0.042));
#11985=CARTESIAN_POINT('',(-0.0175,-5.20417042793042E-18,0.042));
#11986=CARTESIAN_POINT('',(-0.0175,-5.20417042793042E-18,0.057));
#11987=CARTESIAN_POINT('',(-0.0175,-3.46944695195361E-18,0.042));
#11988=CARTESIAN_POINT('',(0.0175,-3.46944695195361E-18,0.042));
#11989=CARTESIAN_POINT('',(-0.0275,-5.20417042793042E-18,0.042));
#11990=CARTESIAN_POINT('',(-0.0275,-5.20417042793042E-18,0.042));
#11991=CARTESIAN_POINT('',(-0.0275,-5.20417042793042E-18,0.057));
#11992=CARTESIAN_POINT('',(-0.0275,0.,0.031));
#11993=CARTESIAN_POINT('',(-0.226159516768021,0.0505745747025117,0.552953605378049));
#11994=CARTESIAN_POINT('',(-0.0175,-0.08,0.));
#11995=CARTESIAN_POINT('',(-0.0175,-0.115,1.56382175815888E-17));
#11996=CARTESIAN_POINT('',(-0.0175,-0.115,-0.015));
#11997=CARTESIAN_POINT('',(-0.0175,-0.0391650137015305,0.));
#11998=CARTESIAN_POINT('',(-0.0175,-0.0391650137015305,0.034067469366606));
#11999=CARTESIAN_POINT('',(-0.0175,-0.0391650137015305,-0.034067469366606));
#12000=CARTESIAN_POINT('',(-0.0175,-0.0656368689763376,0.114840242491649));
#12001=CARTESIAN_POINT('',(-0.0175,-0.099203798072428,0.0367488775973277));
#12002=CARTESIAN_POINT('',(-0.0175,-0.115,1.47197324822283E-17));
#12003=CARTESIAN_POINT('',(-0.0175,-0.099203798072428,-0.0367488775973277));
#12004=CARTESIAN_POINT('',(-0.0175,-0.0656368689763376,-0.114840242491649));
#12005=CARTESIAN_POINT('',(-0.0275,-0.08,0.));
#12006=CARTESIAN_POINT('',(-0.0275,-0.005,0.));
#12007=CARTESIAN_POINT('',(-0.0275,-0.005,-0.0275));
#12008=CARTESIAN_POINT('',(-0.0275,-0.005,1.68388934882761E-18));
#12009=CARTESIAN_POINT('',(-0.0275,-0.028,-1.7347234759768E-18));
#12010=CARTESIAN_POINT('',(-0.0275,-0.0391650137015305,-0.034067469366606));
#12011=CARTESIAN_POINT('',(-0.0275,-0.0656368689763376,-0.114840242491649));
#12012=CARTESIAN_POINT('',(-0.0275,-0.099203798072428,-0.0367488775973277));
#12013=CARTESIAN_POINT('',(-0.0275,-0.115,1.47197324822283E-17));
#12014=CARTESIAN_POINT('',(-0.0275,-0.099203798072428,0.0367488775973277));
#12015=CARTESIAN_POINT('',(-0.0275,-0.0656368689763376,0.114840242491649));
#12016=CARTESIAN_POINT('',(-0.0275,-0.0391650137015305,0.034067469366606));
#12017=CARTESIAN_POINT('',(-0.0275,-0.028,-8.67361737988404E-18));
#12018=CARTESIAN_POINT('',(-0.0275,-0.005,0.0275));
#12019=CARTESIAN_POINT('',(-0.0275,-0.005,0.));
#12020=CARTESIAN_POINT('',(-0.0275,-0.0656368689763376,0.114840242491649));
#12021=CARTESIAN_POINT('',(-0.0275,-0.0999936081688066,0.0349114337174612));
#12022=CARTESIAN_POINT('',(-0.0275,-0.0385421465185938,0.0321669335283696));
#12023=CARTESIAN_POINT('',(-0.0275,-0.115,1.07275670556334E-17));
#12024=CARTESIAN_POINT('',(-0.0275,-0.0999936081688067,-0.0349114337174613));
#12025=CARTESIAN_POINT('',(-0.0275,-0.0656368689763376,-0.114840242491649));
#12026=CARTESIAN_POINT('',(-0.0275,-0.0385421465185939,-0.0321669335283696));
#12027=CARTESIAN_POINT('',(-0.0275,-0.028,1.38777878078145E-17));
#12028=CARTESIAN_POINT('',(-0.0275,-0.007,-0.0265489823879947));
#12029=CARTESIAN_POINT('',(-0.0275,-0.007,0.0132744911939973));
#12030=CARTESIAN_POINT('',(-0.0275,-0.007,0.0265489823879947));
#12031=CARTESIAN_POINT('',(-0.0275,-0.028,1.7347234759768E-17));
#12032=CARTESIAN_POINT('',(0.,-0.005,1.68388934882761E-18));
#12033=CARTESIAN_POINT('',(0.,-0.005,1.68388934882761E-18));
#12034=CARTESIAN_POINT('',(0.,-0.005,0.0275));
#12035=CARTESIAN_POINT('',(0.,-0.005,1.68388934882761E-18));
#12036=CARTESIAN_POINT('',(0.0275,-0.005,1.68388934882761E-18));
#12037=CARTESIAN_POINT('',(0.,-0.005,1.68388934882761E-18));
#12038=CARTESIAN_POINT('',(0.,-0.005,-0.0275));
#12039=CARTESIAN_POINT('',(0.,-0.005,1.68388934882761E-18));
#12040=CARTESIAN_POINT('',(0.,0.,1.68388934882761E-18));
#12041=CARTESIAN_POINT('',(0.,0.,-0.0275));
#12042=CARTESIAN_POINT('',(0.,0.,0.));
#12043=CARTESIAN_POINT('',(0.,0.,9.18485099360515E-19));
#12044=CARTESIAN_POINT('',(0.,0.,0.015));
#12045=CARTESIAN_POINT('',(-0.0175,-0.005,0.));
#12046=CARTESIAN_POINT('',(-0.0175,-0.005,0.0275));
#12047=CARTESIAN_POINT('',(-0.0175,-0.005,0.));
#12048=CARTESIAN_POINT('',(-0.0175,-0.005,-0.0275));
#12049=CARTESIAN_POINT('',(-0.0175,-0.028,-8.67361737988404E-18));
#12050=CARTESIAN_POINT('',(0.0275,-0.005,0.0275));
#12051=CARTESIAN_POINT('',(0.0275,-0.005,0.0275));
#12052=CARTESIAN_POINT('',(-0.0175,-0.0391650137015305,0.034067469366606));
#12053=CARTESIAN_POINT('',(0.0275,-0.0391650137015305,0.034067469366606));
#12054=CARTESIAN_POINT('',(0.0175,-0.0391650137015305,0.034067469366606));
#12055=CARTESIAN_POINT('',(0.0275,-0.0391650137015305,0.034067469366606));
#12056=CARTESIAN_POINT('',(0.0275,-0.0391650137015305,0.034067469366606));
#12057=CARTESIAN_POINT('',(0.0275,-0.028,-8.67361737988404E-18));
#12058=CARTESIAN_POINT('',(-0.0175,-0.0656368689763376,0.114840242491649));
#12059=CARTESIAN_POINT('',(-0.0175,-0.099203798072428,0.0367488775973277));
#12060=CARTESIAN_POINT('',(-0.0175,-0.115,1.47197324822283E-17));
#12061=CARTESIAN_POINT('',(-0.0175,-0.099203798072428,-0.0367488775973277));
#12062=CARTESIAN_POINT('',(-0.0175,-0.0656368689763376,-0.114840242491649));
#12063=CARTESIAN_POINT('',(-0.0175,-0.0391650137015305,-0.034067469366606));
#12064=CARTESIAN_POINT('',(-0.0175,-0.028,-1.7347234759768E-18));
#12065=CARTESIAN_POINT('',(0.0275,-0.0391650137015305,-0.034067469366606));
#12066=CARTESIAN_POINT('',(0.0275,-0.0391650137015305,-0.034067469366606));
#12067=CARTESIAN_POINT('',(0.0175,-0.0391650137015305,-0.034067469366606));
#12068=CARTESIAN_POINT('',(0.0275,-0.0391650137015305,-0.034067469366606));
#12069=CARTESIAN_POINT('',(0.0275,-0.005,-0.0275));
#12070=CARTESIAN_POINT('',(0.0275,-0.005,-0.0275));
#12071=CARTESIAN_POINT('',(0.0275,-0.028,-1.7347234759768E-18));
#12072=CARTESIAN_POINT('',(-0.0285,-0.115,1.07275670556334E-17));
#12073=CARTESIAN_POINT('',(-0.0285,-0.0999936081688066,0.0349114337174612));
#12074=CARTESIAN_POINT('',(-0.0285,-0.0999936081688066,0.0349114337174612));
#12075=CARTESIAN_POINT('',(-0.0285,-0.115,1.07275670556334E-17));
#12076=CARTESIAN_POINT('',(-0.0285,-0.0999936081688067,-0.0349114337174613));
#12077=CARTESIAN_POINT('',(-0.0285,-0.0999936081688067,-0.0349114337174613));
#12078=CARTESIAN_POINT('',(-0.0285,-0.0656368689763376,0.114840242491649));
#12079=CARTESIAN_POINT('',(-0.0285,-0.0385421465185938,0.0321669335283696));
#12080=CARTESIAN_POINT('',(-0.0285,-0.0385421465185938,0.0321669335283696));
#12081=CARTESIAN_POINT('',(-0.0285,-0.0656368689763376,0.114840242491649));
#12082=CARTESIAN_POINT('',(-0.0285,-0.028,1.7347234759768E-17));
#12083=CARTESIAN_POINT('',(-0.0285,-0.007,0.0265489823879947));
#12084=CARTESIAN_POINT('',(-0.0285,-0.007,0.0265489823879947));
#12085=CARTESIAN_POINT('',(-0.0285,-0.028,1.7347234759768E-17));
#12086=CARTESIAN_POINT('',(-0.0285,-0.007,0.0132744911939973));
#12087=CARTESIAN_POINT('',(-0.0285,-0.007,-0.0265489823879947));
#12088=CARTESIAN_POINT('',(-0.0285,-0.007,-0.0265489823879947));
#12089=CARTESIAN_POINT('',(-0.0285,-0.007,0.0132744911939973));
#12090=CARTESIAN_POINT('',(-0.0285,-0.028,1.38777878078145E-17));
#12091=CARTESIAN_POINT('',(-0.0285,-0.0385421465185939,-0.0321669335283696));
#12092=CARTESIAN_POINT('',(-0.0285,-0.0385421465185939,-0.0321669335283696));
#12093=CARTESIAN_POINT('',(-0.0285,-0.028,1.38777878078145E-17));
#12094=CARTESIAN_POINT('',(-0.0285,-0.0656368689763376,-0.114840242491649));
#12095=CARTESIAN_POINT('',(-0.0285,-0.0656368689763376,-0.114840242491649));
#12096=CARTESIAN_POINT('',(-0.0285,-0.08,1.38777878078145E-17));
#12097=CARTESIAN_POINT('',(-0.0285,-0.0656368689763376,0.114840242491649));
#12098=CARTESIAN_POINT('',(-0.0285,-0.0391650137015305,0.034067469366606));
#12099=CARTESIAN_POINT('',(-0.0285,-0.0992037980724281,0.0367488775973277));
#12100=CARTESIAN_POINT('',(-0.0285,-0.115,9.96195145507934E-18));
#12101=CARTESIAN_POINT('',(-0.0285,-0.099203798072428,-0.0367488775973277));
#12102=CARTESIAN_POINT('',(-0.0285,-0.0656368689763376,-0.114840242491649));
#12103=CARTESIAN_POINT('',(-0.0285,-0.0391650137015305,-0.034067469366606));
#12104=CARTESIAN_POINT('',(-0.0285,-0.028,1.04083408558608E-17));
#12105=CARTESIAN_POINT('',(-0.0285,-0.005,-0.0275));
#12106=CARTESIAN_POINT('',(-0.0285,-0.005,0.01375));
#12107=CARTESIAN_POINT('',(-0.0285,-0.005,0.0275));
#12108=CARTESIAN_POINT('',(-0.0285,-0.028,-1.7347234759768E-18));
#12109=CARTESIAN_POINT('',(-0.0335,-0.0656368689763376,0.114840242491649));
#12110=CARTESIAN_POINT('',(-0.0335,-0.0391650137015305,0.034067469366606));
#12111=CARTESIAN_POINT('',(-0.0335,-0.0391650137015305,0.034067469366606));
#12112=CARTESIAN_POINT('',(-0.0335,-0.0656368689763376,0.114840242491649));
#12113=CARTESIAN_POINT('',(-0.0335,-0.0992037980724281,0.0367488775973277));
#12114=CARTESIAN_POINT('',(-0.0335,-0.0992037980724281,0.0367488775973277));
#12115=CARTESIAN_POINT('',(-0.0335,-0.028,-1.7347234759768E-18));
#12116=CARTESIAN_POINT('',(-0.0335,-0.005,0.0275));
#12117=CARTESIAN_POINT('',(-0.0335,-0.005,0.0275));
#12118=CARTESIAN_POINT('',(-0.0335,-0.028,-1.7347234759768E-18));
#12119=CARTESIAN_POINT('',(-0.0335,-0.005,0.01375));
#12120=CARTESIAN_POINT('',(-0.0335,-0.005,-0.0275));
#12121=CARTESIAN_POINT('',(-0.0335,-0.005,-0.0275));
#12122=CARTESIAN_POINT('',(-0.0335,-0.005,0.01375));
#12123=CARTESIAN_POINT('',(-0.0335,-0.028,1.04083408558608E-17));
#12124=CARTESIAN_POINT('',(-0.0335,-0.0391650137015305,-0.034067469366606));
#12125=CARTESIAN_POINT('',(-0.0335,-0.0391650137015305,-0.034067469366606));
#12126=CARTESIAN_POINT('',(-0.0335,-0.028,1.04083408558608E-17));
#12127=CARTESIAN_POINT('',(-0.0335,-0.0656368689763376,-0.114840242491649));
#12128=CARTESIAN_POINT('',(-0.0335,-0.099203798072428,-0.0367488775973277));
#12129=CARTESIAN_POINT('',(-0.0335,-0.099203798072428,-0.0367488775973277));
#12130=CARTESIAN_POINT('',(-0.0335,-0.0656368689763376,-0.114840242491649));
#12131=CARTESIAN_POINT('',(-0.0335,-0.115,9.96195145507934E-18));
#12132=CARTESIAN_POINT('',(-0.0335,-0.115,9.96195145507934E-18));
#12133=CARTESIAN_POINT('',(-0.040039005447339,-0.034152174437295,-0.0187719441984949));
#12134=CARTESIAN_POINT('',(-0.04,-0.0341820762380374,-0.0188631826607155));
#12135=CARTESIAN_POINT('',(-0.0335,-0.0391650137015306,-0.034067469366606));
#12136=CARTESIAN_POINT('',(-0.040039005447339,-0.0337903284482353,-0.0188905328550874));
#12137=CARTESIAN_POINT('',(-0.04,-0.0338191235143938,-0.0189821340300961));
#12138=CARTESIAN_POINT('',(-0.0335,-0.0386176309742194,-0.0342468644248254));
#12139=CARTESIAN_POINT('',(-0.040039005447339,-0.0334373924985128,-0.0189946521396887));
#12140=CARTESIAN_POINT('',(-0.04,-0.033464873648953,-0.0190866655535036));
#12141=CARTESIAN_POINT('',(-0.0335,-0.0380444257383912,-0.0344200928206655));
#12142=CARTESIAN_POINT('',(-0.040039005447339,-0.0327492937790102,-0.0191782775722754));
#12143=CARTESIAN_POINT('',(-0.04,-0.0327737546718251,-0.0192711419558767));
#12144=CARTESIAN_POINT('',(-0.0335,-0.036850000789828,-0.0347463777136168));
#12145=CARTESIAN_POINT('',(-0.040039005447339,-0.0324141263281775,-0.0192577833939056));
#12146=CARTESIAN_POINT('',(-0.04,-0.0324368808981904,-0.0193510864712483));
#12147=CARTESIAN_POINT('',(-0.0335,-0.0362287795988494,-0.0348994276415527));
#12148=CARTESIAN_POINT('',(-0.040039005447339,-0.0317609263895457,-0.0193959286526071));
#12149=CARTESIAN_POINT('',(-0.04,-0.0317799059638928,-0.019490068512619));
#12150=CARTESIAN_POINT('',(-0.0335,-0.0349427265869605,-0.035177853984192));
#12151=CARTESIAN_POINT('',(-0.040039005447339,-0.0314428900026892,-0.019454567326461));
#12152=CARTESIAN_POINT('',(-0.04,-0.0314598009274094,-0.0195491052410856));
#12153=CARTESIAN_POINT('',(-0.0335,-0.0342778947625016,-0.0353032238829923));
#12154=CARTESIAN_POINT('',(-0.040039005447339,-0.0308228621073214,-0.0195541627287412));
#12155=CARTESIAN_POINT('',(-0.04,-0.0308353109354094,-0.0196493956671417));
#12156=CARTESIAN_POINT('',(-0.0335,-0.0329098258581262,-0.0355193354276877));
#12157=CARTESIAN_POINT('',(-0.040039005447339,-0.0305208673836568,-0.0195951184486019));
#12158=CARTESIAN_POINT('',(-0.04,-0.0305309227927767,-0.019690648324956));
#12159=CARTESIAN_POINT('',(-0.0335,-0.0322065902632914,-0.0356100708329148));
#12160=CARTESIAN_POINT('',(-0.040039005447339,-0.0299314871808369,-0.0196619973500941));
#12161=CARTESIAN_POINT('',(-0.04,-0.0299364752170798,-0.0197579671366699));
#12162=CARTESIAN_POINT('',(-0.0335,-0.0307676984894862,-0.0357506977755642));
#12163=CARTESIAN_POINT('',(-0.040039005447339,-0.0296440990661158,-0.019687919422845));
#12164=CARTESIAN_POINT('',(-0.04,-0.0296464131815978,-0.0197840321541831));
#12165=CARTESIAN_POINT('',(-0.0335,-0.0300320452319579,-0.0358005835929401));
#12166=CARTESIAN_POINT('',(-0.040039005447339,-0.0290822382480376,-0.0197268776974935));
#12167=CARTESIAN_POINT('',(-0.04,-0.0290789740423097,-0.0198230779562183));
#12168=CARTESIAN_POINT('',(-0.0335,-0.0285350157319057,-0.0358542152554818));
#12169=CARTESIAN_POINT('',(-0.040039005447339,-0.0288077633852273,-0.0197399127974983));
#12170=CARTESIAN_POINT('',(-0.04,-0.028801594817207,-0.0198360576158929));
#12171=CARTESIAN_POINT('',(-0.0335,-0.0277736437266,-0.035857956150548));
#12172=CARTESIAN_POINT('',(-0.040039005447339,-0.0284043272670774,-0.0197510591537436));
#12173=CARTESIAN_POINT('',(-0.04,-0.0283936703791209,-0.0198469456758193));
#12174=CARTESIAN_POINT('',(-0.0335,-0.0266177704358363,-0.0358258008360767));
#12175=CARTESIAN_POINT('',(-0.040039005447339,-0.0282712266632493,-0.0197533699958707));
#12176=CARTESIAN_POINT('',(-0.04,-0.0282590517391751,-0.019849141304231));
#12177=CARTESIAN_POINT('',(-0.0335,-0.0262301811100392,-0.0358087968603127));
#12178=CARTESIAN_POINT('',(-0.040039005447339,-0.028007534334878,-0.0197553510012421));
#12179=CARTESIAN_POINT('',(-0.04,-0.0279922866635139,-0.0198508301797013));
#12180=CARTESIAN_POINT('',(-0.0335,-0.025451363007254,-0.0357618042185459));
#12181=CARTESIAN_POINT('',(-0.040039005447339,-0.0278769425595611,-0.0197550211346189));
#12182=CARTESIAN_POINT('',(-0.04,-0.0278601401784184,-0.0198503233964415));
#12183=CARTESIAN_POINT('',(-0.0335,-0.0250601344131221,-0.0357318154470985));
#12184=CARTESIAN_POINT('',(-0.040039005447339,-0.0276180140431383,-0.0197518628109053));
#12185=CARTESIAN_POINT('',(-0.04,-0.0275980729322155,-0.0198467466942366));
#12186=CARTESIAN_POINT('',(-0.0335,-0.0242750185939011,-0.0356585187344993));
#12187=CARTESIAN_POINT('',(-0.040039005447339,-0.0274896772553791,-0.0197490343262792));
#12188=CARTESIAN_POINT('',(-0.04,-0.0274681521258999,-0.0198436767474072));
#12189=CARTESIAN_POINT('',(-0.0335,-0.0238811315644187,-0.0356152107073937));
#12190=CARTESIAN_POINT('',(-0.040039005447339,-0.0272349999189759,-0.0197409953283909));
#12191=CARTESIAN_POINT('',(-0.04,-0.0272102849426505,-0.0198350880800911));
#12192=CARTESIAN_POINT('',(-0.0335,-0.0230916974869355,-0.0355150232628662));
#12193=CARTESIAN_POINT('',(-0.040039005447339,-0.0271086593271406,-0.0197357847901948));
#12194=CARTESIAN_POINT('',(-0.04,-0.0270823385240122,-0.0198295693344297));
#12195=CARTESIAN_POINT('',(-0.0335,-0.0226961506449768,-0.0354581437801375));
#12196=CARTESIAN_POINT('',(-0.040039005447339,-0.0268577119825759,-0.019723073508453));
#12197=CARTESIAN_POINT('',(-0.04,-0.0268281653082397,-0.0198161733447366));
#12198=CARTESIAN_POINT('',(-0.0335,-0.0219044073132044,-0.0353306457358249));
#12199=CARTESIAN_POINT('',(-0.040039005447339,-0.026733105189486,-0.0197155727427846));
#12200=CARTESIAN_POINT('',(-0.04,-0.0267019384722624,-0.0198082960784534));
#12201=CARTESIAN_POINT('',(-0.0335,-0.0215082110374052,-0.0352600271304935));
#12202=CARTESIAN_POINT('',(-0.040039005447339,-0.0264853606883135,-0.0196983487974551));
#12203=CARTESIAN_POINT('',(-0.04,-0.0264509473063821,-0.0197902499482413));
#12204=CARTESIAN_POINT('',(-0.0335,-0.0207161846561824,-0.0351049693236608));
#12205=CARTESIAN_POINT('',(-0.040039005447339,-0.0263622229420948,-0.0196886255986371));
#12206=CARTESIAN_POINT('',(-0.04,-0.0263261829398793,-0.0197800810651412));
#12207=CARTESIAN_POINT('',(-0.0335,-0.0203203547701674,-0.0350205301006181));
#12208=CARTESIAN_POINT('',(-0.040039005447339,-0.0261171506015701,-0.0196670011661863));
#12209=CARTESIAN_POINT('',(-0.04,-0.026077858419208,-0.0197574958493657));
#12210=CARTESIAN_POINT('',(-0.0335,-0.0195300759227397,-0.0348378366938855));
#12211=CARTESIAN_POINT('',(-0.040039005447339,-0.0259952159707687,-0.0196550999164679));
#12212=CARTESIAN_POINT('',(-0.04,-0.025954298230087,-0.0197450795007067));
#12213=CARTESIAN_POINT('',(-0.0335,-0.0191356271834703,-0.0347395825112257));
#12214=CARTESIAN_POINT('',(-0.040039005447339,-0.0257522838661854,-0.0196291408782164));
#12215=CARTESIAN_POINT('',(-0.04,-0.0257081236630919,-0.0197180212769176));
#12216=CARTESIAN_POINT('',(-0.0335,-0.0183491176859691,-0.0345293522824483));
#12217=CARTESIAN_POINT('',(-0.040039005447339,-0.0256312863569848,-0.019615083076729));
#12218=CARTESIAN_POINT('',(-0.04,-0.0255855092513354,-0.0197033793890516));
#12219=CARTESIAN_POINT('',(-0.0335,-0.0179570571499128,-0.0344173762600051));
#12220=CARTESIAN_POINT('',(-0.040039005447339,-0.0253899635154274,-0.0195848099835516));
#12221=CARTESIAN_POINT('',(-0.04,-0.0253409687609101,-0.0196718702159666));
#12222=CARTESIAN_POINT('',(-0.0335,-0.0171763167420626,-0.0341798825399493));
#12223=CARTESIAN_POINT('',(-0.040039005447339,-0.0252696381481795,-0.0195685946820554));
#12224=CARTESIAN_POINT('',(-0.04,-0.0252190426488673,-0.0196550029212747));
#12225=CARTESIAN_POINT('',(-0.0335,-0.0167876370897671,-0.0340543648884295));
#12226=CARTESIAN_POINT('',(-0.040039005447339,-0.0250293966775823,-0.0195339835315217));
#12227=CARTESIAN_POINT('',(-0.04,-0.0249756232092893,-0.0196190216028208));
#12228=CARTESIAN_POINT('',(-0.0335,-0.0160146301237279,-0.033790054141922));
#12229=CARTESIAN_POINT('',(-0.040039005447339,-0.0249094805393333,-0.0195155876758019));
#12230=CARTESIAN_POINT('',(-0.04,-0.02485412984834,-0.0195999075728216));
#12231=CARTESIAN_POINT('',(-0.0335,-0.015630303024129,-0.0336512611149212));
#12232=CARTESIAN_POINT('',(-0.040039005447339,-0.0246697977257833,-0.0194765705007267));
#12233=CARTESIAN_POINT('',(-0.04,-0.0246113232916189,-0.0195593902267001));
#12234=CARTESIAN_POINT('',(-0.0335,-0.0148669453137251,-0.0333607501790171));
#12235=CARTESIAN_POINT('',(-0.040039005447339,-0.0245500310150472,-0.0194559491777486));
#12236=CARTESIAN_POINT('',(-0.04,-0.0244900100618533,-0.0195379869075078));
#12237=CARTESIAN_POINT('',(-0.0335,-0.0144879149091059,-0.0332090323591777));
#12238=CARTESIAN_POINT('',(-0.040039005447339,-0.0243103914205232,-0.0194124144475923));
#12239=CARTESIAN_POINT('',(-0.04,-0.0242473150864239,-0.0194928273399027));
#12240=CARTESIAN_POINT('',(-0.0335,-0.0137360608997473,-0.0328931043697726));
#12241=CARTESIAN_POINT('',(-0.040039005447339,-0.0241905185002427,-0.0193895010397459));
#12242=CARTESIAN_POINT('',(-0.04,-0.0241259333056527,-0.019469071091476));
#12243=CARTESIAN_POINT('',(-0.0335,-0.0133632374907354,-0.0327288943092477));
#12244=CARTESIAN_POINT('',(-0.040039005447339,-0.0239504160924514,-0.0193412938787306));
#12245=CARTESIAN_POINT('',(-0.04,-0.0238828575198191,-0.0194191209820395));
#12246=CARTESIAN_POINT('',(-0.0335,-0.0126246679061283,-0.0323884933651085));
#12247=CARTESIAN_POINT('',(-0.040039005447339,-0.0238301865668705,-0.0193160001277013));
#12248=CARTESIAN_POINT('',(-0.04,-0.0237611634780047,-0.019392927123918));
#12249=CARTESIAN_POINT('',(-0.0335,-0.0122589219134445,-0.0322123026091461));
#12250=CARTESIAN_POINT('',(-0.040039005447339,-0.023589126912523,-0.0192629223559505));
#12251=CARTESIAN_POINT('',(-0.04,-0.0235172255101829,-0.0193379960276974));
#12252=CARTESIAN_POINT('',(-0.0335,-0.011535332028791,-0.0318485272392316));
#12253=CARTESIAN_POINT('',(-0.040039005447339,-0.0234682967435876,-0.0192351383399856));
#12254=CARTESIAN_POINT('',(-0.04,-0.0233949815452479,-0.0193092587951895));
#12255=CARTESIAN_POINT('',(-0.0335,-0.0111774883047321,-0.0316609427699321));
#12256=CARTESIAN_POINT('',(-0.040039005447339,-0.0232257992963356,-0.0191769483465087));
#12257=CARTESIAN_POINT('',(-0.04,-0.0231497132528829,-0.0192491139707508));
#12258=CARTESIAN_POINT('',(-0.0335,-0.0104704769876546,-0.0312750382857958));
#12259=CARTESIAN_POINT('',(-0.040039005447339,-0.0231041319752269,-0.0191465423761324));
#12260=CARTESIAN_POINT('',(-0.04,-0.0230266888838163,-0.0192177063868666));
#12261=CARTESIAN_POINT('',(-0.0335,-0.0101213095455635,-0.0310767184307825));
#12262=CARTESIAN_POINT('',(-0.040039005447339,-0.0228597324895415,-0.0190829548351204));
#12263=CARTESIAN_POINT('',(-0.04,-0.0227796376928509,-0.0191520724625892));
#12264=CARTESIAN_POINT('',(-0.0335,-0.00943236919562165,-0.0306700682605043));
#12265=CARTESIAN_POINT('',(-0.040039005447339,-0.0227370002790188,-0.0190497732737109));
#12266=CARTESIAN_POINT('',(-0.04,-0.0226556108260687,-0.019117846132399));
#12267=CARTESIAN_POINT('',(-0.0335,-0.00909259641995844,-0.0304617381182148));
#12268=CARTESIAN_POINT('',(-0.040039005447339,-0.0224902533815123,-0.0189804587184429));
#12269=CARTESIAN_POINT('',(-0.04,-0.0224063422329846,-0.0190464046258086));
#12270=CARTESIAN_POINT('',(-0.0335,-0.00842310392555349,-0.0300358542314281));
#12271=CARTESIAN_POINT('',(-0.040039005447339,-0.0223662386448902,-0.0189443257355559));
#12272=CARTESIAN_POINT('',(-0.04,-0.0222811004580084,-0.0190091894614117));
#12273=CARTESIAN_POINT('',(-0.0335,-0.00809338431874845,-0.0298183006708823));
#12274=CARTESIAN_POINT('',(-0.040039005447339,-0.0221167205949284,-0.0188689100072895));
#12275=CARTESIAN_POINT('',(-0.04,-0.0220292007267262,-0.0189315781695428));
#12276=CARTESIAN_POINT('',(-0.0335,-0.00744459313667702,-0.0293748132158051));
#12277=CARTESIAN_POINT('',(-0.040039005447339,-0.0219912172277125,-0.0188296272742195));
#12278=CARTESIAN_POINT('',(-0.04,-0.0219025427174047,-0.0188911820554558));
#12279=CARTESIAN_POINT('',(-0.0335,-0.00712552165184724,-0.0291488795139052));
#12280=CARTESIAN_POINT('',(-0.040039005447339,-0.0216121847355483,-0.018706722663114));
#12281=CARTESIAN_POINT('',(-0.04,-0.0215201613468072,-0.0187649004787423));
#12282=CARTESIAN_POINT('',(-0.0335,-0.00618507182411545,-0.0284598489380329));
#12283=CARTESIAN_POINT('',(-0.040039005447339,-0.0213561263996871,-0.0186180568709965));
#12284=CARTESIAN_POINT('',(-0.04,-0.0212620240415115,-0.0186739340645293));
#12285=CARTESIAN_POINT('',(-0.0335,-0.00558048800309657,-0.0279854990571353));
#12286=CARTESIAN_POINT('',(-0.040039005447339,-0.0210960134088346,-0.0185216348295054));
#12287=CARTESIAN_POINT('',(-0.04,-0.021,-0.0185751911619888));
#12288=CARTESIAN_POINT('',(-0.0335,-0.005,-0.0275));
#12289=CARTESIAN_POINT('',(-0.04,-0.0341820762380374,-0.0188631826607155));
#12290=CARTESIAN_POINT('',(-0.04,-0.0341820762380374,-0.0188631826607155));
#12291=CARTESIAN_POINT('',(-0.04,-0.028,2.42861286636753E-17));
#12292=CARTESIAN_POINT('',(-0.04,-0.021,-0.0185751911619888));
#12293=CARTESIAN_POINT('',(-0.04,-0.021,-0.0185751911619888));
#12294=CARTESIAN_POINT('',(-0.04,-0.0656368689763376,-0.114840242491649));
#12295=CARTESIAN_POINT('',(-0.04,-0.105522278843457,-0.0220493265583966));
#12296=CARTESIAN_POINT('',(-0.04,-0.105522278843457,-0.0220493265583966));
#12297=CARTESIAN_POINT('',(-0.04,-0.0656368689763376,-0.114840242491649));
#12298=CARTESIAN_POINT('',(-0.04,-0.115,1.54910627208348E-17));
#12299=CARTESIAN_POINT('',(-0.04,-0.105522278843457,0.0220493265583966));
#12300=CARTESIAN_POINT('',(-0.04,-0.105522278843457,0.0220493265583966));
#12301=CARTESIAN_POINT('',(-0.04,-0.115,1.54910627208348E-17));
#12302=CARTESIAN_POINT('',(-0.04,-0.0656368689763376,0.114840242491649));
#12303=CARTESIAN_POINT('',(-0.03675,-0.0366735449697839,0.0264653260136608));
#12304=CARTESIAN_POINT('',(-0.04,-0.0341820762380374,0.0188631826607155));
#12305=CARTESIAN_POINT('',(-0.04,-0.0656368689763376,0.114840242491649));
#12306=CARTESIAN_POINT('',(-0.0400390049736219,-0.0210960122427615,0.0185216354799416));
#12307=CARTESIAN_POINT('',(-0.04,-0.021,0.0185751911619888));
#12308=CARTESIAN_POINT('',(-0.0335,-0.005,0.0275));
#12309=CARTESIAN_POINT('',(-0.0400390049736219,-0.0213561252568235,0.0186180575496193));
#12310=CARTESIAN_POINT('',(-0.04,-0.0212620240415115,0.0186739340645293));
#12311=CARTESIAN_POINT('',(-0.0335,-0.00558048800309653,0.0279854990571353));
#12312=CARTESIAN_POINT('',(-0.0400390049736219,-0.0216121836179336,0.0187067233696777));
#12313=CARTESIAN_POINT('',(-0.04,-0.0215201613468072,0.0187649004787422));
#12314=CARTESIAN_POINT('',(-0.0335,-0.0061850718241155,0.0284598489380329));
#12315=CARTESIAN_POINT('',(-0.0400390049736219,-0.0219912161507696,0.0188296280217961));
#12316=CARTESIAN_POINT('',(-0.04,-0.0219025427174048,0.0188911820554558));
#12317=CARTESIAN_POINT('',(-0.0335,-0.00712552165184731,0.0291488795139053));
#12318=CARTESIAN_POINT('',(-0.0400390049736219,-0.0221167195320085,0.018868910768388));
#12319=CARTESIAN_POINT('',(-0.04,-0.0220292007267262,0.0189315781695428));
#12320=CARTESIAN_POINT('',(-0.0335,-0.00744459313667707,0.0293748132158052));
#12321=CARTESIAN_POINT('',(-0.0400390049736219,-0.0223662376108956,0.0189443265233192));
#12322=CARTESIAN_POINT('',(-0.04,-0.0222811004580085,0.0190091894614117));
#12323=CARTESIAN_POINT('',(-0.0335,-0.00809338431874851,0.0298183006708823));
#12324=CARTESIAN_POINT('',(-0.0400390049736219,-0.0224902523624198,0.0189804595193492));
#12325=CARTESIAN_POINT('',(-0.04,-0.0224063422329845,0.0190464046258086));
#12326=CARTESIAN_POINT('',(-0.0335,-0.00842310392555335,0.030035854231428));
#12327=CARTESIAN_POINT('',(-0.0400390049736219,-0.0227369992905522,0.0190497741004488));
#12328=CARTESIAN_POINT('',(-0.04,-0.0226556108260686,0.0191178461323989));
#12329=CARTESIAN_POINT('',(-0.0335,-0.00909259641995829,0.0304617381182147));
#12330=CARTESIAN_POINT('',(-0.0400390049736219,-0.0228597315167984,0.019082955674547));
#12331=CARTESIAN_POINT('',(-0.04,-0.0227796376928509,0.0191520724625892));
#12332=CARTESIAN_POINT('',(-0.0335,-0.00943236919562172,0.0306700682605043));
#12333=CARTESIAN_POINT('',(-0.0400390049736219,-0.0231041310346884,0.0191465432404121));
#12334=CARTESIAN_POINT('',(-0.04,-0.0230266888838163,0.0192177063868666));
#12335=CARTESIAN_POINT('',(-0.0335,-0.0101213095455636,0.0310767184307825));
#12336=CARTESIAN_POINT('',(-0.0400390049736219,-0.0232257983722784,0.0191769492229528));
#12337=CARTESIAN_POINT('',(-0.04,-0.023149713252883,0.0192491139707507));
#12338=CARTESIAN_POINT('',(-0.0335,-0.0104704769876547,0.0312750382857959));
#12339=CARTESIAN_POINT('',(-0.0400390049736219,-0.023468295853182,0.019235139240171));
#12340=CARTESIAN_POINT('',(-0.04,-0.0233949815452479,0.0193092587951895));
#12341=CARTESIAN_POINT('',(-0.0335,-0.0111774883047322,0.0316609427699321));
#12342=CARTESIAN_POINT('',(-0.0400390049736219,-0.0235891260392878,0.0192629232677126));
#12343=CARTESIAN_POINT('',(-0.04,-0.023517225510183,0.0193379960276974));
#12344=CARTESIAN_POINT('',(-0.0335,-0.0115353320287911,0.0318485272392316));
#12345=CARTESIAN_POINT('',(-0.0400390049736219,-0.0238301857285921,0.0193160010619719));
#12346=CARTESIAN_POINT('',(-0.04,-0.0237611634780047,0.019392927123918));
#12347=CARTESIAN_POINT('',(-0.0335,-0.0122589219134446,0.0322123026091461));
#12348=CARTESIAN_POINT('',(-0.0400390049736219,-0.0239504152719594,0.0193412948239328));
#12349=CARTESIAN_POINT('',(-0.04,-0.0238828575198191,0.0194191209820395));
#12350=CARTESIAN_POINT('',(-0.0335,-0.0126246679061283,0.0323884933651086));
#12351=CARTESIAN_POINT('',(-0.0400390049736219,-0.0241905177158621,0.0193895020061161));
#12352=CARTESIAN_POINT('',(-0.04,-0.0241259333056527,0.019469071091476));
#12353=CARTESIAN_POINT('',(-0.0335,-0.0133632374907354,0.0327288943092477));
#12354=CARTESIAN_POINT('',(-0.0400390049736219,-0.0243103906544676,0.0194124154241987));
#12355=CARTESIAN_POINT('',(-0.04,-0.0242473150864239,0.0194928273399026));
#12356=CARTESIAN_POINT('',(-0.0335,-0.0137360608997474,0.0328931043697726));
#12357=CARTESIAN_POINT('',(-0.0400390049736219,-0.0245500302860989,0.0194559501740884));
#12358=CARTESIAN_POINT('',(-0.04,-0.0244900100618533,0.0195379869075077));
#12359=CARTESIAN_POINT('',(-0.0335,-0.014487914909106,0.0332090323591777));
#12360=CARTESIAN_POINT('',(-0.0400390049736219,-0.0246697970156173,0.0194765715065638));
#12361=CARTESIAN_POINT('',(-0.04,-0.024611323291619,0.0195593902267001));
#12362=CARTESIAN_POINT('',(-0.0335,-0.0148669453137253,0.0333607501790172));
#12363=CARTESIAN_POINT('',(-0.0400390049736219,-0.0249094798671048,0.0195155886998584));
#12364=CARTESIAN_POINT('',(-0.04,-0.0248541298483401,0.0195999075728216));
#12365=CARTESIAN_POINT('',(-0.0335,-0.0156303030241292,0.0336512611149213));
#12366=CARTESIAN_POINT('',(-0.0400390049736219,-0.025029396024509,0.0195339845643004));
#12367=CARTESIAN_POINT('',(-0.04,-0.0249756232092893,0.0196190216028207));
#12368=CARTESIAN_POINT('',(-0.0335,-0.0160146301237279,0.033790054141922));
#12369=CARTESIAN_POINT('',(-0.0400390049736219,-0.0252696375337024,0.0195685957314746));
#12370=CARTESIAN_POINT('',(-0.04,-0.0252190426488673,0.0196550029212747));
#12371=CARTESIAN_POINT('',(-0.0335,-0.0167876370897671,0.0340543648884295));
#12372=CARTESIAN_POINT('',(-0.0400390049736219,-0.025389962920391,0.0195848110408892));
#12373=CARTESIAN_POINT('',(-0.04,-0.02534096876091,0.0196718702159665));
#12374=CARTESIAN_POINT('',(-0.0335,-0.0171763167420625,0.0341798825399491));
#12375=CARTESIAN_POINT('',(-0.0400390049736219,-0.0256312858010264,0.0196150841490787));
#12376=CARTESIAN_POINT('',(-0.04,-0.0255855092513354,0.0197033793890515));
#12377=CARTESIAN_POINT('',(-0.0335,-0.0179570571499126,0.0344173762600051));
#12378=CARTESIAN_POINT('',(-0.0400390049736219,-0.0257522833298643,0.0196291419576598));
#12379=CARTESIAN_POINT('',(-0.04,-0.0257081236630919,0.0197180212769176));
#12380=CARTESIAN_POINT('',(-0.0335,-0.0183491176859692,0.0345293522824483));
#12381=CARTESIAN_POINT('',(-0.0400390049736219,-0.0259952154738269,0.0196551010092608));
#12382=CARTESIAN_POINT('',(-0.04,-0.025954298230087,0.0197450795007067));
#12383=CARTESIAN_POINT('',(-0.0335,-0.0191356271834704,0.0347395825112257));
#12384=CARTESIAN_POINT('',(-0.0400390049736219,-0.0261171501243706,0.019667002265235));
#12385=CARTESIAN_POINT('',(-0.04,-0.026077858419208,0.0197574958493657));
#12386=CARTESIAN_POINT('',(-0.0335,-0.0195300759227399,0.0348378366938856));
#12387=CARTESIAN_POINT('',(-0.0400390049736219,-0.0263622225043927,0.0196886267093545));
#12388=CARTESIAN_POINT('',(-0.04,-0.0263261829398794,0.0197800810651412));
#12389=CARTESIAN_POINT('',(-0.0335,-0.0203203547701676,0.0350205301006182));
#12390=CARTESIAN_POINT('',(-0.0400390049736219,-0.0264853602703665,0.0196983499135852));
#12391=CARTESIAN_POINT('',(-0.04,-0.0264509473063821,0.0197902499482413));
#12392=CARTESIAN_POINT('',(-0.0335,-0.0207161846561825,0.0351049693236609));
#12393=CARTESIAN_POINT('',(-0.0400390049736219,-0.0267331048109694,0.0197155738689001));
#12394=CARTESIAN_POINT('',(-0.04,-0.0267019384722624,0.0198082960784534));
#12395=CARTESIAN_POINT('',(-0.0335,-0.0215082110374053,0.0352600271304935));
#12396=CARTESIAN_POINT('',(-0.0400390049736219,-0.0268577116237347,0.0197230746391411));
#12397=CARTESIAN_POINT('',(-0.04,-0.0268281653082398,0.0198161733447366));
#12398=CARTESIAN_POINT('',(-0.0335,-0.0219044073132046,0.035330645735825));
#12399=CARTESIAN_POINT('',(-0.0400390049736219,-0.0271086590074772,0.0197357859291986));
#12400=CARTESIAN_POINT('',(-0.04,-0.0270823385240122,0.0198295693344297));
#12401=CARTESIAN_POINT('',(-0.0335,-0.0226961506449771,0.0354581437801375));
#12402=CARTESIAN_POINT('',(-0.0400390049736219,-0.027234999618815,0.0197409964711378));
#12403=CARTESIAN_POINT('',(-0.04,-0.0272102849426505,0.0198350880800911));
#12404=CARTESIAN_POINT('',(-0.0335,-0.0230916974869355,0.0355150232628662));
#12405=CARTESIAN_POINT('',(-0.0400390049736219,-0.0274896769939585,0.0197490354757018));
#12406=CARTESIAN_POINT('',(-0.04,-0.0274681521258998,0.0198436767474072));
#12407=CARTESIAN_POINT('',(-0.0335,-0.0238811315644187,0.0356152107073937));
#12408=CARTESIAN_POINT('',(-0.0400390049736219,-0.0276180138009555,0.0197518639632604));
#12409=CARTESIAN_POINT('',(-0.04,-0.0275980729322155,0.0198467466942365));
#12410=CARTESIAN_POINT('',(-0.0335,-0.0242750185939012,0.0356585187344993));
#12411=CARTESIAN_POINT('',(-0.0400390049736219,-0.0278769423554979,0.0197550222920552));
#12412=CARTESIAN_POINT('',(-0.04,-0.0278601401784184,0.0198503233964415));
#12413=CARTESIAN_POINT('',(-0.0335,-0.0250601344131222,0.0357318154470985));
#12414=CARTESIAN_POINT('',(-0.0400390049736219,-0.0280075341496966,0.0197553521608269));
#12415=CARTESIAN_POINT('',(-0.04,-0.0279922866635138,0.0198508301797013));
#12416=CARTESIAN_POINT('',(-0.0335,-0.025451363007254,0.0357618042185459));
#12417=CARTESIAN_POINT('',(-0.0400390049736219,-0.0282712265153861,0.0197533711590035));
#12418=CARTESIAN_POINT('',(-0.04,-0.028259051739175,0.019849141304231));
#12419=CARTESIAN_POINT('',(-0.0335,-0.0262301811100393,0.0358087968603127));
#12420=CARTESIAN_POINT('',(-0.0400390049736219,-0.0284043271376506,0.0197510603182757));
#12421=CARTESIAN_POINT('',(-0.04,-0.0283936703791209,0.0198469456758193));
#12422=CARTESIAN_POINT('',(-0.0335,-0.0266177704358362,0.0358258008360767));
#12423=CARTESIAN_POINT('',(-0.0400390049736219,-0.0288077633103106,0.0197399139651674));
#12424=CARTESIAN_POINT('',(-0.04,-0.028801594817207,0.0198360576158929));
#12425=CARTESIAN_POINT('',(-0.0335,-0.0277736437265999,0.035857956150548));
#12426=CARTESIAN_POINT('',(-0.0400390049736219,-0.0290822382083942,0.0197268788658359));
#12427=CARTESIAN_POINT('',(-0.04,-0.0290789740423097,0.0198230779562183));
#12428=CARTESIAN_POINT('',(-0.0335,-0.0285350157319059,0.0358542152554818));
#12429=CARTESIAN_POINT('',(-0.0400390049736219,-0.0296440990942205,0.0196879205901243));
#12430=CARTESIAN_POINT('',(-0.04,-0.0296464131815978,0.019784032154183));
#12431=CARTESIAN_POINT('',(-0.0335,-0.0300320452319581,0.0358005835929401));
#12432=CARTESIAN_POINT('',(-0.0400390049736219,-0.029931487241416,0.0196619985156374));
#12433=CARTESIAN_POINT('',(-0.04,-0.0299364752170798,0.0197579671366699));
#12434=CARTESIAN_POINT('',(-0.0335,-0.0307676984894864,0.0357506977755642));
#12435=CARTESIAN_POINT('',(-0.0400390049736219,-0.0305208675057787,0.0195951196088025));
#12436=CARTESIAN_POINT('',(-0.04,-0.0305309227927767,0.019690648324956));
#12437=CARTESIAN_POINT('',(-0.0335,-0.0322065902632915,0.0356100708329148));
#12438=CARTESIAN_POINT('',(-0.0400390049736219,-0.0308228622585112,0.0195541638853355));
#12439=CARTESIAN_POINT('',(-0.04,-0.0308353109354095,0.0196493956671417));
#12440=CARTESIAN_POINT('',(-0.0335,-0.0329098258581264,0.0355193354276877));
#12441=CARTESIAN_POINT('',(-0.0400390049736219,-0.0314428902080707,0.0194545684746143));
#12442=CARTESIAN_POINT('',(-0.04,-0.0314598009274094,0.0195491052410855));
#12443=CARTESIAN_POINT('',(-0.0335,-0.0342778947625018,0.0353032238829922));
#12444=CARTESIAN_POINT('',(-0.0400390049736219,-0.0317609266200506,0.0193959297959261));
#12445=CARTESIAN_POINT('',(-0.04,-0.0317799059638927,0.0194900685126191));
#12446=CARTESIAN_POINT('',(-0.0335,-0.0349427265869603,0.035177853984192));
#12447=CARTESIAN_POINT('',(-0.0400390049736219,-0.0324141266045293,0.019257784527062));
#12448=CARTESIAN_POINT('',(-0.04,-0.0324368808981902,0.0193510864712483));
#12449=CARTESIAN_POINT('',(-0.0335,-0.0362287795988492,0.0348994276415528));
#12450=CARTESIAN_POINT('',(-0.0400390049736219,-0.0327492940760853,0.0191782787001039));
#12451=CARTESIAN_POINT('',(-0.04,-0.0327737546718252,0.0192711419558766));
#12452=CARTESIAN_POINT('',(-0.0335,-0.0368500007898282,0.0347463777136167));
#12453=CARTESIAN_POINT('',(-0.0400390049736219,-0.0334373928322687,0.0189946532571823));
#12454=CARTESIAN_POINT('',(-0.04,-0.0334648736489531,0.0190866655535036));
#12455=CARTESIAN_POINT('',(-0.0335,-0.0380444257383914,0.0344200928206654));
#12456=CARTESIAN_POINT('',(-0.0400390049736219,-0.0337903287979485,0.0188905339675744));
#12457=CARTESIAN_POINT('',(-0.04,-0.0338191235143938,0.0189821340300961));
#12458=CARTESIAN_POINT('',(-0.0335,-0.0386176309742193,0.0342468644248254));
#12459=CARTESIAN_POINT('',(-0.0400390049736219,-0.0341521748004492,0.0187719453065767));
#12460=CARTESIAN_POINT('',(-0.04,-0.0341820762380374,0.0188631826607155));
#12461=CARTESIAN_POINT('',(-0.0335,-0.0391650137015305,0.034067469366606));
#12462=CARTESIAN_POINT('',(-0.04,-0.021,0.0185751911619888));
#12463=CARTESIAN_POINT('',(-0.04,-0.021,0.0185751911619888));
#12464=CARTESIAN_POINT('',(-0.04,-0.028,8.67361737988404E-18));
#12465=CARTESIAN_POINT('',(-0.0270108968985751,0.0109731768650461,0.));
#12466=CARTESIAN_POINT('',(-0.04,-0.021,-1.38777878078145E-17));
#12467=CARTESIAN_POINT('',(-0.04,-0.08,6.93889390390723E-18));
#12468=CARTESIAN_POINT('',(-0.0275,-0.115,1.56382175815888E-17));
#12469=CARTESIAN_POINT('',(-0.0275,-0.115,1.56382175815888E-17));
#12470=CARTESIAN_POINT('',(-0.0275,-0.115,-0.015));
#12471=CARTESIAN_POINT('',(-0.0275,-0.08,1.38777878078145E-17));
#12472=CARTESIAN_POINT('',(0.0275,-0.005,0.));
#12473=CARTESIAN_POINT('',(0.0275,-0.005,0.));
#12474=CARTESIAN_POINT('',(0.0275,-0.005,0.));
#12475=CARTESIAN_POINT('',(0.0275,-0.005,0.));
#12476=CARTESIAN_POINT('',(0.0275,-0.0391650137015305,0.));
#12477=CARTESIAN_POINT('',(0.0175,-0.0391650137015305,0.));
#12478=CARTESIAN_POINT('',(0.0275,-0.08,1.38777878078145E-17));
#12479=CARTESIAN_POINT('',(0.0275,-0.0656368689763376,-0.114840242491649));
#12480=CARTESIAN_POINT('',(0.0275,-0.0999936081688067,-0.0349114337174613));
#12481=CARTESIAN_POINT('',(0.0275,-0.0385421465185938,-0.0321669335283696));
#12482=CARTESIAN_POINT('',(0.0275,-0.115,1.50643757455755E-17));
#12483=CARTESIAN_POINT('',(0.0275,-0.0999936081688066,0.0349114337174613));
#12484=CARTESIAN_POINT('',(0.0275,-0.0656368689763376,0.114840242491649));
#12485=CARTESIAN_POINT('',(0.0275,-0.0385421465185938,0.0321669335283698));
#12486=CARTESIAN_POINT('',(0.0275,-0.028,-1.38777878078145E-17));
#12487=CARTESIAN_POINT('',(0.0275,-0.007,0.0265489823879947));
#12488=CARTESIAN_POINT('',(0.0275,-0.007,-0.0132744911939973));
#12489=CARTESIAN_POINT('',(0.0275,-0.007,-0.0265489823879947));
#12490=CARTESIAN_POINT('',(0.0275,-0.028,1.38777878078145E-17));
#12491=CARTESIAN_POINT('',(0.0275,-0.0656368689763376,0.114840242491649));
#12492=CARTESIAN_POINT('',(0.0275,-0.099203798072428,0.0367488775973277));
#12493=CARTESIAN_POINT('',(0.0275,-0.115,1.47197324822283E-17));
#12494=CARTESIAN_POINT('',(0.0275,-0.099203798072428,-0.0367488775973277));
#12495=CARTESIAN_POINT('',(0.0275,-0.0656368689763376,-0.114840242491649));
#12496=CARTESIAN_POINT('',(0.0175,-0.08,0.));
#12497=CARTESIAN_POINT('',(0.0175,-0.115,1.56382175815888E-17));
#12498=CARTESIAN_POINT('',(0.0175,-0.115,-0.015));
#12499=CARTESIAN_POINT('',(0.0175,-0.0656368689763376,-0.114840242491649));
#12500=CARTESIAN_POINT('',(0.0175,-0.099203798072428,-0.0367488775973277));
#12501=CARTESIAN_POINT('',(0.0175,-0.115,1.47197324822283E-17));
#12502=CARTESIAN_POINT('',(0.0175,-0.099203798072428,0.0367488775973277));
#12503=CARTESIAN_POINT('',(0.0175,-0.0656368689763376,0.114840242491649));
#12504=CARTESIAN_POINT('',(0.0175,-0.0656368689763376,-0.114840242491649));
#12505=CARTESIAN_POINT('',(0.0175,-0.099203798072428,-0.0367488775973277));
#12506=CARTESIAN_POINT('',(0.0175,-0.115,1.47197324822283E-17));
#12507=CARTESIAN_POINT('',(0.0175,-0.099203798072428,0.0367488775973277));
#12508=CARTESIAN_POINT('',(0.0175,-0.0656368689763376,0.114840242491649));
#12509=CARTESIAN_POINT('',(0.0275,-0.115,1.56382175815888E-17));
#12510=CARTESIAN_POINT('',(0.0275,-0.115,1.56382175815888E-17));
#12511=CARTESIAN_POINT('',(0.0275,-0.115,-0.015));
#12512=CARTESIAN_POINT('',(0.0275,-0.08,1.38777878078145E-17));
#12513=CARTESIAN_POINT('',(0.0285,-0.115,1.50643757455755E-17));
#12514=CARTESIAN_POINT('',(0.0285,-0.0999936081688067,-0.0349114337174613));
#12515=CARTESIAN_POINT('',(0.0285,-0.0999936081688067,-0.0349114337174613));
#12516=CARTESIAN_POINT('',(0.0285,-0.115,1.50643757455755E-17));
#12517=CARTESIAN_POINT('',(0.0285,-0.0999936081688066,0.0349114337174613));
#12518=CARTESIAN_POINT('',(0.0285,-0.0999936081688066,0.0349114337174613));
#12519=CARTESIAN_POINT('',(0.0285,-0.0656368689763376,-0.114840242491649));
#12520=CARTESIAN_POINT('',(0.0285,-0.0385421465185938,-0.0321669335283696));
#12521=CARTESIAN_POINT('',(0.0285,-0.0385421465185938,-0.0321669335283696));
#12522=CARTESIAN_POINT('',(0.0285,-0.0656368689763376,-0.114840242491649));
#12523=CARTESIAN_POINT('',(0.0285,-0.028,1.38777878078145E-17));
#12524=CARTESIAN_POINT('',(0.0285,-0.007,-0.0265489823879947));
#12525=CARTESIAN_POINT('',(0.0285,-0.007,-0.0265489823879947));
#12526=CARTESIAN_POINT('',(0.0285,-0.028,1.38777878078145E-17));
#12527=CARTESIAN_POINT('',(0.0285,-0.007,-0.0132744911939973));
#12528=CARTESIAN_POINT('',(0.0285,-0.007,0.0265489823879947));
#12529=CARTESIAN_POINT('',(0.0285,-0.007,0.0265489823879947));
#12530=CARTESIAN_POINT('',(0.0285,-0.007,-0.0132744911939973));
#12531=CARTESIAN_POINT('',(0.0285,-0.028,-1.38777878078145E-17));
#12532=CARTESIAN_POINT('',(0.0285,-0.0385421465185938,0.0321669335283698));
#12533=CARTESIAN_POINT('',(0.0285,-0.0385421465185938,0.0321669335283698));
#12534=CARTESIAN_POINT('',(0.0285,-0.028,-1.38777878078145E-17));
#12535=CARTESIAN_POINT('',(0.0285,-0.0656368689763376,0.114840242491649));
#12536=CARTESIAN_POINT('',(0.0285,-0.0656368689763376,0.114840242491649));
#12537=CARTESIAN_POINT('',(0.0335,-0.0656368689763376,0.114840242491649));
#12538=CARTESIAN_POINT('',(0.0285,-0.0656368689763376,0.114840242491649));
#12539=CARTESIAN_POINT('',(0.0285,-0.099203798072428,0.0367488775973277));
#12540=CARTESIAN_POINT('',(0.0285,-0.0391650137015305,0.034067469366606));
#12541=CARTESIAN_POINT('',(0.0335,-0.099203798072428,0.0367488775973277));
#12542=CARTESIAN_POINT('',(0.0335,-0.099203798072428,0.0367488775973277));
#12543=CARTESIAN_POINT('',(0.0335,-0.0656368689763376,0.114840242491649));
#12544=CARTESIAN_POINT('',(0.0335,-0.0391650137015305,0.034067469366606));
#12545=CARTESIAN_POINT('',(0.0335,-0.0391650137015305,0.034067469366606));
#12546=CARTESIAN_POINT('',(0.0335,-0.115,4.75778102714892E-18));
#12547=CARTESIAN_POINT('',(0.0285,-0.115,4.75778102714892E-18));
#12548=CARTESIAN_POINT('',(0.0285,-0.099203798072428,-0.0367488775973277));
#12549=CARTESIAN_POINT('',(0.0335,-0.099203798072428,-0.0367488775973277));
#12550=CARTESIAN_POINT('',(0.0335,-0.099203798072428,-0.0367488775973277));
#12551=CARTESIAN_POINT('',(0.0335,-0.115,4.75778102714892E-18));
#12552=CARTESIAN_POINT('',(0.0335,-0.0656368689763376,-0.114840242491649));
#12553=CARTESIAN_POINT('',(0.0285,-0.0656368689763376,-0.114840242491649));
#12554=CARTESIAN_POINT('',(0.0285,-0.0391650137015305,-0.0340674693666059));
#12555=CARTESIAN_POINT('',(0.0335,-0.0391650137015305,-0.0340674693666059));
#12556=CARTESIAN_POINT('',(0.0335,-0.0391650137015305,-0.0340674693666059));
#12557=CARTESIAN_POINT('',(0.0335,-0.0656368689763376,-0.114840242491649));
#12558=CARTESIAN_POINT('',(0.0335,-0.028,-5.20417042793042E-18));
#12559=CARTESIAN_POINT('',(0.0285,-0.028,-5.20417042793042E-18));
#12560=CARTESIAN_POINT('',(0.0285,-0.005,-0.0275));
#12561=CARTESIAN_POINT('',(0.0335,-0.005,-0.0275));
#12562=CARTESIAN_POINT('',(0.0335,-0.005,-0.0275));
#12563=CARTESIAN_POINT('',(0.0335,-0.028,-5.20417042793042E-18));
#12564=CARTESIAN_POINT('',(0.0335,-0.005,-0.01375));
#12565=CARTESIAN_POINT('',(0.0285,-0.005,-0.01375));
#12566=CARTESIAN_POINT('',(0.0285,-0.005,0.0275));
#12567=CARTESIAN_POINT('',(0.0335,-0.005,0.0275));
#12568=CARTESIAN_POINT('',(0.0335,-0.005,0.0275));
#12569=CARTESIAN_POINT('',(0.0335,-0.005,-0.01375));
#12570=CARTESIAN_POINT('',(0.0335,-0.028,3.46944695195361E-18));
#12571=CARTESIAN_POINT('',(0.0285,-0.028,3.46944695195361E-18));
#12572=CARTESIAN_POINT('',(0.0335,-0.028,3.46944695195361E-18));
#12573=CARTESIAN_POINT('',(0.0285,-0.08,1.38777878078145E-17));
#12574=CARTESIAN_POINT('',(0.040039005447339,-0.034152174437295,0.0187719441984949));
#12575=CARTESIAN_POINT('',(0.04,-0.0341820762380374,0.0188631826607155));
#12576=CARTESIAN_POINT('',(0.0335,-0.0391650137015305,0.034067469366606));
#12577=CARTESIAN_POINT('',(0.040039005447339,-0.0337903284482354,0.0188905328550874));
#12578=CARTESIAN_POINT('',(0.04,-0.0338191235143938,0.0189821340300961));
#12579=CARTESIAN_POINT('',(0.0335,-0.0386176309742193,0.0342468644248254));
#12580=CARTESIAN_POINT('',(0.040039005447339,-0.0334373924985128,0.0189946521396887));
#12581=CARTESIAN_POINT('',(0.04,-0.033464873648953,0.0190866655535036));
#12582=CARTESIAN_POINT('',(0.0335,-0.0380444257383912,0.0344200928206655));
#12583=CARTESIAN_POINT('',(0.040039005447339,-0.0327492937790102,0.0191782775722754));
#12584=CARTESIAN_POINT('',(0.04,-0.0327737546718251,0.0192711419558767));
#12585=CARTESIAN_POINT('',(0.0335,-0.036850000789828,0.0347463777136167));
#12586=CARTESIAN_POINT('',(0.040039005447339,-0.0324141263281775,0.0192577833939056));
#12587=CARTESIAN_POINT('',(0.04,-0.0324368808981903,0.0193510864712483));
#12588=CARTESIAN_POINT('',(0.0335,-0.0362287795988494,0.0348994276415527));
#12589=CARTESIAN_POINT('',(0.040039005447339,-0.0317609263895457,0.0193959286526071));
#12590=CARTESIAN_POINT('',(0.04,-0.0317799059638928,0.019490068512619));
#12591=CARTESIAN_POINT('',(0.0335,-0.0349427265869605,0.0351778539841919));
#12592=CARTESIAN_POINT('',(0.040039005447339,-0.0314428900026892,0.019454567326461));
#12593=CARTESIAN_POINT('',(0.04,-0.0314598009274094,0.0195491052410856));
#12594=CARTESIAN_POINT('',(0.0335,-0.0342778947625016,0.0353032238829923));
#12595=CARTESIAN_POINT('',(0.040039005447339,-0.0308228621073214,0.0195541627287412));
#12596=CARTESIAN_POINT('',(0.04,-0.0308353109354094,0.0196493956671417));
#12597=CARTESIAN_POINT('',(0.0335,-0.0329098258581262,0.0355193354276877));
#12598=CARTESIAN_POINT('',(0.040039005447339,-0.0305208673836568,0.0195951184486019));
#12599=CARTESIAN_POINT('',(0.04,-0.0305309227927767,0.019690648324956));
#12600=CARTESIAN_POINT('',(0.0335,-0.0322065902632914,0.0356100708329148));
#12601=CARTESIAN_POINT('',(0.040039005447339,-0.0299314871808368,0.0196619973500941));
#12602=CARTESIAN_POINT('',(0.04,-0.0299364752170797,0.0197579671366699));
#12603=CARTESIAN_POINT('',(0.0335,-0.0307676984894862,0.0357506977755642));
#12604=CARTESIAN_POINT('',(0.040039005447339,-0.0296440990661158,0.019687919422845));
#12605=CARTESIAN_POINT('',(0.04,-0.0296464131815978,0.0197840321541831));
#12606=CARTESIAN_POINT('',(0.0335,-0.0300320452319579,0.0358005835929401));
#12607=CARTESIAN_POINT('',(0.040039005447339,-0.0290822382480376,0.0197268776974935));
#12608=CARTESIAN_POINT('',(0.04,-0.0290789740423097,0.0198230779562183));
#12609=CARTESIAN_POINT('',(0.0335,-0.0285350157319057,0.0358542152554818));
#12610=CARTESIAN_POINT('',(0.040039005447339,-0.0288077633852273,0.0197399127974983));
#12611=CARTESIAN_POINT('',(0.04,-0.028801594817207,0.0198360576158929));
#12612=CARTESIAN_POINT('',(0.0335,-0.0277736437266,0.035857956150548));
#12613=CARTESIAN_POINT('',(0.040039005447339,-0.0284043272670774,0.0197510591537436));
#12614=CARTESIAN_POINT('',(0.04,-0.0283936703791209,0.0198469456758193));
#12615=CARTESIAN_POINT('',(0.0335,-0.0266177704358363,0.0358258008360767));
#12616=CARTESIAN_POINT('',(0.040039005447339,-0.0282712266632493,0.0197533699958707));
#12617=CARTESIAN_POINT('',(0.04,-0.0282590517391751,0.019849141304231));
#12618=CARTESIAN_POINT('',(0.0335,-0.0262301811100392,0.0358087968603127));
#12619=CARTESIAN_POINT('',(0.040039005447339,-0.028007534334878,0.0197553510012421));
#12620=CARTESIAN_POINT('',(0.04,-0.0279922866635138,0.0198508301797013));
#12621=CARTESIAN_POINT('',(0.0335,-0.025451363007254,0.0357618042185459));
#12622=CARTESIAN_POINT('',(0.040039005447339,-0.0278769425595611,0.0197550211346189));
#12623=CARTESIAN_POINT('',(0.04,-0.0278601401784184,0.0198503233964415));
#12624=CARTESIAN_POINT('',(0.0335,-0.0250601344131221,0.0357318154470985));
#12625=CARTESIAN_POINT('',(0.040039005447339,-0.0276180140431382,0.0197518628109053));
#12626=CARTESIAN_POINT('',(0.04,-0.0275980729322154,0.0198467466942365));
#12627=CARTESIAN_POINT('',(0.0335,-0.0242750185939011,0.0356585187344993));
#12628=CARTESIAN_POINT('',(0.040039005447339,-0.0274896772553791,0.0197490343262792));
#12629=CARTESIAN_POINT('',(0.04,-0.0274681521258999,0.0198436767474072));
#12630=CARTESIAN_POINT('',(0.0335,-0.0238811315644187,0.0356152107073937));
#12631=CARTESIAN_POINT('',(0.040039005447339,-0.0272349999189759,0.0197409953283909));
#12632=CARTESIAN_POINT('',(0.04,-0.0272102849426505,0.0198350880800911));
#12633=CARTESIAN_POINT('',(0.0335,-0.0230916974869355,0.0355150232628662));
#12634=CARTESIAN_POINT('',(0.040039005447339,-0.0271086593271406,0.0197357847901948));
#12635=CARTESIAN_POINT('',(0.04,-0.0270823385240122,0.0198295693344297));
#12636=CARTESIAN_POINT('',(0.0335,-0.0226961506449768,0.0354581437801374));
#12637=CARTESIAN_POINT('',(0.040039005447339,-0.0268577119825759,0.019723073508453));
#12638=CARTESIAN_POINT('',(0.04,-0.0268281653082397,0.0198161733447366));
#12639=CARTESIAN_POINT('',(0.0335,-0.0219044073132044,0.0353306457358249));
#12640=CARTESIAN_POINT('',(0.040039005447339,-0.026733105189486,0.0197155727427846));
#12641=CARTESIAN_POINT('',(0.04,-0.0267019384722624,0.0198082960784534));
#12642=CARTESIAN_POINT('',(0.0335,-0.0215082110374052,0.0352600271304934));
#12643=CARTESIAN_POINT('',(0.040039005447339,-0.0264853606883135,0.0196983487974551));
#12644=CARTESIAN_POINT('',(0.04,-0.0264509473063821,0.0197902499482413));
#12645=CARTESIAN_POINT('',(0.0335,-0.0207161846561824,0.0351049693236608));
#12646=CARTESIAN_POINT('',(0.040039005447339,-0.0263622229420948,0.0196886255986371));
#12647=CARTESIAN_POINT('',(0.04,-0.0263261829398793,0.0197800810651412));
#12648=CARTESIAN_POINT('',(0.0335,-0.0203203547701674,0.0350205301006181));
#12649=CARTESIAN_POINT('',(0.040039005447339,-0.0261171506015701,0.0196670011661863));
#12650=CARTESIAN_POINT('',(0.04,-0.026077858419208,0.0197574958493657));
#12651=CARTESIAN_POINT('',(0.0335,-0.0195300759227397,0.0348378366938855));
#12652=CARTESIAN_POINT('',(0.040039005447339,-0.0259952159707687,0.0196550999164679));
#12653=CARTESIAN_POINT('',(0.04,-0.025954298230087,0.0197450795007067));
#12654=CARTESIAN_POINT('',(0.0335,-0.0191356271834703,0.0347395825112257));
#12655=CARTESIAN_POINT('',(0.040039005447339,-0.0257522838661854,0.0196291408782164));
#12656=CARTESIAN_POINT('',(0.04,-0.0257081236630919,0.0197180212769176));
#12657=CARTESIAN_POINT('',(0.0335,-0.0183491176859691,0.0345293522824483));
#12658=CARTESIAN_POINT('',(0.040039005447339,-0.0256312863569848,0.0196150830767289));
#12659=CARTESIAN_POINT('',(0.04,-0.0255855092513354,0.0197033793890515));
#12660=CARTESIAN_POINT('',(0.0335,-0.0179570571499128,0.0344173762600051));
#12661=CARTESIAN_POINT('',(0.040039005447339,-0.0253899635154274,0.0195848099835515));
#12662=CARTESIAN_POINT('',(0.04,-0.0253409687609101,0.0196718702159665));
#12663=CARTESIAN_POINT('',(0.0335,-0.0171763167420626,0.0341798825399492));
#12664=CARTESIAN_POINT('',(0.040039005447339,-0.0252696381481795,0.0195685946820554));
#12665=CARTESIAN_POINT('',(0.04,-0.0252190426488673,0.0196550029212747));
#12666=CARTESIAN_POINT('',(0.0335,-0.016787637089767,0.0340543648884295));
#12667=CARTESIAN_POINT('',(0.040039005447339,-0.0250293966775822,0.0195339835315217));
#12668=CARTESIAN_POINT('',(0.04,-0.0249756232092893,0.0196190216028207));
#12669=CARTESIAN_POINT('',(0.0335,-0.0160146301237279,0.0337900541419219));
#12670=CARTESIAN_POINT('',(0.040039005447339,-0.0249094805393333,0.0195155876758019));
#12671=CARTESIAN_POINT('',(0.04,-0.02485412984834,0.0195999075728216));
#12672=CARTESIAN_POINT('',(0.0335,-0.015630303024129,0.0336512611149212));
#12673=CARTESIAN_POINT('',(0.040039005447339,-0.0246697977257833,0.0194765705007267));
#12674=CARTESIAN_POINT('',(0.04,-0.0246113232916189,0.0195593902267001));
#12675=CARTESIAN_POINT('',(0.0335,-0.0148669453137251,0.0333607501790171));
#12676=CARTESIAN_POINT('',(0.040039005447339,-0.0245500310150472,0.0194559491777486));
#12677=CARTESIAN_POINT('',(0.04,-0.0244900100618533,0.0195379869075077));
#12678=CARTESIAN_POINT('',(0.0335,-0.014487914909106,0.0332090323591777));
#12679=CARTESIAN_POINT('',(0.040039005447339,-0.0243103914205232,0.0194124144475923));
#12680=CARTESIAN_POINT('',(0.04,-0.0242473150864239,0.0194928273399026));
#12681=CARTESIAN_POINT('',(0.0335,-0.0137360608997473,0.0328931043697726));
#12682=CARTESIAN_POINT('',(0.040039005447339,-0.0241905185002427,0.0193895010397459));
#12683=CARTESIAN_POINT('',(0.04,-0.0241259333056527,0.019469071091476));
#12684=CARTESIAN_POINT('',(0.0335,-0.0133632374907354,0.0327288943092476));
#12685=CARTESIAN_POINT('',(0.040039005447339,-0.0239504160924514,0.0193412938787306));
#12686=CARTESIAN_POINT('',(0.04,-0.0238828575198191,0.0194191209820395));
#12687=CARTESIAN_POINT('',(0.0335,-0.0126246679061283,0.0323884933651085));
#12688=CARTESIAN_POINT('',(0.040039005447339,-0.0238301865668705,0.0193160001277013));
#12689=CARTESIAN_POINT('',(0.04,-0.0237611634780047,0.0193929271239179));
#12690=CARTESIAN_POINT('',(0.0335,-0.0122589219134445,0.032212302609146));
#12691=CARTESIAN_POINT('',(0.040039005447339,-0.023589126912523,0.0192629223559505));
#12692=CARTESIAN_POINT('',(0.04,-0.0235172255101829,0.0193379960276974));
#12693=CARTESIAN_POINT('',(0.0335,-0.011535332028791,0.0318485272392316));
#12694=CARTESIAN_POINT('',(0.040039005447339,-0.0234682967435876,0.0192351383399857));
#12695=CARTESIAN_POINT('',(0.04,-0.0233949815452479,0.0193092587951895));
#12696=CARTESIAN_POINT('',(0.0335,-0.0111774883047321,0.0316609427699321));
#12697=CARTESIAN_POINT('',(0.040039005447339,-0.0232257992963356,0.0191769483465086));
#12698=CARTESIAN_POINT('',(0.04,-0.0231497132528829,0.0192491139707507));
#12699=CARTESIAN_POINT('',(0.0335,-0.0104704769876547,0.0312750382857958));
#12700=CARTESIAN_POINT('',(0.040039005447339,-0.0231041319752269,0.0191465423761324));
#12701=CARTESIAN_POINT('',(0.04,-0.0230266888838163,0.0192177063868666));
#12702=CARTESIAN_POINT('',(0.0335,-0.0101213095455635,0.0310767184307825));
#12703=CARTESIAN_POINT('',(0.040039005447339,-0.0228597324895415,0.0190829548351204));
#12704=CARTESIAN_POINT('',(0.04,-0.0227796376928509,0.0191520724625892));
#12705=CARTESIAN_POINT('',(0.0335,-0.00943236919562167,0.0306700682605043));
#12706=CARTESIAN_POINT('',(0.040039005447339,-0.0227370002790188,0.0190497732737109));
#12707=CARTESIAN_POINT('',(0.04,-0.0226556108260687,0.019117846132399));
#12708=CARTESIAN_POINT('',(0.0335,-0.00909259641995846,0.0304617381182148));
#12709=CARTESIAN_POINT('',(0.040039005447339,-0.0224902533815122,0.0189804587184429));
#12710=CARTESIAN_POINT('',(0.04,-0.0224063422329845,0.0190464046258086));
#12711=CARTESIAN_POINT('',(0.0335,-0.00842310392555351,0.0300358542314281));
#12712=CARTESIAN_POINT('',(0.040039005447339,-0.0223662386448902,0.0189443257355559));
#12713=CARTESIAN_POINT('',(0.04,-0.0222811004580084,0.0190091894614117));
#12714=CARTESIAN_POINT('',(0.0335,-0.00809338431874844,0.0298183006708822));
#12715=CARTESIAN_POINT('',(0.040039005447339,-0.0221167205949284,0.0188689100072895));
#12716=CARTESIAN_POINT('',(0.04,-0.0220292007267262,0.0189315781695428));
#12717=CARTESIAN_POINT('',(0.0335,-0.00744459313667702,0.0293748132158051));
#12718=CARTESIAN_POINT('',(0.040039005447339,-0.0219912172277125,0.0188296272742195));
#12719=CARTESIAN_POINT('',(0.04,-0.0219025427174047,0.0188911820554558));
#12720=CARTESIAN_POINT('',(0.0335,-0.00712552165184725,0.0291488795139052));
#12721=CARTESIAN_POINT('',(0.040039005447339,-0.0216121847355483,0.018706722663114));
#12722=CARTESIAN_POINT('',(0.04,-0.0215201613468072,0.0187649004787422));
#12723=CARTESIAN_POINT('',(0.0335,-0.00618507182411545,0.0284598489380329));
#12724=CARTESIAN_POINT('',(0.040039005447339,-0.0213561263996871,0.0186180568709965));
#12725=CARTESIAN_POINT('',(0.04,-0.0212620240415115,0.0186739340645293));
#12726=CARTESIAN_POINT('',(0.0335,-0.00558048800309659,0.0279854990571353));
#12727=CARTESIAN_POINT('',(0.040039005447339,-0.0210960134088346,0.0185216348295054));
#12728=CARTESIAN_POINT('',(0.04,-0.021,0.0185751911619888));
#12729=CARTESIAN_POINT('',(0.0335,-0.005,0.0275));
#12730=CARTESIAN_POINT('',(0.04,-0.0341820762380374,0.0188631826607155));
#12731=CARTESIAN_POINT('',(0.04,-0.0341820762380374,0.0188631826607155));
#12732=CARTESIAN_POINT('',(0.04,-0.028,-8.67361737988404E-18));
#12733=CARTESIAN_POINT('',(0.04,-0.021,0.0185751911619888));
#12734=CARTESIAN_POINT('',(0.04,-0.021,0.0185751911619888));
#12735=CARTESIAN_POINT('',(0.04,-0.0656368689763376,0.114840242491649));
#12736=CARTESIAN_POINT('',(0.04,-0.105522278843457,0.0220493265583966));
#12737=CARTESIAN_POINT('',(0.04,-0.105522278843457,0.0220493265583966));
#12738=CARTESIAN_POINT('',(0.04,-0.0656368689763376,0.114840242491649));
#12739=CARTESIAN_POINT('',(0.04,-0.115,1.01851461554701E-17));
#12740=CARTESIAN_POINT('',(0.04,-0.105522278843457,-0.0220493265583966));
#12741=CARTESIAN_POINT('',(0.04,-0.105522278843457,-0.0220493265583966));
#12742=CARTESIAN_POINT('',(0.04,-0.115,1.01851461554701E-17));
#12743=CARTESIAN_POINT('',(0.04,-0.0656368689763376,-0.114840242491649));
#12744=CARTESIAN_POINT('',(0.03675,-0.036673544969784,-0.0264653260136608));
#12745=CARTESIAN_POINT('',(0.04,-0.0341820762380374,-0.0188631826607155));
#12746=CARTESIAN_POINT('',(0.04,-0.0656368689763376,-0.114840242491649));
#12747=CARTESIAN_POINT('',(0.0400390049736219,-0.0210960122427615,-0.0185216354799416));
#12748=CARTESIAN_POINT('',(0.04,-0.021,-0.0185751911619888));
#12749=CARTESIAN_POINT('',(0.0335,-0.005,-0.0275));
#12750=CARTESIAN_POINT('',(0.0400390049736219,-0.0213561252568235,-0.0186180575496193));
#12751=CARTESIAN_POINT('',(0.04,-0.0212620240415115,-0.0186739340645293));
#12752=CARTESIAN_POINT('',(0.0335,-0.00558048800309645,-0.0279854990571353));
#12753=CARTESIAN_POINT('',(0.0400390049736219,-0.0216121836179336,-0.0187067233696777));
#12754=CARTESIAN_POINT('',(0.04,-0.0215201613468072,-0.0187649004787423));
#12755=CARTESIAN_POINT('',(0.0335,-0.00618507182411554,-0.0284598489380329));
#12756=CARTESIAN_POINT('',(0.0400390049736219,-0.0219912161507696,-0.0188296280217961));
#12757=CARTESIAN_POINT('',(0.04,-0.0219025427174048,-0.0188911820554558));
#12758=CARTESIAN_POINT('',(0.0335,-0.00712552165184735,-0.0291488795139053));
#12759=CARTESIAN_POINT('',(0.0400390049736219,-0.0221167195320086,-0.018868910768388));
#12760=CARTESIAN_POINT('',(0.04,-0.0220292007267263,-0.0189315781695428));
#12761=CARTESIAN_POINT('',(0.0335,-0.00744459313667704,-0.0293748132158051));
#12762=CARTESIAN_POINT('',(0.0400390049736219,-0.0223662376108956,-0.0189443265233193));
#12763=CARTESIAN_POINT('',(0.04,-0.0222811004580085,-0.0190091894614117));
#12764=CARTESIAN_POINT('',(0.0335,-0.00809338431874847,-0.0298183006708823));
#12765=CARTESIAN_POINT('',(0.0400390049736219,-0.0224902523624199,-0.0189804595193492));
#12766=CARTESIAN_POINT('',(0.04,-0.0224063422329845,-0.0190464046258086));
#12767=CARTESIAN_POINT('',(0.0335,-0.00842310392555333,-0.030035854231428));
#12768=CARTESIAN_POINT('',(0.0400390049736219,-0.0227369992905522,-0.0190497741004488));
#12769=CARTESIAN_POINT('',(0.04,-0.0226556108260686,-0.019117846132399));
#12770=CARTESIAN_POINT('',(0.0335,-0.00909259641995827,-0.0304617381182147));
#12771=CARTESIAN_POINT('',(0.0400390049736219,-0.0228597315167984,-0.019082955674547));
#12772=CARTESIAN_POINT('',(0.04,-0.022779637692851,-0.0191520724625892));
#12773=CARTESIAN_POINT('',(0.0335,-0.00943236919562178,-0.0306700682605044));
#12774=CARTESIAN_POINT('',(0.0400390049736219,-0.0231041310346884,-0.0191465432404121));
#12775=CARTESIAN_POINT('',(0.04,-0.0230266888838163,-0.0192177063868666));
#12776=CARTESIAN_POINT('',(0.0335,-0.0101213095455637,-0.0310767184307826));
#12777=CARTESIAN_POINT('',(0.0400390049736219,-0.0232257983722784,-0.0191769492229528));
#12778=CARTESIAN_POINT('',(0.04,-0.023149713252883,-0.0192491139707508));
#12779=CARTESIAN_POINT('',(0.0335,-0.0104704769876547,-0.0312750382857959));
#12780=CARTESIAN_POINT('',(0.0400390049736219,-0.023468295853182,-0.019235139240171));
#12781=CARTESIAN_POINT('',(0.04,-0.0233949815452479,-0.0193092587951895));
#12782=CARTESIAN_POINT('',(0.0335,-0.0111774883047322,-0.0316609427699321));
#12783=CARTESIAN_POINT('',(0.0400390049736219,-0.0235891260392879,-0.0192629232677126));
#12784=CARTESIAN_POINT('',(0.04,-0.023517225510183,-0.0193379960276974));
#12785=CARTESIAN_POINT('',(0.0335,-0.0115353320287911,-0.0318485272392316));
#12786=CARTESIAN_POINT('',(0.0400390049736219,-0.0238301857285922,-0.0193160010619719));
#12787=CARTESIAN_POINT('',(0.04,-0.0237611634780048,-0.019392927123918));
#12788=CARTESIAN_POINT('',(0.0335,-0.0122589219134446,-0.0322123026091461));
#12789=CARTESIAN_POINT('',(0.0400390049736219,-0.0239504152719595,-0.0193412948239328));
#12790=CARTESIAN_POINT('',(0.04,-0.0238828575198192,-0.0194191209820395));
#12791=CARTESIAN_POINT('',(0.0335,-0.0126246679061283,-0.0323884933651086));
#12792=CARTESIAN_POINT('',(0.0400390049736219,-0.0241905177158621,-0.0193895020061161));
#12793=CARTESIAN_POINT('',(0.04,-0.0241259333056527,-0.019469071091476));
#12794=CARTESIAN_POINT('',(0.0335,-0.0133632374907354,-0.0327288943092477));
#12795=CARTESIAN_POINT('',(0.0400390049736219,-0.0243103906544676,-0.0194124154241987));
#12796=CARTESIAN_POINT('',(0.04,-0.0242473150864239,-0.0194928273399027));
#12797=CARTESIAN_POINT('',(0.0335,-0.0137360608997474,-0.0328931043697727));
#12798=CARTESIAN_POINT('',(0.0400390049736219,-0.0245500302860989,-0.0194559501740885));
#12799=CARTESIAN_POINT('',(0.04,-0.0244900100618533,-0.0195379869075078));
#12800=CARTESIAN_POINT('',(0.0335,-0.014487914909106,-0.0332090323591777));
#12801=CARTESIAN_POINT('',(0.0400390049736219,-0.0246697970156173,-0.0194765715065639));
#12802=CARTESIAN_POINT('',(0.04,-0.024611323291619,-0.0195593902267002));
#12803=CARTESIAN_POINT('',(0.0335,-0.0148669453137252,-0.0333607501790171));
#12804=CARTESIAN_POINT('',(0.0400390049736219,-0.0249094798671048,-0.0195155886998584));
#12805=CARTESIAN_POINT('',(0.04,-0.0248541298483401,-0.0195999075728216));
#12806=CARTESIAN_POINT('',(0.0335,-0.0156303030241291,-0.0336512611149213));
#12807=CARTESIAN_POINT('',(0.0400390049736219,-0.025029396024509,-0.0195339845643004));
#12808=CARTESIAN_POINT('',(0.04,-0.0249756232092894,-0.0196190216028208));
#12809=CARTESIAN_POINT('',(0.0335,-0.016014630123728,-0.033790054141922));
#12810=CARTESIAN_POINT('',(0.0400390049736219,-0.0252696375337024,-0.0195685957314746));
#12811=CARTESIAN_POINT('',(0.04,-0.0252190426488673,-0.0196550029212747));
#12812=CARTESIAN_POINT('',(0.0335,-0.0167876370897672,-0.0340543648884295));
#12813=CARTESIAN_POINT('',(0.0400390049736219,-0.0253899629203911,-0.0195848110408892));
#12814=CARTESIAN_POINT('',(0.04,-0.0253409687609101,-0.0196718702159666));
#12815=CARTESIAN_POINT('',(0.0335,-0.0171763167420625,-0.0341798825399491));
#12816=CARTESIAN_POINT('',(0.0400390049736219,-0.0256312858010265,-0.0196150841490786));
#12817=CARTESIAN_POINT('',(0.04,-0.0255855092513354,-0.0197033793890515));
#12818=CARTESIAN_POINT('',(0.0335,-0.0179570571499126,-0.0344173762600051));
#12819=CARTESIAN_POINT('',(0.0400390049736219,-0.0257522833298644,-0.0196291419576598));
#12820=CARTESIAN_POINT('',(0.04,-0.0257081236630919,-0.0197180212769176));
#12821=CARTESIAN_POINT('',(0.0335,-0.0183491176859692,-0.0345293522824483));
#12822=CARTESIAN_POINT('',(0.0400390049736219,-0.0259952154738269,-0.0196551010092608));
#12823=CARTESIAN_POINT('',(0.04,-0.025954298230087,-0.0197450795007067));
#12824=CARTESIAN_POINT('',(0.0335,-0.0191356271834705,-0.0347395825112257));
#12825=CARTESIAN_POINT('',(0.0400390049736219,-0.0261171501243706,-0.019667002265235));
#12826=CARTESIAN_POINT('',(0.04,-0.0260778584192081,-0.0197574958493657));
#12827=CARTESIAN_POINT('',(0.0335,-0.0195300759227399,-0.0348378366938856));
#12828=CARTESIAN_POINT('',(0.0400390049736219,-0.0263622225043927,-0.0196886267093545));
#12829=CARTESIAN_POINT('',(0.04,-0.0263261829398794,-0.0197800810651412));
#12830=CARTESIAN_POINT('',(0.0335,-0.0203203547701676,-0.0350205301006182));
#12831=CARTESIAN_POINT('',(0.0400390049736219,-0.0264853602703666,-0.0196983499135852));
#12832=CARTESIAN_POINT('',(0.04,-0.0264509473063821,-0.0197902499482413));
#12833=CARTESIAN_POINT('',(0.0335,-0.0207161846561825,-0.0351049693236609));
#12834=CARTESIAN_POINT('',(0.0400390049736219,-0.0267331048109695,-0.0197155738689001));
#12835=CARTESIAN_POINT('',(0.04,-0.0267019384722624,-0.0198082960784534));
#12836=CARTESIAN_POINT('',(0.0335,-0.0215082110374053,-0.0352600271304935));
#12837=CARTESIAN_POINT('',(0.0400390049736219,-0.0268577116237347,-0.019723074639141));
#12838=CARTESIAN_POINT('',(0.04,-0.0268281653082399,-0.0198161733447366));
#12839=CARTESIAN_POINT('',(0.0335,-0.0219044073132046,-0.035330645735825));
#12840=CARTESIAN_POINT('',(0.0400390049736219,-0.0271086590074772,-0.0197357859291986));
#12841=CARTESIAN_POINT('',(0.04,-0.0270823385240123,-0.0198295693344297));
#12842=CARTESIAN_POINT('',(0.0335,-0.0226961506449771,-0.0354581437801375));
#12843=CARTESIAN_POINT('',(0.0400390049736219,-0.0272349996188151,-0.0197409964711378));
#12844=CARTESIAN_POINT('',(0.04,-0.0272102849426505,-0.0198350880800911));
#12845=CARTESIAN_POINT('',(0.0335,-0.0230916974869356,-0.0355150232628662));
#12846=CARTESIAN_POINT('',(0.0400390049736219,-0.0274896769939586,-0.0197490354757018));
#12847=CARTESIAN_POINT('',(0.04,-0.0274681521258999,-0.0198436767474072));
#12848=CARTESIAN_POINT('',(0.0335,-0.0238811315644188,-0.0356152107073938));
#12849=CARTESIAN_POINT('',(0.0400390049736219,-0.0276180138009555,-0.0197518639632604));
#12850=CARTESIAN_POINT('',(0.04,-0.0275980729322155,-0.0198467466942366));
#12851=CARTESIAN_POINT('',(0.0335,-0.0242750185939012,-0.0356585187344993));
#12852=CARTESIAN_POINT('',(0.0400390049736219,-0.0278769423554979,-0.0197550222920551));
#12853=CARTESIAN_POINT('',(0.04,-0.0278601401784185,-0.0198503233964415));
#12854=CARTESIAN_POINT('',(0.0335,-0.0250601344131223,-0.0357318154470985));
#12855=CARTESIAN_POINT('',(0.0400390049736219,-0.0280075341496966,-0.019755352160827));
#12856=CARTESIAN_POINT('',(0.04,-0.0279922866635139,-0.0198508301797013));
#12857=CARTESIAN_POINT('',(0.0335,-0.025451363007254,-0.0357618042185459));
#12858=CARTESIAN_POINT('',(0.0400390049736219,-0.0282712265153862,-0.0197533711590035));
#12859=CARTESIAN_POINT('',(0.04,-0.0282590517391751,-0.019849141304231));
#12860=CARTESIAN_POINT('',(0.0335,-0.0262301811100393,-0.0358087968603127));
#12861=CARTESIAN_POINT('',(0.0400390049736219,-0.0284043271376506,-0.0197510603182757));
#12862=CARTESIAN_POINT('',(0.04,-0.0283936703791209,-0.0198469456758193));
#12863=CARTESIAN_POINT('',(0.0335,-0.0266177704358361,-0.0358258008360767));
#12864=CARTESIAN_POINT('',(0.0400390049736219,-0.0288077633103106,-0.0197399139651674));
#12865=CARTESIAN_POINT('',(0.04,-0.028801594817207,-0.0198360576158929));
#12866=CARTESIAN_POINT('',(0.0335,-0.0277736437265999,-0.035857956150548));
#12867=CARTESIAN_POINT('',(0.0400390049736219,-0.0290822382083942,-0.0197268788658359));
#12868=CARTESIAN_POINT('',(0.04,-0.0290789740423098,-0.0198230779562183));
#12869=CARTESIAN_POINT('',(0.0335,-0.0285350157319058,-0.0358542152554818));
#12870=CARTESIAN_POINT('',(0.0400390049736219,-0.0296440990942206,-0.0196879205901243));
#12871=CARTESIAN_POINT('',(0.04,-0.0296464131815978,-0.019784032154183));
#12872=CARTESIAN_POINT('',(0.0335,-0.030032045231958,-0.0358005835929401));
#12873=CARTESIAN_POINT('',(0.0400390049736219,-0.0299314872414161,-0.0196619985156374));
#12874=CARTESIAN_POINT('',(0.04,-0.0299364752170798,-0.0197579671366699));
#12875=CARTESIAN_POINT('',(0.0335,-0.0307676984894864,-0.0357506977755642));
#12876=CARTESIAN_POINT('',(0.0400390049736219,-0.0305208675057788,-0.0195951196088025));
#12877=CARTESIAN_POINT('',(0.04,-0.0305309227927767,-0.019690648324956));
#12878=CARTESIAN_POINT('',(0.0335,-0.0322065902632915,-0.0356100708329148));
#12879=CARTESIAN_POINT('',(0.0400390049736219,-0.0308228622585112,-0.0195541638853355));
#12880=CARTESIAN_POINT('',(0.04,-0.0308353109354095,-0.0196493956671417));
#12881=CARTESIAN_POINT('',(0.0335,-0.0329098258581264,-0.0355193354276877));
#12882=CARTESIAN_POINT('',(0.0400390049736219,-0.0314428902080707,-0.0194545684746143));
#12883=CARTESIAN_POINT('',(0.04,-0.0314598009274094,-0.0195491052410855));
#12884=CARTESIAN_POINT('',(0.0335,-0.0342778947625017,-0.0353032238829922));
#12885=CARTESIAN_POINT('',(0.0400390049736219,-0.0317609266200507,-0.0193959297959261));
#12886=CARTESIAN_POINT('',(0.04,-0.0317799059638928,-0.019490068512619));
#12887=CARTESIAN_POINT('',(0.0335,-0.0349427265869604,-0.035177853984192));
#12888=CARTESIAN_POINT('',(0.0400390049736219,-0.0324141266045294,-0.0192577845270619));
#12889=CARTESIAN_POINT('',(0.04,-0.0324368808981903,-0.0193510864712483));
#12890=CARTESIAN_POINT('',(0.0335,-0.0362287795988493,-0.0348994276415528));
#12891=CARTESIAN_POINT('',(0.0400390049736219,-0.0327492940760854,-0.0191782787001039));
#12892=CARTESIAN_POINT('',(0.04,-0.0327737546718252,-0.0192711419558766));
#12893=CARTESIAN_POINT('',(0.0335,-0.0368500007898282,-0.0347463777136167));
#12894=CARTESIAN_POINT('',(0.0400390049736219,-0.0334373928322687,-0.0189946532571823));
#12895=CARTESIAN_POINT('',(0.04,-0.0334648736489531,-0.0190866655535036));
#12896=CARTESIAN_POINT('',(0.0335,-0.0380444257383914,-0.0344200928206654));
#12897=CARTESIAN_POINT('',(0.0400390049736219,-0.0337903287979485,-0.0188905339675743));
#12898=CARTESIAN_POINT('',(0.04,-0.0338191235143939,-0.0189821340300961));
#12899=CARTESIAN_POINT('',(0.0335,-0.0386176309742194,-0.0342468644248254));
#12900=CARTESIAN_POINT('',(0.0400390049736219,-0.0341521748004493,-0.0187719453065767));
#12901=CARTESIAN_POINT('',(0.04,-0.0341820762380375,-0.0188631826607155));
#12902=CARTESIAN_POINT('',(0.0335,-0.0391650137015306,-0.0340674693666059));
#12903=CARTESIAN_POINT('',(0.04,-0.021,-0.0185751911619888));
#12904=CARTESIAN_POINT('',(0.04,-0.021,-0.0185751911619888));
#12905=CARTESIAN_POINT('',(0.04,-0.028,-3.46944695195361E-18));
#12906=CARTESIAN_POINT('',(0.0270108968985751,0.0109731768650461,0.));
#12907=CARTESIAN_POINT('',(0.04,-0.021,-5.20417042793042E-18));
#12908=CARTESIAN_POINT('',(0.04,-0.08,3.46944695195361E-18));
#12909=CARTESIAN_POINT('',(0.,0.02,9.18485099360515E-19));
#12910=CARTESIAN_POINT('',(0.,0.02,9.18485099360515E-19));
#12911=CARTESIAN_POINT('',(0.,0.02,0.015));
#12912=CARTESIAN_POINT('',(0.,0.02,0.));
#12913=CARTESIAN_POINT('',(-0.0934913182086549,0.00347739035125602,0.552887900001095));
#12914=CARTESIAN_POINT('',(0.,9.18485099360515E-18,0.075));
#12915=CARTESIAN_POINT('',(0.,9.18485099360515E-18,0.065));
#12916=CARTESIAN_POINT('',(-0.075,0.129903810567666,0.065));
#12917=CARTESIAN_POINT('',(-0.0375,0.145236875482778,0.065));
#12918=CARTESIAN_POINT('',(-8.84292419124077E-18,-1.04083408558608E-17,
0.215));
#12919=CARTESIAN_POINT('',(-0.07,0.121243556529821,0.075));
#12920=CARTESIAN_POINT('',(0.,9.18485099360515E-18,0.075));
#12921=CARTESIAN_POINT('',(0.07,0.121243556529821,0.075));
#12922=CARTESIAN_POINT('',(-9.01388759242295E-17,4.28568532856992E-17,0.215));
#12923=CARTESIAN_POINT('',(0.075,0.129903810567666,0.065));
#12924=CARTESIAN_POINT('',(0.,9.18485099360515E-18,0.065));
#12925=CARTESIAN_POINT('',(0.0375,0.145236875482778,0.065));
#12926=CARTESIAN_POINT('',(0.,9.18485099360515E-18,0.065));
#12927=CARTESIAN_POINT('',(0.0275,0.147457621030586,0.065));
#12928=CARTESIAN_POINT('',(0.,9.18485099360515E-18,0.065));
#12929=CARTESIAN_POINT('',(-0.0275,0.147457621030586,0.065));
#12930=CARTESIAN_POINT('',(0.,9.18485099360515E-18,0.065));
#12931=CARTESIAN_POINT('',(-2.08166817117217E-17,-2.77555756156289E-17,
0.015));
#12932=CARTESIAN_POINT('',(-2.08166817117217E-17,-2.77555756156289E-17,
0.075));
#12933=CARTESIAN_POINT('',(-0.065,0.112583302491977,0.075));
#12934=CARTESIAN_POINT('',(-0.112583302491977,0.065,0.075));
#12935=CARTESIAN_POINT('',(-0.065,0.112583302491977,0.015));
#12936=CARTESIAN_POINT('',(-0.065,0.112583302491977,0.015));
#12937=CARTESIAN_POINT('',(-2.08166817117217E-17,-2.77555756156289E-17,
0.015));
#12938=CARTESIAN_POINT('',(-0.112583302491977,0.065,0.015));
#12939=CARTESIAN_POINT('',(-0.112583302491977,0.065,0.015));
#12940=CARTESIAN_POINT('',(-0.121243556529821,0.07,0.015));
#12941=CARTESIAN_POINT('',(-0.121243556529821,0.07,0.075));
#12942=CARTESIAN_POINT('',(-0.121243556529821,0.07,0.075));
#12943=CARTESIAN_POINT('',(-0.121243556529821,0.07,0.015));
#12944=CARTESIAN_POINT('',(-0.129903810567666,0.075,0.015));
#12945=CARTESIAN_POINT('',(-0.129903810567666,0.075,0.015));
#12946=CARTESIAN_POINT('',(-0.129903810567666,0.075,0.065));
#12947=CARTESIAN_POINT('',(-4.28568532856992E-17,-9.01388759242295E-17,
0.215));
#12948=CARTESIAN_POINT('',(0.,0.,0.015));
#12949=CARTESIAN_POINT('',(-0.07,0.121243556529821,0.015));
#12950=CARTESIAN_POINT('',(-0.075,0.129903810567666,0.015));
#12951=CARTESIAN_POINT('',(-2.08166817117217E-16,2.22044604925032E-16,0.015));
#12952=CARTESIAN_POINT('',(-0.07,0.121243556529821,0.015));
#12953=CARTESIAN_POINT('',(-0.075,0.129903810567666,0.015));
#12954=CARTESIAN_POINT('',(-0.07,0.121243556529821,0.075));
#12955=CARTESIAN_POINT('',(0.,9.18485099360515E-18,0.075));
#12956=CARTESIAN_POINT('',(0.,9.18485099360515E-18,0.065));
#12957=CARTESIAN_POINT('',(0.129903810567666,0.075,0.065));
#12958=CARTESIAN_POINT('',(0.145236875482778,0.0375,0.065));
#12959=CARTESIAN_POINT('',(-1.04083408558608E-17,8.84292419124077E-18,0.215));
#12960=CARTESIAN_POINT('',(0.121243556529821,0.07,0.075));
#12961=CARTESIAN_POINT('',(0.,9.18485099360515E-18,0.075));
#12962=CARTESIAN_POINT('',(0.121243556529821,-0.07,0.075));
#12963=CARTESIAN_POINT('',(4.28568532856991E-17,9.01388759242295E-17,0.215));
#12964=CARTESIAN_POINT('',(0.129903810567666,-0.075,0.065));
#12965=CARTESIAN_POINT('',(0.,9.18485099360515E-18,0.065));
#12966=CARTESIAN_POINT('',(0.145236875482778,-0.0375,0.065));
#12967=CARTESIAN_POINT('',(0.,9.18485099360515E-18,0.065));
#12968=CARTESIAN_POINT('',(0.147457621030586,-0.0275,0.065));
#12969=CARTESIAN_POINT('',(0.,9.18485099360515E-18,0.065));
#12970=CARTESIAN_POINT('',(0.147457621030586,0.0275,0.065));
#12971=CARTESIAN_POINT('',(0.,9.18485099360515E-18,0.065));
#12972=CARTESIAN_POINT('',(-2.77555756156289E-17,2.08166817117217E-17,0.015));
#12973=CARTESIAN_POINT('',(-2.77555756156289E-17,2.08166817117217E-17,0.075));
#12974=CARTESIAN_POINT('',(0.112583302491977,0.065,0.075));
#12975=CARTESIAN_POINT('',(0.065,0.112583302491977,0.075));
#12976=CARTESIAN_POINT('',(0.112583302491977,0.065,0.015));
#12977=CARTESIAN_POINT('',(0.112583302491977,0.065,0.015));
#12978=CARTESIAN_POINT('',(-2.77555756156289E-17,2.08166817117217E-17,0.015));
#12979=CARTESIAN_POINT('',(0.065,0.112583302491977,0.015));
#12980=CARTESIAN_POINT('',(0.065,0.112583302491977,0.015));
#12981=CARTESIAN_POINT('',(0.07,0.121243556529821,0.015));
#12982=CARTESIAN_POINT('',(0.07,0.121243556529821,0.075));
#12983=CARTESIAN_POINT('',(0.07,0.121243556529821,0.015));
#12984=CARTESIAN_POINT('',(0.075,0.129903810567666,0.015));
#12985=CARTESIAN_POINT('',(0.075,0.129903810567666,0.015));
#12986=CARTESIAN_POINT('',(0.,0.,0.015));
#12987=CARTESIAN_POINT('',(0.121243556529821,0.07,0.015));
#12988=CARTESIAN_POINT('',(0.129903810567666,0.075,0.015));
#12989=CARTESIAN_POINT('',(2.22044604925032E-16,2.08166817117217E-16,0.015));
#12990=CARTESIAN_POINT('',(0.121243556529821,0.07,0.015));
#12991=CARTESIAN_POINT('',(0.129903810567666,0.075,0.015));
#12992=CARTESIAN_POINT('',(0.121243556529821,0.07,0.075));
#12993=CARTESIAN_POINT('',(0.,9.18485099360515E-18,0.075));
#12994=CARTESIAN_POINT('',(0.,9.18485099360515E-18,0.065));
#12995=CARTESIAN_POINT('',(0.075,-0.129903810567666,0.065));
#12996=CARTESIAN_POINT('',(0.0375,-0.145236875482778,0.065));
#12997=CARTESIAN_POINT('',(8.84292419124077E-18,1.04083408558608E-17,0.215));
#12998=CARTESIAN_POINT('',(0.07,-0.121243556529821,0.075));
#12999=CARTESIAN_POINT('',(0.,9.18485099360515E-18,0.075));
#13000=CARTESIAN_POINT('',(-0.07,-0.121243556529821,0.075));
#13001=CARTESIAN_POINT('',(9.01388759242295E-17,-4.28568532856991E-17,0.215));
#13002=CARTESIAN_POINT('',(-0.075,-0.129903810567666,0.065));
#13003=CARTESIAN_POINT('',(0.,9.18485099360515E-18,0.065));
#13004=CARTESIAN_POINT('',(-0.0375,-0.145236875482778,0.065));
#13005=CARTESIAN_POINT('',(0.,9.18485099360515E-18,0.065));
#13006=CARTESIAN_POINT('',(-0.0275,-0.147457621030586,0.065));
#13007=CARTESIAN_POINT('',(0.,9.18485099360515E-18,0.065));
#13008=CARTESIAN_POINT('',(0.0275,-0.147457621030586,0.065));
#13009=CARTESIAN_POINT('',(0.,9.18485099360515E-18,0.065));
#13010=CARTESIAN_POINT('',(2.08166817117217E-17,2.77555756156289E-17,0.015));
#13011=CARTESIAN_POINT('',(2.08166817117217E-17,2.77555756156289E-17,0.075));
#13012=CARTESIAN_POINT('',(0.065,-0.112583302491977,0.075));
#13013=CARTESIAN_POINT('',(0.112583302491977,-0.065,0.075));
#13014=CARTESIAN_POINT('',(0.065,-0.112583302491977,0.015));
#13015=CARTESIAN_POINT('',(0.065,-0.112583302491977,0.015));
#13016=CARTESIAN_POINT('',(2.08166817117217E-17,2.77555756156289E-17,0.015));
#13017=CARTESIAN_POINT('',(0.112583302491977,-0.065,0.015));
#13018=CARTESIAN_POINT('',(0.112583302491977,-0.065,0.015));
#13019=CARTESIAN_POINT('',(0.121243556529821,-0.07,0.015));
#13020=CARTESIAN_POINT('',(0.121243556529821,-0.07,0.075));
#13021=CARTESIAN_POINT('',(0.121243556529821,-0.07,0.015));
#13022=CARTESIAN_POINT('',(0.129903810567666,-0.075,0.015));
#13023=CARTESIAN_POINT('',(0.129903810567666,-0.075,0.015));
#13024=CARTESIAN_POINT('',(0.,0.,0.015));
#13025=CARTESIAN_POINT('',(0.07,-0.121243556529821,0.015));
#13026=CARTESIAN_POINT('',(0.075,-0.129903810567666,0.015));
#13027=CARTESIAN_POINT('',(2.08166817117217E-16,-2.22044604925032E-16,0.015));
#13028=CARTESIAN_POINT('',(0.07,-0.121243556529821,0.015));
#13029=CARTESIAN_POINT('',(0.075,-0.129903810567666,0.015));
#13030=CARTESIAN_POINT('',(0.07,-0.121243556529821,0.075));
#13031=CARTESIAN_POINT('',(0.0155,0.190433027905485,0.0135));
#13032=CARTESIAN_POINT('',(0.0155,0.190433027905485,0.01));
#13033=CARTESIAN_POINT('',(0.0125,0.190433027905485,0.01));
#13034=CARTESIAN_POINT('',(0.0185,0.190433027905485,0.01));
#13035=CARTESIAN_POINT('',(0.0125,0.190433027905485,0.0135));
#13036=CARTESIAN_POINT('',(0.0125,0.190433027905485,0.0135));
#13037=CARTESIAN_POINT('',(0.0155,0.190433027905485,0.0135));
#13038=CARTESIAN_POINT('',(0.0185,0.190433027905485,0.0135));
#13039=CARTESIAN_POINT('',(0.0185,0.190433027905485,0.0135));
#13040=CARTESIAN_POINT('',(0.0109999999999999,0.187834951694132,0.0135));
#13041=CARTESIAN_POINT('',(0.0109999999999999,0.187834951694132,0.01));
#13042=CARTESIAN_POINT('',(0.00949999999999985,0.185236875482778,0.01));
#13043=CARTESIAN_POINT('',(0.00949999999999985,0.185236875482778,0.0135));
#13044=CARTESIAN_POINT('',(0.00949999999999985,0.185236875482778,0.0135));
#13045=CARTESIAN_POINT('',(0.0109999999999999,0.187834951694132,0.0135));
#13046=CARTESIAN_POINT('',(0.0109999999999999,0.182638799271425,0.0135));
#13047=CARTESIAN_POINT('',(0.0109999999999999,0.182638799271425,0.01));
#13048=CARTESIAN_POINT('',(0.0124999999999999,0.180040723060072,0.01));
#13049=CARTESIAN_POINT('',(0.0124999999999999,0.180040723060072,0.0135));
#13050=CARTESIAN_POINT('',(0.0124999999999999,0.180040723060072,0.0135));
#13051=CARTESIAN_POINT('',(0.0109999999999999,0.182638799271425,0.0135));
#13052=CARTESIAN_POINT('',(0.0155,0.180040723060072,0.0135));
#13053=CARTESIAN_POINT('',(0.0155,0.180040723060072,0.01));
#13054=CARTESIAN_POINT('',(0.0185,0.180040723060072,0.01));
#13055=CARTESIAN_POINT('',(0.0185,0.180040723060072,0.0135));
#13056=CARTESIAN_POINT('',(0.0185,0.180040723060072,0.0135));
#13057=CARTESIAN_POINT('',(0.0155,0.180040723060072,0.0135));
#13058=CARTESIAN_POINT('',(0.02,0.182638799271425,0.0135));
#13059=CARTESIAN_POINT('',(0.02,0.182638799271425,0.01));
#13060=CARTESIAN_POINT('',(0.0215,0.185236875482778,0.01));
#13061=CARTESIAN_POINT('',(0.0215,0.185236875482778,0.0135));
#13062=CARTESIAN_POINT('',(0.0215,0.185236875482778,0.0135));
#13063=CARTESIAN_POINT('',(0.02,0.182638799271425,0.0135));
#13064=CARTESIAN_POINT('',(0.02,0.187834951694132,0.0135));
#13065=CARTESIAN_POINT('',(0.02,0.187834951694132,0.01));
#13066=CARTESIAN_POINT('',(0.02,0.187834951694132,0.0135));
#13067=CARTESIAN_POINT('',(0.00281885342056826,0.170236875482778,0.0135));
#13068=CARTESIAN_POINT('',(0.,0.,0.075));
#13069=CARTESIAN_POINT('',(0.,6.73555739531044E-18,0.075));
#13070=CARTESIAN_POINT('',(0.105,6.73555739531044E-18,0.075));
#13071=CARTESIAN_POINT('',(0.,9.18485099360515E-18,0.075));
#13072=CARTESIAN_POINT('',(-0.121243556529821,-0.07,0.075));
#13073=CARTESIAN_POINT('',(-0.121243556529821,-0.07,0.075));
#13074=CARTESIAN_POINT('',(-0.112583302491977,-0.065,0.075));
#13075=CARTESIAN_POINT('',(2.77555756156289E-17,-2.08166817117217E-17,0.075));
#13076=CARTESIAN_POINT('',(-0.065,-0.112583302491977,0.075));
#13077=CARTESIAN_POINT('',(-0.07,-0.121243556529821,0.075));
#13078=CARTESIAN_POINT('',(0.,9.18485099360515E-18,0.075));
#13079=CARTESIAN_POINT('',(0.,9.18485099360515E-18,0.065));
#13080=CARTESIAN_POINT('',(-0.145236875482778,0.0375,0.065));
#13081=CARTESIAN_POINT('',(0.,9.18485099360515E-18,0.065));
#13082=CARTESIAN_POINT('',(-0.147457621030586,0.0275,0.065));
#13083=CARTESIAN_POINT('',(0.,9.18485099360515E-18,0.065));
#13084=CARTESIAN_POINT('',(-0.147457621030586,-0.0275,0.065));
#13085=CARTESIAN_POINT('',(0.,9.18485099360515E-18,0.065));
#13086=CARTESIAN_POINT('',(-0.145236875482778,-0.0375,0.065));
#13087=CARTESIAN_POINT('',(0.,9.18485099360515E-18,0.065));
#13088=CARTESIAN_POINT('',(-0.129903810567666,-0.075,0.065));
#13089=CARTESIAN_POINT('',(1.04083408558608E-17,-8.84292419124077E-18,0.215));
#13090=CARTESIAN_POINT('',(0.,9.18485099360515E-18,0.075));
#13091=CARTESIAN_POINT('',(-0.0275,-0.147457621030586,0.075));
#13092=CARTESIAN_POINT('',(-0.0275,-0.147457621030586,0.01));
#13093=CARTESIAN_POINT('',(-9.18485099360515E-18,5.62409918498197E-34,0.01));
#13094=CARTESIAN_POINT('',(0.0275,-0.147457621030586,0.01));
#13095=CARTESIAN_POINT('',(0.0275,-0.147457621030586,0.075));
#13096=CARTESIAN_POINT('',(4.15493960725587E-18,0.0226184377413891,0.01));
#13097=CARTESIAN_POINT('',(-0.0275,0.185236875482778,0.01));
#13098=CARTESIAN_POINT('',(-0.0275,0.185236875482778,0.01));
#13099=CARTESIAN_POINT('',(-0.0375,0.185236875482778,0.01));
#13100=CARTESIAN_POINT('',(-0.0275,0.170236875482778,0.01));
#13101=CARTESIAN_POINT('',(-0.0275,0.147457621030586,0.01));
#13102=CARTESIAN_POINT('',(9.18485099360515E-18,-1.68722975549459E-33,0.01));
#13103=CARTESIAN_POINT('',(0.0275,0.147457621030586,0.01));
#13104=CARTESIAN_POINT('',(0.0275,0.170236875482778,0.01));
#13105=CARTESIAN_POINT('',(0.0275,0.185236875482778,0.01));
#13106=CARTESIAN_POINT('',(0.0275,0.185236875482778,0.01));
#13107=CARTESIAN_POINT('',(0.0375,0.185236875482778,0.01));
#13108=CARTESIAN_POINT('',(0.0275,0.195236875482778,0.01));
#13109=CARTESIAN_POINT('',(0.0275,0.195236875482778,0.01));
#13110=CARTESIAN_POINT('',(1.39947840753936E-16,0.195236875482778,0.01));
#13111=CARTESIAN_POINT('',(-0.0275,0.195236875482778,0.01));
#13112=CARTESIAN_POINT('',(-0.0375,0.185236875482778,0.01));
#13113=CARTESIAN_POINT('',(-0.0155,0.190433027905485,0.01));
#13114=CARTESIAN_POINT('',(-0.0125,0.190433027905485,0.01));
#13115=CARTESIAN_POINT('',(-0.0185,0.190433027905485,0.01));
#13116=CARTESIAN_POINT('',(-0.0109999999999998,0.187834951694132,0.01));
#13117=CARTESIAN_POINT('',(-0.00949999999999983,0.185236875482778,0.01));
#13118=CARTESIAN_POINT('',(-0.0109999999999998,0.182638799271425,0.01));
#13119=CARTESIAN_POINT('',(-0.0124999999999999,0.180040723060072,0.01));
#13120=CARTESIAN_POINT('',(-0.0155,0.180040723060072,0.01));
#13121=CARTESIAN_POINT('',(-0.0185,0.180040723060072,0.01));
#13122=CARTESIAN_POINT('',(-0.02,0.182638799271425,0.01));
#13123=CARTESIAN_POINT('',(-0.0215,0.185236875482778,0.01));
#13124=CARTESIAN_POINT('',(-0.02,0.187834951694132,0.01));
#13125=CARTESIAN_POINT('',(0.,9.18485099360515E-18,0.075));
#13126=CARTESIAN_POINT('',(-0.0275,0.147457621030586,0.075));
#13127=CARTESIAN_POINT('',(0.0275,0.147457621030586,0.075));
#13128=CARTESIAN_POINT('',(0.,9.18485099360515E-18,0.075));
#13129=CARTESIAN_POINT('',(0.145236875482778,0.0375,0.01));
#13130=CARTESIAN_POINT('',(0.145236875482778,0.0375,0.));
#13131=CARTESIAN_POINT('',(0.,9.18485099360515E-18,0.));
#13132=CARTESIAN_POINT('',(0.0375,0.145236875482778,0.));
#13133=CARTESIAN_POINT('',(0.0375,0.145236875482778,0.0375));
#13134=CARTESIAN_POINT('',(0.,9.18485099360515E-18,0.075));
#13135=CARTESIAN_POINT('',(0.147457621030586,-0.0275,0.075));
#13136=CARTESIAN_POINT('',(0.147457621030586,-0.0275,0.01));
#13137=CARTESIAN_POINT('',(-1.12481983699639E-33,-9.18485099360515E-18,
0.01));
#13138=CARTESIAN_POINT('',(0.147457621030586,0.0275,0.01));
#13139=CARTESIAN_POINT('',(0.147457621030586,0.0275,0.075));
#13140=CARTESIAN_POINT('',(0.0226184377413891,-2.76995973817058E-18,0.01));
#13141=CARTESIAN_POINT('',(0.187834951694132,-0.0109999999999999,0.01));
#13142=CARTESIAN_POINT('',(0.185236875482778,-0.00949999999999984,0.01));
#13143=CARTESIAN_POINT('',(0.190433027905485,-0.0125,0.01));
#13144=CARTESIAN_POINT('',(0.190433027905485,-0.0155,0.01));
#13145=CARTESIAN_POINT('',(0.190433027905485,-0.0185,0.01));
#13146=CARTESIAN_POINT('',(0.187834951694132,-0.02,0.01));
#13147=CARTESIAN_POINT('',(0.185236875482778,-0.0215,0.01));
#13148=CARTESIAN_POINT('',(0.182638799271425,-0.02,0.01));
#13149=CARTESIAN_POINT('',(0.180040723060072,-0.0185,0.01));
#13150=CARTESIAN_POINT('',(0.180040723060072,-0.0155,0.01));
#13151=CARTESIAN_POINT('',(0.180040723060072,-0.0124999999999999,0.01));
#13152=CARTESIAN_POINT('',(0.182638799271425,-0.0109999999999998,0.01));
#13153=CARTESIAN_POINT('',(0.170236875482778,-0.0275,0.01));
#13154=CARTESIAN_POINT('',(0.185236875482778,-0.0275,0.01));
#13155=CARTESIAN_POINT('',(0.185236875482778,-0.0275,0.01));
#13156=CARTESIAN_POINT('',(0.185236875482778,-0.0375,0.01));
#13157=CARTESIAN_POINT('',(0.195236875482778,-0.0275,0.01));
#13158=CARTESIAN_POINT('',(0.195236875482778,-0.0275,0.01));
#13159=CARTESIAN_POINT('',(0.195236875482778,-1.2799303002216E-16,0.01));
#13160=CARTESIAN_POINT('',(0.195236875482778,0.0275,0.01));
#13161=CARTESIAN_POINT('',(0.185236875482778,0.0375,0.01));
#13162=CARTESIAN_POINT('',(0.185236875482778,0.0375,0.01));
#13163=CARTESIAN_POINT('',(0.185236875482778,0.0275,0.01));
#13164=CARTESIAN_POINT('',(0.185236875482778,0.0275,0.01));
#13165=CARTESIAN_POINT('',(0.170236875482778,0.0275,0.01));
#13166=CARTESIAN_POINT('',(0.190433027905485,0.0155,0.01));
#13167=CARTESIAN_POINT('',(0.190433027905485,0.0125,0.01));
#13168=CARTESIAN_POINT('',(0.190433027905485,0.0185,0.01));
#13169=CARTESIAN_POINT('',(0.187834951694132,0.0109999999999999,0.01));
#13170=CARTESIAN_POINT('',(0.185236875482778,0.00949999999999984,0.01));
#13171=CARTESIAN_POINT('',(0.182638799271425,0.0109999999999998,0.01));
#13172=CARTESIAN_POINT('',(0.180040723060072,0.0124999999999999,0.01));
#13173=CARTESIAN_POINT('',(0.180040723060072,0.0155,0.01));
#13174=CARTESIAN_POINT('',(0.180040723060072,0.0185,0.01));
#13175=CARTESIAN_POINT('',(0.182638799271425,0.02,0.01));
#13176=CARTESIAN_POINT('',(0.185236875482778,0.0215,0.01));
#13177=CARTESIAN_POINT('',(0.187834951694132,0.02,0.01));
#13178=CARTESIAN_POINT('',(0.,9.18485099360515E-18,0.075));
#13179=CARTESIAN_POINT('',(0.0375,-0.145236875482778,0.01));
#13180=CARTESIAN_POINT('',(0.0375,-0.145236875482778,0.));
#13181=CARTESIAN_POINT('',(0.,9.18485099360515E-18,0.));
#13182=CARTESIAN_POINT('',(0.145236875482778,-0.0375,0.));
#13183=CARTESIAN_POINT('',(0.145236875482778,-0.0375,0.01));
#13184=CARTESIAN_POINT('',(0.,9.18485099360515E-18,0.075));
#13185=CARTESIAN_POINT('',(-0.0375,0.145236875482778,0.01));
#13186=CARTESIAN_POINT('',(-0.0375,0.145236875482778,0.));
#13187=CARTESIAN_POINT('',(0.,9.18485099360515E-18,0.));
#13188=CARTESIAN_POINT('',(-0.145236875482778,0.0375,0.));
#13189=CARTESIAN_POINT('',(-0.145236875482778,0.0375,0.01));
#13190=CARTESIAN_POINT('',(-1.38497986908529E-18,-0.0226184377413891,0.01));
#13191=CARTESIAN_POINT('',(-0.0109999999999998,-0.187834951694132,0.01));
#13192=CARTESIAN_POINT('',(-0.00949999999999982,-0.185236875482778,0.01));
#13193=CARTESIAN_POINT('',(-0.0125,-0.190433027905485,0.01));
#13194=CARTESIAN_POINT('',(-0.0155,-0.190433027905485,0.01));
#13195=CARTESIAN_POINT('',(-0.0185,-0.190433027905485,0.01));
#13196=CARTESIAN_POINT('',(-0.02,-0.187834951694132,0.01));
#13197=CARTESIAN_POINT('',(-0.0215,-0.185236875482778,0.01));
#13198=CARTESIAN_POINT('',(-0.02,-0.182638799271425,0.01));
#13199=CARTESIAN_POINT('',(-0.0185,-0.180040723060072,0.01));
#13200=CARTESIAN_POINT('',(-0.0155,-0.180040723060072,0.01));
#13201=CARTESIAN_POINT('',(-0.0124999999999999,-0.180040723060072,0.01));
#13202=CARTESIAN_POINT('',(-0.0109999999999998,-0.182638799271425,0.01));
#13203=CARTESIAN_POINT('',(-0.0275,-0.170236875482778,0.01));
#13204=CARTESIAN_POINT('',(-0.0275,-0.185236875482778,0.01));
#13205=CARTESIAN_POINT('',(-0.0275,-0.185236875482778,0.01));
#13206=CARTESIAN_POINT('',(-0.0375,-0.185236875482778,0.01));
#13207=CARTESIAN_POINT('',(-0.0275,-0.195236875482778,0.01));
#13208=CARTESIAN_POINT('',(-0.0275,-0.195236875482778,0.01));
#13209=CARTESIAN_POINT('',(-1.16038219290384E-16,-0.195236875482778,0.01));
#13210=CARTESIAN_POINT('',(0.0275,-0.195236875482778,0.01));
#13211=CARTESIAN_POINT('',(0.0375,-0.185236875482778,0.01));
#13212=CARTESIAN_POINT('',(0.0375,-0.185236875482778,0.01));
#13213=CARTESIAN_POINT('',(0.0275,-0.185236875482778,0.01));
#13214=CARTESIAN_POINT('',(0.0275,-0.185236875482778,0.01));
#13215=CARTESIAN_POINT('',(0.0275,-0.170236875482778,0.01));
#13216=CARTESIAN_POINT('',(0.0155,-0.190433027905485,0.01));
#13217=CARTESIAN_POINT('',(0.0125,-0.190433027905485,0.01));
#13218=CARTESIAN_POINT('',(0.0185,-0.190433027905485,0.01));
#13219=CARTESIAN_POINT('',(0.0109999999999999,-0.187834951694132,0.01));
#13220=CARTESIAN_POINT('',(0.00949999999999986,-0.185236875482778,0.01));
#13221=CARTESIAN_POINT('',(0.0109999999999999,-0.182638799271425,0.01));
#13222=CARTESIAN_POINT('',(0.0125,-0.180040723060072,0.01));
#13223=CARTESIAN_POINT('',(0.0155,-0.180040723060072,0.01));
#13224=CARTESIAN_POINT('',(0.0185,-0.180040723060072,0.01));
#13225=CARTESIAN_POINT('',(0.02,-0.182638799271425,0.01));
#13226=CARTESIAN_POINT('',(0.0215,-0.185236875482778,0.01));
#13227=CARTESIAN_POINT('',(0.02,-0.187834951694132,0.01));
#13228=CARTESIAN_POINT('',(0.,9.18485099360515E-18,0.075));
#13229=CARTESIAN_POINT('',(-2.22044604925032E-16,-2.08166817117217E-16,
0.015));
#13230=CARTESIAN_POINT('',(-0.129903810567666,-0.075,0.015));
#13231=CARTESIAN_POINT('',(-0.075,-0.129903810567666,0.015));
#13232=CARTESIAN_POINT('',(-0.129903810567666,-0.075,0.015));
#13233=CARTESIAN_POINT('',(-0.145236875482778,-0.0375,0.01));
#13234=CARTESIAN_POINT('',(-0.145236875482778,-0.0375,0.));
#13235=CARTESIAN_POINT('',(0.,9.18485099360515E-18,0.));
#13236=CARTESIAN_POINT('',(-0.0375,-0.145236875482778,0.));
#13237=CARTESIAN_POINT('',(-0.0375,-0.145236875482778,0.01));
#13238=CARTESIAN_POINT('',(-0.075,-0.129903810567666,0.015));
#13239=CARTESIAN_POINT('',(0.,9.18485099360515E-18,0.075));
#13240=CARTESIAN_POINT('',(-0.147457621030586,0.0275,0.075));
#13241=CARTESIAN_POINT('',(-0.147457621030586,0.0275,0.01));
#13242=CARTESIAN_POINT('',(0.,9.18485099360515E-18,0.01));
#13243=CARTESIAN_POINT('',(-0.147457621030586,-0.0275,0.01));
#13244=CARTESIAN_POINT('',(-0.147457621030586,-0.0275,0.075));
#13245=CARTESIAN_POINT('',(-0.0226184377413891,0.,0.01));
#13246=CARTESIAN_POINT('',(-0.187834951694132,0.0109999999999999,0.01));
#13247=CARTESIAN_POINT('',(-0.185236875482778,0.00949999999999986,0.01));
#13248=CARTESIAN_POINT('',(-0.190433027905485,0.0125,0.01));
#13249=CARTESIAN_POINT('',(-0.190433027905485,0.0155,0.01));
#13250=CARTESIAN_POINT('',(-0.190433027905485,0.0185,0.01));
#13251=CARTESIAN_POINT('',(-0.187834951694132,0.02,0.01));
#13252=CARTESIAN_POINT('',(-0.185236875482778,0.0215,0.01));
#13253=CARTESIAN_POINT('',(-0.182638799271425,0.02,0.01));
#13254=CARTESIAN_POINT('',(-0.180040723060072,0.0185,0.01));
#13255=CARTESIAN_POINT('',(-0.180040723060072,0.0155,0.01));
#13256=CARTESIAN_POINT('',(-0.180040723060072,0.0125,0.01));
#13257=CARTESIAN_POINT('',(-0.182638799271425,0.0109999999999999,0.01));
#13258=CARTESIAN_POINT('',(-0.170236875482778,0.0275,0.01));
#13259=CARTESIAN_POINT('',(-0.185236875482778,0.0275,0.01));
#13260=CARTESIAN_POINT('',(-0.185236875482778,0.0275,0.01));
#13261=CARTESIAN_POINT('',(-0.185236875482778,0.0375,0.01));
#13262=CARTESIAN_POINT('',(-0.195236875482778,0.0275,0.01));
#13263=CARTESIAN_POINT('',(-0.195236875482778,0.0275,0.01));
#13264=CARTESIAN_POINT('',(-0.195236875482778,1.04083408558608E-16,0.01));
#13265=CARTESIAN_POINT('',(-0.195236875482778,-0.0275,0.01));
#13266=CARTESIAN_POINT('',(-0.185236875482778,-0.0375,0.01));
#13267=CARTESIAN_POINT('',(-0.185236875482778,-0.0375,0.01));
#13268=CARTESIAN_POINT('',(-0.185236875482778,-0.0275,0.01));
#13269=CARTESIAN_POINT('',(-0.185236875482778,-0.0275,0.01));
#13270=CARTESIAN_POINT('',(-0.170236875482778,-0.0275,0.01));
#13271=CARTESIAN_POINT('',(-0.190433027905485,-0.0155,0.01));
#13272=CARTESIAN_POINT('',(-0.190433027905485,-0.0125,0.01));
#13273=CARTESIAN_POINT('',(-0.190433027905485,-0.0185,0.01));
#13274=CARTESIAN_POINT('',(-0.187834951694132,-0.0109999999999999,0.01));
#13275=CARTESIAN_POINT('',(-0.185236875482778,-0.00949999999999987,0.01));
#13276=CARTESIAN_POINT('',(-0.182638799271425,-0.0109999999999999,0.01));
#13277=CARTESIAN_POINT('',(-0.180040723060072,-0.0125,0.01));
#13278=CARTESIAN_POINT('',(-0.180040723060072,-0.0155,0.01));
#13279=CARTESIAN_POINT('',(-0.180040723060072,-0.0185,0.01));
#13280=CARTESIAN_POINT('',(-0.182638799271425,-0.02,0.01));
#13281=CARTESIAN_POINT('',(-0.185236875482778,-0.0215,0.01));
#13282=CARTESIAN_POINT('',(-0.187834951694132,-0.02,0.01));
#13283=CARTESIAN_POINT('',(0.,0.,0.));
#13284=CARTESIAN_POINT('',(-0.0375,0.170236875482778,0.));
#13285=CARTESIAN_POINT('',(-0.0375,0.185236875482778,0.));
#13286=CARTESIAN_POINT('',(-0.0375,0.185236875482778,0.));
#13287=CARTESIAN_POINT('',(-0.0275,0.195236875482778,0.));
#13288=CARTESIAN_POINT('',(1.39947840753936E-16,0.195236875482778,0.));
#13289=CARTESIAN_POINT('',(0.0275,0.195236875482778,0.));
#13290=CARTESIAN_POINT('',(0.0275,0.195236875482778,0.));
#13291=CARTESIAN_POINT('',(0.0375,0.185236875482778,0.));
#13292=CARTESIAN_POINT('',(0.0375,0.170236875482778,0.));
#13293=CARTESIAN_POINT('',(0.170236875482778,0.0375,0.));
#13294=CARTESIAN_POINT('',(0.185236875482778,0.0375,0.));
#13295=CARTESIAN_POINT('',(0.185236875482778,0.0375,0.));
#13296=CARTESIAN_POINT('',(0.195236875482778,0.0275,0.));
#13297=CARTESIAN_POINT('',(0.195236875482778,-1.2799303002216E-16,0.));
#13298=CARTESIAN_POINT('',(0.195236875482778,-0.0275,0.));
#13299=CARTESIAN_POINT('',(0.195236875482778,-0.0275,0.));
#13300=CARTESIAN_POINT('',(0.185236875482778,-0.0375,0.));
#13301=CARTESIAN_POINT('',(0.170236875482778,-0.0375,0.));
#13302=CARTESIAN_POINT('',(0.0375,-0.170236875482778,0.));
#13303=CARTESIAN_POINT('',(0.0375,-0.185236875482778,0.));
#13304=CARTESIAN_POINT('',(0.0375,-0.185236875482778,0.));
#13305=CARTESIAN_POINT('',(0.0275,-0.195236875482778,0.));
#13306=CARTESIAN_POINT('',(-1.16038219290384E-16,-0.195236875482778,0.));
#13307=CARTESIAN_POINT('',(-0.0275,-0.195236875482778,0.));
#13308=CARTESIAN_POINT('',(-0.0275,-0.195236875482778,0.));
#13309=CARTESIAN_POINT('',(-0.0375,-0.185236875482778,0.));
#13310=CARTESIAN_POINT('',(-0.0375,-0.170236875482778,0.));
#13311=CARTESIAN_POINT('',(-0.170236875482778,-0.0375,0.));
#13312=CARTESIAN_POINT('',(-0.185236875482778,-0.0375,0.));
#13313=CARTESIAN_POINT('',(-0.185236875482778,-0.0375,0.));
#13314=CARTESIAN_POINT('',(-0.195236875482778,-0.0275,0.));
#13315=CARTESIAN_POINT('',(-0.195236875482778,1.04083408558608E-16,0.));
#13316=CARTESIAN_POINT('',(-0.195236875482778,0.0275,0.));
#13317=CARTESIAN_POINT('',(-0.195236875482778,0.0275,0.));
#13318=CARTESIAN_POINT('',(-0.185236875482778,0.0375,0.));
#13319=CARTESIAN_POINT('',(-0.170236875482778,0.0375,0.));
#13320=CARTESIAN_POINT('',(-0.170236875482778,0.0375,0.01));
#13321=CARTESIAN_POINT('',(-0.185236875482778,0.0375,0.01));
#13322=CARTESIAN_POINT('',(-0.176396875482778,0.0375,0.0375));
#13323=CARTESIAN_POINT('',(-0.167556875482778,0.0375,0.065));
#13324=CARTESIAN_POINT('',(-0.156396875482778,0.0375,0.065));
#13325=CARTESIAN_POINT('',(-0.170236875482778,-0.0375,0.01));
#13326=CARTESIAN_POINT('',(-0.156396875482778,-0.0375,0.065));
#13327=CARTESIAN_POINT('',(-0.167556875482778,-0.0375,0.065));
#13328=CARTESIAN_POINT('',(-0.176396875482778,-0.0375,0.0375));
#13329=CARTESIAN_POINT('',(-0.185236875482778,-0.0375,0.));
#13330=CARTESIAN_POINT('',(-0.195236875482778,1.04083408558608E-16,0.01));
#13331=CARTESIAN_POINT('',(-0.195236875482778,-0.0275,0.01));
#13332=CARTESIAN_POINT('',(-0.195236875482778,0.0275,0.01));
#13333=CARTESIAN_POINT('',(-0.185236875482778,-0.0375,0.01));
#13334=CARTESIAN_POINT('',(-0.195236875482778,0.0275,0.01));
#13335=CARTESIAN_POINT('',(-0.017618437741389,-0.0275,0.0325));
#13336=CARTESIAN_POINT('',(-0.156396875482778,-0.0275,0.065));
#13337=CARTESIAN_POINT('',(-0.167556875482778,-0.0275,0.065));
#13338=CARTESIAN_POINT('',(-0.176396875482778,-0.0275,0.0375));
#13339=CARTESIAN_POINT('',(-0.156396875482778,-0.0275,0.065));
#13340=CARTESIAN_POINT('',(-0.167556875482778,-0.0275,0.065));
#13341=CARTESIAN_POINT('',(-0.176396875482778,-0.0275,0.0375));
#13342=CARTESIAN_POINT('',(-0.190433027905485,-0.0155,0.0135));
#13343=CARTESIAN_POINT('',(-0.190433027905485,-0.0185,0.0135));
#13344=CARTESIAN_POINT('',(-0.190433027905485,-0.0185,0.0135));
#13345=CARTESIAN_POINT('',(-0.190433027905485,-0.0155,0.0135));
#13346=CARTESIAN_POINT('',(-0.190433027905485,-0.0125,0.0135));
#13347=CARTESIAN_POINT('',(-0.190433027905485,-0.0125,0.0135));
#13348=CARTESIAN_POINT('',(-0.187834951694132,-0.02,0.0135));
#13349=CARTESIAN_POINT('',(-0.185236875482778,-0.0215,0.0135));
#13350=CARTESIAN_POINT('',(-0.185236875482778,-0.0215,0.0135));
#13351=CARTESIAN_POINT('',(-0.187834951694132,-0.02,0.0135));
#13352=CARTESIAN_POINT('',(-0.182638799271425,-0.02,0.0135));
#13353=CARTESIAN_POINT('',(-0.180040723060072,-0.0185,0.0135));
#13354=CARTESIAN_POINT('',(-0.180040723060072,-0.0185,0.0135));
#13355=CARTESIAN_POINT('',(-0.182638799271425,-0.02,0.0135));
#13356=CARTESIAN_POINT('',(-0.180040723060072,-0.0155,0.0135));
#13357=CARTESIAN_POINT('',(-0.180040723060072,-0.0125,0.0135));
#13358=CARTESIAN_POINT('',(-0.180040723060072,-0.0125,0.0135));
#13359=CARTESIAN_POINT('',(-0.180040723060072,-0.0155,0.0135));
#13360=CARTESIAN_POINT('',(-0.182638799271425,-0.0109999999999999,0.0135));
#13361=CARTESIAN_POINT('',(-0.185236875482778,-0.00949999999999986,0.0135));
#13362=CARTESIAN_POINT('',(-0.185236875482778,-0.00949999999999986,0.0135));
#13363=CARTESIAN_POINT('',(-0.182638799271425,-0.0109999999999999,0.0135));
#13364=CARTESIAN_POINT('',(-0.187834951694132,-0.0109999999999999,0.0135));
#13365=CARTESIAN_POINT('',(-0.187834951694132,-0.0109999999999999,0.0135));
#13366=CARTESIAN_POINT('',(-0.170236875482778,-0.00281885342056827,0.0135));
#13367=CARTESIAN_POINT('',(-0.017618437741389,0.0275,0.0325));
#13368=CARTESIAN_POINT('',(-0.156396875482778,0.0275,0.065));
#13369=CARTESIAN_POINT('',(-0.167556875482778,0.0275,0.065));
#13370=CARTESIAN_POINT('',(-0.176396875482778,0.0275,0.0375));
#13371=CARTESIAN_POINT('',(-0.176396875482778,0.0275,0.0375));
#13372=CARTESIAN_POINT('',(-0.167556875482778,0.0275,0.065));
#13373=CARTESIAN_POINT('',(-0.156396875482778,0.0275,0.065));
#13374=CARTESIAN_POINT('',(-0.190433027905485,0.0155,0.0135));
#13375=CARTESIAN_POINT('',(-0.190433027905485,0.0125,0.0135));
#13376=CARTESIAN_POINT('',(-0.190433027905485,0.0125,0.0135));
#13377=CARTESIAN_POINT('',(-0.190433027905485,0.0155,0.0135));
#13378=CARTESIAN_POINT('',(-0.190433027905485,0.0185,0.0135));
#13379=CARTESIAN_POINT('',(-0.190433027905485,0.0185,0.0135));
#13380=CARTESIAN_POINT('',(-0.187834951694132,0.0109999999999999,0.0135));
#13381=CARTESIAN_POINT('',(-0.185236875482778,0.00949999999999986,0.0135));
#13382=CARTESIAN_POINT('',(-0.185236875482778,0.00949999999999986,0.0135));
#13383=CARTESIAN_POINT('',(-0.187834951694132,0.0109999999999999,0.0135));
#13384=CARTESIAN_POINT('',(-0.182638799271425,0.0109999999999999,0.0135));
#13385=CARTESIAN_POINT('',(-0.180040723060072,0.0125,0.0135));
#13386=CARTESIAN_POINT('',(-0.180040723060072,0.0125,0.0135));
#13387=CARTESIAN_POINT('',(-0.182638799271425,0.0109999999999999,0.0135));
#13388=CARTESIAN_POINT('',(-0.180040723060072,0.0155,0.0135));
#13389=CARTESIAN_POINT('',(-0.180040723060072,0.0185,0.0135));
#13390=CARTESIAN_POINT('',(-0.180040723060072,0.0185,0.0135));
#13391=CARTESIAN_POINT('',(-0.180040723060072,0.0155,0.0135));
#13392=CARTESIAN_POINT('',(-0.182638799271425,0.02,0.0135));
#13393=CARTESIAN_POINT('',(-0.185236875482778,0.0215,0.0135));
#13394=CARTESIAN_POINT('',(-0.185236875482778,0.0215,0.0135));
#13395=CARTESIAN_POINT('',(-0.182638799271425,0.02,0.0135));
#13396=CARTESIAN_POINT('',(-0.187834951694132,0.02,0.0135));
#13397=CARTESIAN_POINT('',(-0.187834951694132,0.02,0.0135));
#13398=CARTESIAN_POINT('',(-0.170236875482778,0.00281885342056827,0.0135));
#13399=CARTESIAN_POINT('',(-0.0375,-0.170236875482778,0.01));
#13400=CARTESIAN_POINT('',(-0.0375,-0.185236875482778,0.01));
#13401=CARTESIAN_POINT('',(-0.0375,-0.176396875482778,0.0375));
#13402=CARTESIAN_POINT('',(-0.0375,-0.167556875482778,0.065));
#13403=CARTESIAN_POINT('',(-0.0375,-0.156396875482778,0.065));
#13404=CARTESIAN_POINT('',(0.0375,-0.170236875482778,0.01));
#13405=CARTESIAN_POINT('',(0.0375,-0.156396875482778,0.065));
#13406=CARTESIAN_POINT('',(0.0375,-0.167556875482778,0.065));
#13407=CARTESIAN_POINT('',(0.0375,-0.176396875482778,0.0375));
#13408=CARTESIAN_POINT('',(0.0375,-0.185236875482778,0.));
#13409=CARTESIAN_POINT('',(-1.16038219290384E-16,-0.195236875482778,0.01));
#13410=CARTESIAN_POINT('',(0.0275,-0.195236875482778,0.01));
#13411=CARTESIAN_POINT('',(-0.0275,-0.195236875482778,0.01));
#13412=CARTESIAN_POINT('',(0.0375,-0.185236875482778,0.01));
#13413=CARTESIAN_POINT('',(-0.0275,-0.195236875482778,0.01));
#13414=CARTESIAN_POINT('',(0.0275,-0.017618437741389,0.0325));
#13415=CARTESIAN_POINT('',(0.0275,-0.156396875482778,0.065));
#13416=CARTESIAN_POINT('',(0.0275,-0.167556875482778,0.065));
#13417=CARTESIAN_POINT('',(0.0275,-0.176396875482778,0.0375));
#13418=CARTESIAN_POINT('',(0.0275,-0.156396875482778,0.065));
#13419=CARTESIAN_POINT('',(0.0275,-0.167556875482778,0.065));
#13420=CARTESIAN_POINT('',(0.0275,-0.176396875482778,0.0375));
#13421=CARTESIAN_POINT('',(0.0155,-0.190433027905485,0.0135));
#13422=CARTESIAN_POINT('',(0.0185,-0.190433027905485,0.0135));
#13423=CARTESIAN_POINT('',(0.0185,-0.190433027905485,0.0135));
#13424=CARTESIAN_POINT('',(0.0155,-0.190433027905485,0.0135));
#13425=CARTESIAN_POINT('',(0.0125,-0.190433027905485,0.0135));
#13426=CARTESIAN_POINT('',(0.0125,-0.190433027905485,0.0135));
#13427=CARTESIAN_POINT('',(0.02,-0.187834951694132,0.0135));
#13428=CARTESIAN_POINT('',(0.0215,-0.185236875482778,0.0135));
#13429=CARTESIAN_POINT('',(0.0215,-0.185236875482778,0.0135));
#13430=CARTESIAN_POINT('',(0.02,-0.187834951694132,0.0135));
#13431=CARTESIAN_POINT('',(0.02,-0.182638799271425,0.0135));
#13432=CARTESIAN_POINT('',(0.0185,-0.180040723060072,0.0135));
#13433=CARTESIAN_POINT('',(0.0185,-0.180040723060072,0.0135));
#13434=CARTESIAN_POINT('',(0.02,-0.182638799271425,0.0135));
#13435=CARTESIAN_POINT('',(0.0155,-0.180040723060072,0.0135));
#13436=CARTESIAN_POINT('',(0.0124999999999999,-0.180040723060072,0.0135));
#13437=CARTESIAN_POINT('',(0.0124999999999999,-0.180040723060072,0.0135));
#13438=CARTESIAN_POINT('',(0.0155,-0.180040723060072,0.0135));
#13439=CARTESIAN_POINT('',(0.0109999999999999,-0.182638799271425,0.0135));
#13440=CARTESIAN_POINT('',(0.00949999999999985,-0.185236875482778,0.0135));
#13441=CARTESIAN_POINT('',(0.00949999999999985,-0.185236875482778,0.0135));
#13442=CARTESIAN_POINT('',(0.0109999999999999,-0.182638799271425,0.0135));
#13443=CARTESIAN_POINT('',(0.0109999999999999,-0.187834951694132,0.0135));
#13444=CARTESIAN_POINT('',(0.0109999999999999,-0.187834951694132,0.0135));
#13445=CARTESIAN_POINT('',(0.00281885342056826,-0.170236875482778,0.0135));
#13446=CARTESIAN_POINT('',(0.0275,0.017618437741389,0.0325));
#13447=CARTESIAN_POINT('',(0.0275,0.156396875482778,0.065));
#13448=CARTESIAN_POINT('',(0.0275,0.167556875482778,0.065));
#13449=CARTESIAN_POINT('',(0.0275,0.176396875482778,0.0375));
#13450=CARTESIAN_POINT('',(0.0275,0.176396875482778,0.0375));
#13451=CARTESIAN_POINT('',(0.0375,0.176396875482778,0.0375));
#13452=CARTESIAN_POINT('',(0.0375,0.167556875482778,0.065));
#13453=CARTESIAN_POINT('',(0.0275,0.167556875482778,0.065));
#13454=CARTESIAN_POINT('',(0.0275,0.156396875482778,0.065));
#13455=CARTESIAN_POINT('',(0.0375,0.156396875482778,0.065));
#13456=CARTESIAN_POINT('',(0.0375,0.017618437741389,0.0325));
#13457=CARTESIAN_POINT('',(0.0375,0.185236875482778,0.01));
#13458=CARTESIAN_POINT('',(0.170236875482778,-0.0375,0.01));
#13459=CARTESIAN_POINT('',(0.185236875482778,-0.0375,0.01));
#13460=CARTESIAN_POINT('',(0.176396875482778,-0.0375,0.0375));
#13461=CARTESIAN_POINT('',(0.167556875482778,-0.0375,0.065));
#13462=CARTESIAN_POINT('',(0.156396875482778,-0.0375,0.065));
#13463=CARTESIAN_POINT('',(0.170236875482778,0.0375,0.01));
#13464=CARTESIAN_POINT('',(0.156396875482778,0.0375,0.065));
#13465=CARTESIAN_POINT('',(0.167556875482778,0.0375,0.065));
#13466=CARTESIAN_POINT('',(0.176396875482778,0.0375,0.0375));
#13467=CARTESIAN_POINT('',(0.185236875482778,0.0375,0.));
#13468=CARTESIAN_POINT('',(0.195236875482778,-1.2799303002216E-16,0.01));
#13469=CARTESIAN_POINT('',(0.195236875482778,0.0275,0.01));
#13470=CARTESIAN_POINT('',(0.195236875482778,-0.0275,0.01));
#13471=CARTESIAN_POINT('',(0.185236875482778,0.0375,0.01));
#13472=CARTESIAN_POINT('',(0.195236875482778,-0.0275,0.01));
#13473=CARTESIAN_POINT('',(0.017618437741389,0.0275,0.0325));
#13474=CARTESIAN_POINT('',(0.156396875482778,0.0275,0.065));
#13475=CARTESIAN_POINT('',(0.167556875482778,0.0275,0.065));
#13476=CARTESIAN_POINT('',(0.176396875482778,0.0275,0.0375));
#13477=CARTESIAN_POINT('',(0.156396875482778,0.0275,0.065));
#13478=CARTESIAN_POINT('',(0.167556875482778,0.0275,0.065));
#13479=CARTESIAN_POINT('',(0.176396875482778,0.0275,0.0375));
#13480=CARTESIAN_POINT('',(0.190433027905485,0.0155,0.0135));
#13481=CARTESIAN_POINT('',(0.190433027905485,0.0185,0.0135));
#13482=CARTESIAN_POINT('',(0.190433027905485,0.0185,0.0135));
#13483=CARTESIAN_POINT('',(0.190433027905485,0.0155,0.0135));
#13484=CARTESIAN_POINT('',(0.190433027905485,0.0125,0.0135));
#13485=CARTESIAN_POINT('',(0.190433027905485,0.0125,0.0135));
#13486=CARTESIAN_POINT('',(0.187834951694132,0.02,0.0135));
#13487=CARTESIAN_POINT('',(0.185236875482778,0.0215,0.0135));
#13488=CARTESIAN_POINT('',(0.185236875482778,0.0215,0.0135));
#13489=CARTESIAN_POINT('',(0.187834951694132,0.02,0.0135));
#13490=CARTESIAN_POINT('',(0.182638799271425,0.02,0.0135));
#13491=CARTESIAN_POINT('',(0.180040723060072,0.0185,0.0135));
#13492=CARTESIAN_POINT('',(0.180040723060072,0.0185,0.0135));
#13493=CARTESIAN_POINT('',(0.182638799271425,0.02,0.0135));
#13494=CARTESIAN_POINT('',(0.180040723060072,0.0155,0.0135));
#13495=CARTESIAN_POINT('',(0.180040723060072,0.0124999999999999,0.0135));
#13496=CARTESIAN_POINT('',(0.180040723060072,0.0124999999999999,0.0135));
#13497=CARTESIAN_POINT('',(0.180040723060072,0.0155,0.0135));
#13498=CARTESIAN_POINT('',(0.182638799271425,0.0109999999999998,0.0135));
#13499=CARTESIAN_POINT('',(0.185236875482778,0.00949999999999984,0.0135));
#13500=CARTESIAN_POINT('',(0.185236875482778,0.00949999999999984,0.0135));
#13501=CARTESIAN_POINT('',(0.182638799271425,0.0109999999999998,0.0135));
#13502=CARTESIAN_POINT('',(0.187834951694132,0.0109999999999999,0.0135));
#13503=CARTESIAN_POINT('',(0.187834951694132,0.0109999999999999,0.0135));
#13504=CARTESIAN_POINT('',(0.170236875482778,0.00281885342056825,0.0135));
#13505=CARTESIAN_POINT('',(0.017618437741389,-0.0275,0.0325));
#13506=CARTESIAN_POINT('',(0.156396875482778,-0.0275,0.065));
#13507=CARTESIAN_POINT('',(0.167556875482778,-0.0275,0.065));
#13508=CARTESIAN_POINT('',(0.176396875482778,-0.0275,0.0375));
#13509=CARTESIAN_POINT('',(0.176396875482778,-0.0275,0.0375));
#13510=CARTESIAN_POINT('',(0.167556875482778,-0.0275,0.065));
#13511=CARTESIAN_POINT('',(0.156396875482778,-0.0275,0.065));
#13512=CARTESIAN_POINT('',(0.190433027905485,-0.0155,0.0135));
#13513=CARTESIAN_POINT('',(0.190433027905485,-0.0125,0.0135));
#13514=CARTESIAN_POINT('',(0.190433027905485,-0.0125,0.0135));
#13515=CARTESIAN_POINT('',(0.190433027905485,-0.0155,0.0135));
#13516=CARTESIAN_POINT('',(0.190433027905485,-0.0185,0.0135));
#13517=CARTESIAN_POINT('',(0.190433027905485,-0.0185,0.0135));
#13518=CARTESIAN_POINT('',(0.187834951694132,-0.0109999999999999,0.0135));
#13519=CARTESIAN_POINT('',(0.185236875482778,-0.00949999999999984,0.0135));
#13520=CARTESIAN_POINT('',(0.185236875482778,-0.00949999999999984,0.0135));
#13521=CARTESIAN_POINT('',(0.187834951694132,-0.0109999999999999,0.0135));
#13522=CARTESIAN_POINT('',(0.182638799271425,-0.0109999999999998,0.0135));
#13523=CARTESIAN_POINT('',(0.180040723060072,-0.0124999999999999,0.0135));
#13524=CARTESIAN_POINT('',(0.180040723060072,-0.0124999999999999,0.0135));
#13525=CARTESIAN_POINT('',(0.182638799271425,-0.0109999999999998,0.0135));
#13526=CARTESIAN_POINT('',(0.180040723060072,-0.0155,0.0135));
#13527=CARTESIAN_POINT('',(0.180040723060072,-0.0185,0.0135));
#13528=CARTESIAN_POINT('',(0.180040723060072,-0.0185,0.0135));
#13529=CARTESIAN_POINT('',(0.180040723060072,-0.0155,0.0135));
#13530=CARTESIAN_POINT('',(0.182638799271425,-0.02,0.0135));
#13531=CARTESIAN_POINT('',(0.185236875482778,-0.0215,0.0135));
#13532=CARTESIAN_POINT('',(0.185236875482778,-0.0215,0.0135));
#13533=CARTESIAN_POINT('',(0.182638799271425,-0.02,0.0135));
#13534=CARTESIAN_POINT('',(0.187834951694132,-0.02,0.0135));
#13535=CARTESIAN_POINT('',(0.187834951694132,-0.02,0.0135));
#13536=CARTESIAN_POINT('',(0.170236875482778,-0.00281885342056825,0.0135));
#13537=CARTESIAN_POINT('',(-0.0375,0.170236875482778,0.01));
#13538=CARTESIAN_POINT('',(-0.0375,0.156396875482778,0.065));
#13539=CARTESIAN_POINT('',(-0.0375,0.167556875482778,0.065));
#13540=CARTESIAN_POINT('',(-0.0375,0.176396875482778,0.0375));
#13541=CARTESIAN_POINT('',(-0.0375,0.185236875482778,0.));
#13542=CARTESIAN_POINT('',(1.39947840753936E-16,0.195236875482778,0.01));
#13543=CARTESIAN_POINT('',(-0.0275,0.195236875482778,0.01));
#13544=CARTESIAN_POINT('',(0.0275,0.195236875482778,0.));
#13545=CARTESIAN_POINT('',(-0.0375,0.185236875482778,0.01));
#13546=CARTESIAN_POINT('',(0.0275,0.195236875482778,0.01));
#13547=CARTESIAN_POINT('',(-0.0275,0.017618437741389,0.0325));
#13548=CARTESIAN_POINT('',(-0.0275,0.156396875482778,0.065));
#13549=CARTESIAN_POINT('',(-0.0275,0.167556875482778,0.065));
#13550=CARTESIAN_POINT('',(-0.0275,0.176396875482778,0.0375));
#13551=CARTESIAN_POINT('',(-0.0275,0.156396875482778,0.065));
#13552=CARTESIAN_POINT('',(-0.0275,0.167556875482778,0.065));
#13553=CARTESIAN_POINT('',(-0.0275,0.176396875482778,0.0375));
#13554=CARTESIAN_POINT('',(-0.0155,0.190433027905485,0.0135));
#13555=CARTESIAN_POINT('',(-0.0185,0.190433027905485,0.0135));
#13556=CARTESIAN_POINT('',(-0.0185,0.190433027905485,0.0135));
#13557=CARTESIAN_POINT('',(-0.0155,0.190433027905485,0.0135));
#13558=CARTESIAN_POINT('',(-0.0125,0.190433027905485,0.0135));
#13559=CARTESIAN_POINT('',(-0.0125,0.190433027905485,0.0135));
#13560=CARTESIAN_POINT('',(-0.02,0.187834951694132,0.0135));
#13561=CARTESIAN_POINT('',(-0.0215,0.185236875482778,0.0135));
#13562=CARTESIAN_POINT('',(-0.0215,0.185236875482778,0.0135));
#13563=CARTESIAN_POINT('',(-0.02,0.187834951694132,0.0135));
#13564=CARTESIAN_POINT('',(-0.02,0.182638799271425,0.0135));
#13565=CARTESIAN_POINT('',(-0.0185,0.180040723060072,0.0135));
#13566=CARTESIAN_POINT('',(-0.0185,0.180040723060072,0.0135));
#13567=CARTESIAN_POINT('',(-0.02,0.182638799271425,0.0135));
#13568=CARTESIAN_POINT('',(-0.0155,0.180040723060072,0.0135));
#13569=CARTESIAN_POINT('',(-0.0124999999999999,0.180040723060072,0.0135));
#13570=CARTESIAN_POINT('',(-0.0124999999999999,0.180040723060072,0.0135));
#13571=CARTESIAN_POINT('',(-0.0155,0.180040723060072,0.0135));
#13572=CARTESIAN_POINT('',(-0.0109999999999998,0.182638799271425,0.0135));
#13573=CARTESIAN_POINT('',(-0.00949999999999982,0.185236875482778,0.0135));
#13574=CARTESIAN_POINT('',(-0.00949999999999982,0.185236875482778,0.0135));
#13575=CARTESIAN_POINT('',(-0.0109999999999998,0.182638799271425,0.0135));
#13576=CARTESIAN_POINT('',(-0.0109999999999998,0.187834951694132,0.0135));
#13577=CARTESIAN_POINT('',(-0.0109999999999998,0.187834951694132,0.0135));
#13578=CARTESIAN_POINT('',(-0.00281885342056824,0.170236875482778,0.0135));
#13579=CARTESIAN_POINT('',(-0.0275,-0.017618437741389,0.0325));
#13580=CARTESIAN_POINT('',(-0.0275,-0.156396875482778,0.065));
#13581=CARTESIAN_POINT('',(-0.0275,-0.167556875482778,0.065));
#13582=CARTESIAN_POINT('',(-0.0275,-0.176396875482778,0.0375));
#13583=CARTESIAN_POINT('',(-0.0275,-0.176396875482778,0.0375));
#13584=CARTESIAN_POINT('',(-0.0275,-0.167556875482778,0.065));
#13585=CARTESIAN_POINT('',(-0.0275,-0.156396875482778,0.065));
#13586=CARTESIAN_POINT('',(-0.0155,-0.190433027905485,0.0135));
#13587=CARTESIAN_POINT('',(-0.0125,-0.190433027905485,0.0135));
#13588=CARTESIAN_POINT('',(-0.0125,-0.190433027905485,0.0135));
#13589=CARTESIAN_POINT('',(-0.0155,-0.190433027905485,0.0135));
#13590=CARTESIAN_POINT('',(-0.0185,-0.190433027905485,0.0135));
#13591=CARTESIAN_POINT('',(-0.0185,-0.190433027905485,0.0135));
#13592=CARTESIAN_POINT('',(-0.0109999999999998,-0.187834951694132,0.0135));
#13593=CARTESIAN_POINT('',(-0.00949999999999982,-0.185236875482778,0.0135));
#13594=CARTESIAN_POINT('',(-0.00949999999999982,-0.185236875482778,0.0135));
#13595=CARTESIAN_POINT('',(-0.0109999999999998,-0.187834951694132,0.0135));
#13596=CARTESIAN_POINT('',(-0.0109999999999998,-0.182638799271425,0.0135));
#13597=CARTESIAN_POINT('',(-0.0124999999999999,-0.180040723060072,0.0135));
#13598=CARTESIAN_POINT('',(-0.0124999999999999,-0.180040723060072,0.0135));
#13599=CARTESIAN_POINT('',(-0.0109999999999998,-0.182638799271425,0.0135));
#13600=CARTESIAN_POINT('',(-0.0155,-0.180040723060072,0.0135));
#13601=CARTESIAN_POINT('',(-0.0185,-0.180040723060072,0.0135));
#13602=CARTESIAN_POINT('',(-0.0185,-0.180040723060072,0.0135));
#13603=CARTESIAN_POINT('',(-0.0155,-0.180040723060072,0.0135));
#13604=CARTESIAN_POINT('',(-0.02,-0.182638799271425,0.0135));
#13605=CARTESIAN_POINT('',(-0.0215,-0.185236875482778,0.0135));
#13606=CARTESIAN_POINT('',(-0.0215,-0.185236875482778,0.0135));
#13607=CARTESIAN_POINT('',(-0.02,-0.182638799271425,0.0135));
#13608=CARTESIAN_POINT('',(-0.02,-0.187834951694132,0.0135));
#13609=CARTESIAN_POINT('',(-0.02,-0.187834951694132,0.0135));
#13610=CARTESIAN_POINT('',(-0.00281885342056824,-0.170236875482778,0.0135));
#13611=CARTESIAN_POINT('',(-0.07,-0.121243556529821,0.015));
#13612=CARTESIAN_POINT('',(-0.065,-0.112583302491977,0.015));
#13613=CARTESIAN_POINT('',(-0.065,-0.112583302491977,0.015));
#13614=CARTESIAN_POINT('',(-0.07,-0.121243556529821,0.015));
#13615=CARTESIAN_POINT('',(2.77555756156289E-17,-2.08166817117217E-17,0.015));
#13616=CARTESIAN_POINT('',(-0.112583302491977,-0.065,0.015));
#13617=CARTESIAN_POINT('',(-0.112583302491977,-0.065,0.015));
#13618=CARTESIAN_POINT('',(2.77555756156289E-17,-2.08166817117217E-17,0.015));
#13619=CARTESIAN_POINT('',(-0.121243556529821,-0.07,0.015));
#13620=CARTESIAN_POINT('',(-0.121243556529821,-0.07,0.015));
#13621=CARTESIAN_POINT('',(0.,0.,0.015));
#13622=CARTESIAN_POINT('',(0.,0.,0.085));
#13623=CARTESIAN_POINT('',(0.,9.18485099360515E-19,0.085));
#13624=CARTESIAN_POINT('',(0.015,9.18485099360515E-19,0.085));
#13625=CARTESIAN_POINT('',(0.,6.73555739531044E-18,0.085));
#13626=CARTESIAN_POINT('',(0.095,6.73555739531044E-18,0.085));
#13627=CARTESIAN_POINT('',(0.,6.73555739531044E-18,0.085));
#13628=CARTESIAN_POINT('',(0.,9.18485099360515E-19,0.105));
#13629=CARTESIAN_POINT('',(0.,9.18485099360515E-19,0.105));
#13630=CARTESIAN_POINT('',(0.015,9.18485099360515E-19,0.105));
#13631=CARTESIAN_POINT('',(0.,0.,0.105));
#13632=CARTESIAN_POINT('',(0.,0.,0.));
#13633=CARTESIAN_POINT('',(0.008,-0.03,-0.06));
#13634=CARTESIAN_POINT('',(-0.0218392535376025,-0.03,-0.0407980633704747));
#13635=CARTESIAN_POINT('',(0.0212330987407434,-0.03,-0.075));
#13636=CARTESIAN_POINT('',(0.033,-0.03,-0.045));
#13637=CARTESIAN_POINT('',(0.008,-0.03,-0.075));
#13638=CARTESIAN_POINT('',(-0.027,-0.03,-0.075));
#13639=CARTESIAN_POINT('',(-0.027,-0.03,-0.06));
#13640=CARTESIAN_POINT('',(-0.027,-0.03,-0.045));
#13641=CARTESIAN_POINT('',(0.008,-0.03,-0.045));
#13642=CARTESIAN_POINT('',(0.008,-0.07,-0.06));
#13643=CARTESIAN_POINT('',(0.008,-0.07,-0.075));
#13644=CARTESIAN_POINT('',(0.0212330987407435,-0.07,-0.075));
#13645=CARTESIAN_POINT('',(-0.027,-0.07,-0.075));
#13646=CARTESIAN_POINT('',(-0.0218392535376025,-0.07,-0.0407980633704747));
#13647=CARTESIAN_POINT('',(0.033,-0.07,-0.045));
#13648=CARTESIAN_POINT('',(0.008,-0.07,-0.045));
#13649=CARTESIAN_POINT('',(-0.027,-0.07,-0.045));
#13650=CARTESIAN_POINT('',(-0.027,-0.07,-0.06));
#13651=CARTESIAN_POINT('',(0.079119037896906,-0.1,-1.38777878078145E-17));
#13652=CARTESIAN_POINT('',(-0.0375,-0.1,0.045));
#13653=CARTESIAN_POINT('',(-0.0375,-0.1,0.045));
#13654=CARTESIAN_POINT('',(-0.0375,-0.001,0.045));
#13655=CARTESIAN_POINT('',(0.079119037896906,-0.001,-1.38777878078145E-17));
#13656=CARTESIAN_POINT('',(-0.0375,-0.001,-0.045));
#13657=CARTESIAN_POINT('',(-0.0375,-0.1,-0.045));
#13658=CARTESIAN_POINT('',(-0.0375,-0.007,-0.045));
#13659=CARTESIAN_POINT('',(-0.0375,-0.093,-0.045));
#13660=CARTESIAN_POINT('',(-0.0385365082565856,-0.093,-0.0423138534298843));
#13661=CARTESIAN_POINT('',(-0.0399281686384135,-0.0926253653271238,-0.0382929475319252));
#13662=CARTESIAN_POINT('',(-0.0414809518763039,-0.09135069793317,-0.0329606704099913));
#13663=CARTESIAN_POINT('',(-0.0428356042257732,-0.0895194321138355,-0.0276538412065616));
#13664=CARTESIAN_POINT('',(-0.0438411891024731,-0.0869621021513114,-0.0227103699701104));
#13665=CARTESIAN_POINT('',(-0.0445826903803515,-0.0836187073803887,-0.0180753195180633));
#13666=CARTESIAN_POINT('',(-0.0450044880889167,-0.0807875342144421,-0.01488141808049));
#13667=CARTESIAN_POINT('',(-0.0453141772262308,-0.0776726801798873,-0.0119957818297698));
#13668=CARTESIAN_POINT('',(-0.045534657910076,-0.0742508827430201,-0.00940368445502874));
#13669=CARTESIAN_POINT('',(-0.0456814098327099,-0.070570042783335,-0.00715832475187354));
#13670=CARTESIAN_POINT('',(-0.0457715882803759,-0.0667327496744315,-0.00531343075759557));
#13671=CARTESIAN_POINT('',(-0.0458238982905756,-0.06271636139178,-0.00384760612263422));
#13672=CARTESIAN_POINT('',(-0.045859802656198,-0.0571214130996446,-0.00242470497255262));
#13673=CARTESIAN_POINT('',(-0.0458668821092721,-0.0514876370899352,-0.00185946443414044));
#13674=CARTESIAN_POINT('',(-0.0458628880801223,-0.0457299582347315,-0.00213981108366762));
#13675=CARTESIAN_POINT('',(-0.0458509824899107,-0.0414927852585518,-0.00277836467409901));
#13676=CARTESIAN_POINT('',(-0.0458245076266208,-0.03736674222463,-0.00382398464359286));
#13677=CARTESIAN_POINT('',(-0.0457729366961285,-0.033331688261624,-0.00528382214594206));
#13678=CARTESIAN_POINT('',(-0.0456817342158833,-0.029439266007371,-0.00715307549552388));
#13679=CARTESIAN_POINT('',(-0.0455370067762473,-0.0258063636179438,-0.00936793361102711));
#13680=CARTESIAN_POINT('',(-0.0453206136910126,-0.0224025697658631,-0.0119307953270422));
#13681=CARTESIAN_POINT('',(-0.0449020734914873,-0.0181716480073746,-0.0158407749599721));
#13682=CARTESIAN_POINT('',(-0.0441173084653671,-0.013761929792557,-0.0213384890678809));
#13683=CARTESIAN_POINT('',(-0.0425769181498937,-0.00982384290148134,-0.0289237461736296));
#13684=CARTESIAN_POINT('',(-0.0407838830596429,-0.00789963074093716,-0.0355294382036763));
#13685=CARTESIAN_POINT('',(-0.0390035992651303,-0.00712453165562064,-0.040966209258252));
#13686=CARTESIAN_POINT('',(-0.0380184601954473,-0.007,-0.0436563926848686));
#13687=CARTESIAN_POINT('',(-0.0375,-0.007,-0.045));
#13688=CARTESIAN_POINT('',(-0.0375,-0.093,-0.045));
#13689=CARTESIAN_POINT('',(-0.0375,-0.1,-0.045));
#13690=CARTESIAN_POINT('',(-0.0375,-0.1,-0.045));
#13691=CARTESIAN_POINT('',(0.079119037896906,-0.1,-1.38777878078145E-17));
#13692=CARTESIAN_POINT('',(0.,-0.1,-0.045));
#13693=CARTESIAN_POINT('',(0.0375,-0.001,-0.045));
#13694=CARTESIAN_POINT('',(0.0375,-0.001,-0.045));
#13695=CARTESIAN_POINT('',(0.0375,-0.1,-0.045));
#13696=CARTESIAN_POINT('',(0.0375,-0.1,-0.045));
#13697=CARTESIAN_POINT('',(0.,-0.1,-0.045));
#13698=CARTESIAN_POINT('',(-0.027,-0.093,-0.045));
#13699=CARTESIAN_POINT('',(-0.028,-0.093,-0.045));
#13700=CARTESIAN_POINT('',(-0.028,-0.092,-0.045));
#13701=CARTESIAN_POINT('',(-0.027,-0.092,-0.045));
#13702=CARTESIAN_POINT('',(-0.027,-0.1,-0.045));
#13703=CARTESIAN_POINT('',(0.033,-0.07,-0.045));
#13704=CARTESIAN_POINT('',(-0.027,-0.1,-0.045));
#13705=CARTESIAN_POINT('',(-0.027,-0.008,-0.045));
#13706=CARTESIAN_POINT('',(-0.028,-0.008,-0.045));
#13707=CARTESIAN_POINT('',(-0.028,-0.007,-0.045));
#13708=CARTESIAN_POINT('',(-0.027,-0.007,-0.045));
#13709=CARTESIAN_POINT('',(0.,-0.1,0.045));
#13710=CARTESIAN_POINT('',(0.0375,-0.1,0.045));
#13711=CARTESIAN_POINT('',(0.0375,-0.1,0.045));
#13712=CARTESIAN_POINT('',(0.0375,-0.001,0.045));
#13713=CARTESIAN_POINT('',(0.,-0.001,0.045));
#13714=CARTESIAN_POINT('',(0.,-0.1,0.045));
#13715=CARTESIAN_POINT('',(-0.079119037896906,-0.1,3.46944695195361E-18));
#13716=CARTESIAN_POINT('',(-0.079119037896906,-0.001,3.46944695195361E-18));
#13717=CARTESIAN_POINT('',(-0.079119037896906,-0.1,3.46944695195361E-18));
#13718=CARTESIAN_POINT('',(0.,0.,0.));
#13719=CARTESIAN_POINT('',(-0.079119037896906,0.,3.46944695195361E-18));
#13720=CARTESIAN_POINT('',(0.0368119760726095,0.,0.044));
#13721=CARTESIAN_POINT('',(0.0368119760726095,0.,-0.044));
#13722=CARTESIAN_POINT('',(-0.0375,0.,-0.044));
#13723=CARTESIAN_POINT('',(-0.0368119760726095,0.,-0.044));
#13724=CARTESIAN_POINT('',(0.079119037896906,0.,-1.38777878078145E-17));
#13725=CARTESIAN_POINT('',(-0.0368119760726095,0.,0.044));
#13726=CARTESIAN_POINT('',(0.,0.,0.044));
#13727=CARTESIAN_POINT('',(-0.0304254736041272,-0.135,-0.035));
#13728=CARTESIAN_POINT('',(-0.0327977981840566,-0.123263333027357,-0.038353333420755));
#13729=CARTESIAN_POINT('',(-0.035170122763986,-0.111526666054715,-0.0417066668415101));
#13730=CARTESIAN_POINT('',(-0.0375424473439154,-0.099789999082072,-0.0450600002622651));
#13731=CARTESIAN_POINT('',(-0.0340334335122352,-0.135,-0.0237076512671708));
#13732=CARTESIAN_POINT('',(-0.0370482764540003,-0.123263333027357,-0.026047159915545));
#13733=CARTESIAN_POINT('',(-0.0400631193957653,-0.111526666054715,-0.0283866685639191));
#13734=CARTESIAN_POINT('',(-0.0430779623375303,-0.099789999082072,-0.0307261772122933));
#13735=CARTESIAN_POINT('',(-0.035880962103094,-0.135,-0.0118547252098883));
#13736=CARTESIAN_POINT('',(-0.039234295523849,-0.123263333027357,-0.0130249615644203));
#13737=CARTESIAN_POINT('',(-0.0425876289446041,-0.111526666054715,-0.0141951979189523));
#13738=CARTESIAN_POINT('',(-0.0459409623653591,-0.099789999082072,-0.0153654342734843));
#13739=CARTESIAN_POINT('',(-0.035880962103094,-0.135,0.0118547252098883));
#13740=CARTESIAN_POINT('',(-0.039234295523849,-0.123263333027357,0.0130249615644203));
#13741=CARTESIAN_POINT('',(-0.0425876289446041,-0.111526666054715,0.0141951979189523));
#13742=CARTESIAN_POINT('',(-0.0459409623653591,-0.099789999082072,0.0153654342734843));
#13743=CARTESIAN_POINT('',(-0.034033433512236,-0.135,0.0237076512671696));
#13744=CARTESIAN_POINT('',(-0.0370482764540004,-0.123263333027357,0.026047159915545));
#13745=CARTESIAN_POINT('',(-0.0400631193957647,-0.111526666054715,0.0283866685639203));
#13746=CARTESIAN_POINT('',(-0.0430779623375291,-0.099789999082072,0.0307261772122957));
#13747=CARTESIAN_POINT('',(-0.0304254736041272,-0.135,0.035));
#13748=CARTESIAN_POINT('',(-0.0327977981840566,-0.123263333027357,0.038353333420755));
#13749=CARTESIAN_POINT('',(-0.035170122763986,-0.111526666054715,0.0417066668415101));
#13750=CARTESIAN_POINT('',(-0.0375424473439154,-0.099789999082072,0.0450600002622651));
#13751=CARTESIAN_POINT('',(-0.0304254736041272,-0.135,-0.035));
#13752=CARTESIAN_POINT('',(-0.0304254736041272,-0.135,-0.035));
#13753=CARTESIAN_POINT('',(0.079119037896906,-0.135,-1.7347234759768E-17));
#13754=CARTESIAN_POINT('',(-0.0304254736041272,-0.135,0.035));
#13755=CARTESIAN_POINT('',(-0.0304254736041272,-0.135,0.035));
#13756=CARTESIAN_POINT('',(0.,-0.019433962264151,-0.0680188679245283));
#13757=CARTESIAN_POINT('',(0.0339627368020636,-0.1175,-0.04));
#13758=CARTESIAN_POINT('',(0.0304254736041273,-0.135,-0.035));
#13759=CARTESIAN_POINT('',(3.46944695195361E-17,-0.135,-0.035));
#13760=CARTESIAN_POINT('',(0.0304254736041273,-0.135,0.035));
#13761=CARTESIAN_POINT('',(0.0327977981840567,-0.123263333027357,0.038353333420755));
#13762=CARTESIAN_POINT('',(0.035170122763986,-0.111526666054715,0.0417066668415101));
#13763=CARTESIAN_POINT('',(0.0375424473439154,-0.099789999082072,0.0450600002622651));
#13764=CARTESIAN_POINT('',(0.0340334335122361,-0.135,0.0237076512671696));
#13765=CARTESIAN_POINT('',(0.0370482764540004,-0.123263333027357,0.0260471599155451));
#13766=CARTESIAN_POINT('',(0.0400631193957648,-0.111526666054715,0.0283866685639206));
#13767=CARTESIAN_POINT('',(0.0430779623375291,-0.099789999082072,0.0307261772122961));
#13768=CARTESIAN_POINT('',(0.0358809621030941,-0.135,0.0118547252098883));
#13769=CARTESIAN_POINT('',(0.0392342955238491,-0.123263333027357,0.0130249615644203));
#13770=CARTESIAN_POINT('',(0.0425876289446041,-0.111526666054715,0.0141951979189523));
#13771=CARTESIAN_POINT('',(0.0459409623653591,-0.099789999082072,0.0153654342734843));
#13772=CARTESIAN_POINT('',(0.0358809621030941,-0.135,-0.0118547252098883));
#13773=CARTESIAN_POINT('',(0.0392342955238491,-0.123263333027357,-0.0130249615644203));
#13774=CARTESIAN_POINT('',(0.0425876289446041,-0.111526666054715,-0.0141951979189523));
#13775=CARTESIAN_POINT('',(0.0459409623653591,-0.099789999082072,-0.0153654342734842));
#13776=CARTESIAN_POINT('',(0.0340334335122353,-0.135,-0.0237076512671708));
#13777=CARTESIAN_POINT('',(0.0370482764540003,-0.123263333027357,-0.026047159915545));
#13778=CARTESIAN_POINT('',(0.0400631193957653,-0.111526666054715,-0.0283866685639191));
#13779=CARTESIAN_POINT('',(0.0430779623375303,-0.099789999082072,-0.0307261772122933));
#13780=CARTESIAN_POINT('',(0.0304254736041273,-0.135,-0.035));
#13781=CARTESIAN_POINT('',(0.0327977981840567,-0.123263333027357,-0.038353333420755));
#13782=CARTESIAN_POINT('',(0.035170122763986,-0.111526666054715,-0.0417066668415101));
#13783=CARTESIAN_POINT('',(0.0375424473439154,-0.099789999082072,-0.0450600002622651));
#13784=CARTESIAN_POINT('',(0.0304254736041273,-0.135,0.035));
#13785=CARTESIAN_POINT('',(0.0304254736041273,-0.135,0.035));
#13786=CARTESIAN_POINT('',(-0.079119037896906,-0.135,-3.46944695195361E-18));
#13787=CARTESIAN_POINT('',(0.,-0.019433962264151,0.0680188679245283));
#13788=CARTESIAN_POINT('',(4.16333634234433E-17,-0.135,0.035));
#13789=CARTESIAN_POINT('',(3.46944695195361E-17,-0.135,0.));
#13790=CARTESIAN_POINT('',(0.,-0.135,2.11251572852918E-18));
#13791=CARTESIAN_POINT('',(0.,-0.135,-0.0345));
#13792=CARTESIAN_POINT('',(0.,-0.145,2.11251572852918E-18));
#13793=CARTESIAN_POINT('',(0.,-0.144,2.11251572852918E-18));
#13794=CARTESIAN_POINT('',(0.,-0.144,-0.0345));
#13795=CARTESIAN_POINT('',(4.16333634234433E-17,-0.145,0.));
#13796=CARTESIAN_POINT('',(0.,-0.145,2.11251572852918E-18));
#13797=CARTESIAN_POINT('',(0.,-0.145,-0.0335));
#13798=CARTESIAN_POINT('',(0.,-0.145,4.10256677714363E-18));
#13799=CARTESIAN_POINT('',(0.,-0.145,-0.0325));
#13800=CARTESIAN_POINT('',(0.,-0.175,4.10256677714363E-18));
#13801=CARTESIAN_POINT('',(0.,-0.174,4.10256677714363E-18));
#13802=CARTESIAN_POINT('',(0.,-0.174,-0.0325));
#13803=CARTESIAN_POINT('',(0.,-0.175,0.));
#13804=CARTESIAN_POINT('',(0.,-0.175,4.10256677714363E-18));
#13805=CARTESIAN_POINT('',(0.,-0.175,-0.0315));
#13806=CARTESIAN_POINT('',(0.016,-0.175,0.));
#13807=CARTESIAN_POINT('',(0.016,-0.175,-0.0185));
#13808=CARTESIAN_POINT('',(0.016,-0.175,0.0185));
#13809=CARTESIAN_POINT('',(-5.20417042793042E-18,-0.175,-0.00489852949126454));
#13810=CARTESIAN_POINT('',(-0.016,-0.175,-0.0185));
#13811=CARTESIAN_POINT('',(-0.016,-0.175,0.));
#13812=CARTESIAN_POINT('',(-0.016,-0.175,0.0185));
#13813=CARTESIAN_POINT('',(-3.46944695195361E-18,-0.175,0.00489852949126454));
#13814=CARTESIAN_POINT('',(0.016,-0.275,0.));
#13815=CARTESIAN_POINT('',(0.016,-0.275,0.0185));
#13816=CARTESIAN_POINT('',(0.016,-0.275,0.0185));
#13817=CARTESIAN_POINT('',(0.016,-0.275,0.));
#13818=CARTESIAN_POINT('',(0.016,-0.275,-0.0185));
#13819=CARTESIAN_POINT('',(0.016,-0.275,-0.0185));
#13820=CARTESIAN_POINT('',(-3.46944695195361E-18,-0.275,0.00489852949126454));
#13821=CARTESIAN_POINT('',(-0.016,-0.275,0.0185));
#13822=CARTESIAN_POINT('',(-0.016,-0.275,0.0185));
#13823=CARTESIAN_POINT('',(-3.46944695195361E-18,-0.275,0.00489852949126454));
#13824=CARTESIAN_POINT('',(-0.016,-0.275,0.));
#13825=CARTESIAN_POINT('',(-0.016,-0.275,-0.0185));
#13826=CARTESIAN_POINT('',(-0.016,-0.275,-0.0185));
#13827=CARTESIAN_POINT('',(-0.016,-0.275,0.));
#13828=CARTESIAN_POINT('',(-5.20417042793042E-18,-0.275,-0.00489852949126454));
#13829=CARTESIAN_POINT('',(-5.20417042793042E-18,-0.275,-0.00489852949126454));
#13830=CARTESIAN_POINT('',(0.,-0.275,6.93889390390723E-18));
#13831=CARTESIAN_POINT('',(0.,-0.275,6.09261782575808E-18));
#13832=CARTESIAN_POINT('',(0.,-0.275,-0.0325));
#13833=CARTESIAN_POINT('',(0.,-0.285,6.09261782575808E-18));
#13834=CARTESIAN_POINT('',(0.,-0.285,6.09261782575808E-18));
#13835=CARTESIAN_POINT('',(0.,-0.285,-0.0325));
#13836=CARTESIAN_POINT('',(0.,-0.285,6.93889390390723E-18));
#13837=CARTESIAN_POINT('',(0.,-0.285,8.02143653441516E-18));
#13838=CARTESIAN_POINT('',(0.,-0.285,-0.0315));
#13839=CARTESIAN_POINT('',(0.,-0.286,8.02143653441516E-18));
#13840=CARTESIAN_POINT('',(0.,-0.286,8.02143653441516E-18));
#13841=CARTESIAN_POINT('',(0.,-0.286,-0.0315));
#13842=CARTESIAN_POINT('',(0.,-0.296,8.08266887437253E-18));
#13843=CARTESIAN_POINT('',(0.,-0.295,8.08266887437253E-18));
#13844=CARTESIAN_POINT('',(0.,-0.295,-0.0325));
#13845=CARTESIAN_POINT('',(0.,-0.286,8.08266887437253E-18));
#13846=CARTESIAN_POINT('',(0.,-0.286,-0.0325));
#13847=CARTESIAN_POINT('',(0.,-0.296,6.93889390390723E-18));
#13848=CARTESIAN_POINT('',(0.,-0.296,9.18485099360515E-19));
#13849=CARTESIAN_POINT('',(0.,-0.296,-0.015));
#13850=CARTESIAN_POINT('',(0.,-0.296,8.08266887437253E-18));
#13851=CARTESIAN_POINT('',(0.,-0.296,-0.0315));
#13852=CARTESIAN_POINT('',(0.,-0.286,6.93889390390723E-18));
#13853=CARTESIAN_POINT('',(-0.027,-0.05,-0.045));
#13854=CARTESIAN_POINT('',(-0.047,-0.05,-0.045));
#13855=CARTESIAN_POINT('',(-0.047,-0.05,-0.088));
#13856=CARTESIAN_POINT('',(-0.028,-0.05,-0.045));
#13857=CARTESIAN_POINT('',(-0.027,-0.05,-0.045));
#13858=CARTESIAN_POINT('',(-0.027,-0.05,-0.045));
#13859=CARTESIAN_POINT('',(-0.027,-0.05,-0.0603188522247067));
#13860=CARTESIAN_POINT('',(-0.048,-0.05,-0.045));
#13861=CARTESIAN_POINT('',(-0.048,-0.05,-0.045));
#13862=CARTESIAN_POINT('',(-0.048,-0.05,-0.03));
#13863=CARTESIAN_POINT('',(-0.048,-0.05,-0.045));
#13864=CARTESIAN_POINT('',(-0.048,-0.05,-0.087));
#13865=CARTESIAN_POINT('',(0.008,-0.05,-0.0603188522247067));
#13866=CARTESIAN_POINT('',(0.0212330987407434,-0.07,-0.075));
#13867=CARTESIAN_POINT('',(0.0200629966505989,-0.0689183128715687,-0.0764735729726142));
#13868=CARTESIAN_POINT('',(0.0177264011769269,-0.0664936473851288,-0.07910995847481));
#13869=CARTESIAN_POINT('',(0.0143460592892947,-0.0619852211603168,-0.0822891543771578));
#13870=CARTESIAN_POINT('',(0.0120145875840968,-0.0573939439424927,-0.0841583066684986));
#13871=CARTESIAN_POINT('',(0.0109165426682467,-0.0532788367048407,-0.0849817905329097));
#13872=CARTESIAN_POINT('',(0.0106173865198768,-0.0500117522109319,-0.0852000618218906));
#13873=CARTESIAN_POINT('',(0.0109041405154929,-0.0467972162089667,-0.0849910246605144));
#13874=CARTESIAN_POINT('',(0.011724931970276,-0.0436755353454972,-0.0843754344269924));
#13875=CARTESIAN_POINT('',(0.0129182918125353,-0.0408304050092201,-0.0834351169388093));
#13876=CARTESIAN_POINT('',(0.0148805038000599,-0.037305177107924,-0.0817841241629906));
#13877=CARTESIAN_POINT('',(0.0176798179877399,-0.033558785827973,-0.079160115543258));
#13878=CARTESIAN_POINT('',(0.0200632758355515,-0.0310814290391824,-0.0764732213798737));
#13879=CARTESIAN_POINT('',(0.0212330987407434,-0.03,-0.075));
#13880=CARTESIAN_POINT('',(-0.0218392535376025,-0.07,-0.0407980633704747));
#13881=CARTESIAN_POINT('',(0.,-0.295,8.08266887437253E-18));
#13882=CARTESIAN_POINT('',(0.,-0.174,4.10256677714363E-18));
#13883=CARTESIAN_POINT('',(0.,-0.144,2.11251572852918E-18));
#13884=CARTESIAN_POINT('',(-0.047,-0.05,-0.045));
#13885=CARTESIAN_POINT('',(-0.028,-0.05,-0.045));
#13886=CARTESIAN_POINT('',(0.079119037896906,-0.001,-1.38777878078145E-17));
#13887=CARTESIAN_POINT('',(-0.0375,-0.001,-0.045));
#13888=CARTESIAN_POINT('',(-0.0375,-0.000706345734433488,-0.045));
#13889=CARTESIAN_POINT('',(-0.0373113095125305,-0.000165507339939498,-0.0447247980394532));
#13890=CARTESIAN_POINT('',(-0.0369761569225693,-4.76456032830533E-19,-0.0442379244671207));
#13891=CARTESIAN_POINT('',(-0.0368119760726095,-4.76456032830533E-19,-0.044));
#13892=CARTESIAN_POINT('',(-0.0375,-0.001,0.045));
#13893=CARTESIAN_POINT('',(-0.0375,-0.000706345734433487,0.045));
#13894=CARTESIAN_POINT('',(-0.0373113095125291,-0.000165507339939505,0.0447247980394541));
#13895=CARTESIAN_POINT('',(-0.036976156922572,3.01926273054256E-18,0.0442379244671188));
#13896=CARTESIAN_POINT('',(-0.0368119760726095,-9.10136901824555E-19,0.044));
#13897=CARTESIAN_POINT('',(0.,-0.001,0.044));
#13898=CARTESIAN_POINT('',(0.0375,-0.001,0.045));
#13899=CARTESIAN_POINT('',(0.0375,-0.000706345734433488,0.045));
#13900=CARTESIAN_POINT('',(0.0373113095125292,-0.0001655073399395,0.0447247980394541));
#13901=CARTESIAN_POINT('',(0.036976156922572,-9.10136901824745E-19,0.0442379244671188));
#13902=CARTESIAN_POINT('',(0.0368119760726095,-9.10136901824745E-19,0.044));
#13903=CARTESIAN_POINT('',(0.,-0.001,-0.044));
#13904=CARTESIAN_POINT('',(0.0375,-0.001,-0.045));
#13905=CARTESIAN_POINT('',(0.0375,-0.000706345734433488,-0.045));
#13906=CARTESIAN_POINT('',(0.0373113095125317,-0.000165507339939511,-0.0447247980394523));
#13907=CARTESIAN_POINT('',(0.0369761569225669,3.45294359948999E-18,-0.0442379244671224));
#13908=CARTESIAN_POINT('',(0.0368119760726095,-4.76456032830544E-19,-0.044));
#13909=CARTESIAN_POINT('',(-0.079119037896906,-0.001,3.46944695195361E-18));
#13910=CARTESIAN_POINT('',(0.,-0.276,9.18485099360515E-19));
#13911=CARTESIAN_POINT('',(0.,-0.276,9.18485099360515E-19));
#13912=CARTESIAN_POINT('',(0.,-0.276,-0.015));
#13913=CARTESIAN_POINT('',(0.,-0.276,6.93889390390723E-18));
#13914=CARTESIAN_POINT('',(-0.028,-0.05,-0.045));
#13915=CARTESIAN_POINT('',(-0.028,-0.05,-0.045));
#13916=CARTESIAN_POINT('',(-0.028,-0.05,-0.03));
#13917=CARTESIAN_POINT('',(-0.028,-0.05,-0.045));
#13918=CARTESIAN_POINT('',(0.175948328099185,-0.0921736310049988,0.476277462650749));
#13919=CARTESIAN_POINT('',(-0.15,-0.0515,0.16));
#13920=CARTESIAN_POINT('',(-0.166261458099808,-0.0515,0.16271510580826));
#13921=CARTESIAN_POINT('',(-0.162913569091344,-0.0515,0.161496573861552));
#13922=CARTESIAN_POINT('',(-0.169609347108272,-0.0515,0.163933637754968));
#13923=CARTESIAN_POINT('',(-0.15,-0.0515,0.16));
#13924=CARTESIAN_POINT('',(-0.151496573861552,-0.0515,0.172913569091344));
#13925=CARTESIAN_POINT('',(-0.15271510580826,-0.0515,0.176261458099808));
#13926=CARTESIAN_POINT('',(-0.153933637754968,-0.0515,0.179609347108272));
#13927=CARTESIAN_POINT('',(-0.15,-0.0515,0.16));
#13928=CARTESIAN_POINT('',(-0.15,-0.0515,0.16));
#13929=CARTESIAN_POINT('',(-0.14728489419174,-0.0515,0.176261458099808));
#13930=CARTESIAN_POINT('',(-0.148503426138448,-0.0515,0.172913569091344));
#13931=CARTESIAN_POINT('',(-0.146066362245032,-0.0515,0.179609347108272));
#13932=CARTESIAN_POINT('',(-0.15,-0.0515,0.16));
#13933=CARTESIAN_POINT('',(-0.137086430908656,-0.0515,0.161496573861552));
#13934=CARTESIAN_POINT('',(-0.133738541900192,-0.0515,0.16271510580826));
#13935=CARTESIAN_POINT('',(-0.130390652891728,-0.0515,0.163933637754968));
#13936=CARTESIAN_POINT('',(-0.15,-0.0515,0.16));
#13937=CARTESIAN_POINT('',(-0.15,-0.0515,0.16));
#13938=CARTESIAN_POINT('',(-0.15,-0.0515,0.16));
#13939=CARTESIAN_POINT('',(-0.162913569091344,-0.0515,0.158503426138448));
#13940=CARTESIAN_POINT('',(-0.151496573861552,-0.0515,0.147086430908656));
#13941=CARTESIAN_POINT('',(-0.166261458099808,-0.0515,0.15728489419174));
#13942=CARTESIAN_POINT('',(-0.169609347108272,-0.0515,0.156066362245032));
#13943=CARTESIAN_POINT('',(-0.15,-0.0515,0.16));
#13944=CARTESIAN_POINT('',(-0.153933637754968,-0.0515,0.140390652891728));
#13945=CARTESIAN_POINT('',(-0.15271510580826,-0.0515,0.143738541900192));
#13946=CARTESIAN_POINT('',(-0.125,-0.454520023466427,0.203301270189222));
#13947=CARTESIAN_POINT('',(-0.13316759782547,-0.0304999999999999,0.207081527556303));
#13948=CARTESIAN_POINT('',(-0.133581828287382,-0.0314330839615246,0.206186544095809));
#13949=CARTESIAN_POINT('',(-0.134103445879569,-0.0332769916154175,0.204312853524434));
#13950=CARTESIAN_POINT('',(-0.133952140096658,-0.0359711588430239,0.201239033283283));
#13951=CARTESIAN_POINT('',(-0.132851507122449,-0.0378905785902297,0.198607343982683));
#13952=CARTESIAN_POINT('',(-0.131183294018405,-0.0388667256228849,0.19666099330175));
#13953=CARTESIAN_POINT('',(-0.129545045586477,-0.0391409875816629,0.195442645945533));
#13954=CARTESIAN_POINT('',(-0.127667044708114,-0.0388693107217561,0.194628306881045));
#13955=CARTESIAN_POINT('',(-0.125145274712035,-0.0378938945425528,0.194154738413887));
#13956=CARTESIAN_POINT('',(-0.122319044059892,-0.0359777344783467,0.194515854804507));
#13957=CARTESIAN_POINT('',(-0.119584509609031,-0.0332921743141892,0.195912751169007));
#13958=CARTESIAN_POINT('',(-0.118210222542471,-0.0314328493383589,0.197312028559525));
#13959=CARTESIAN_POINT('',(-0.117642402174529,-0.0304999999999999,0.19811805166801));
#13960=CARTESIAN_POINT('',(-0.13316759782547,-0.0305,0.207081527556303));
#13961=CARTESIAN_POINT('',(-0.117642402174529,-0.0305,0.19811805166801));
#13962=CARTESIAN_POINT('',(-0.125,-0.0305,0.203301270189222));
#13963=CARTESIAN_POINT('',(-0.145,-0.0305,0.168660254037845));
#13964=CARTESIAN_POINT('',(-0.15,-0.0305,0.16));
#13965=CARTESIAN_POINT('',(-0.106698729810778,-0.454520023466427,0.185));
#13966=CARTESIAN_POINT('',(-0.11188194833199,-0.0305,0.19235759782547));
#13967=CARTESIAN_POINT('',(-0.112688174165273,-0.0314330839615247,0.191789634643671));
#13968=CARTESIAN_POINT('',(-0.114076753536856,-0.0332769916154177,0.190427779806123));
#13969=CARTESIAN_POINT('',(-0.11548262900569,-0.035971158843024,0.187690120499164));
#13970=CARTESIAN_POINT('',(-0.115845297540083,-0.0378905785902298,0.184860694222872));
#13971=CARTESIAN_POINT('',(-0.115373757953521,-0.038866725622885,0.182340998536489));
#13972=CARTESIAN_POINT('',(-0.11456416687187,-0.0391409875816629,0.180466754559407));
#13973=CARTESIAN_POINT('',(-0.113344939935122,-0.0388693107217561,0.178822515803086));
#13974=CARTESIAN_POINT('',(-0.111397807289595,-0.0378938945425527,0.177151508482056));
#13975=CARTESIAN_POINT('',(-0.108769661552575,-0.0359777344783466,0.176051129123984));
#13976=CARTESIAN_POINT('',(-0.105703037068356,-0.0332921743141892,0.175893609636665));
#13977=CARTESIAN_POINT('',(-0.103813230861364,-0.031432849338359,0.176418275870514));
#13978=CARTESIAN_POINT('',(-0.102918472443697,-0.0305,0.176832402174529));
#13979=CARTESIAN_POINT('',(-0.11188194833199,-0.0305,0.19235759782547));
#13980=CARTESIAN_POINT('',(-0.102918472443697,-0.0305,0.17683240217453));
#13981=CARTESIAN_POINT('',(-0.106698729810778,-0.0305,0.185));
#13982=CARTESIAN_POINT('',(-0.141339745962156,-0.0305,0.165));
#13983=CARTESIAN_POINT('',(-0.15,-0.0305,0.16));
#13984=CARTESIAN_POINT('',(-0.1,-0.454520023466427,0.16));
#13985=CARTESIAN_POINT('',(-0.10081,-0.0305,0.168963475888292));
#13986=CARTESIAN_POINT('',(-0.10179219364371,-0.0314330839615248,0.168874718261082));
#13987=CARTESIAN_POINT('',(-0.103675666073446,-0.0332769916154178,0.168389607061289));
#13988=CARTESIAN_POINT('',(-0.106262019597494,-0.0359711588430241,0.166721662288973));
#13989=CARTESIAN_POINT('',(-0.107990812899577,-0.0378905785902299,0.164452641522765));
#13990=CARTESIAN_POINT('',(-0.108842295481916,-0.0388667256228851,0.162034751255271));
#13991=CARTESIAN_POINT('',(-0.109078291027069,-0.0391409875816629,0.160006812817402));
#13992=CARTESIAN_POINT('',(-0.108844528905028,-0.0388693107217561,0.157973246816167));
#13993=CARTESIAN_POINT('',(-0.107993766229979,-0.0378938945425527,0.155552545703482));
#13994=CARTESIAN_POINT('',(-0.106267914935908,-0.0359777344783466,0.153285516357082));
#13995=CARTESIAN_POINT('',(-0.103690899972366,-0.0332921743141892,0.151615788237362));
#13996=CARTESIAN_POINT('',(-0.101791946671957,-0.031432849338359,0.151125259420889));
#13997=CARTESIAN_POINT('',(-0.10081,-0.0305,0.151036524111708));
#13998=CARTESIAN_POINT('',(-0.10081,-0.0305,0.168963475888293));
#13999=CARTESIAN_POINT('',(-0.10081,-0.0305,0.151036524111708));
#14000=CARTESIAN_POINT('',(-0.1,-0.0305,0.16));
#14001=CARTESIAN_POINT('',(-0.14,-0.0305,0.16));
#14002=CARTESIAN_POINT('',(-0.15,-0.0305,0.16));
#14003=CARTESIAN_POINT('',(-0.106698729810778,-0.454520023466427,0.135));
#14004=CARTESIAN_POINT('',(-0.102918472443697,-0.0305,0.14316759782547));
#14005=CARTESIAN_POINT('',(-0.103813455904191,-0.0314330839615247,0.143581828287382));
#14006=CARTESIAN_POINT('',(-0.105687146475566,-0.0332769916154177,0.144103445879569));
#14007=CARTESIAN_POINT('',(-0.108760966716717,-0.035971158843024,0.143952140096658));
#14008=CARTESIAN_POINT('',(-0.111392656017318,-0.0378905785902298,0.142851507122449));
#14009=CARTESIAN_POINT('',(-0.11333900669825,-0.038866725622885,0.141183294018405));
#14010=CARTESIAN_POINT('',(-0.114557354054467,-0.0391409875816629,0.139545045586477));
#14011=CARTESIAN_POINT('',(-0.115371693118955,-0.0388693107217561,0.137667044708114));
#14012=CARTESIAN_POINT('',(-0.115845261586113,-0.0378938945425527,0.135145274712035));
#14013=CARTESIAN_POINT('',(-0.115484145195493,-0.0359777344783466,0.132319044059892));
#14014=CARTESIAN_POINT('',(-0.114087248830993,-0.0332921743141892,0.129584509609031));
#14015=CARTESIAN_POINT('',(-0.112687971440475,-0.031432849338359,0.128210222542471));
#14016=CARTESIAN_POINT('',(-0.11188194833199,-0.0304999999999999,0.127642402174529));
#14017=CARTESIAN_POINT('',(-0.102918472443697,-0.0305,0.14316759782547));
#14018=CARTESIAN_POINT('',(-0.11188194833199,-0.0305,0.127642402174529));
#14019=CARTESIAN_POINT('',(-0.106698729810778,-0.0305,0.135));
#14020=CARTESIAN_POINT('',(-0.141339745962156,-0.0305,0.155));
#14021=CARTESIAN_POINT('',(-0.15,-0.0305,0.16));
#14022=CARTESIAN_POINT('',(-0.125,-0.454520023466427,0.116698729810778));
#14023=CARTESIAN_POINT('',(-0.11764240217453,-0.0304999999999999,0.12188194833199));
#14024=CARTESIAN_POINT('',(-0.118210365356329,-0.0314330839615247,0.122688174165273));
#14025=CARTESIAN_POINT('',(-0.119572220193877,-0.0332769916154177,0.124076753536856));
#14026=CARTESIAN_POINT('',(-0.122309879500836,-0.035971158843024,0.12548262900569));
#14027=CARTESIAN_POINT('',(-0.125139305777128,-0.0378905785902298,0.125845297540083));
#14028=CARTESIAN_POINT('',(-0.127659001463511,-0.0388667256228849,0.125373757953521));
#14029=CARTESIAN_POINT('',(-0.129533245440593,-0.0391409875816628,0.124564166871869));
#14030=CARTESIAN_POINT('',(-0.131177484196914,-0.038869310721756,0.123344939935122));
#14031=CARTESIAN_POINT('',(-0.132848491517944,-0.0378938945425526,0.121397807289595));
#14032=CARTESIAN_POINT('',(-0.133948870876016,-0.0359777344783466,0.118769661552575));
#14033=CARTESIAN_POINT('',(-0.134106390363336,-0.0332921743141892,0.115703037068356));
#14034=CARTESIAN_POINT('',(-0.133581724129486,-0.0314328493383589,0.113813230861364));
#14035=CARTESIAN_POINT('',(-0.133167597825471,-0.0304999999999999,0.112918472443697));
#14036=CARTESIAN_POINT('',(-0.117642402174529,-0.0305,0.12188194833199));
#14037=CARTESIAN_POINT('',(-0.13316759782547,-0.0305,0.112918472443697));
#14038=CARTESIAN_POINT('',(-0.125,-0.0305,0.116698729810778));
#14039=CARTESIAN_POINT('',(-0.145,-0.0305,0.151339745962155));
#14040=CARTESIAN_POINT('',(-0.15,-0.0305,0.16));
#14041=CARTESIAN_POINT('',(-0.15,-0.454520023466427,0.11));
#14042=CARTESIAN_POINT('',(-0.141036524111708,-0.0305,0.11081));
#14043=CARTESIAN_POINT('',(-0.141125281738918,-0.0314330839615248,0.11179219364371));
#14044=CARTESIAN_POINT('',(-0.141610392938711,-0.0332769916154178,0.113675666073446));
#14045=CARTESIAN_POINT('',(-0.143278337711027,-0.0359711588430241,0.116262019597494));
#14046=CARTESIAN_POINT('',(-0.145547358477235,-0.0378905785902298,0.117990812899577));
#14047=CARTESIAN_POINT('',(-0.147965248744729,-0.038866725622885,0.118842295481916));
#14048=CARTESIAN_POINT('',(-0.149993187182598,-0.0391409875816629,0.119078291027069));
#14049=CARTESIAN_POINT('',(-0.152026753183833,-0.0388693107217561,0.118844528905028));
#14050=CARTESIAN_POINT('',(-0.154447454296518,-0.0378938945425526,0.117993766229979));
#14051=CARTESIAN_POINT('',(-0.156714483642918,-0.0359777344783466,0.116267914935908));
#14052=CARTESIAN_POINT('',(-0.158384211762638,-0.0332921743141892,0.113690899972366));
#14053=CARTESIAN_POINT('',(-0.158874740579111,-0.031432849338359,0.111791946671957));
#14054=CARTESIAN_POINT('',(-0.158963475888293,-0.0305,0.11081));
#14055=CARTESIAN_POINT('',(-0.141036524111708,-0.0305,0.11081));
#14056=CARTESIAN_POINT('',(-0.158963475888293,-0.0305,0.11081));
#14057=CARTESIAN_POINT('',(-0.15,-0.0305,0.11));
#14058=CARTESIAN_POINT('',(-0.15,-0.0305,0.15));
#14059=CARTESIAN_POINT('',(-0.15,-0.0305,0.16));
#14060=CARTESIAN_POINT('',(-0.175,-0.454520023466427,0.116698729810778));
#14061=CARTESIAN_POINT('',(-0.16683240217453,-0.0305,0.112918472443697));
#14062=CARTESIAN_POINT('',(-0.166418171712619,-0.0314330839615247,0.113813455904191));
#14063=CARTESIAN_POINT('',(-0.165896554120431,-0.0332769916154176,0.115687146475566));
#14064=CARTESIAN_POINT('',(-0.166047859903343,-0.035971158843024,0.118760966716717));
#14065=CARTESIAN_POINT('',(-0.167148492877551,-0.0378905785902297,0.121392656017318));
#14066=CARTESIAN_POINT('',(-0.168816705981595,-0.0388667256228849,0.12333900669825));
#14067=CARTESIAN_POINT('',(-0.170454954413524,-0.0391409875816628,0.124557354054467));
#14068=CARTESIAN_POINT('',(-0.172332955291886,-0.038869310721756,0.125371693118955));
#14069=CARTESIAN_POINT('',(-0.174854725287965,-0.0378938945425526,0.125845261586113));
#14070=CARTESIAN_POINT('',(-0.177680955940108,-0.0359777344783467,0.125484145195493));
#14071=CARTESIAN_POINT('',(-0.180415490390969,-0.0332921743141892,0.124087248830993));
#14072=CARTESIAN_POINT('',(-0.181789777457529,-0.0314328493383591,0.122687971440475));
#14073=CARTESIAN_POINT('',(-0.182357597825471,-0.0305000000000001,0.12188194833199));
#14074=CARTESIAN_POINT('',(-0.166832402174529,-0.0305,0.112918472443697));
#14075=CARTESIAN_POINT('',(-0.18235759782547,-0.0305,0.12188194833199));
#14076=CARTESIAN_POINT('',(-0.175,-0.0305,0.116698729810778));
#14077=CARTESIAN_POINT('',(-0.155,-0.0305,0.151339745962155));
#14078=CARTESIAN_POINT('',(-0.15,-0.0305,0.16));
#14079=CARTESIAN_POINT('',(-0.193301270189222,-0.454520023466427,0.135));
#14080=CARTESIAN_POINT('',(-0.18811805166801,-0.0304999999999999,0.12764240217453));
#14081=CARTESIAN_POINT('',(-0.187311825834727,-0.0314330839615247,0.128210365356329));
#14082=CARTESIAN_POINT('',(-0.185923246463144,-0.0332769916154177,0.129572220193877));
#14083=CARTESIAN_POINT('',(-0.18451737099431,-0.035971158843024,0.132309879500836));
#14084=CARTESIAN_POINT('',(-0.184154702459917,-0.0378905785902297,0.135139305777128));
#14085=CARTESIAN_POINT('',(-0.184626242046479,-0.0388667256228849,0.137659001463511));
#14086=CARTESIAN_POINT('',(-0.185435833128131,-0.0391409875816628,0.139533245440593));
#14087=CARTESIAN_POINT('',(-0.186655060064878,-0.038869310721756,0.141177484196914));
#14088=CARTESIAN_POINT('',(-0.188602192710405,-0.0378938945425526,0.142848491517944));
#14089=CARTESIAN_POINT('',(-0.191230338447425,-0.0359777344783465,0.143948870876016));
#14090=CARTESIAN_POINT('',(-0.194296962931645,-0.0332921743141891,0.144106390363335));
#14091=CARTESIAN_POINT('',(-0.196186769138636,-0.0314328493383589,0.143581724129486));
#14092=CARTESIAN_POINT('',(-0.197081527556303,-0.0304999999999999,0.143167597825471));
#14093=CARTESIAN_POINT('',(-0.18811805166801,-0.0305,0.127642402174529));
#14094=CARTESIAN_POINT('',(-0.197081527556303,-0.0305,0.143167597825471));
#14095=CARTESIAN_POINT('',(-0.193301270189222,-0.0305,0.135));
#14096=CARTESIAN_POINT('',(-0.158660254037845,-0.0305,0.155));
#14097=CARTESIAN_POINT('',(-0.15,-0.0305,0.16));
#14098=CARTESIAN_POINT('',(-0.2,-0.454520023466427,0.16));
#14099=CARTESIAN_POINT('',(-0.19919,-0.0305,0.151036524111708));
#14100=CARTESIAN_POINT('',(-0.19820780635629,-0.0314330839615247,0.151125281738918));
#14101=CARTESIAN_POINT('',(-0.196324333926554,-0.0332769916154177,0.151610392938711));
#14102=CARTESIAN_POINT('',(-0.193737980402506,-0.0359711588430239,0.153278337711027));
#14103=CARTESIAN_POINT('',(-0.192009187100423,-0.0378905785902297,0.155547358477234));
#14104=CARTESIAN_POINT('',(-0.191157704518084,-0.0388667256228849,0.157965248744729));
#14105=CARTESIAN_POINT('',(-0.190921708972931,-0.0391409875816628,0.159993187182597));
#14106=CARTESIAN_POINT('',(-0.191155471094972,-0.0388693107217561,0.162026753183832));
#14107=CARTESIAN_POINT('',(-0.192006233770021,-0.0378938945425527,0.164447454296518));
#14108=CARTESIAN_POINT('',(-0.193732085064092,-0.0359777344783467,0.166714483642917));
#14109=CARTESIAN_POINT('',(-0.196309100027634,-0.0332921743141892,0.168384211762637));
#14110=CARTESIAN_POINT('',(-0.198208053328043,-0.031432849338359,0.168874740579111));
#14111=CARTESIAN_POINT('',(-0.19919,-0.0305,0.168963475888292));
#14112=CARTESIAN_POINT('',(-0.19919,-0.0305,0.151036524111708));
#14113=CARTESIAN_POINT('',(-0.19919,-0.0305,0.168963475888293));
#14114=CARTESIAN_POINT('',(-0.2,-0.0305,0.16));
#14115=CARTESIAN_POINT('',(-0.16,-0.0305,0.16));
#14116=CARTESIAN_POINT('',(-0.15,-0.0305,0.16));
#14117=CARTESIAN_POINT('',(-0.193301270189222,-0.454520023466427,0.185));
#14118=CARTESIAN_POINT('',(-0.197081527556303,-0.0304999999999999,0.17683240217453));
#14119=CARTESIAN_POINT('',(-0.196186544095809,-0.0314330839615246,0.176418171712619));
#14120=CARTESIAN_POINT('',(-0.194312853524434,-0.0332769916154175,0.175896554120431));
#14121=CARTESIAN_POINT('',(-0.191239033283283,-0.0359711588430239,0.176047859903342));
#14122=CARTESIAN_POINT('',(-0.188607343982682,-0.0378905785902296,0.177148492877551));
#14123=CARTESIAN_POINT('',(-0.18666099330175,-0.0388667256228849,0.178816705981595));
#14124=CARTESIAN_POINT('',(-0.185442645945533,-0.0391409875816628,0.180454954413524));
#14125=CARTESIAN_POINT('',(-0.184628306881045,-0.038869310721756,0.182332955291886));
#14126=CARTESIAN_POINT('',(-0.184154738413887,-0.0378938945425527,0.184854725287965));
#14127=CARTESIAN_POINT('',(-0.184515854804507,-0.0359777344783467,0.187680955940108));
#14128=CARTESIAN_POINT('',(-0.185912751169007,-0.0332921743141892,0.190415490390969));
#14129=CARTESIAN_POINT('',(-0.187312028559525,-0.031432849338359,0.191789777457529));
#14130=CARTESIAN_POINT('',(-0.18811805166801,-0.0305,0.192357597825471));
#14131=CARTESIAN_POINT('',(-0.197081527556303,-0.0305,0.17683240217453));
#14132=CARTESIAN_POINT('',(-0.18811805166801,-0.0305,0.19235759782547));
#14133=CARTESIAN_POINT('',(-0.193301270189222,-0.0305,0.185));
#14134=CARTESIAN_POINT('',(-0.158660254037845,-0.0305,0.165));
#14135=CARTESIAN_POINT('',(-0.15,-0.0305,0.16));
#14136=CARTESIAN_POINT('',(-0.175,-0.454520023466427,0.203301270189222));
#14137=CARTESIAN_POINT('',(-0.182357597825471,-0.0305,0.19811805166801));
#14138=CARTESIAN_POINT('',(-0.181789634643671,-0.0314330839615247,0.197311825834727));
#14139=CARTESIAN_POINT('',(-0.180427779806123,-0.0332769916154177,0.195923246463144));
#14140=CARTESIAN_POINT('',(-0.177690120499164,-0.035971158843024,0.19451737099431));
#14141=CARTESIAN_POINT('',(-0.174860694222872,-0.0378905785902298,0.194154702459917));
#14142=CARTESIAN_POINT('',(-0.172340998536489,-0.0388667256228849,0.194626242046479));
#14143=CARTESIAN_POINT('',(-0.170466754559407,-0.0391409875816628,0.195435833128131));
#14144=CARTESIAN_POINT('',(-0.168822515803086,-0.038869310721756,0.196655060064878));
#14145=CARTESIAN_POINT('',(-0.167151508482056,-0.0378938945425526,0.198602192710405));
#14146=CARTESIAN_POINT('',(-0.166051129123984,-0.0359777344783466,0.201230338447425));
#14147=CARTESIAN_POINT('',(-0.165893609636665,-0.0332921743141891,0.204296962931644));
#14148=CARTESIAN_POINT('',(-0.166418275870515,-0.0314328493383589,0.206186769138636));
#14149=CARTESIAN_POINT('',(-0.166832402174529,-0.0304999999999999,0.207081527556303));
#14150=CARTESIAN_POINT('',(-0.18235759782547,-0.0305,0.19811805166801));
#14151=CARTESIAN_POINT('',(-0.166832402174529,-0.0305,0.207081527556303));
#14152=CARTESIAN_POINT('',(-0.175,-0.0305,0.203301270189222));
#14153=CARTESIAN_POINT('',(-0.155,-0.0305,0.168660254037845));
#14154=CARTESIAN_POINT('',(-0.15,-0.0305,0.16));
#14155=CARTESIAN_POINT('',(0.,0.,0.0875));
#14156=CARTESIAN_POINT('',(0.,0.02,0.0875));
#14157=CARTESIAN_POINT('',(0.0775,0.02,0.0875));
#14158=CARTESIAN_POINT('',(0.0325,0.02,0.0875));
#14159=CARTESIAN_POINT('',(0.0325,0.02,0.0875));
#14160=CARTESIAN_POINT('',(0.0325,-0.02,0.0875));
#14161=CARTESIAN_POINT('',(0.,-0.02,0.0875));
#14162=CARTESIAN_POINT('',(0.0775,-0.02,0.0875));
#14163=CARTESIAN_POINT('',(0.0775,6.93889390390723E-18,0.0875));
#14164=CARTESIAN_POINT('',(0.,0.,0.0375));
#14165=CARTESIAN_POINT('',(0.,5.51091059616309E-18,0.0375));
#14166=CARTESIAN_POINT('',(0.084,5.51091059616309E-18,0.0375));
#14167=CARTESIAN_POINT('',(0.0775,6.93889390390723E-18,0.0375));
#14168=CARTESIAN_POINT('',(0.0775,-0.02,0.0375));
#14169=CARTESIAN_POINT('',(0.0775,0.02,0.0375));
#14170=CARTESIAN_POINT('',(0.,-0.02,0.0375));
#14171=CARTESIAN_POINT('',(-0.0775,-0.02,0.0375));
#14172=CARTESIAN_POINT('',(-0.0775,-1.38777878078145E-17,0.0375));
#14173=CARTESIAN_POINT('',(-0.0775,0.02,0.0375));
#14174=CARTESIAN_POINT('',(0.,0.02,0.0375));
#14175=CARTESIAN_POINT('',(0.,5.51091059616309E-18,0.0375));
#14176=CARTESIAN_POINT('',(0.,5.51091059616309E-18,0.0315));
#14177=CARTESIAN_POINT('',(0.09,5.51091059616309E-18,0.0315));
#14178=CARTESIAN_POINT('',(0.,5.51091059616309E-18,0.));
#14179=CARTESIAN_POINT('',(0.09,5.51091059616309E-18,0.));
#14180=CARTESIAN_POINT('',(0.,0.,0.));
#14181=CARTESIAN_POINT('',(0.,-9.18485099360515E-19,0.));
#14182=CARTESIAN_POINT('',(-0.015,-9.18485099360515E-19,0.));
#14183=CARTESIAN_POINT('',(0.,5.51091059616309E-18,0.0375));
#14184=CARTESIAN_POINT('',(0.,-0.02,0.0875));
#14185=CARTESIAN_POINT('',(-0.0686760839427425,-0.02,0.198240236761581));
#14186=CARTESIAN_POINT('',(-0.0775,-0.02,0.0485));
#14187=CARTESIAN_POINT('',(-0.0775,-0.02,0.0875));
#14188=CARTESIAN_POINT('',(0.0775,-0.02,0.0875));
#14189=CARTESIAN_POINT('',(0.0775,6.93889390390723E-18,0.0875));
#14190=CARTESIAN_POINT('',(0.0775,0.02,0.0875));
#14191=CARTESIAN_POINT('',(0.,0.02,0.0875));
#14192=CARTESIAN_POINT('',(-0.15,0.02,0.16));
#14193=CARTESIAN_POINT('',(-0.165,0.02,0.16));
#14194=CARTESIAN_POINT('',(-0.0775,0.02,0.0875));
#14195=CARTESIAN_POINT('',(-0.0775,0.02,0.0485));
#14196=CARTESIAN_POINT('',(-0.173022371382849,0.02,-0.0321255329619419));
#14197=CARTESIAN_POINT('',(-0.158150038448192,0.02,0.0919865684346614));
#14198=CARTESIAN_POINT('',(-0.15,0.02,0.16));
#14199=CARTESIAN_POINT('',(-0.0953710151707768,0.02,0.201327037354842));
#14200=CARTESIAN_POINT('',(0.255530493221314,0.02,0.466785379488134));
#14201=CARTESIAN_POINT('',(-0.0775,-1.38777878078145E-17,0.0875));
#14202=CARTESIAN_POINT('',(-0.0775,0.02,0.0485));
#14203=CARTESIAN_POINT('',(0.255530493221314,-0.02,0.466785379488134));
#14204=CARTESIAN_POINT('',(-0.0953710151707768,-0.02,0.201327037354842));
#14205=CARTESIAN_POINT('',(-0.0953710151707768,-0.02,0.201327037354842));
#14206=CARTESIAN_POINT('',(0.255530493221314,-0.02,0.466785379488134));
#14207=CARTESIAN_POINT('',(-0.15,-0.02,0.16));
#14208=CARTESIAN_POINT('',(-0.158150038448192,-0.02,0.0919865684346614));
#14209=CARTESIAN_POINT('',(-0.158150038448192,-0.02,0.0919865684346614));
#14210=CARTESIAN_POINT('',(-0.15,-0.02,0.16));
#14211=CARTESIAN_POINT('',(-0.173022371382849,-0.02,-0.0321255329619419));
#14212=CARTESIAN_POINT('',(-0.173022371382849,-0.02,-0.0321255329619419));
#14213=CARTESIAN_POINT('',(-0.158198940222182,-0.0199549985797908,0.0919294860437943));
#14214=CARTESIAN_POINT('',(-0.155449659632666,-0.0224849994567742,0.0951386847375847));
#14215=CARTESIAN_POINT('',(-0.152700379043149,-0.0250150003337575,0.0983478834313751));
#14216=CARTESIAN_POINT('',(-0.149951098453633,-0.0275450012107409,0.101557082125165));
#14217=CARTESIAN_POINT('',(-0.142666341732473,-0.0199549985797908,0.0900740177628521));
#14218=CARTESIAN_POINT('',(-0.140373148870604,-0.0224849994567742,0.0930117641788579));
#14219=CARTESIAN_POINT('',(-0.138079956008736,-0.0250150003337575,0.0959495105948636));
#14220=CARTESIAN_POINT('',(-0.135786763146867,-0.0275450012107409,0.0988872570108693));
#14221=CARTESIAN_POINT('',(-0.127491254573949,-0.0199549985797908,0.0852698341899127));
#14222=CARTESIAN_POINT('',(-0.125691566508137,-0.0224849994567742,0.0880946071369397));
#14223=CARTESIAN_POINT('',(-0.123891878442325,-0.0250150003337575,0.0909193800839667));
#14224=CARTESIAN_POINT('',(-0.122092190376512,-0.0275450012107409,0.0937441530309937));
#14225=CARTESIAN_POINT('',(-0.0999504445627441,-0.0199549985797908,0.0704271687795227));
#14226=CARTESIAN_POINT('',(-0.0990510239298363,-0.0224849994567742,0.0733234453253866));
#14227=CARTESIAN_POINT('',(-0.0981516032969285,-0.0250150003337575,0.0762197218712505));
#14228=CARTESIAN_POINT('',(-0.0972521826640206,-0.0275450012107409,0.0791159984171143));
#14229=CARTESIAN_POINT('',(-0.0875937770097597,-0.0199549985797908,0.0603935678164278));
#14230=CARTESIAN_POINT('',(-0.0871000646344937,-0.0224849994567742,0.0634738513410289));
#14231=CARTESIAN_POINT('',(-0.0866063522592277,-0.0250150003337575,0.0665541348656301));
#14232=CARTESIAN_POINT('',(-0.0861126398839617,-0.0275450012107409,0.0696344183902312));
#14233=CARTESIAN_POINT('',(-0.0775035296778167,-0.0199549985797908,0.0484401020149624));
#14234=CARTESIAN_POINT('',(-0.0773050895412542,-0.0224849994567742,0.0518075947289757));
#14235=CARTESIAN_POINT('',(-0.0771066494046917,-0.0250150003337575,0.055175087442989));
#14236=CARTESIAN_POINT('',(-0.0769082092681292,-0.0275450012107409,0.0585425801570023));
#14237=CARTESIAN_POINT('',(-0.173100229428112,-0.0275,-0.0213469755442462));
#14238=CARTESIAN_POINT('',(-0.15,-0.0275,0.1015));
#14239=CARTESIAN_POINT('',(-0.0769117389295163,-0.0275,0.0584826824507721));
#14240=CARTESIAN_POINT('',(-0.154075019224096,-0.02375,0.0967432842173307));
#14241=CARTESIAN_POINT('',(-0.0772058694647582,-0.02375,0.0534913412253861));
#14242=CARTESIAN_POINT('',(0.0326030166561253,-0.019954982981854,0.0875075023145623));
#14243=CARTESIAN_POINT('',(0.0268133571676895,-0.0224849933321507,0.087085863248373));
#14244=CARTESIAN_POINT('',(0.0210236976792537,-0.0250150036824473,0.0866642241821838));
#14245=CARTESIAN_POINT('',(0.015234038190818,-0.027545014032744,0.0862425851159946));
#14246=CARTESIAN_POINT('',(0.0170198356508844,-0.019954982981854,0.0966671280658209));
#14247=CARTESIAN_POINT('',(0.0116365879759349,-0.0224849933321507,0.0962157944021421));
#14248=CARTESIAN_POINT('',(0.00625334030098531,-0.0250150036824473,0.0957644607384633));
#14249=CARTESIAN_POINT('',(0.000870092626035743,-0.027545014032744,0.0953131270747845));
#14250=CARTESIAN_POINT('',(0.00208388190715234,-0.019954982981854,0.106735672758742));
#14251=CARTESIAN_POINT('',(-0.0029619612973897,-0.0224849933321507,0.106239843156582));
#14252=CARTESIAN_POINT('',(-0.00800780450193174,-0.0250150036824474,0.105744013554423));
#14253=CARTESIAN_POINT('',(-0.0130536477064738,-0.027545014032744,0.105248183952263));
#14254=CARTESIAN_POINT('',(-0.0264411140161205,-0.019954982981854,0.128609857393739));
#14255=CARTESIAN_POINT('',(-0.0308560765560493,-0.0224849933321507,0.127955876491489));
#14256=CARTESIAN_POINT('',(-0.035271039095978,-0.0250150036824473,0.12730189558924));
#14257=CARTESIAN_POINT('',(-0.0396860016359068,-0.027545014032744,0.12664791468699));
#14258=CARTESIAN_POINT('',(-0.0400307713645048,-0.019954982981854,0.140415974852386));
#14259=CARTESIAN_POINT('',(-0.0441518405335194,-0.0224849933321507,0.139648007691843));
#14260=CARTESIAN_POINT('',(-0.048272909702534,-0.0250150036824473,0.1388800405313));
#14261=CARTESIAN_POINT('',(-0.0523939788715486,-0.027545014032744,0.138112073370757));
#14262=CARTESIAN_POINT('',(-0.0657784029984437,-0.019954982981854,0.16573083469883));
#14263=CARTESIAN_POINT('',(-0.0692928633036303,-0.0224849933321507,0.164583868464947));
#14264=CARTESIAN_POINT('',(-0.0728073236088168,-0.0250150036824473,0.163436902231064));
#14265=CARTESIAN_POINT('',(-0.0763217839140034,-0.027545014032744,0.16228993599718));
#14266=CARTESIAN_POINT('',(-0.0779369090186927,-0.019954982981854,0.179240169268022));
#14267=CARTESIAN_POINT('',(-0.0811383255802606,-0.0224849933321507,0.177827766930129));
#14268=CARTESIAN_POINT('',(-0.0843397421418284,-0.0250150036824473,0.176415364592237));
#14269=CARTESIAN_POINT('',(-0.0875411587033963,-0.027545014032744,0.175002962254344));
#14270=CARTESIAN_POINT('',(-0.0907334501869851,-0.019954982981854,0.195393205443979));
#14271=CARTESIAN_POINT('',(-0.0935614302563725,-0.0224849933321507,0.193533946012463));
#14272=CARTESIAN_POINT('',(-0.0963894103257598,-0.0250150036824473,0.191674686580947));
#14273=CARTESIAN_POINT('',(-0.0992173903951472,-0.027545014032744,0.189815427149432));
#14274=CARTESIAN_POINT('',(-0.0921430024605666,-0.019954982981854,0.1972012635123));
#14275=CARTESIAN_POINT('',(-0.0949292258670674,-0.0224849933321507,0.195290279796685));
#14276=CARTESIAN_POINT('',(-0.0977154492735682,-0.0250150036824473,0.19337929608107));
#14277=CARTESIAN_POINT('',(-0.100501672680069,-0.027545014032744,0.191468312365454));
#14278=CARTESIAN_POINT('',(-0.0949371972953268,-0.019954982981854,0.200843937917248));
#14279=CARTESIAN_POINT('',(-0.097639401313238,-0.0224849933321507,0.198825117312606));
#14280=CARTESIAN_POINT('',(-0.100341605331149,-0.0250150036824473,0.196806296707963));
#14281=CARTESIAN_POINT('',(-0.10304380934906,-0.027545014032744,0.194787476103321));
#14282=CARTESIAN_POINT('',(-0.0963057176273859,-0.019954982981854,0.202692996216996));
#14283=CARTESIAN_POINT('',(-0.0989659497883792,-0.0224849933321507,0.200617703229532));
#14284=CARTESIAN_POINT('',(-0.101626181949372,-0.0250150036824473,0.198542410242068));
#14285=CARTESIAN_POINT('',(-0.104286414110366,-0.027545014032744,0.196467117254603));
#14286=CARTESIAN_POINT('',(-0.100779309257113,-0.019954982981854,0.20794755311007));
#14287=CARTESIAN_POINT('',(-0.103306546841142,-0.0224849933321507,0.205704007730897));
#14288=CARTESIAN_POINT('',(-0.105833784425171,-0.0250150036824473,0.203460462351724));
#14289=CARTESIAN_POINT('',(-0.108361022009201,-0.027545014032744,0.201216916972551));
#14290=CARTESIAN_POINT('',(-0.104120702431824,-0.019954982981854,0.211155424270323));
#14291=CARTESIAN_POINT('',(-0.106551452596817,-0.0224849933321507,0.208798920597399));
#14292=CARTESIAN_POINT('',(-0.10898220276181,-0.0250150036824473,0.206442416924475));
#14293=CARTESIAN_POINT('',(-0.111412952926803,-0.027545014032744,0.204085913251552));
#14294=CARTESIAN_POINT('',(-0.115027496252856,-0.019954982981854,0.219687826916268));
#14295=CARTESIAN_POINT('',(-0.117138274716594,-0.0224849933321507,0.216997027500641));
#14296=CARTESIAN_POINT('',(-0.119249053180332,-0.0250150036824473,0.214306228085014));
#14297=CARTESIAN_POINT('',(-0.121359831644069,-0.027545014032744,0.211615428669387));
#14298=CARTESIAN_POINT('',(-0.123485173285874,-0.019954982981854,0.223903654372131));
#14299=CARTESIAN_POINT('',(-0.125340736665349,-0.0224849933321507,0.220995697449357));
#14300=CARTESIAN_POINT('',(-0.127196300044824,-0.0250150036824473,0.218087740526584));
#14301=CARTESIAN_POINT('',(-0.129051863424299,-0.027545014032744,0.215179783603811));
#14302=CARTESIAN_POINT('',(-0.14143786951067,-0.019954982981854,0.228654405011204));
#14303=CARTESIAN_POINT('',(-0.142686476724715,-0.0224849933321507,0.225378161121103));
#14304=CARTESIAN_POINT('',(-0.143935083938761,-0.0250150036824473,0.222101917231002));
#14305=CARTESIAN_POINT('',(-0.145183691152806,-0.027545014032744,0.218825673340902));
#14306=CARTESIAN_POINT('',(-0.150924573351781,-0.019954982981854,0.229185976740903));
#14307=CARTESIAN_POINT('',(-0.151821422906582,-0.0224849933321507,0.225759443815271));
#14308=CARTESIAN_POINT('',(-0.152718272461382,-0.0250150036824473,0.22233291088964));
#14309=CARTESIAN_POINT('',(-0.153615122016183,-0.027545014032744,0.218906377964008));
#14310=CARTESIAN_POINT('',(-0.169376414196493,-0.019954982981854,0.226423893244181));
#14311=CARTESIAN_POINT('',(-0.169499165006123,-0.0224849933321507,0.222821453151489));
#14312=CARTESIAN_POINT('',(-0.169621915815753,-0.0250150036824473,0.219219013058797));
#14313=CARTESIAN_POINT('',(-0.169744666625383,-0.027545014032744,0.215616572966105));
#14314=CARTESIAN_POINT('',(-0.178332436551259,-0.019954982981854,0.223130722450337));
#14315=CARTESIAN_POINT('',(-0.178033284650144,-0.0224849933321507,0.219503313303004));
#14316=CARTESIAN_POINT('',(-0.177734132749029,-0.0250150036824473,0.215875904155671));
#14317=CARTESIAN_POINT('',(-0.177434980847914,-0.027545014032744,0.212248495008337));
#14318=CARTESIAN_POINT('',(-0.19422072904695,-0.019954982981854,0.213223685396233));
#14319=CARTESIAN_POINT('',(-0.193066051625603,-0.0224849933321507,0.209708781053681));
#14320=CARTESIAN_POINT('',(-0.191911374204257,-0.0250150036824473,0.206193876711129));
#14321=CARTESIAN_POINT('',(-0.190756696782911,-0.027545014032744,0.202678972368577));
#14322=CARTESIAN_POINT('',(-0.201144822726655,-0.019954982981854,0.206614226149334));
#14323=CARTESIAN_POINT('',(-0.199557210834785,-0.0224849933321507,0.203237059522448));
#14324=CARTESIAN_POINT('',(-0.197969598942914,-0.0250150036824473,0.199859892895561));
#14325=CARTESIAN_POINT('',(-0.196381987051044,-0.027545014032744,0.196482726268675));
#14326=CARTESIAN_POINT('',(-0.211790602366364,-0.019954982981854,0.191154894741259));
#14327=CARTESIAN_POINT('',(-0.209399402648077,-0.0224849933321507,0.188218172197521));
#14328=CARTESIAN_POINT('',(-0.20700820292979,-0.0250150036824473,0.185281449653784));
#14329=CARTESIAN_POINT('',(-0.204617003211503,-0.027545014032744,0.182344727110046));
#14330=CARTESIAN_POINT('',(-0.215506584608112,-0.019954982981854,0.182312484053232));
#14331=CARTESIAN_POINT('',(-0.212745405548007,-0.0224849933321507,0.179678313415223));
#14332=CARTESIAN_POINT('',(-0.209984226487901,-0.0250150036824473,0.177044142777213));
#14333=CARTESIAN_POINT('',(-0.207223047427796,-0.027545014032744,0.174409972139204));
#14334=CARTESIAN_POINT('',(-0.219094621240803,-0.019954982981854,0.163861760368013));
#14335=CARTESIAN_POINT('',(-0.215723483894986,-0.0224849933321507,0.161963312503865));
#14336=CARTESIAN_POINT('',(-0.212352346549168,-0.0250150036824473,0.160064864639716));
#14337=CARTESIAN_POINT('',(-0.208981209203351,-0.027545014032744,0.158166416775567));
#14338=CARTESIAN_POINT('',(-0.218964710851751,-0.019954982981854,0.154262670037809));
#14339=CARTESIAN_POINT('',(-0.215354028921749,-0.0224849933321507,0.152796919269777));
#14340=CARTESIAN_POINT('',(-0.211743346991748,-0.0250150036824473,0.151331168501745));
#14341=CARTESIAN_POINT('',(-0.208132665061746,-0.027545014032744,0.149865417733713));
#14342=CARTESIAN_POINT('',(-0.214875031365898,-0.019954982981854,0.135910627091035));
#14343=CARTESIAN_POINT('',(-0.210959274994695,-0.0224849933321507,0.135379670689174));
#14344=CARTESIAN_POINT('',(-0.207043518623493,-0.0250150036824473,0.134848714287313));
#14345=CARTESIAN_POINT('',(-0.203127762252291,-0.027545014032744,0.134317757885453));
#14346=CARTESIAN_POINT('',(-0.210917409198393,-0.019954982981854,0.127166892711504));
#14347=CARTESIAN_POINT('',(-0.206936204018688,-0.0224849933321507,0.12713744757722));
#14348=CARTESIAN_POINT('',(-0.202954998838982,-0.0250150036824473,0.127108002442935));
#14349=CARTESIAN_POINT('',(-0.198973793659277,-0.027545014032744,0.127078557308651));
#14350=CARTESIAN_POINT('',(-0.199841141646243,-0.019954982981854,0.111991294330229));
#14351=CARTESIAN_POINT('',(-0.195915259904459,-0.0224849933321507,0.112962916033167));
#14352=CARTESIAN_POINT('',(-0.191989378162676,-0.0250150036824474,0.113934537736106));
#14353=CARTESIAN_POINT('',(-0.188063496420892,-0.027545014032744,0.114906159439044));
#14354=CARTESIAN_POINT('',(-0.192728238464238,-0.019954982981854,0.105566901418308));
#14355=CARTESIAN_POINT('',(-0.188922887069825,-0.0224849933321507,0.107037605948177));
#14356=CARTESIAN_POINT('',(-0.185117535675413,-0.0250150036824473,0.108508310478046));
#14357=CARTESIAN_POINT('',(-0.181312184281001,-0.027545014032744,0.109979015007915));
#14358=CARTESIAN_POINT('',(-0.176544041450265,-0.019954982981854,0.0960929597770957));
#14359=CARTESIAN_POINT('',(-0.173149034921423,-0.0224849933321507,0.0984950820791876));
#14360=CARTESIAN_POINT('',(-0.16975402839258,-0.0250150036824473,0.10089720438128));
#14361=CARTESIAN_POINT('',(-0.166359021863738,-0.027545014032744,0.103299326683371));
#14362=CARTESIAN_POINT('',(-0.167481068635426,-0.019954982981854,0.0930476520361478));
#14363=CARTESIAN_POINT('',(-0.164375454624849,-0.0224849933321507,0.0958819104323084));
#14364=CARTESIAN_POINT('',(-0.161269840614272,-0.0250150036824473,0.098716168828469));
#14365=CARTESIAN_POINT('',(-0.158164226603694,-0.027545014032744,0.10155042722463));
#14366=CARTESIAN_POINT('',(-0.15819895717202,-0.019954982981854,0.0919294662584738));
#14367=CARTESIAN_POINT('',(-0.155449666288122,-0.0224849933321507,0.0951386769687599));
#14368=CARTESIAN_POINT('',(-0.152700375404223,-0.0250150036824473,0.0983478876790459));
#14369=CARTESIAN_POINT('',(-0.149951084520324,-0.027545014032744,0.101557098389332));
#14370=CARTESIAN_POINT('',(-0.15,-0.0275,0.16));
#14371=CARTESIAN_POINT('',(-0.103346049452415,-0.0275,0.195293893215449));
#14372=CARTESIAN_POINT('',(0.255530493221314,-0.0275,0.466785379488134));
#14373=CARTESIAN_POINT('',(0.0153370480151684,-0.0275,0.0862500869330245));
#14374=CARTESIAN_POINT('',(0.0239185240075842,-0.02375,0.0868750434665122));
#14375=CARTESIAN_POINT('',(-0.0775035298039437,-0.0199549969717428,0.0484400998746113));
#14376=CARTESIAN_POINT('',(-0.0773050896276484,-0.0224849983552964,0.051807593262882));
#14377=CARTESIAN_POINT('',(-0.0771066494513531,-0.0250149997388501,0.0551750866511527));
#14378=CARTESIAN_POINT('',(-0.0769082092750579,-0.0275450011224038,0.0585425800394234));
#14379=CARTESIAN_POINT('',(-0.0575377088543493,-0.0199549969717428,0.0472635508595734));
#14380=CARTESIAN_POINT('',(-0.0585474459900524,-0.0224849983552964,0.05070223990917));
#14381=CARTESIAN_POINT('',(-0.0595571831257555,-0.0250149997388501,0.0541409289587666));
#14382=CARTESIAN_POINT('',(-0.0605669202614586,-0.0275450011224038,0.0575796180083632));
#14383=CARTESIAN_POINT('',(-0.0373420406882177,-0.0199549969717428,0.0501311413124779));
#14384=CARTESIAN_POINT('',(-0.0395810527447888,-0.0224849983552964,0.0532583935411419));
#14385=CARTESIAN_POINT('',(-0.04182006480136,-0.0250149997388501,0.0563856457698059));
#14386=CARTESIAN_POINT('',(-0.0440590768579311,-0.0275450011224038,0.0595128979984699));
#14387=CARTESIAN_POINT('',(0.00035645189163451,-0.0199549969717428,0.0635070552133536));
#14388=CARTESIAN_POINT('',(-0.00399757312122967,-0.0224849983552964,0.0653174920525782));
#14389=CARTESIAN_POINT('',(-0.00835159813409385,-0.0250149997388501,0.0671279288918028));
#14390=CARTESIAN_POINT('',(-0.012705623146958,-0.0275450011224038,0.0689383657310274));
#14391=CARTESIAN_POINT('',(0.0178433470909378,-0.0199549969717428,0.0740097284873351));
#14392=CARTESIAN_POINT('',(0.0126062707101893,-0.0224849983552964,0.0748158822909778));
#14393=CARTESIAN_POINT('',(0.00736919432944071,-0.0250149997388501,0.0756220360946205));
#14394=CARTESIAN_POINT('',(0.00213211794869215,-0.0275450011224038,0.0764281898982632));
#14395=CARTESIAN_POINT('',(0.0326029846417535,-0.0199549969717428,0.0875074999830763));
#14396=CARTESIAN_POINT('',(0.0268133456727549,-0.0224849983552964,0.0870858624112403));
#14397=CARTESIAN_POINT('',(0.0210237067037564,-0.0250149997388501,0.0866642248394043));
#14398=CARTESIAN_POINT('',(0.0152340677347579,-0.0275450011224038,0.0862425872675684));
#14399=CARTESIAN_POINT('',(-0.0686760839427425,-0.0275,0.198240236761581));
#14400=CARTESIAN_POINT('',(-0.0965814759924158,-0.0275,0.138370118380791));
#14401=CARTESIAN_POINT('',(-0.15,-0.0275,0.16));
#14402=CARTESIAN_POINT('',(-0.1,-0.0275,0.16));
#14403=CARTESIAN_POINT('',(-0.15,-0.0305,0.16));
#14404=CARTESIAN_POINT('',(-0.15,-0.0305,0.16));
#14405=CARTESIAN_POINT('',(-0.15,-0.0305,0.16));
#14406=CARTESIAN_POINT('',(-0.15,-0.0305,0.16));
#14407=CARTESIAN_POINT('',(-0.15,-0.0305,0.16));
#14408=CARTESIAN_POINT('',(-0.15,-0.0305,0.16));
#14409=CARTESIAN_POINT('',(-0.15,-0.0305,0.16));
#14410=CARTESIAN_POINT('',(-0.15,-0.0305,0.16));
#14411=CARTESIAN_POINT('',(-0.15,-0.0305,0.16));
#14412=CARTESIAN_POINT('',(-0.15,-0.0305,0.16));
#14413=CARTESIAN_POINT('',(-0.15,-0.0305,0.16));
#14414=CARTESIAN_POINT('',(-0.15,-0.0305,0.16));
#14415=CARTESIAN_POINT('',(-0.158963475888293,-0.0305,0.20919));
#14416=CARTESIAN_POINT('',(-0.15,-0.0305,0.16));
#14417=CARTESIAN_POINT('',(-0.141036524111707,-0.0305,0.20919));
#14418=CARTESIAN_POINT('',(-0.15,-0.0305,0.16));
#14419=CARTESIAN_POINT('',(-0.15,-0.0305,0.16));
#14420=CARTESIAN_POINT('',(-0.158963475888292,-0.0305,0.20919));
#14421=CARTESIAN_POINT('',(-0.158874718261082,-0.0314330839615248,0.20820780635629));
#14422=CARTESIAN_POINT('',(-0.158389607061289,-0.0332769916154177,0.206324333926554));
#14423=CARTESIAN_POINT('',(-0.156721662288973,-0.035971158843024,0.203737980402506));
#14424=CARTESIAN_POINT('',(-0.154452641522766,-0.0378905785902298,0.202009187100423));
#14425=CARTESIAN_POINT('',(-0.152034751255271,-0.038866725622885,0.201157704518084));
#14426=CARTESIAN_POINT('',(-0.150006812817402,-0.0391409875816629,0.200921708972931));
#14427=CARTESIAN_POINT('',(-0.147973246816168,-0.0388693107217561,0.201155471094972));
#14428=CARTESIAN_POINT('',(-0.145552545703482,-0.0378938945425527,0.202006233770021));
#14429=CARTESIAN_POINT('',(-0.143285516357082,-0.0359777344783466,0.203732085064092));
#14430=CARTESIAN_POINT('',(-0.141615788237363,-0.0332921743141892,0.206309100027634));
#14431=CARTESIAN_POINT('',(-0.141125259420889,-0.031432849338359,0.208208053328043));
#14432=CARTESIAN_POINT('',(-0.141036524111708,-0.0305,0.20919));
#14433=CARTESIAN_POINT('',(-0.15,-0.0495,0.16));
#14434=CARTESIAN_POINT('',(-0.12,-0.0495,0.16));
#14435=CARTESIAN_POINT('',(-0.15,-0.0495,0.16));
#14436=CARTESIAN_POINT('',(-0.15,-0.0495,0.16));
#14437=CARTESIAN_POINT('',(-0.13,-0.0495,0.16));
#14438=CARTESIAN_POINT('',(-0.15,-0.454520023466427,0.21));
#14439=CARTESIAN_POINT('',(-0.15,-0.0305,0.21));
#14440=CARTESIAN_POINT('',(-0.15,-0.0305,0.17));
#14441=CARTESIAN_POINT('',(-0.15,-0.0515,0.16));
#14442=CARTESIAN_POINT('',(-0.130390652891728,-0.0525,0.163933637754968));
#14443=CARTESIAN_POINT('',(-0.130390652891728,-0.0525,0.163933637754968));
#14444=CARTESIAN_POINT('',(-0.15,-0.0525,0.16));
#14445=CARTESIAN_POINT('',(-0.130390652891728,-0.0525,0.156066362245032));
#14446=CARTESIAN_POINT('',(-0.130390652891728,-0.0525,0.156066362245032));
#14447=CARTESIAN_POINT('',(-0.130390652891728,-0.0515,0.156066362245032));
#14448=CARTESIAN_POINT('',(-0.15,-0.0515,0.16));
#14449=CARTESIAN_POINT('',(-0.146066362245032,-0.0515,0.140390652891728));
#14450=CARTESIAN_POINT('',(-0.146066362245032,-0.0525,0.140390652891728));
#14451=CARTESIAN_POINT('',(-0.146066362245032,-0.0525,0.140390652891728));
#14452=CARTESIAN_POINT('',(-0.15,-0.0525,0.16));
#14453=CARTESIAN_POINT('',(-0.153933637754968,-0.0525,0.140390652891728));
#14454=CARTESIAN_POINT('',(-0.153933637754968,-0.0525,0.140390652891728));
#14455=CARTESIAN_POINT('',(-0.169609347108272,-0.0525,0.156066362245032));
#14456=CARTESIAN_POINT('',(-0.169609347108272,-0.0525,0.156066362245032));
#14457=CARTESIAN_POINT('',(-0.15,-0.0525,0.16));
#14458=CARTESIAN_POINT('',(-0.169609347108272,-0.0525,0.163933637754968));
#14459=CARTESIAN_POINT('',(-0.169609347108272,-0.0525,0.163933637754968));
#14460=CARTESIAN_POINT('',(-0.153933637754968,-0.0525,0.179609347108272));
#14461=CARTESIAN_POINT('',(-0.153933637754968,-0.0525,0.179609347108272));
#14462=CARTESIAN_POINT('',(-0.15,-0.0525,0.16));
#14463=CARTESIAN_POINT('',(-0.146066362245032,-0.0525,0.179609347108272));
#14464=CARTESIAN_POINT('',(-0.146066362245032,-0.0525,0.179609347108272));
#14465=CARTESIAN_POINT('',(-0.15,-0.0515,0.16));
#14466=CARTESIAN_POINT('',(-0.133738541900192,-0.0515,0.15728489419174));
#14467=CARTESIAN_POINT('',(-0.137086430908656,-0.0515,0.158503426138448));
#14468=CARTESIAN_POINT('',(-0.15,-0.0515,0.16));
#14469=CARTESIAN_POINT('',(-0.148503426138448,-0.0515,0.147086430908656));
#14470=CARTESIAN_POINT('',(-0.14728489419174,-0.0515,0.143738541900192));
#14471=CARTESIAN_POINT('',(-0.166261458099808,-0.0525,0.15728489419174));
#14472=CARTESIAN_POINT('',(-0.162913569091344,-0.0525,0.158503426138448));
#14473=CARTESIAN_POINT('',(-0.162913569091344,-0.0525,0.158503426138448));
#14474=CARTESIAN_POINT('',(-0.166261458099808,-0.0525,0.15728489419174));
#14475=CARTESIAN_POINT('',(-0.15,-0.0525,0.16));
#14476=CARTESIAN_POINT('',(-0.151496573861552,-0.0525,0.147086430908656));
#14477=CARTESIAN_POINT('',(-0.151496573861552,-0.0525,0.147086430908656));
#14478=CARTESIAN_POINT('',(-0.15,-0.0525,0.16));
#14479=CARTESIAN_POINT('',(-0.15271510580826,-0.0525,0.143738541900192));
#14480=CARTESIAN_POINT('',(-0.15271510580826,-0.0525,0.143738541900192));
#14481=CARTESIAN_POINT('',(-0.14728489419174,-0.0525,0.143738541900192));
#14482=CARTESIAN_POINT('',(-0.148503426138448,-0.0525,0.147086430908656));
#14483=CARTESIAN_POINT('',(-0.148503426138448,-0.0525,0.147086430908656));
#14484=CARTESIAN_POINT('',(-0.14728489419174,-0.0525,0.143738541900192));
#14485=CARTESIAN_POINT('',(-0.15,-0.0525,0.16));
#14486=CARTESIAN_POINT('',(-0.137086430908656,-0.0525,0.158503426138448));
#14487=CARTESIAN_POINT('',(-0.137086430908656,-0.0525,0.158503426138448));
#14488=CARTESIAN_POINT('',(-0.15,-0.0525,0.16));
#14489=CARTESIAN_POINT('',(-0.133738541900192,-0.0525,0.15728489419174));
#14490=CARTESIAN_POINT('',(-0.133738541900192,-0.0525,0.15728489419174));
#14491=CARTESIAN_POINT('',(-0.133738541900192,-0.0525,0.16271510580826));
#14492=CARTESIAN_POINT('',(-0.137086430908656,-0.0525,0.161496573861552));
#14493=CARTESIAN_POINT('',(-0.137086430908656,-0.0525,0.161496573861552));
#14494=CARTESIAN_POINT('',(-0.133738541900192,-0.0525,0.16271510580826));
#14495=CARTESIAN_POINT('',(-0.15,-0.0525,0.16));
#14496=CARTESIAN_POINT('',(-0.148503426138448,-0.0525,0.172913569091344));
#14497=CARTESIAN_POINT('',(-0.148503426138448,-0.0525,0.172913569091344));
#14498=CARTESIAN_POINT('',(-0.15,-0.0525,0.16));
#14499=CARTESIAN_POINT('',(-0.14728489419174,-0.0525,0.176261458099808));
#14500=CARTESIAN_POINT('',(-0.14728489419174,-0.0525,0.176261458099808));
#14501=CARTESIAN_POINT('',(-0.15271510580826,-0.0525,0.176261458099808));
#14502=CARTESIAN_POINT('',(-0.151496573861552,-0.0525,0.172913569091344));
#14503=CARTESIAN_POINT('',(-0.151496573861552,-0.0525,0.172913569091344));
#14504=CARTESIAN_POINT('',(-0.15271510580826,-0.0525,0.176261458099808));
#14505=CARTESIAN_POINT('',(-0.15,-0.0525,0.16));
#14506=CARTESIAN_POINT('',(-0.162913569091344,-0.0525,0.161496573861552));
#14507=CARTESIAN_POINT('',(-0.162913569091344,-0.0525,0.161496573861552));
#14508=CARTESIAN_POINT('',(-0.15,-0.0525,0.16));
#14509=CARTESIAN_POINT('',(-0.166261458099808,-0.0525,0.16271510580826));
#14510=CARTESIAN_POINT('',(-0.166261458099808,-0.0525,0.16271510580826));
#14511=CARTESIAN_POINT('',(-0.15,-0.0525,0.16));
#14512=CARTESIAN_POINT('',(0.,-9.18485099360515E-19,0.02));
#14513=CARTESIAN_POINT('',(0.,-9.18485099360515E-19,0.02));
#14514=CARTESIAN_POINT('',(-0.015,-9.18485099360515E-19,0.02));
#14515=CARTESIAN_POINT('',(0.,0.,0.02));
#14516=CARTESIAN_POINT('',(-0.15,-1.7347234759768E-17,0.16));
#14517=CARTESIAN_POINT('',(-0.15,-1.7347234759768E-17,0.16));
#14518=CARTESIAN_POINT('',(-0.165,-1.93617523447734E-17,0.16));
#14519=CARTESIAN_POINT('',(-0.0705,-6.93889390390723E-18,0.133));
#14520=CARTESIAN_POINT('',(-2.77555756156289E-17,0.,0.085));
#14521=CARTESIAN_POINT('',(0.,-0.0298910607496286,0.013));
#14522=CARTESIAN_POINT('',(-0.041194,-0.0272146820090439,0.013));
#14523=CARTESIAN_POINT('',(-0.042694,-0.0272146820090439,0.013));
#14524=CARTESIAN_POINT('',(0.041194,-0.0272146820090439,0.013));
#14525=CARTESIAN_POINT('',(0.039694,-0.0272146820090439,0.013));
#14526=CARTESIAN_POINT('',(0.001,-0.027,0.013));
#14527=CARTESIAN_POINT('',(0.001,-0.027,0.013));
#14528=CARTESIAN_POINT('',(0.001,-0.017,0.013));
#14529=CARTESIAN_POINT('',(0.0175,-0.027,0.013));
#14530=CARTESIAN_POINT('',(-0.001,-0.027,0.013));
#14531=CARTESIAN_POINT('',(-0.001,-0.027,0.013));
#14532=CARTESIAN_POINT('',(-0.001,-0.017,0.013));
#14533=CARTESIAN_POINT('',(0.0175,-0.017,0.013));
#14534=CARTESIAN_POINT('',(-0.0189736659610103,-0.017,0.013));
#14535=CARTESIAN_POINT('',(0.0175,-0.017,0.013));
#14536=CARTESIAN_POINT('',(-0.035,-0.017,0.013));
#14537=CARTESIAN_POINT('',(-0.039597,-0.020857341004522,0.013));
#14538=CARTESIAN_POINT('',(-0.0434795752193731,-0.024115208439116,0.013));
#14539=CARTESIAN_POINT('',(-0.042194,-0.0256472973253539,0.013));
#14540=CARTESIAN_POINT('',(-0.044194,-0.0256472973253539,0.013));
#14541=CARTESIAN_POINT('',(-0.044194,-0.0272146820090439,0.013));
#14542=CARTESIAN_POINT('',(-0.044194,-0.0287820666927339,0.013));
#14543=CARTESIAN_POINT('',(-0.042194,-0.0287820666927339,0.013));
#14544=CARTESIAN_POINT('',(-0.0434795752193731,-0.0303141555789718,0.013));
#14545=CARTESIAN_POINT('',(-0.036073,-0.0365290101138346,0.013));
#14546=CARTESIAN_POINT('',(-0.0285096347508407,-0.0428754271048633,0.013));
#14547=CARTESIAN_POINT('',(-0.0272240595314676,-0.0413433382186253,0.013));
#14548=CARTESIAN_POINT('',(-0.0272240595314676,-0.0433433382186253,0.013));
#14549=CARTESIAN_POINT('',(-0.013976,-0.0433433382186253,0.013));
#14550=CARTESIAN_POINT('',(0.0272240595314676,-0.0433433382186253,0.013));
#14551=CARTESIAN_POINT('',(0.0272240595314676,-0.0413433382186253,0.013));
#14552=CARTESIAN_POINT('',(0.0285096347508407,-0.0428754271048633,0.013));
#14553=CARTESIAN_POINT('',(0.036073,-0.0365290101138346,0.013));
#14554=CARTESIAN_POINT('',(0.0434795752193731,-0.0303141555789719,0.013));
#14555=CARTESIAN_POINT('',(0.042194,-0.0287820666927339,0.013));
#14556=CARTESIAN_POINT('',(0.044194,-0.0287820666927339,0.013));
#14557=CARTESIAN_POINT('',(0.044194,-0.0272146820090439,0.013));
#14558=CARTESIAN_POINT('',(0.044194,-0.0256472973253539,0.013));
#14559=CARTESIAN_POINT('',(0.042194,-0.0256472973253539,0.013));
#14560=CARTESIAN_POINT('',(0.0434795752193731,-0.024115208439116,0.013));
#14561=CARTESIAN_POINT('',(0.039597,-0.020857341004522,0.013));
#14562=CARTESIAN_POINT('',(0.035,-0.017,0.013));
#14563=CARTESIAN_POINT('',(0.0175,-0.017,0.013));
#14564=CARTESIAN_POINT('',(0.0189736659610103,-0.017,0.013));
#14565=CARTESIAN_POINT('',(0.0175,-0.017,0.013));
#14566=CARTESIAN_POINT('',(0.,-0.017,0.));
#14567=CARTESIAN_POINT('',(0.0005,-0.017,0.019));
#14568=CARTESIAN_POINT('',(-0.001,-0.017,0.019));
#14569=CARTESIAN_POINT('',(0.001,-0.017,0.019));
#14570=CARTESIAN_POINT('',(0.001,-0.017,0.016));
#14571=CARTESIAN_POINT('',(0.,-0.017,1.40834381901946E-18));
#14572=CARTESIAN_POINT('',(-0.001,-0.017,0.016));
#14573=CARTESIAN_POINT('',(0.,-0.0298910607496286,0.009));
#14574=CARTESIAN_POINT('',(0.036073,-0.0365290101138346,0.009));
#14575=CARTESIAN_POINT('',(0.0434795752193731,-0.0303141555789719,0.009));
#14576=CARTESIAN_POINT('',(0.0285096347508407,-0.0428754271048633,0.009));
#14577=CARTESIAN_POINT('',(0.0272240595314676,-0.0413433382186253,0.009));
#14578=CARTESIAN_POINT('',(0.0272240595314676,-0.0433433382186253,0.009));
#14579=CARTESIAN_POINT('',(-0.013976,-0.0433433382186253,0.009));
#14580=CARTESIAN_POINT('',(-0.0272240595314676,-0.0433433382186253,0.009));
#14581=CARTESIAN_POINT('',(-0.0272240595314676,-0.0413433382186253,0.009));
#14582=CARTESIAN_POINT('',(-0.0285096347508407,-0.0428754271048633,0.009));
#14583=CARTESIAN_POINT('',(-0.036073,-0.0365290101138346,0.009));
#14584=CARTESIAN_POINT('',(-0.0434795752193731,-0.0303141555789718,0.009));
#14585=CARTESIAN_POINT('',(-0.042194,-0.0287820666927339,0.009));
#14586=CARTESIAN_POINT('',(-0.044194,-0.0287820666927339,0.009));
#14587=CARTESIAN_POINT('',(-0.044194,-0.0272146820090439,0.009));
#14588=CARTESIAN_POINT('',(-0.044194,-0.0256472973253539,0.009));
#14589=CARTESIAN_POINT('',(-0.042194,-0.0256472973253539,0.009));
#14590=CARTESIAN_POINT('',(-0.0434795752193731,-0.024115208439116,0.009));
#14591=CARTESIAN_POINT('',(-0.039597,-0.020857341004522,0.009));
#14592=CARTESIAN_POINT('',(-0.035,-0.017,0.009));
#14593=CARTESIAN_POINT('',(0.0175,-0.017,0.009));
#14594=CARTESIAN_POINT('',(-0.0211660104885167,-0.017,0.009));
#14595=CARTESIAN_POINT('',(0.0175,-0.017,0.009));
#14596=CARTESIAN_POINT('',(0.0211660104885167,-0.017,0.009));
#14597=CARTESIAN_POINT('',(0.0175,-0.017,0.009));
#14598=CARTESIAN_POINT('',(0.035,-0.017,0.009));
#14599=CARTESIAN_POINT('',(0.039597,-0.020857341004522,0.009));
#14600=CARTESIAN_POINT('',(0.0434795752193731,-0.024115208439116,0.009));
#14601=CARTESIAN_POINT('',(0.042194,-0.0256472973253539,0.009));
#14602=CARTESIAN_POINT('',(0.044194,-0.0256472973253539,0.009));
#14603=CARTESIAN_POINT('',(0.044194,-0.0272146820090439,0.009));
#14604=CARTESIAN_POINT('',(0.044194,-0.0287820666927339,0.009));
#14605=CARTESIAN_POINT('',(0.042194,-0.0287820666927339,0.009));
#14606=CARTESIAN_POINT('',(0.041194,-0.0272146820090439,0.009));
#14607=CARTESIAN_POINT('',(0.042694,-0.0272146820090439,0.009));
#14608=CARTESIAN_POINT('',(-0.041194,-0.0272146820090439,0.009));
#14609=CARTESIAN_POINT('',(-0.039694,-0.0272146820090439,0.009));
#14610=CARTESIAN_POINT('',(0.,-0.017,0.));
#14611=CARTESIAN_POINT('',(0.,-0.017,1.40834381901946E-18));
#14612=CARTESIAN_POINT('',(0.0211660104885167,-0.017,-0.009));
#14613=CARTESIAN_POINT('',(0.,-0.017,1.40834381901946E-18));
#14614=CARTESIAN_POINT('',(-0.0211660104885167,-0.017,-0.009));
#14615=CARTESIAN_POINT('',(0.0175,-0.017,-0.009));
#14616=CARTESIAN_POINT('',(0.,-0.0298910607496286,-0.013));
#14617=CARTESIAN_POINT('',(-0.041194,-0.0272146820090439,-0.013));
#14618=CARTESIAN_POINT('',(-0.039694,-0.0272146820090439,-0.013));
#14619=CARTESIAN_POINT('',(0.041194,-0.0272146820090439,-0.013));
#14620=CARTESIAN_POINT('',(0.042694,-0.0272146820090439,-0.013));
#14621=CARTESIAN_POINT('',(-0.001,-0.027,-0.013));
#14622=CARTESIAN_POINT('',(-0.001,-0.027,-0.013));
#14623=CARTESIAN_POINT('',(-0.001,-0.017,-0.013));
#14624=CARTESIAN_POINT('',(0.0175,-0.027,-0.013));
#14625=CARTESIAN_POINT('',(0.001,-0.027,-0.013));
#14626=CARTESIAN_POINT('',(0.001,-0.027,-0.013));
#14627=CARTESIAN_POINT('',(0.001,-0.017,-0.013));
#14628=CARTESIAN_POINT('',(0.0175,-0.017,-0.013));
#14629=CARTESIAN_POINT('',(0.0189736659610103,-0.017,-0.013));
#14630=CARTESIAN_POINT('',(0.0175,-0.017,-0.013));
#14631=CARTESIAN_POINT('',(0.035,-0.017,-0.013));
#14632=CARTESIAN_POINT('',(0.039597,-0.020857341004522,-0.013));
#14633=CARTESIAN_POINT('',(0.0434795752193731,-0.024115208439116,-0.013));
#14634=CARTESIAN_POINT('',(0.042194,-0.0256472973253539,-0.013));
#14635=CARTESIAN_POINT('',(0.044194,-0.0256472973253539,-0.013));
#14636=CARTESIAN_POINT('',(0.044194,-0.0272146820090439,-0.013));
#14637=CARTESIAN_POINT('',(0.044194,-0.0287820666927339,-0.013));
#14638=CARTESIAN_POINT('',(0.042194,-0.0287820666927339,-0.013));
#14639=CARTESIAN_POINT('',(0.0434795752193731,-0.0303141555789719,-0.013));
#14640=CARTESIAN_POINT('',(0.036073,-0.0365290101138346,-0.013));
#14641=CARTESIAN_POINT('',(0.0285096347508407,-0.0428754271048633,-0.013));
#14642=CARTESIAN_POINT('',(0.0272240595314676,-0.0413433382186253,-0.013));
#14643=CARTESIAN_POINT('',(0.0272240595314676,-0.0433433382186253,-0.013));
#14644=CARTESIAN_POINT('',(-0.013976,-0.0433433382186253,-0.013));
#14645=CARTESIAN_POINT('',(-0.0272240595314676,-0.0433433382186253,-0.013));
#14646=CARTESIAN_POINT('',(-0.0272240595314676,-0.0413433382186253,-0.013));
#14647=CARTESIAN_POINT('',(-0.0285096347508407,-0.0428754271048633,-0.013));
#14648=CARTESIAN_POINT('',(-0.036073,-0.0365290101138346,-0.013));
#14649=CARTESIAN_POINT('',(-0.0434795752193731,-0.0303141555789718,-0.013));
#14650=CARTESIAN_POINT('',(-0.042194,-0.0287820666927339,-0.013));
#14651=CARTESIAN_POINT('',(-0.044194,-0.0287820666927339,-0.013));
#14652=CARTESIAN_POINT('',(-0.044194,-0.0272146820090439,-0.013));
#14653=CARTESIAN_POINT('',(-0.044194,-0.0256472973253539,-0.013));
#14654=CARTESIAN_POINT('',(-0.042194,-0.0256472973253539,-0.013));
#14655=CARTESIAN_POINT('',(-0.0434795752193731,-0.024115208439116,-0.013));
#14656=CARTESIAN_POINT('',(-0.039597,-0.020857341004522,-0.013));
#14657=CARTESIAN_POINT('',(-0.035,-0.017,-0.013));
#14658=CARTESIAN_POINT('',(0.0175,-0.017,-0.013));
#14659=CARTESIAN_POINT('',(-0.0189736659610103,-0.017,-0.013));
#14660=CARTESIAN_POINT('',(0.0175,-0.017,-0.013));
#14661=CARTESIAN_POINT('',(0.,-0.017,0.));
#14662=CARTESIAN_POINT('',(0.0005,-0.017,-0.019));
#14663=CARTESIAN_POINT('',(-0.001,-0.017,-0.019));
#14664=CARTESIAN_POINT('',(0.001,-0.017,-0.019));
#14665=CARTESIAN_POINT('',(-0.001,-0.017,-0.016));
#14666=CARTESIAN_POINT('',(0.,-0.017,1.40834381901946E-18));
#14667=CARTESIAN_POINT('',(0.001,-0.017,-0.016));
#14668=CARTESIAN_POINT('',(0.,-0.0298910607496286,-0.009));
#14669=CARTESIAN_POINT('',(0.041194,-0.0272146820090439,-0.009));
#14670=CARTESIAN_POINT('',(0.042694,-0.0272146820090439,-0.009));
#14671=CARTESIAN_POINT('',(-0.013976,-0.0433433382186253,-0.009));
#14672=CARTESIAN_POINT('',(-0.0272240595314676,-0.0433433382186253,-0.009));
#14673=CARTESIAN_POINT('',(0.0272240595314676,-0.0433433382186253,-0.009));
#14674=CARTESIAN_POINT('',(0.0272240595314676,-0.0413433382186253,-0.009));
#14675=CARTESIAN_POINT('',(0.0285096347508407,-0.0428754271048633,-0.009));
#14676=CARTESIAN_POINT('',(0.036073,-0.0365290101138346,-0.009));
#14677=CARTESIAN_POINT('',(0.0434795752193731,-0.0303141555789719,-0.009));
#14678=CARTESIAN_POINT('',(0.042194,-0.0287820666927339,-0.009));
#14679=CARTESIAN_POINT('',(0.044194,-0.0287820666927339,-0.009));
#14680=CARTESIAN_POINT('',(0.044194,-0.0272146820090439,-0.009));
#14681=CARTESIAN_POINT('',(0.044194,-0.0256472973253539,-0.009));
#14682=CARTESIAN_POINT('',(0.042194,-0.0256472973253539,-0.009));
#14683=CARTESIAN_POINT('',(0.0434795752193731,-0.024115208439116,-0.009));
#14684=CARTESIAN_POINT('',(0.039597,-0.020857341004522,-0.009));
#14685=CARTESIAN_POINT('',(0.035,-0.017,-0.009));
#14686=CARTESIAN_POINT('',(0.0175,-0.017,-0.009));
#14687=CARTESIAN_POINT('',(0.0175,-0.017,-0.009));
#14688=CARTESIAN_POINT('',(-0.035,-0.017,-0.009));
#14689=CARTESIAN_POINT('',(-0.039597,-0.020857341004522,-0.009));
#14690=CARTESIAN_POINT('',(-0.0434795752193731,-0.024115208439116,-0.009));
#14691=CARTESIAN_POINT('',(-0.042194,-0.0256472973253539,-0.009));
#14692=CARTESIAN_POINT('',(-0.044194,-0.0256472973253539,-0.009));
#14693=CARTESIAN_POINT('',(-0.044194,-0.0272146820090439,-0.009));
#14694=CARTESIAN_POINT('',(-0.044194,-0.0287820666927339,-0.009));
#14695=CARTESIAN_POINT('',(-0.042194,-0.0287820666927339,-0.009));
#14696=CARTESIAN_POINT('',(-0.0434795752193731,-0.0303141555789718,-0.009));
#14697=CARTESIAN_POINT('',(-0.036073,-0.0365290101138346,-0.009));
#14698=CARTESIAN_POINT('',(-0.0285096347508407,-0.0428754271048633,-0.009));
#14699=CARTESIAN_POINT('',(-0.0272240595314676,-0.0413433382186253,-0.009));
#14700=CARTESIAN_POINT('',(-0.041194,-0.0272146820090439,-0.009));
#14701=CARTESIAN_POINT('',(-0.039694,-0.0272146820090439,-0.009));
#14702=CARTESIAN_POINT('',(0.,-0.01,2.14313189850787E-18));
#14703=CARTESIAN_POINT('',(0.,-0.01,2.14313189850787E-18));
#14704=CARTESIAN_POINT('',(0.,-0.01,-0.035));
#14705=CARTESIAN_POINT('',(0.,0.,2.14313189850787E-18));
#14706=CARTESIAN_POINT('',(0.,0.,-0.035));
#14707=CARTESIAN_POINT('',(0.,-0.01,0.));
#14708=CARTESIAN_POINT('',(0.,-0.01,1.40834381901946E-18));
#14709=CARTESIAN_POINT('',(0.,-0.01,-0.023));
#14710=CARTESIAN_POINT('',(0.,0.,0.));
#14711=CARTESIAN_POINT('',(0.,0.,9.18485099360515E-19));
#14712=CARTESIAN_POINT('',(0.,0.,0.015));
#14713=CARTESIAN_POINT('',(0.,-0.017,1.40834381901946E-18));
#14714=CARTESIAN_POINT('',(0.,-0.017,1.40834381901946E-18));
#14715=CARTESIAN_POINT('',(0.,-0.017,1.40834381901946E-18));
#14716=CARTESIAN_POINT('',(0.,-0.017,1.40834381901946E-18));
#14717=CARTESIAN_POINT('',(0.,-0.017,1.40834381901946E-18));
#14718=CARTESIAN_POINT('',(0.0175,-0.017,-0.009));
#14719=CARTESIAN_POINT('',(0.035,-0.017,-0.009));
#14720=CARTESIAN_POINT('',(0.0175,-0.017,-0.009));
#14721=CARTESIAN_POINT('',(-0.035,-0.017,-0.009));
#14722=CARTESIAN_POINT('',(0.044194,-0.0272146820090439,-0.009));
#14723=CARTESIAN_POINT('',(0.044194,-0.0287820666927339,-0.009));
#14724=CARTESIAN_POINT('',(0.044194,-0.0256472973253539,-0.009));
#14725=CARTESIAN_POINT('',(0.039597,-0.020857341004522,-0.009));
#14726=CARTESIAN_POINT('',(0.0434795752193731,-0.024115208439116,-0.009));
#14727=CARTESIAN_POINT('',(-0.039597,-0.020857341004522,-0.009));
#14728=CARTESIAN_POINT('',(-0.0434795752193731,-0.024115208439116,-0.009));
#14729=CARTESIAN_POINT('',(-0.044194,-0.0272146820090439,-0.009));
#14730=CARTESIAN_POINT('',(-0.044194,-0.0287820666927339,-0.009));
#14731=CARTESIAN_POINT('',(-0.044194,-0.0256472973253539,-0.009));
#14732=CARTESIAN_POINT('',(-0.036073,-0.0365290101138346,-0.009));
#14733=CARTESIAN_POINT('',(-0.0285096347508407,-0.0428754271048633,-0.009));
#14734=CARTESIAN_POINT('',(-0.0434795752193731,-0.0303141555789718,-0.009));
#14735=CARTESIAN_POINT('',(-0.013976,-0.0433433382186253,-0.009));
#14736=CARTESIAN_POINT('',(0.0272240595314676,-0.0433433382186253,-0.009));
#14737=CARTESIAN_POINT('',(-0.0272240595314676,-0.0433433382186253,-0.009));
#14738=CARTESIAN_POINT('',(0.036073,-0.0365290101138346,-0.009));
#14739=CARTESIAN_POINT('',(0.0285096347508407,-0.0428754271048633,-0.013));
#14740=CARTESIAN_POINT('',(0.0434795752193731,-0.0303141555789719,-0.009));
#14741=CARTESIAN_POINT('',(0.041194,-0.0272146820090439,-0.129803557410709));
#14742=CARTESIAN_POINT('',(-0.041194,-0.0272146820090439,-0.129803557410709));
#14743=CARTESIAN_POINT('',(0.0272240595314676,-0.0413433382186253,-0.009));
#14744=CARTESIAN_POINT('',(0.042194,-0.0287820666927339,-0.009));
#14745=CARTESIAN_POINT('',(0.042194,-0.0256472973253539,-0.009));
#14746=CARTESIAN_POINT('',(-0.0272240595314676,-0.0413433382186253,-0.009));
#14747=CARTESIAN_POINT('',(-0.042194,-0.0287820666927339,-0.009));
#14748=CARTESIAN_POINT('',(-0.042194,-0.0256472973253539,-0.009));
#14749=CARTESIAN_POINT('',(0.0005,-0.027,-0.019));
#14750=CARTESIAN_POINT('',(0.001,-0.027,-0.019));
#14751=CARTESIAN_POINT('',(0.001,-0.027,-0.019));
#14752=CARTESIAN_POINT('',(0.0005,-0.027,-0.019));
#14753=CARTESIAN_POINT('',(-0.001,-0.027,-0.019));
#14754=CARTESIAN_POINT('',(-0.001,-0.027,-0.019));
#14755=CARTESIAN_POINT('',(0.001,-0.027,-0.016));
#14756=CARTESIAN_POINT('',(0.001,-0.027,-0.016));
#14757=CARTESIAN_POINT('',(-0.001,-0.027,-0.016));
#14758=CARTESIAN_POINT('',(-0.001,-0.027,-0.016));
#14759=CARTESIAN_POINT('',(0.,-0.027,-0.018));
#14760=CARTESIAN_POINT('',(0.0175,-0.017,0.009));
#14761=CARTESIAN_POINT('',(0.035,-0.017,0.009));
#14762=CARTESIAN_POINT('',(0.0175,-0.017,0.009));
#14763=CARTESIAN_POINT('',(-0.035,-0.017,0.009));
#14764=CARTESIAN_POINT('',(0.044194,-0.0272146820090439,0.009));
#14765=CARTESIAN_POINT('',(0.044194,-0.0287820666927339,0.009));
#14766=CARTESIAN_POINT('',(0.044194,-0.0256472973253539,0.009));
#14767=CARTESIAN_POINT('',(0.036073,-0.0365290101138346,0.009));
#14768=CARTESIAN_POINT('',(0.0285096347508407,-0.0428754271048633,0.009));
#14769=CARTESIAN_POINT('',(0.0434795752193731,-0.0303141555789719,0.009));
#14770=CARTESIAN_POINT('',(-0.013976,-0.0433433382186253,0.009));
#14771=CARTESIAN_POINT('',(0.0272240595314676,-0.0433433382186253,0.013));
#14772=CARTESIAN_POINT('',(-0.0272240595314676,-0.0433433382186253,0.009));
#14773=CARTESIAN_POINT('',(-0.036073,-0.0365290101138346,0.009));
#14774=CARTESIAN_POINT('',(-0.0285096347508407,-0.0428754271048633,0.009));
#14775=CARTESIAN_POINT('',(-0.0434795752193731,-0.0303141555789718,0.009));
#14776=CARTESIAN_POINT('',(-0.044194,-0.0272146820090439,0.009));
#14777=CARTESIAN_POINT('',(-0.044194,-0.0287820666927339,0.009));
#14778=CARTESIAN_POINT('',(-0.044194,-0.0256472973253539,0.009));
#14779=CARTESIAN_POINT('',(-0.039597,-0.020857341004522,0.009));
#14780=CARTESIAN_POINT('',(-0.0434795752193731,-0.024115208439116,0.009));
#14781=CARTESIAN_POINT('',(0.039597,-0.020857341004522,0.009));
#14782=CARTESIAN_POINT('',(0.0434795752193731,-0.024115208439116,0.009));
#14783=CARTESIAN_POINT('',(0.041194,-0.0272146820090439,0.129803557410709));
#14784=CARTESIAN_POINT('',(-0.041194,-0.0272146820090439,0.129803557410709));
#14785=CARTESIAN_POINT('',(0.0272240595314676,-0.0413433382186253,0.009));
#14786=CARTESIAN_POINT('',(0.042194,-0.0287820666927339,0.009));
#14787=CARTESIAN_POINT('',(0.042194,-0.0256472973253539,0.009));
#14788=CARTESIAN_POINT('',(-0.0272240595314676,-0.0413433382186253,0.009));
#14789=CARTESIAN_POINT('',(-0.042194,-0.0287820666927339,0.009));
#14790=CARTESIAN_POINT('',(-0.042194,-0.0256472973253539,0.009));
#14791=CARTESIAN_POINT('',(0.0005,-0.027,0.019));
#14792=CARTESIAN_POINT('',(-0.001,-0.027,0.019));
#14793=CARTESIAN_POINT('',(-0.001,-0.027,0.019));
#14794=CARTESIAN_POINT('',(0.0005,-0.027,0.019));
#14795=CARTESIAN_POINT('',(0.001,-0.027,0.019));
#14796=CARTESIAN_POINT('',(0.001,-0.027,0.019));
#14797=CARTESIAN_POINT('',(-0.001,-0.027,0.016));
#14798=CARTESIAN_POINT('',(-0.001,-0.027,0.016));
#14799=CARTESIAN_POINT('',(0.001,-0.027,0.016));
#14800=CARTESIAN_POINT('',(0.001,-0.027,0.016));
#14801=CARTESIAN_POINT('',(0.,-0.027,0.018));
#14802=CARTESIAN_POINT('',(0.,-0.01,9.18485099360515E-19));
#14803=CARTESIAN_POINT('',(0.,-0.01,9.18485099360515E-19));
#14804=CARTESIAN_POINT('',(0.,-0.01,0.015));
#14805=CARTESIAN_POINT('',(0.,-0.01,0.));
#14806=CARTESIAN_POINT('',(-0.263475856624646,0.0638218679998205,0.513355625631602));
#14807=CARTESIAN_POINT('',(0.,7.52851619775835E-20,0.000775));
#14808=CARTESIAN_POINT('',(0.,7.52851619775835E-20,-0.0005045));
#14809=CARTESIAN_POINT('',(0.0012295,7.52851619775835E-20,-0.0005045));
#14810=CARTESIAN_POINT('',(0.,7.52851619775835E-20,0.00204415517241379));
#14811=CARTESIAN_POINT('',(-0.0012295,7.52851619775835E-20,0.00204415517241379));
#14812=CARTESIAN_POINT('',(0.,-8.67361737988404E-19,-0.000775));
#14813=CARTESIAN_POINT('',(0.,7.52851619775835E-20,-0.000775));
#14814=CARTESIAN_POINT('',(0.0015,7.52851619775835E-20,-0.000775));
#14815=CARTESIAN_POINT('',(0.,0.,-0.000775));
#14816=CARTESIAN_POINT('',(0.00238156986040721,0.001375,-0.000775));
#14817=CARTESIAN_POINT('',(0.,0.00275,-0.000775));
#14818=CARTESIAN_POINT('',(0.,0.,-0.000775));
#14819=CARTESIAN_POINT('',(0.00238156986040721,-0.001375,-0.000775));
#14820=CARTESIAN_POINT('',(0.,0.,-0.000775));
#14821=CARTESIAN_POINT('',(0.,-0.00275,-0.000775));
#14822=CARTESIAN_POINT('',(0.,0.,-0.000775));
#14823=CARTESIAN_POINT('',(-0.00238156986040721,-0.001375,-0.000775));
#14824=CARTESIAN_POINT('',(0.,0.,-0.000775));
#14825=CARTESIAN_POINT('',(-0.00238156986040721,0.001375,-0.000775));
#14826=CARTESIAN_POINT('',(0.,0.,-0.000775));
#14827=CARTESIAN_POINT('',(0.,0.,-0.000775));
#14828=CARTESIAN_POINT('',(0.00317542648054303,1.54510405824192E-16,-0.0005293799069394));
#14829=CARTESIAN_POINT('',(0.00291569836633765,-0.000449862289957621,-0.000679334003592004));
#14830=CARTESIAN_POINT('',(0.00265207032310239,-0.000906479455141052,-0.000775));
#14831=CARTESIAN_POINT('',(0.00238156986040721,-0.001375,-0.000775));
#14832=CARTESIAN_POINT('',(0.00317542648054295,-3.68628738645072E-18,-0.000529379906938137));
#14833=CARTESIAN_POINT('',(0.00238156986040721,0.001375,-0.000775000000000002));
#14834=CARTESIAN_POINT('',(0.00265105982125823,0.000908229695676282,-0.000775000000000002));
#14835=CARTESIAN_POINT('',(0.0029163462320754,0.000448740153583343,-0.000678959958133266));
#14836=CARTESIAN_POINT('',(0.003175426480543,-9.59367436928192E-17,-0.000529379906938779));
#14837=CARTESIAN_POINT('',(0.,0.,-0.000775));
#14838=CARTESIAN_POINT('',(-4.62312112239505E-19,0.00275,-0.000775));
#14839=CARTESIAN_POINT('',(0.00053691366310835,0.00275,-0.000775));
#14840=CARTESIAN_POINT('',(0.00107426448156748,0.00275,-0.00067759979646455));
#14841=CARTESIAN_POINT('',(0.00158771324027147,0.00275,-0.000529379906938139));
#14842=CARTESIAN_POINT('',(0.00158771324027146,0.00275,-0.000529379906938137));
#14843=CARTESIAN_POINT('',(0.00158771324027138,0.00275000000000016,-0.000529379906939401));
#14844=CARTESIAN_POINT('',(0.00184744135447676,0.00230013771004238,-0.000679334003592006));
#14845=CARTESIAN_POINT('',(0.00211106939771202,0.00184352054485895,-0.000775000000000002));
#14846=CARTESIAN_POINT('',(0.00238156986040721,0.001375,-0.000775000000000002));
#14847=CARTESIAN_POINT('',(0.,0.,0.000775));
#14848=CARTESIAN_POINT('',(0.00238156986040721,0.001375,0.000775000000000002));
#14849=CARTESIAN_POINT('',(0.00265105982125823,0.000908229695676284,0.000775000000000002));
#14850=CARTESIAN_POINT('',(0.0029163462320754,0.000448740153583344,0.000678959958133267));
#14851=CARTESIAN_POINT('',(0.003175426480543,-9.32351858742914E-17,0.00052937990693878));
#14852=CARTESIAN_POINT('',(0.00238156986040721,0.001375,0.000775));
#14853=CARTESIAN_POINT('',(0.00317542648054295,3.03576608295941E-18,0.000529379906938137));
#14854=CARTESIAN_POINT('',(0.,0.,0.000775));
#14855=CARTESIAN_POINT('',(0.00238156986040721,-0.001375,0.000775));
#14856=CARTESIAN_POINT('',(0.00317542648054304,1.59403491821714E-16,0.000529379906939399));
#14857=CARTESIAN_POINT('',(0.00291569836633765,-0.000449862289957617,0.000679334003592004));
#14858=CARTESIAN_POINT('',(0.00265207032310239,-0.000906479455141051,0.000775));
#14859=CARTESIAN_POINT('',(0.00238156986040721,-0.001375,0.000775));
#14860=CARTESIAN_POINT('',(0.,0.,0.000775));
#14861=CARTESIAN_POINT('',(0.,0.,0.000775));
#14862=CARTESIAN_POINT('',(0.,0.00275,0.000775));
#14863=CARTESIAN_POINT('',(0.00158771324027138,0.00275000000000016,0.000529379906939401));
#14864=CARTESIAN_POINT('',(0.00184744135447676,0.00230013771004238,0.000679334003592006));
#14865=CARTESIAN_POINT('',(0.00211106939771202,0.00184352054485895,0.000775000000000002));
#14866=CARTESIAN_POINT('',(0.00238156986040721,0.001375,0.000775000000000002));
#14867=CARTESIAN_POINT('',(0.00158771324027146,0.00275,0.000529379906938137));
#14868=CARTESIAN_POINT('',(-3.22340576206709E-21,0.00275,0.000775));
#14869=CARTESIAN_POINT('',(0.00053691366310835,0.00275,0.000775));
#14870=CARTESIAN_POINT('',(0.00107426448156749,0.00275,0.00067759979646455));
#14871=CARTESIAN_POINT('',(0.00158771324027147,0.00275,0.000529379906938139));
#14872=CARTESIAN_POINT('',(0.,0.,-0.000775));
#14873=CARTESIAN_POINT('',(1.78050020154015E-19,-0.00275,-0.000775));
#14874=CARTESIAN_POINT('',(0.000536913663108352,-0.00275,-0.000775));
#14875=CARTESIAN_POINT('',(0.00107426448156748,-0.00275,-0.00067759979646455));
#14876=CARTESIAN_POINT('',(0.00158771324027147,-0.00275,-0.000529379906938138));
#14877=CARTESIAN_POINT('',(0.00158771324027147,-0.00275,-0.000529379906938137));
#14878=CARTESIAN_POINT('',(0.00238156986040721,-0.001375,-0.000775));
#14879=CARTESIAN_POINT('',(0.00211207989955619,-0.00184177030432372,-0.000775));
#14880=CARTESIAN_POINT('',(0.00184679348873901,-0.00230125984641666,-0.000678959958133265));
#14881=CARTESIAN_POINT('',(0.00158771324027142,-0.00275000000000009,-0.000529379906938779));
#14882=CARTESIAN_POINT('',(0.,0.,0.000775));
#14883=CARTESIAN_POINT('',(0.00238156986040721,-0.001375,0.000775));
#14884=CARTESIAN_POINT('',(0.00211207989955619,-0.00184177030432372,0.000775));
#14885=CARTESIAN_POINT('',(0.00184679348873901,-0.00230125984641666,0.000678959958133265));
#14886=CARTESIAN_POINT('',(0.00158771324027142,-0.00275000000000009,0.000529379906938779));
#14887=CARTESIAN_POINT('',(0.00158771324027147,-0.00275,0.000529379906938137));
#14888=CARTESIAN_POINT('',(0.,0.,0.000775));
#14889=CARTESIAN_POINT('',(0.,-0.00275,0.000775));
#14890=CARTESIAN_POINT('',(-2.36145112938249E-19,-0.00275,0.000775));
#14891=CARTESIAN_POINT('',(0.000536913663108352,-0.00275,0.000775));
#14892=CARTESIAN_POINT('',(0.00107426448156748,-0.00275,0.000677599796464551));
#14893=CARTESIAN_POINT('',(0.00158771324027147,-0.00275,0.000529379906938139));
#14894=CARTESIAN_POINT('',(0.,0.,-0.000775));
#14895=CARTESIAN_POINT('',(-0.00158771324027138,-0.00275000000000015,-0.000529379906939403));
#14896=CARTESIAN_POINT('',(-0.00184744135447676,-0.00230013771004238,-0.000679334003592007));
#14897=CARTESIAN_POINT('',(-0.00211106939771202,-0.00184352054485895,-0.000775000000000002));
#14898=CARTESIAN_POINT('',(-0.00238156986040721,-0.001375,-0.000775000000000002));
#14899=CARTESIAN_POINT('',(-0.00158771324027147,-0.00275,-0.000529379906938137));
#14900=CARTESIAN_POINT('',(-0.00158771324027148,-0.00275,-0.000529379906938146));
#14901=CARTESIAN_POINT('',(-0.00107125584934546,-0.00275,-0.000678468313776202));
#14902=CARTESIAN_POINT('',(-0.000536594853182505,-0.00275,-0.000775));
#14903=CARTESIAN_POINT('',(8.37036817935331E-19,-0.00275,-0.000775));
#14904=CARTESIAN_POINT('',(0.,0.,0.000775));
#14905=CARTESIAN_POINT('',(-0.00158771324027148,-0.00275,0.000529379906938147));
#14906=CARTESIAN_POINT('',(-0.00107125584934546,-0.00275,0.000678468313776202));
#14907=CARTESIAN_POINT('',(-0.000536594853182505,-0.00275,0.000775));
#14908=CARTESIAN_POINT('',(1.51466950749455E-18,-0.00275,0.000775));
#14909=CARTESIAN_POINT('',(-0.00158771324027147,-0.00275,0.000529379906938137));
#14910=CARTESIAN_POINT('',(0.,0.,0.000775));
#14911=CARTESIAN_POINT('',(-0.00238156986040721,-0.001375,0.000775));
#14912=CARTESIAN_POINT('',(-0.00158771324027138,-0.00275000000000015,0.000529379906939403));
#14913=CARTESIAN_POINT('',(-0.00184744135447676,-0.00230013771004238,0.000679334003592007));
#14914=CARTESIAN_POINT('',(-0.00211106939771202,-0.00184352054485895,0.000775000000000002));
#14915=CARTESIAN_POINT('',(-0.00238156986040721,-0.001375,0.000775000000000002));
#14916=CARTESIAN_POINT('',(0.,0.,-0.000775));
#14917=CARTESIAN_POINT('',(-0.00238156986040721,-0.001375,-0.000775000000000002));
#14918=CARTESIAN_POINT('',(-0.00265105982125823,-0.000908229695676283,-0.000775000000000002));
#14919=CARTESIAN_POINT('',(-0.00291634623207541,-0.000448740153583342,-0.000678959958133267));
#14920=CARTESIAN_POINT('',(-0.003175426480543,9.58308649880027E-17,-0.000529379906938779));
#14921=CARTESIAN_POINT('',(-0.00317542648054295,2.16840434497101E-18,-0.000529379906938137));
#14922=CARTESIAN_POINT('',(-0.00317542648054303,-1.57975730107972E-16,-0.000529379906939402));
#14923=CARTESIAN_POINT('',(-0.00291569836633765,0.000449862289957617,-0.000679334003592006));
#14924=CARTESIAN_POINT('',(-0.00265207032310239,0.00090647945514105,-0.000775000000000002));
#14925=CARTESIAN_POINT('',(-0.00238156986040721,0.001375,-0.000775000000000002));
#14926=CARTESIAN_POINT('',(0.,0.,0.000775));
#14927=CARTESIAN_POINT('',(0.,0.,0.000775));
#14928=CARTESIAN_POINT('',(-0.00238156986040721,0.001375,0.000775));
#14929=CARTESIAN_POINT('',(-0.00317542648054303,-1.57975598586255E-16,0.000529379906939402));
#14930=CARTESIAN_POINT('',(-0.00291569836633765,0.000449862289957618,0.000679334003592006));
#14931=CARTESIAN_POINT('',(-0.00265207032310239,0.00090647945514105,0.000775000000000002));
#14932=CARTESIAN_POINT('',(-0.00238156986040721,0.001375,0.000775000000000002));
#14933=CARTESIAN_POINT('',(-0.00317542648054295,2.16840434497101E-18,0.000529379906938137));
#14934=CARTESIAN_POINT('',(-0.00238156986040721,-0.001375,0.000775000000000002));
#14935=CARTESIAN_POINT('',(-0.00265105982125823,-0.000908229695676283,0.000775000000000002));
#14936=CARTESIAN_POINT('',(-0.00291634623207541,-0.000448740153583342,0.000678959958133267));
#14937=CARTESIAN_POINT('',(-0.003175426480543,9.58551199915143E-17,0.000529379906938779));
#14938=CARTESIAN_POINT('',(0.,0.,-0.000775));
#14939=CARTESIAN_POINT('',(-0.00238156986040721,0.001375,-0.000775000000000002));
#14940=CARTESIAN_POINT('',(-0.00211207989955618,0.00184177030432372,-0.000775000000000002));
#14941=CARTESIAN_POINT('',(-0.00184679348873901,0.00230125984641666,-0.000678959958133267));
#14942=CARTESIAN_POINT('',(-0.00158771324027142,0.00275000000000009,-0.00052937990693878));
#14943=CARTESIAN_POINT('',(-0.00158771324027147,0.00275,-0.000529379906938137));
#14944=CARTESIAN_POINT('',(-0.00158771324027147,0.00275,-0.000529379906938148));
#14945=CARTESIAN_POINT('',(-0.00107125584934545,0.00275,-0.000678468313776202));
#14946=CARTESIAN_POINT('',(-0.000536594853182505,0.00275,-0.000775));
#14947=CARTESIAN_POINT('',(-4.62312112239505E-19,0.00275,-0.000775));
#14948=CARTESIAN_POINT('',(0.,0.,0.000775));
#14949=CARTESIAN_POINT('',(0.,0.,0.000775));
#14950=CARTESIAN_POINT('',(-0.00158771324027147,0.00275,0.000529379906938148));
#14951=CARTESIAN_POINT('',(-0.00107125584934545,0.00275,0.000678468313776202));
#14952=CARTESIAN_POINT('',(-0.000536594853182505,0.00275,0.000775));
#14953=CARTESIAN_POINT('',(-6.61355987156208E-19,0.00275,0.000775));
#14954=CARTESIAN_POINT('',(-0.00158771324027147,0.00275,0.000529379906938137));
#14955=CARTESIAN_POINT('',(-0.00238156986040721,0.001375,0.000775000000000002));
#14956=CARTESIAN_POINT('',(-0.00211207989955618,0.00184177030432372,0.000775000000000002));
#14957=CARTESIAN_POINT('',(-0.00184679348873901,0.00230125984641666,0.000678959958133267));
#14958=CARTESIAN_POINT('',(-0.00158771324027142,0.00275000000000009,0.00052937990693878));
#14959=CARTESIAN_POINT('',(0.00238156986040721,0.001375,0.000775));
#14960=CARTESIAN_POINT('',(0.00317542648054295,3.03576608295941E-18,0.000775));
#14961=CARTESIAN_POINT('',(0.00158771324027147,0.00275,0.000775));
#14962=CARTESIAN_POINT('',(0.00238156986040721,-0.001375,0.000775));
#14963=CARTESIAN_POINT('',(0.00158771324027147,-0.00275,0.000775));
#14964=CARTESIAN_POINT('',(2.38524477946811E-18,-0.00275,0.000775));
#14965=CARTESIAN_POINT('',(-0.00158771324027147,-0.00275,0.000775));
#14966=CARTESIAN_POINT('',(-0.00238156986040721,-0.001375,0.000775));
#14967=CARTESIAN_POINT('',(-0.00317542648054294,0.,0.000775));
#14968=CARTESIAN_POINT('',(-0.00238156986040721,0.001375,0.000775));
#14969=CARTESIAN_POINT('',(-0.00158771324027147,0.00275,0.000775));
#14970=CARTESIAN_POINT('',(0.,0.00275,0.000775));
#14971=CARTESIAN_POINT('',(0.,0.,0.00216360995545983));
#14972=CARTESIAN_POINT('',(0.,0.,0.002390625));
#14973=CARTESIAN_POINT('',(-0.00275,0.,0.002390625));
#14974=CARTESIAN_POINT('',(0.,0.,0.002390625));
#14975=CARTESIAN_POINT('',(0.,0.,0.003125));
#14976=CARTESIAN_POINT('',(-0.002015625,0.,0.003125));
#14977=CARTESIAN_POINT('',(0.0019703125,0.,0.003125));
#14978=CARTESIAN_POINT('',(0.,0.,0.003125));
#14979=CARTESIAN_POINT('',(-0.001925,0.,0.003125));
#14980=CARTESIAN_POINT('',(0.,0.,0.00216360995545983));
#14981=CARTESIAN_POINT('',(0.,0.,0.00231465517241379));
#14982=CARTESIAN_POINT('',(-0.001925,0.,0.00231465517241379));
#14983=CARTESIAN_POINT('',(0.00157725,0.,0.00231465517241379));
#14984=CARTESIAN_POINT('',(0.,7.52851619775835E-20,0.00231465517241379));
#14985=CARTESIAN_POINT('',(-0.0015,7.52851619775835E-20,0.00231465517241379));
#14986=CARTESIAN_POINT('',(0.,7.52851619775835E-20,-0.000775));
#14987=CARTESIAN_POINT('',(0.,7.52851619775835E-20,0.00231465517241379));
#14988=CARTESIAN_POINT('',(-0.285186830102754,0.0278165269239577,0.483282842911223));
#14989=CARTESIAN_POINT('',(-0.070158711605999,-0.009,-0.0633290589912001));
#14990=CARTESIAN_POINT('',(-0.0602008286712945,-0.009,-0.0168954774204085));
#14991=CARTESIAN_POINT('',(-0.0614381866033099,-0.009,-0.0170728057827162));
#14992=CARTESIAN_POINT('',(-0.0589634707392792,-0.009,-0.0167181490581006));
#14993=CARTESIAN_POINT('',(-0.0554169034931222,-0.009,-0.0414653076984069));
#14994=CARTESIAN_POINT('',(-0.0518703362469652,-0.009,-0.0662124663387132));
#14995=CARTESIAN_POINT('',(-0.0531076941789805,-0.009,-0.066389794701021));
#14996=CARTESIAN_POINT('',(-0.0543450521109958,-0.009,-0.0665671230633289));
#14997=CARTESIAN_POINT('',(-0.0578916193571528,-0.009,-0.0418199644230226));
#14998=CARTESIAN_POINT('',(-0.0614348851307461,-0.009,-0.0089258895431927));
#14999=CARTESIAN_POINT('',(-0.0614348851307461,-0.009,-0.0104258895431927));
#15000=CARTESIAN_POINT('',(-0.0474452307943749,-0.009,-0.1231581179824));
#15001=CARTESIAN_POINT('',(-0.0474452307943749,-0.009,-0.1196581179824));
#15002=CARTESIAN_POINT('',(-0.0474452307943749,-0.009,-0.1226581179824));
#15003=CARTESIAN_POINT('',(-0.0434452307943749,-0.009,-0.1226581179824));
#15004=CARTESIAN_POINT('',(-0.0434452307943749,-0.009,-0.1266581179824));
#15005=CARTESIAN_POINT('',(-0.041945230794375,-0.009,-0.1266581179824));
#15006=CARTESIAN_POINT('',(-0.0364452307943749,-0.009,-0.1266581179824));
#15007=CARTESIAN_POINT('',(-0.0364452307943749,-0.009,-0.1016581179824));
#15008=CARTESIAN_POINT('',(-0.0364452307943749,-0.009,-0.1236581179824));
#15009=CARTESIAN_POINT('',(-0.034445230794375,-0.009,-0.1226581179824));
#15010=CARTESIAN_POINT('',(-0.032445230794375,-0.009,-0.1216581179824));
#15011=CARTESIAN_POINT('',(-0.034445230794375,-0.009,-0.1206581179824));
#15012=CARTESIAN_POINT('',(-0.0364452307943749,-0.009,-0.1196581179824));
#15013=CARTESIAN_POINT('',(-0.0364452307943749,-0.009,-0.1016581179824));
#15014=CARTESIAN_POINT('',(-0.0364452307943749,-0.009,-0.1176581179824));
#15015=CARTESIAN_POINT('',(-0.034445230794375,-0.009,-0.1166581179824));
#15016=CARTESIAN_POINT('',(-0.032445230794375,-0.009,-0.1156581179824));
#15017=CARTESIAN_POINT('',(-0.034445230794375,-0.009,-0.1146581179824));
#15018=CARTESIAN_POINT('',(-0.0364452307943749,-0.009,-0.1136581179824));
#15019=CARTESIAN_POINT('',(-0.0364452307943749,-0.009,-0.1016581179824));
#15020=CARTESIAN_POINT('',(-0.0364452307943749,-0.009,-0.1116581179824));
#15021=CARTESIAN_POINT('',(-0.034445230794375,-0.009,-0.1106581179824));
#15022=CARTESIAN_POINT('',(-0.032445230794375,-0.009,-0.1096581179824));
#15023=CARTESIAN_POINT('',(-0.034445230794375,-0.009,-0.1086581179824));
#15024=CARTESIAN_POINT('',(-0.0364452307943749,-0.009,-0.1076581179824));
#15025=CARTESIAN_POINT('',(-0.0364452307943749,-0.009,-0.1016581179824));
#15026=CARTESIAN_POINT('',(-0.0364452307943749,-0.009,-0.1056581179824));
#15027=CARTESIAN_POINT('',(-0.034445230794375,-0.009,-0.1046581179824));
#15028=CARTESIAN_POINT('',(-0.032445230794375,-0.009,-0.1036581179824));
#15029=CARTESIAN_POINT('',(-0.034445230794375,-0.009,-0.1026581179824));
#15030=CARTESIAN_POINT('',(-0.0364452307943749,-0.009,-0.1016581179824));
#15031=CARTESIAN_POINT('',(-0.0364452307943749,-0.009,-0.1016581179824));
#15032=CARTESIAN_POINT('',(-0.0364452307943749,-0.009,-0.0996581179824001));
#15033=CARTESIAN_POINT('',(-0.034445230794375,-0.009,-0.0986581179824001));
#15034=CARTESIAN_POINT('',(-0.032445230794375,-0.009,-0.0976581179824001));
#15035=CARTESIAN_POINT('',(-0.034445230794375,-0.009,-0.0966581179824001));
#15036=CARTESIAN_POINT('',(-0.0364452307943749,-0.009,-0.0956581179824001));
#15037=CARTESIAN_POINT('',(-0.0364452307943749,-0.009,-0.1016581179824));
#15038=CARTESIAN_POINT('',(-0.0364452307943749,-0.009,-0.0936581179824001));
#15039=CARTESIAN_POINT('',(-0.034445230794375,-0.009,-0.0926581179824001));
#15040=CARTESIAN_POINT('',(-0.032445230794375,-0.009,-0.0916581179824001));
#15041=CARTESIAN_POINT('',(-0.034445230794375,-0.009,-0.0906581179824001));
#15042=CARTESIAN_POINT('',(-0.0364452307943749,-0.009,-0.0896581179824001));
#15043=CARTESIAN_POINT('',(-0.0364452307943749,-0.009,-0.1016581179824));
#15044=CARTESIAN_POINT('',(-0.0364452307943749,-0.009,-0.0766581179824002));
#15045=CARTESIAN_POINT('',(-0.0319666252473232,-0.009,-0.0744350362578751));
#15046=CARTESIAN_POINT('',(-0.0274880197002716,-0.009,-0.0722119545333499));
#15047=CARTESIAN_POINT('',(-0.0301557177697018,-0.009,-0.0668376278768878));
#15048=CARTESIAN_POINT('',(-0.0354096505891789,-0.009,-0.0639400099019951));
#15049=CARTESIAN_POINT('',(-0.0368778769406909,-0.009,-0.0674700049509975));
#15050=CARTESIAN_POINT('',(-0.0383461032922029,-0.009,-0.071));
#15051=CARTESIAN_POINT('',(-0.0415189875390957,-0.009,-0.071));
#15052=CARTESIAN_POINT('',(-0.0446918717859885,-0.009,-0.071));
#15053=CARTESIAN_POINT('',(-0.0446918717859887,-0.009,-0.0355));
#15054=CARTESIAN_POINT('',(-0.0446918717859887,-0.009,-0.00710351503603183));
#15055=CARTESIAN_POINT('',(-0.0506918717859887,-0.009,-0.00710351503603182));
#15056=CARTESIAN_POINT('',(-0.0516953373144708,-0.009,-0.00118802207828534));
#15057=CARTESIAN_POINT('',(-0.0565228577014816,-0.009,-0.00200693105696413));
#15058=CARTESIAN_POINT('',(-0.0624383506592281,-0.009,-0.00301039658544622));
#15059=CARTESIAN_POINT('',(-0.0614348851307461,-0.009,-0.0089258895431927));
#15060=CARTESIAN_POINT('',(-0.0673503780884925,-0.009,-0.00992935507167476));
#15061=CARTESIAN_POINT('',(-0.0625002947008292,-0.009,-0.0385209043674494));
#15062=CARTESIAN_POINT('',(-0.0566467457846839,-0.009,-0.0730279466209706));
#15063=CARTESIAN_POINT('',(-0.0580636749825193,-0.009,-0.0732683052210879));
#15064=CARTESIAN_POINT('',(-0.0572229633263544,-0.009,-0.073125692395347));
#15065=CARTESIAN_POINT('',(-0.0565539863073664,-0.009,-0.077069354367178));
#15066=CARTESIAN_POINT('',(-0.0602934772865696,-0.009,-0.0756494222503296));
#15067=CARTESIAN_POINT('',(-0.0612555193264152,-0.009,-0.0781830275452093));
#15068=CARTESIAN_POINT('',(-0.0618954167619863,-0.009,-0.0798682423942433));
#15069=CARTESIAN_POINT('',(-0.0581559257827831,-0.009,-0.0812881745110917));
#15070=CARTESIAN_POINT('',(-0.060364748693932,-0.009,-0.084623006043146));
#15071=CARTESIAN_POINT('',(-0.0576113332328876,-0.009,-0.0864467284998304));
#15072=CARTESIAN_POINT('',(-0.0521922319932994,-0.009,-0.0900360657304475));
#15073=CARTESIAN_POINT('',(-0.0498187313938372,-0.009,-0.104847091856424));
#15074=CARTESIAN_POINT('',(-0.0454055801990033,-0.009,-0.1066581179824));
#15075=CARTESIAN_POINT('',(-0.0409055801990032,-0.009,-0.1236581179824));
#15076=CARTESIAN_POINT('',(-0.0499055801990033,-0.009,-0.0896581179824001));
#15077=CARTESIAN_POINT('',(-0.0454055801990033,-0.009,-0.0896581179824001));
#15078=CARTESIAN_POINT('',(-0.0409055801990032,-0.009,-0.0896581179824001));
#15079=CARTESIAN_POINT('',(-0.0409055801990032,-0.009,-0.1066581179824));
#15080=CARTESIAN_POINT('',(-0.070158711605999,0.009,-0.0633290589912001));
#15081=CARTESIAN_POINT('',(-0.0614348851307461,0.009,-0.0089258895431927));
#15082=CARTESIAN_POINT('',(-0.0614348851307461,0.009,-0.0104258895431927));
#15083=CARTESIAN_POINT('',(-0.041945230794375,0.009,-0.1266581179824));
#15084=CARTESIAN_POINT('',(-0.0434452307943749,0.009,-0.1266581179824));
#15085=CARTESIAN_POINT('',(-0.0364452307943749,0.009,-0.1266581179824));
#15086=CARTESIAN_POINT('',(-0.0434452307943749,0.009,-0.1226581179824));
#15087=CARTESIAN_POINT('',(-0.0474452307943749,0.009,-0.1226581179824));
#15088=CARTESIAN_POINT('',(-0.0474452307943749,0.009,-0.1231581179824));
#15089=CARTESIAN_POINT('',(-0.0474452307943749,0.009,-0.1196581179824));
#15090=CARTESIAN_POINT('',(-0.0498187313938372,0.009,-0.104847091856424));
#15091=CARTESIAN_POINT('',(-0.0521922319932994,0.009,-0.0900360657304475));
#15092=CARTESIAN_POINT('',(-0.0576113332328876,0.009,-0.0864467284998304));
#15093=CARTESIAN_POINT('',(-0.060364748693932,0.009,-0.084623006043146));
#15094=CARTESIAN_POINT('',(-0.0581559257827831,0.009,-0.0812881745110917));
#15095=CARTESIAN_POINT('',(-0.0618954167619863,0.009,-0.0798682423942433));
#15096=CARTESIAN_POINT('',(-0.0612555193264152,0.009,-0.0781830275452093));
#15097=CARTESIAN_POINT('',(-0.0602934772865696,0.009,-0.0756494222503296));
#15098=CARTESIAN_POINT('',(-0.0565539863073664,0.009,-0.077069354367178));
#15099=CARTESIAN_POINT('',(-0.0572229633263544,0.009,-0.073125692395347));
#15100=CARTESIAN_POINT('',(-0.0580636749825193,0.009,-0.0732683052210879));
#15101=CARTESIAN_POINT('',(-0.0566467457846839,0.009,-0.0730279466209706));
#15102=CARTESIAN_POINT('',(-0.0625002947008292,0.009,-0.0385209043674494));
#15103=CARTESIAN_POINT('',(-0.0673503780884925,0.009,-0.00992935507167476));
#15104=CARTESIAN_POINT('',(-0.0614348851307461,0.009,-0.0089258895431927));
#15105=CARTESIAN_POINT('',(-0.0624383506592281,0.009,-0.00301039658544622));
#15106=CARTESIAN_POINT('',(-0.0565228577014816,0.009,-0.00200693105696413));
#15107=CARTESIAN_POINT('',(-0.0516953373144708,0.009,-0.00118802207828534));
#15108=CARTESIAN_POINT('',(-0.0506918717859887,0.009,-0.00710351503603182));
#15109=CARTESIAN_POINT('',(-0.0446918717859887,0.009,-0.00710351503603183));
#15110=CARTESIAN_POINT('',(-0.0446918717859887,0.009,-0.0355));
#15111=CARTESIAN_POINT('',(-0.0446918717859885,0.009,-0.071));
#15112=CARTESIAN_POINT('',(-0.0415189875390957,0.009,-0.071));
#15113=CARTESIAN_POINT('',(-0.0383461032922029,0.009,-0.071));
#15114=CARTESIAN_POINT('',(-0.0368778769406909,0.009,-0.0674700049509975));
#15115=CARTESIAN_POINT('',(-0.0354096505891789,0.009,-0.0639400099019951));
#15116=CARTESIAN_POINT('',(-0.0301557177697018,0.009,-0.0668376278768878));
#15117=CARTESIAN_POINT('',(-0.0274880197002716,0.009,-0.0722119545333499));
#15118=CARTESIAN_POINT('',(-0.0319666252473232,0.009,-0.0744350362578751));
#15119=CARTESIAN_POINT('',(-0.0364452307943749,0.009,-0.0766581179824002));
#15120=CARTESIAN_POINT('',(-0.0364452307943749,0.009,-0.1016581179824));
#15121=CARTESIAN_POINT('',(-0.0364452307943749,0.009,-0.0896581179824001));
#15122=CARTESIAN_POINT('',(-0.034445230794375,0.009,-0.0906581179824001));
#15123=CARTESIAN_POINT('',(-0.032445230794375,0.009,-0.0916581179824001));
#15124=CARTESIAN_POINT('',(-0.034445230794375,0.009,-0.0926581179824001));
#15125=CARTESIAN_POINT('',(-0.0364452307943749,0.009,-0.0936581179824001));
#15126=CARTESIAN_POINT('',(-0.0364452307943749,0.009,-0.1016581179824));
#15127=CARTESIAN_POINT('',(-0.0364452307943749,0.009,-0.0956581179824001));
#15128=CARTESIAN_POINT('',(-0.034445230794375,0.009,-0.0966581179824001));
#15129=CARTESIAN_POINT('',(-0.032445230794375,0.009,-0.0976581179824001));
#15130=CARTESIAN_POINT('',(-0.034445230794375,0.009,-0.0986581179824001));
#15131=CARTESIAN_POINT('',(-0.0364452307943749,0.009,-0.0996581179824001));
#15132=CARTESIAN_POINT('',(-0.0364452307943749,0.009,-0.1016581179824));
#15133=CARTESIAN_POINT('',(-0.0364452307943749,0.009,-0.1016581179824));
#15134=CARTESIAN_POINT('',(-0.034445230794375,0.009,-0.1026581179824));
#15135=CARTESIAN_POINT('',(-0.032445230794375,0.009,-0.1036581179824));
#15136=CARTESIAN_POINT('',(-0.034445230794375,0.009,-0.1046581179824));
#15137=CARTESIAN_POINT('',(-0.0364452307943749,0.009,-0.1056581179824));
#15138=CARTESIAN_POINT('',(-0.0364452307943749,0.009,-0.1016581179824));
#15139=CARTESIAN_POINT('',(-0.0364452307943749,0.009,-0.1076581179824));
#15140=CARTESIAN_POINT('',(-0.034445230794375,0.009,-0.1086581179824));
#15141=CARTESIAN_POINT('',(-0.032445230794375,0.009,-0.1096581179824));
#15142=CARTESIAN_POINT('',(-0.034445230794375,0.009,-0.1106581179824));
#15143=CARTESIAN_POINT('',(-0.0364452307943749,0.009,-0.1116581179824));
#15144=CARTESIAN_POINT('',(-0.0364452307943749,0.009,-0.1016581179824));
#15145=CARTESIAN_POINT('',(-0.0364452307943749,0.009,-0.1136581179824));
#15146=CARTESIAN_POINT('',(-0.034445230794375,0.009,-0.1146581179824));
#15147=CARTESIAN_POINT('',(-0.032445230794375,0.009,-0.1156581179824));
#15148=CARTESIAN_POINT('',(-0.034445230794375,0.009,-0.1166581179824));
#15149=CARTESIAN_POINT('',(-0.0364452307943749,0.009,-0.1176581179824));
#15150=CARTESIAN_POINT('',(-0.0364452307943749,0.009,-0.1016581179824));
#15151=CARTESIAN_POINT('',(-0.0364452307943749,0.009,-0.1196581179824));
#15152=CARTESIAN_POINT('',(-0.034445230794375,0.009,-0.1206581179824));
#15153=CARTESIAN_POINT('',(-0.032445230794375,0.009,-0.1216581179824));
#15154=CARTESIAN_POINT('',(-0.034445230794375,0.009,-0.1226581179824));
#15155=CARTESIAN_POINT('',(-0.0364452307943749,0.009,-0.1236581179824));
#15156=CARTESIAN_POINT('',(-0.0364452307943749,0.009,-0.1016581179824));
#15157=CARTESIAN_POINT('',(-0.070158711605999,0.009,-0.0896581179824001));
#15158=CARTESIAN_POINT('',(-0.0499055801990033,0.009,-0.0896581179824001));
#15159=CARTESIAN_POINT('',(-0.0409055801990032,0.009,-0.0896581179824001));
#15160=CARTESIAN_POINT('',(-0.0577448653204858,0.009,-0.0600430408567995));
#15161=CARTESIAN_POINT('',(-0.0409055801990032,0.009,-0.1236581179824));
#15162=CARTESIAN_POINT('',(-0.0409055801990032,0.009,-0.0633290589912001));
#15163=CARTESIAN_POINT('',(-0.0364452307943749,-0.009,-0.1016581179824));
#15164=CARTESIAN_POINT('',(-0.0364452307943749,0.009,-0.1196581179824));
#15165=CARTESIAN_POINT('',(-0.0364452307943749,0.009,-0.1176581179824));
#15166=CARTESIAN_POINT('',(-0.0364452307943749,-0.009,-0.1016581179824));
#15167=CARTESIAN_POINT('',(-0.0364452307943749,0.009,-0.1136581179824));
#15168=CARTESIAN_POINT('',(-0.0364452307943749,0.009,-0.1116581179824));
#15169=CARTESIAN_POINT('',(-0.0364452307943749,-0.009,-0.1016581179824));
#15170=CARTESIAN_POINT('',(-0.0364452307943749,0.009,-0.1076581179824));
#15171=CARTESIAN_POINT('',(-0.0364452307943749,0.009,-0.1056581179824));
#15172=CARTESIAN_POINT('',(-0.0364452307943749,-0.009,-0.1016581179824));
#15173=CARTESIAN_POINT('',(-0.0364452307943749,0.009,-0.1016581179824));
#15174=CARTESIAN_POINT('',(-0.0364452307943749,0.009,-0.0996581179824001));
#15175=CARTESIAN_POINT('',(-0.0364452307943749,-0.009,-0.1016581179824));
#15176=CARTESIAN_POINT('',(-0.0364452307943749,0.009,-0.0956581179824001));
#15177=CARTESIAN_POINT('',(-0.0364452307943749,0.009,-0.0936581179824001));
#15178=CARTESIAN_POINT('',(-0.0364452307943749,-0.009,-0.1016581179824));
#15179=CARTESIAN_POINT('',(-0.0364452307943749,0.009,-0.0896581179824001));
#15180=CARTESIAN_POINT('',(-0.0364452307943749,-0.009,-0.0766581179824002));
#15181=CARTESIAN_POINT('',(-0.0565228577014816,-0.009,-0.00200693105696413));
#15182=CARTESIAN_POINT('',(-0.0624383506592281,-0.009,-0.00301039658544622));
#15183=CARTESIAN_POINT('',(-0.0516953373144708,-0.009,-0.00118802207828534));
#15184=CARTESIAN_POINT('',(-0.0625002947008292,-0.009,-0.0385209043674494));
#15185=CARTESIAN_POINT('',(-0.0673503780884925,-0.009,-0.00992935507167476));
#15186=CARTESIAN_POINT('',(-0.0566467457846839,-0.009,-0.0730279466209706));
#15187=CARTESIAN_POINT('',(-0.0580636749825193,-0.009,-0.0732683052210879));
#15188=CARTESIAN_POINT('',(-0.0572229633263544,-0.009,-0.073125692395347));
#15189=CARTESIAN_POINT('',(-0.0612555193264152,-0.009,-0.0781830275452093));
#15190=CARTESIAN_POINT('',(-0.0602934772865696,-0.009,-0.0756494222503296));
#15191=CARTESIAN_POINT('',(-0.0618954167619863,-0.009,-0.0798682423942433));
#15192=CARTESIAN_POINT('',(-0.0576113332328876,-0.009,-0.0864467284998304));
#15193=CARTESIAN_POINT('',(-0.060364748693932,-0.009,-0.084623006043146));
#15194=CARTESIAN_POINT('',(-0.0521922319932994,-0.009,-0.0900360657304475));
#15195=CARTESIAN_POINT('',(-0.0498187313938372,-0.009,-0.104847091856424));
#15196=CARTESIAN_POINT('',(-0.0474452307943749,-0.009,-0.1196581179824));
#15197=CARTESIAN_POINT('',(-0.0474452307943749,-0.009,-0.1231581179824));
#15198=CARTESIAN_POINT('',(-0.0474452307943749,-0.009,-0.1226581179824));
#15199=CARTESIAN_POINT('',(-0.041945230794375,-0.009,-0.1266581179824));
#15200=CARTESIAN_POINT('',(-0.0434452307943749,-0.009,-0.1266581179824));
#15201=CARTESIAN_POINT('',(-0.0364452307943749,-0.009,-0.1266581179824));
#15202=CARTESIAN_POINT('',(-0.0364452307943749,-0.009,-0.1016581179824));
#15203=CARTESIAN_POINT('',(-0.0364452307943749,0.009,-0.1236581179824));
#15204=CARTESIAN_POINT('',(-0.0319666252473232,-0.009,-0.0744350362578751));
#15205=CARTESIAN_POINT('',(-0.0274880197002716,-0.009,-0.0722119545333499));
#15206=CARTESIAN_POINT('',(-0.0301557177697018,-0.009,-0.0668376278768878));
#15207=CARTESIAN_POINT('',(-0.0354096505891789,-0.009,-0.0639400099019951));
#15208=CARTESIAN_POINT('',(-0.0368778769406909,-0.009,-0.0674700049509975));
#15209=CARTESIAN_POINT('',(-0.0383461032922029,-0.009,-0.071));
#15210=CARTESIAN_POINT('',(-0.0415189875390957,-0.009,-0.071));
#15211=CARTESIAN_POINT('',(-0.0446918717859885,-0.009,-0.071));
#15212=CARTESIAN_POINT('',(-0.0446918717859887,-0.009,-0.0355));
#15213=CARTESIAN_POINT('',(-0.0446918717859887,-0.009,-0.00710351503603183));
#15214=CARTESIAN_POINT('',(-0.0614348851307461,-0.009,-0.0089258895431927));
#15215=CARTESIAN_POINT('',(-0.0506918717859887,-0.009,-0.00710351503603182));
#15216=CARTESIAN_POINT('',(-0.0434452307943749,-0.009,-0.1226581179824));
#15217=CARTESIAN_POINT('',(-0.0565539863073664,-0.009,-0.077069354367178));
#15218=CARTESIAN_POINT('',(-0.0581559257827831,-0.009,-0.0812881745110917));
#15219=CARTESIAN_POINT('',(-0.034445230794375,0.009,-0.0926581179824001));
#15220=CARTESIAN_POINT('',(-0.032445230794375,0.009,-0.0916581179824001));
#15221=CARTESIAN_POINT('',(-0.034445230794375,0.009,-0.0906581179824001));
#15222=CARTESIAN_POINT('',(-0.034445230794375,0.009,-0.0986581179824001));
#15223=CARTESIAN_POINT('',(-0.032445230794375,0.009,-0.0976581179824001));
#15224=CARTESIAN_POINT('',(-0.034445230794375,0.009,-0.0966581179824001));
#15225=CARTESIAN_POINT('',(-0.034445230794375,0.009,-0.1046581179824));
#15226=CARTESIAN_POINT('',(-0.032445230794375,0.009,-0.1036581179824));
#15227=CARTESIAN_POINT('',(-0.034445230794375,0.009,-0.1026581179824));
#15228=CARTESIAN_POINT('',(-0.034445230794375,0.009,-0.1106581179824));
#15229=CARTESIAN_POINT('',(-0.032445230794375,0.009,-0.1096581179824));
#15230=CARTESIAN_POINT('',(-0.034445230794375,0.009,-0.1086581179824));
#15231=CARTESIAN_POINT('',(-0.034445230794375,0.009,-0.1166581179824));
#15232=CARTESIAN_POINT('',(-0.032445230794375,0.009,-0.1156581179824));
#15233=CARTESIAN_POINT('',(-0.034445230794375,0.009,-0.1146581179824));
#15234=CARTESIAN_POINT('',(-0.034445230794375,0.009,-0.1206581179824));
#15235=CARTESIAN_POINT('',(-0.032445230794375,0.009,-0.1216581179824));
#15236=CARTESIAN_POINT('',(-0.034445230794375,0.009,-0.1226581179824));
#15237=CARTESIAN_POINT('',(-0.0454055801990033,0.125028821993351,-0.0896581179824001));
#15238=CARTESIAN_POINT('',(-0.0409055801990032,0.125028821993351,-0.0896581179824001));
#15239=CARTESIAN_POINT('',(-0.0499055801990033,0.125028821993351,-0.0896581179824001));
#15240=CARTESIAN_POINT('',(-0.0454055801990033,0.125028821993351,-0.1066581179824));
#15241=CARTESIAN_POINT('',(-0.0409055801990032,0.125028821993351,-0.1236581179824));
#15242=CARTESIAN_POINT('',(-0.0409055801990032,0.125028821993351,-0.1066581179824));
#15243=CARTESIAN_POINT('',(-0.0614348851307461,0.125028821993351,-0.0089258895431927));
#15244=CARTESIAN_POINT('',(-0.0554169034931222,-0.008,-0.0414653076984069));
#15245=CARTESIAN_POINT('',(-0.0589634707392792,-0.008,-0.0167181490581006));
#15246=CARTESIAN_POINT('',(-0.0589634707392792,-0.008,-0.0167181490581006));
#15247=CARTESIAN_POINT('',(-0.0554169034931222,-0.008,-0.0414653076984069));
#15248=CARTESIAN_POINT('',(-0.0518703362469652,-0.008,-0.0662124663387132));
#15249=CARTESIAN_POINT('',(-0.0518703362469652,-0.008,-0.0662124663387132));
#15250=CARTESIAN_POINT('',(-0.0602008286712945,-0.008,-0.0168954774204085));
#15251=CARTESIAN_POINT('',(-0.0614381866033099,-0.008,-0.0170728057827162));
#15252=CARTESIAN_POINT('',(-0.0614381866033099,-0.008,-0.0170728057827162));
#15253=CARTESIAN_POINT('',(-0.0602008286712945,-0.008,-0.0168954774204085));
#15254=CARTESIAN_POINT('',(-0.0578916193571528,-0.008,-0.0418199644230226));
#15255=CARTESIAN_POINT('',(-0.0543450521109958,-0.008,-0.0665671230633289));
#15256=CARTESIAN_POINT('',(-0.0543450521109958,-0.008,-0.0665671230633289));
#15257=CARTESIAN_POINT('',(-0.0578916193571528,-0.008,-0.0418199644230226));
#15258=CARTESIAN_POINT('',(-0.0531076941789805,-0.008,-0.066389794701021));
#15259=CARTESIAN_POINT('',(-0.0531076941789805,-0.008,-0.066389794701021));
#15260=CARTESIAN_POINT('',(-0.0457953014502239,-0.008,-0.063880816509216));
#15261=CARTESIAN_POINT('',(-0.270352677085233,0.088054454932267,0.498768165372629));
#15262=CARTESIAN_POINT('',(-0.00238156986040721,0.001375,0.002));
#15263=CARTESIAN_POINT('',(-0.00317542648054295,4.33680868994202E-19,0.002));
#15264=CARTESIAN_POINT('',(-0.00317542648054294,-6.50521303491303E-19,0.00175437990693814));
#15265=CARTESIAN_POINT('',(-0.00317542648054295,4.33680868994202E-19,0.0004));
#15266=CARTESIAN_POINT('',(-0.00317542648054303,-1.57247745821657E-16,0.0017543799069394));
#15267=CARTESIAN_POINT('',(-0.00291569836633765,0.000449862289957618,0.00190433400359201));
#15268=CARTESIAN_POINT('',(-0.00265207032310239,0.00090647945514105,0.002));
#15269=CARTESIAN_POINT('',(-0.00238156986040721,0.001375,0.002));
#15270=CARTESIAN_POINT('',(-0.00238156986040721,0.001375,0.002));
#15271=CARTESIAN_POINT('',(-0.00238156986040721,0.001375,0.002));
#15272=CARTESIAN_POINT('',(-0.00211207989955618,0.00184177030432372,0.002));
#15273=CARTESIAN_POINT('',(-0.00184679348873901,0.00230125984641665,0.00190395995813327));
#15274=CARTESIAN_POINT('',(-0.00158771324027142,0.00275000000000009,0.00175437990693878));
#15275=CARTESIAN_POINT('',(-0.00158771324027147,0.00275,0.00175437990693814));
#15276=CARTESIAN_POINT('',(-0.00158771324027147,0.00275,0.002));
#15277=CARTESIAN_POINT('',(-0.00158771324027147,0.00275,0.0004));
#15278=CARTESIAN_POINT('',(-0.00238156986040721,0.001375,0.0004));
#15279=CARTESIAN_POINT('',(-0.00238156986040721,0.001375,0.0004));
#15280=CARTESIAN_POINT('',(-0.00238156986040721,0.001375,0.0004));
#15281=CARTESIAN_POINT('',(1.19570136780671E-18,-0.00275,0.002));
#15282=CARTESIAN_POINT('',(0.00158771324027147,-0.00275,0.002));
#15283=CARTESIAN_POINT('',(0.00158771324027147,-0.00275,0.00175437990693814));
#15284=CARTESIAN_POINT('',(0.00158771324027147,-0.00275,0.0004));
#15285=CARTESIAN_POINT('',(1.38194929786114E-20,-0.00275,0.002));
#15286=CARTESIAN_POINT('',(0.000536913653302436,-0.00275,0.002));
#15287=CARTESIAN_POINT('',(0.00107426448207407,-0.00275,0.00190259979631831));
#15288=CARTESIAN_POINT('',(0.00158771324027147,-0.00275,0.00175437990693814));
#15289=CARTESIAN_POINT('',(5.05166804648283E-19,-0.00275,0.002));
#15290=CARTESIAN_POINT('',(-0.00158771324027147,-0.00275,0.00175437990693815));
#15291=CARTESIAN_POINT('',(-0.00107125584592663,-0.00275,0.00190346831476313));
#15292=CARTESIAN_POINT('',(-0.000536594848853898,-0.00275,0.002));
#15293=CARTESIAN_POINT('',(1.38194929786114E-20,-0.00275,0.002));
#15294=CARTESIAN_POINT('',(-0.00158771324027147,-0.00275,0.00175437990693814));
#15295=CARTESIAN_POINT('',(-0.00158771324027147,-0.00275,0.002));
#15296=CARTESIAN_POINT('',(-0.00158771324027147,-0.00275,0.0004));
#15297=CARTESIAN_POINT('',(1.19570136780671E-18,-0.00275,0.0004));
#15298=CARTESIAN_POINT('',(5.05166804648283E-19,-0.00275,0.0004));
#15299=CARTESIAN_POINT('',(1.19570136780671E-18,-0.00275,0.0004));
#15300=CARTESIAN_POINT('',(0.00238156986040721,0.001375,0.002));
#15301=CARTESIAN_POINT('',(0.00158771324027147,0.00275,0.002));
#15302=CARTESIAN_POINT('',(0.00158771324027147,0.00275,0.00175437990693814));
#15303=CARTESIAN_POINT('',(0.00158771324027147,0.00275,0.0004));
#15304=CARTESIAN_POINT('',(0.00158771324027138,0.00275000000000016,0.0017543799069394));
#15305=CARTESIAN_POINT('',(0.00184744135447676,0.00230013771004238,0.00190433400359201));
#15306=CARTESIAN_POINT('',(0.00211106939771202,0.00184352054485895,0.002));
#15307=CARTESIAN_POINT('',(0.0023815698604072,0.001375,0.002));
#15308=CARTESIAN_POINT('',(0.00238156986040721,0.001375,0.002));
#15309=CARTESIAN_POINT('',(0.00238156986040721,0.001375,0.002));
#15310=CARTESIAN_POINT('',(0.00265105982125823,0.000908229695676284,0.002));
#15311=CARTESIAN_POINT('',(0.0029163462320754,0.000448740153583346,0.00190395995813327));
#15312=CARTESIAN_POINT('',(0.00317542648054299,-9.05860316019301E-17,0.00175437990693878));
#15313=CARTESIAN_POINT('',(0.00317542648054294,0.,0.00175437990693814));
#15314=CARTESIAN_POINT('',(0.00317542648054294,0.,0.002));
#15315=CARTESIAN_POINT('',(0.00317542648054294,0.,0.0004));
#15316=CARTESIAN_POINT('',(0.00238156986040721,0.001375,0.0004));
#15317=CARTESIAN_POINT('',(0.00238156986040721,0.001375,0.0004));
#15318=CARTESIAN_POINT('',(0.00238156986040721,0.001375,0.0004));
#15319=CARTESIAN_POINT('',(-0.00238156986040721,-0.001375,0.002));
#15320=CARTESIAN_POINT('',(-0.00158771324027138,-0.00275000000000016,0.0017543799069394));
#15321=CARTESIAN_POINT('',(-0.00184744135447676,-0.00230013771004238,0.00190433400359201));
#15322=CARTESIAN_POINT('',(-0.00211106939771202,-0.00184352054485895,0.002));
#15323=CARTESIAN_POINT('',(-0.0023815698604072,-0.001375,0.002));
#15324=CARTESIAN_POINT('',(-0.00238156986040721,-0.001375,0.002));
#15325=CARTESIAN_POINT('',(-0.00238156986040721,-0.001375,0.002));
#15326=CARTESIAN_POINT('',(-0.00265105982125823,-0.000908229695676285,0.002));
#15327=CARTESIAN_POINT('',(-0.0029163462320754,-0.000448740153583346,0.00190395995813327));
#15328=CARTESIAN_POINT('',(-0.00317542648054299,9.0726561729787E-17,0.00175437990693878));
#15329=CARTESIAN_POINT('',(-0.00238156986040721,-0.001375,0.0004));
#15330=CARTESIAN_POINT('',(-0.00238156986040721,-0.001375,0.0004));
#15331=CARTESIAN_POINT('',(-0.00238156986040721,-0.001375,0.0004));
#15332=CARTESIAN_POINT('',(0.00238156986040721,-0.001375,0.002));
#15333=CARTESIAN_POINT('',(0.00317542648054303,1.56932501499949E-16,0.0017543799069394));
#15334=CARTESIAN_POINT('',(0.00291569836633765,-0.000449862289957618,0.00190433400359201));
#15335=CARTESIAN_POINT('',(0.00265207032310239,-0.00090647945514105,0.002));
#15336=CARTESIAN_POINT('',(0.00238156986040721,-0.001375,0.002));
#15337=CARTESIAN_POINT('',(0.00238156986040721,-0.001375,0.002));
#15338=CARTESIAN_POINT('',(0.00238156986040721,-0.001375,0.002));
#15339=CARTESIAN_POINT('',(0.00211207989955618,-0.00184177030432372,0.002));
#15340=CARTESIAN_POINT('',(0.00184679348873901,-0.00230125984641665,0.00190395995813327));
#15341=CARTESIAN_POINT('',(0.00158771324027142,-0.00275000000000009,0.00175437990693878));
#15342=CARTESIAN_POINT('',(0.00238156986040721,-0.001375,0.0004));
#15343=CARTESIAN_POINT('',(0.00238156986040721,-0.001375,0.0004));
#15344=CARTESIAN_POINT('',(0.00238156986040721,-0.001375,0.0004));
#15345=CARTESIAN_POINT('',(-3.16104959305222E-19,0.00275,0.002));
#15346=CARTESIAN_POINT('',(-0.00158771324027147,0.00275,0.00175437990693815));
#15347=CARTESIAN_POINT('',(-0.00107125584592663,0.00275,0.00190346831476313));
#15348=CARTESIAN_POINT('',(-0.000536594848853899,0.00275,0.002));
#15349=CARTESIAN_POINT('',(-4.15624660315677E-19,0.00275,0.002));
#15350=CARTESIAN_POINT('',(-1.68388934882761E-19,0.00275,0.002));
#15351=CARTESIAN_POINT('',(-4.15624660315677E-19,0.00275,0.002));
#15352=CARTESIAN_POINT('',(0.000536913653302436,0.00275,0.002));
#15353=CARTESIAN_POINT('',(0.00107426448207407,0.00275,0.00190259979631831));
#15354=CARTESIAN_POINT('',(0.00158771324027147,0.00275,0.00175437990693814));
#15355=CARTESIAN_POINT('',(-3.16104959305222E-19,0.00275,0.0004));
#15356=CARTESIAN_POINT('',(-1.68388934882761E-19,0.00275,0.0004));
#15357=CARTESIAN_POINT('',(-3.16104959305222E-19,0.00275,0.0004));
#15358=CARTESIAN_POINT('',(0.,0.,0.));
#15359=CARTESIAN_POINT('',(0.,0.,0.));
#15360=CARTESIAN_POINT('',(0.0016,0.,0.));
#15361=CARTESIAN_POINT('',(0.,0.,0.));
#15362=CARTESIAN_POINT('',(0.00275,0.,0.));
#15363=CARTESIAN_POINT('',(0.,0.,0.0004));
#15364=CARTESIAN_POINT('',(0.,0.,0.0004));
#15365=CARTESIAN_POINT('',(0.,0.,0.0004));
#15366=CARTESIAN_POINT('',(0.,0.,0.0004));
#15367=CARTESIAN_POINT('',(0.,0.,0.0004));
#15368=CARTESIAN_POINT('',(0.,0.,0.0004));
#15369=CARTESIAN_POINT('',(0.,0.,0.0004));
#15370=CARTESIAN_POINT('',(0.,0.,0.0004));
#15371=CARTESIAN_POINT('',(0.,0.,0.0004));
#15372=CARTESIAN_POINT('',(0.,0.,0.0004));
#15373=CARTESIAN_POINT('',(0.,0.,0.0004));
#15374=CARTESIAN_POINT('',(0.,0.,0.0004));
#15375=CARTESIAN_POINT('',(0.,0.,0.0004));
#15376=CARTESIAN_POINT('',(0.,0.,-0.03));
#15377=CARTESIAN_POINT('',(0.,0.,-0.0297293670625));
#15378=CARTESIAN_POINT('',(-0.0015,0.,-0.0297293670625));
#15379=CARTESIAN_POINT('',(0.,0.,-0.0001));
#15380=CARTESIAN_POINT('',(0.0015,0.,-0.0001));
#15381=CARTESIAN_POINT('',(0.,0.,-0.03));
#15382=CARTESIAN_POINT('',(0.,0.,-0.03));
#15383=CARTESIAN_POINT('',(-0.0012293670625,0.,-0.03));
#15384=CARTESIAN_POINT('',(0.,0.,0.002));
#15385=CARTESIAN_POINT('',(0.,0.,0.002));
#15386=CARTESIAN_POINT('',(0.,0.,0.002));
#15387=CARTESIAN_POINT('',(0.,0.,0.002));
#15388=CARTESIAN_POINT('',(0.,0.,0.002));
#15389=CARTESIAN_POINT('',(0.,0.,0.002));
#15390=CARTESIAN_POINT('',(0.,0.,0.002));
#15391=CARTESIAN_POINT('',(0.,0.,0.002));
#15392=CARTESIAN_POINT('',(0.,0.,0.002));
#15393=CARTESIAN_POINT('',(0.,0.,0.002));
#15394=CARTESIAN_POINT('',(0.,0.,0.002));
#15395=CARTESIAN_POINT('',(0.,0.,0.002));
#15396=CARTESIAN_POINT('',(0.,0.,0.002));
#15397=CARTESIAN_POINT('',(0.,0.,-0.0001));
#15398=CARTESIAN_POINT('',(0.,0.,-0.03));
#15399=CARTESIAN_POINT('',(-0.276558844232249,0.112179058406259,0.503375038268715));
#15400=CARTESIAN_POINT('',(-0.282434315465098,0.0490736398282595,0.500423496459285));
#15401=CARTESIAN_POINT('',(0.,3.52085954754864E-18,0.012));
#15402=CARTESIAN_POINT('',(0.,3.52085954754864E-18,0.01));
#15403=CARTESIAN_POINT('',(-0.0507320495763687,0.0270649061661199,0.01));
#15404=CARTESIAN_POINT('',(-0.0345191331528571,-0.0459856439160672,0.01));
#15405=CARTESIAN_POINT('',(-0.0345191331528571,-0.0459856439160672,0.01));
#15406=CARTESIAN_POINT('',(-0.0331226896225453,-0.0470338845420169,0.00686321074247738));
#15407=CARTESIAN_POINT('',(-0.0320739344511763,-0.0477269967623912,0.00355069344011172));
#15408=CARTESIAN_POINT('',(-0.0315770602102309,-0.0480535042268454,-1.46657938354734E-17));
#15409=CARTESIAN_POINT('',(-0.0315770282339772,-0.0480535252391602,0.));
#15410=CARTESIAN_POINT('',(0.,3.52085954754864E-18,0.));
#15411=CARTESIAN_POINT('',(-0.0490575966024236,0.0299933695271784,0.));
#15412=CARTESIAN_POINT('',(-0.0490575966024247,0.0299933695271767,1.04860520994875E-18));
#15413=CARTESIAN_POINT('',(-0.0493136836433368,0.0295745097943018,0.00354711423846082));
#15414=CARTESIAN_POINT('',(-0.0499340034106858,0.0285608107664593,0.00685904291162039));
#15415=CARTESIAN_POINT('',(-0.0507320495763686,0.0270649061661199,0.01));
#15416=CARTESIAN_POINT('',(0.,0.,0.012));
#15417=CARTESIAN_POINT('',(-0.0329565484227211,-0.0446555250339848,0.012));
#15418=CARTESIAN_POINT('',(-0.0281568584708833,-0.0434934917475126,0.012));
#15419=CARTESIAN_POINT('',(-0.023373698787544,-0.0422659469736889,0.012));
#15420=CARTESIAN_POINT('',(-0.0186070721686987,-0.0409728796316398,0.012));
#15421=CARTESIAN_POINT('',(-0.0329565484227211,-0.0446555250339848,0.012));
#15422=CARTESIAN_POINT('',(-0.0186070721686988,-0.0409728796316397,0.012));
#15423=CARTESIAN_POINT('',(0.,3.52085954754864E-18,0.012));
#15424=CARTESIAN_POINT('',(-0.0488051287706771,0.0264255445672861,0.012));
#15425=CARTESIAN_POINT('',(-0.0345534558753995,0.0288280885087239,0.012));
#15426=CARTESIAN_POINT('',(-0.0392975450156652,0.0279919538622914,0.012));
#15427=CARTESIAN_POINT('',(-0.0440480997269858,0.0271910899503479,0.012));
#15428=CARTESIAN_POINT('',(-0.0488051287706771,0.0264255445672861,0.012));
#15429=CARTESIAN_POINT('',(-0.0345534558753995,0.0288280885087239,0.012));
#15430=CARTESIAN_POINT('',(0.,2.75545529808154E-18,0.012));
#15431=CARTESIAN_POINT('',(0.,0.,0.));
#15432=CARTESIAN_POINT('',(0.,-9.18485099360515E-19,0.));
#15433=CARTESIAN_POINT('',(0.015,-9.18485099360515E-19,0.));
#15434=CARTESIAN_POINT('',(-0.35,1.22464679914735E-18,0.));
#15435=CARTESIAN_POINT('',(-0.335,1.22464679914735E-18,0.));
#15436=CARTESIAN_POINT('',(-0.154294262352423,0.467543667355309,0.));
#15437=CARTESIAN_POINT('',(-0.333921726010187,-0.031088407895959,3.17959238973387E-18));
#15438=CARTESIAN_POINT('',(-0.35,2.14313189850787E-18,0.));
#15439=CARTESIAN_POINT('',(-0.32253686349856,0.0216973761893735,0.));
#15440=CARTESIAN_POINT('',(-0.216047468353412,1.02305096025477,0.));
#15441=CARTESIAN_POINT('',(0.,2.75545529808154E-18,0.042));
#15442=CARTESIAN_POINT('',(0.,2.75545529808154E-18,0.038));
#15443=CARTESIAN_POINT('',(0.045,2.75545529808154E-18,0.038));
#15444=CARTESIAN_POINT('',(-0.0345534558753995,0.0288280885087239,0.012));
#15445=CARTESIAN_POINT('',(-0.0361561932866331,0.026907041388234,0.0151830026328767));
#15446=CARTESIAN_POINT('',(-0.0386121405280894,0.0234692726389025,0.0193980981991317));
#15447=CARTESIAN_POINT('',(-0.0414446344451865,0.0177662319123381,0.0242613264571979));
#15448=CARTESIAN_POINT('',(-0.0432154453972921,0.0129105895283874,0.0274625594375671));
#15449=CARTESIAN_POINT('',(-0.0444607278940146,0.00765998478352754,0.0300776323284316));
#15450=CARTESIAN_POINT('',(-0.0450845716006582,0.00192409690000759,0.0320887195138891));
#15451=CARTESIAN_POINT('',(-0.0449805616567441,-0.00296738500246388,0.0331215133615714));
#15452=CARTESIAN_POINT('',(-0.0444886624381885,-0.00698760577648228,0.0335517799906836));
#15453=CARTESIAN_POINT('',(-0.0439232947013667,-0.00993590326838415,0.0336593123605683));
#15454=CARTESIAN_POINT('',(-0.0431652335774906,-0.0128365424235564,0.0335601408145047));
#15455=CARTESIAN_POINT('',(-0.0422100268096701,-0.0156954117589317,0.0332518284648871));
#15456=CARTESIAN_POINT('',(-0.0410707453919243,-0.018469506811763,0.0327355343945326));
#15457=CARTESIAN_POINT('',(-0.0397842921417037,-0.0210949451379942,0.0320311454655609));
#15458=CARTESIAN_POINT('',(-0.038354279520871,-0.0235946917028693,0.0311442117604847));
#15459=CARTESIAN_POINT('',(-0.0362565608259333,-0.0267701198333482,0.0297119652636353));
#15460=CARTESIAN_POINT('',(-0.033418115513492,-0.0302925052531912,0.0275512633674059));
#15461=CARTESIAN_POINT('',(-0.0297035242021141,-0.0339268749915525,0.0243650521063058));
#15462=CARTESIAN_POINT('',(-0.0246623500114592,-0.0378661849604693,0.0195188693600407));
#15463=CARTESIAN_POINT('',(-0.0208767026450153,-0.0399421691116867,0.0151935711474967));
#15464=CARTESIAN_POINT('',(-0.0186070721686987,-0.0409728796316398,0.012));
#15465=CARTESIAN_POINT('',(0.,6.93889390390723E-18,0.042));
#15466=CARTESIAN_POINT('',(0.,2.75545529808154E-18,0.042));
#15467=CARTESIAN_POINT('',(0.041,2.75545529808154E-18,0.042));
#15468=CARTESIAN_POINT('',(0.,1.83697019872103E-18,0.042));
#15469=CARTESIAN_POINT('',(0.03,1.83697019872103E-18,0.042));
#15470=CARTESIAN_POINT('',(0.,1.71450551880629E-18,0.04));
#15471=CARTESIAN_POINT('',(0.,1.71450551880629E-18,0.04));
#15472=CARTESIAN_POINT('',(0.028,1.71450551880629E-18,0.04));
#15473=CARTESIAN_POINT('',(0.,1.71450551880629E-18,0.042));
#15474=CARTESIAN_POINT('',(0.028,1.71450551880629E-18,0.042));
#15475=CARTESIAN_POINT('',(0.,1.83697019872103E-18,0.04));
#15476=CARTESIAN_POINT('',(0.,1.83697019872103E-18,0.04));
#15477=CARTESIAN_POINT('',(0.03,1.83697019872103E-18,0.04));
#15478=CARTESIAN_POINT('',(0.,0.,0.04));
#15479=CARTESIAN_POINT('',(0.,6.93889390390723E-18,0.042));
#15480=CARTESIAN_POINT('',(0.,3.52085954754864E-18,0.01));
#15481=CARTESIAN_POINT('',(-0.0345191331528571,-0.0459856439160672,0.01));
#15482=CARTESIAN_POINT('',(-0.0346308851650602,-0.0459017572449056,0.0102510251963481));
#15483=CARTESIAN_POINT('',(-0.0347547345895934,-0.04569021771817,0.0107822620709084));
#15484=CARTESIAN_POINT('',(-0.0344724170457502,-0.0452671213544356,0.011516134652377));
#15485=CARTESIAN_POINT('',(-0.0337829954301691,-0.0448912520188452,0.0119301810332072));
#15486=CARTESIAN_POINT('',(-0.0332354436418815,-0.0447230472138244,0.012));
#15487=CARTESIAN_POINT('',(-0.0329565484227211,-0.0446555250339848,0.012));
#15488=CARTESIAN_POINT('',(-0.0488051287706771,0.0264255445672861,0.012));
#15489=CARTESIAN_POINT('',(-0.0490848433725234,0.0263805302905071,0.012));
#15490=CARTESIAN_POINT('',(-0.0496469890497763,0.0263280758377945,0.0119267999057387));
#15491=CARTESIAN_POINT('',(-0.050405615095408,0.0264210313482217,0.0115039914596821));
#15492=CARTESIAN_POINT('',(-0.0508167980244379,0.0267054432693925,0.0107772284666212));
#15493=CARTESIAN_POINT('',(-0.0507956158080364,0.0269457538883857,0.0102501845313269));
#15494=CARTESIAN_POINT('',(-0.0507320495763686,0.0270649061661199,0.01));
#15495=CARTESIAN_POINT('',(-0.0167407766562816,-0.0442951471633405,-1.50290778346774E-17));
#15496=CARTESIAN_POINT('',(-0.0429270322533736,-0.0513324669794915,-1.45705757219183E-17));
#15497=CARTESIAN_POINT('',(-0.0696541054139031,-0.0563565064876704,-1.30961331088682E-17));
#15498=CARTESIAN_POINT('',(-0.123562716202952,-0.062258791361407,-9.1414054997832E-18));
#15499=CARTESIAN_POINT('',(-0.150743679371184,-0.0631376699266169,-6.66112050374818E-18));
#15500=CARTESIAN_POINT('',(-0.204920929989309,-0.0607291193100854,-1.7207467462899E-18));
#15501=CARTESIAN_POINT('',(-0.231916693008377,-0.0574419137136609,7.39342015133351E-19));
#15502=CARTESIAN_POINT('',(-0.285088902649293,-0.0467792982922171,4.61328468577132E-18));
#15503=CARTESIAN_POINT('',(-0.311264725996741,-0.0394034201750812,6.02713859498604E-18));
#15504=CARTESIAN_POINT('',(-0.336723238772897,-0.0300702524805814,6.40485576929809E-18));
#15505=CARTESIAN_POINT('',(-0.0167407766562816,-0.0436389750456688,0.00463834231494033));
#15506=CARTESIAN_POINT('',(-0.0429270322533736,-0.0508170788785175,0.00457742225499118));
#15507=CARTESIAN_POINT('',(-0.0696541054139031,-0.0559819024033938,0.00451650219504204));
#15508=CARTESIAN_POINT('',(-0.123562716202952,-0.0621657553105257,0.00439466207514375));
#15509=CARTESIAN_POINT('',(-0.150743679371184,-0.0631854178924334,0.00433374201519461));
#15510=CARTESIAN_POINT('',(-0.204920929989309,-0.0610584353092969,0.00421190189529633));
#15511=CARTESIAN_POINT('',(-0.231916693008377,-0.0579120137295703,0.00415098183534718));
#15512=CARTESIAN_POINT('',(-0.285088902649293,-0.0475309663415216,0.0040291417154489));
#15513=CARTESIAN_POINT('',(-0.311264725996741,-0.0402958722410833,0.00396822165549976));
#15514=CARTESIAN_POINT('',(-0.336723238772897,-0.0311034885632812,0.00390730159555061));
#15515=CARTESIAN_POINT('',(-0.0167417988403553,-0.0420975530410458,0.00916062865904515));
#15516=CARTESIAN_POINT('',(-0.0429284771451151,-0.0493480277027268,0.00906871848149547));
#15517=CARTESIAN_POINT('',(-0.0696507551776307,-0.0546005387089657,0.00897680830394573));
#15518=CARTESIAN_POINT('',(-0.123546608500444,-0.0609918567018509,0.00879298794884637));
#15519=CARTESIAN_POINT('',(-0.150719617669161,-0.0621312883098282,0.00870107777129669));
#15520=CARTESIAN_POINT('',(-0.204885223630628,-0.060276045073645,0.0085172574161973));
#15521=CARTESIAN_POINT('',(-0.231877303663593,-0.0572815906918166,0.00842534723864763));
#15522=CARTESIAN_POINT('',(-0.285053761643295,-0.0472354458554925,0.00824152688354819));
#15523=CARTESIAN_POINT('',(-0.3112375255332,-0.0401832932667494,0.00814961670599852));
#15524=CARTESIAN_POINT('',(-0.336713312948828,-0.0311880695475463,0.00805770652844884));
#15525=CARTESIAN_POINT('',(-0.0167453734180529,-0.0374501781457716,0.0173958471939007));
#15526=CARTESIAN_POINT('',(-0.0429335299315235,-0.0447220516589508,0.0172787970749781));
#15527=CARTESIAN_POINT('',(-0.0696390394014135,-0.0500495238504593,0.0171617469560556));
#15528=CARTESIAN_POINT('',(-0.123490279864904,-0.0567029833738492,0.0169276467182105));
#15529=CARTESIAN_POINT('',(-0.150635473897388,-0.0580295653286734,0.016810596599288));
#15530=CARTESIAN_POINT('',(-0.204760358494613,-0.0566612307138812,0.0165764963614429));
#15531=CARTESIAN_POINT('',(-0.231739559125203,-0.0539665236855189,0.0164594462425204));
#15532=CARTESIAN_POINT('',(-0.284930873545612,-0.0446281691971502,0.0162253460046753));
#15533=CARTESIAN_POINT('',(-0.31114240551242,-0.0379840811369656,0.0161082958857527));
#15534=CARTESIAN_POINT('',(-0.33667860234214,-0.0294466438550266,0.0159912457668302));
#15535=CARTESIAN_POINT('',(-0.0167479258116765,-0.0343455725866464,0.0211064678001207));
#15536=CARTESIAN_POINT('',(-0.0429371378261902,-0.0415664768948079,0.020994966890758));
#15537=CARTESIAN_POINT('',(-0.0696306738614689,-0.0468812255625402,0.0208834659813955));
#15538=CARTESIAN_POINT('',(-0.123450058931874,-0.0535893670753147,0.0206604641626702));
#15539=CARTESIAN_POINT('',(-0.150575391827636,-0.0549833331232323,0.0205489632533077));
#15540=CARTESIAN_POINT('',(-0.204671199717279,-0.0538301733275114,0.0203259614345825));
#15541=CARTESIAN_POINT('',(-0.231641203931599,-0.0512832492270332,0.0202144605252198));
#15542=CARTESIAN_POINT('',(-0.284843126453925,-0.0423177880795289,0.0199914587064947));
#15543=CARTESIAN_POINT('',(-0.311074485955181,-0.035898825808524,0.019879957797132));
#15544=CARTESIAN_POINT('',(-0.336653817559521,-0.0276220177775665,0.0197684568877694));
#15545=CARTESIAN_POINT('',(-0.0167540466498764,-0.0269739526401445,0.0272380466846155));
#15546=CARTESIAN_POINT('',(-0.0429457898378908,-0.0339989178484116,0.0271486077899289));
#15547=CARTESIAN_POINT('',(-0.0696106126467793,-0.0392094435310945,0.0270591688952421));
#15548=CARTESIAN_POINT('',(-0.123353606009785,-0.0459012947294064,0.0268802911058686));
#15549=CARTESIAN_POINT('',(-0.150431310356719,-0.0473831420809246,0.0267908522111818));
#15550=CARTESIAN_POINT('',(-0.204457390042672,-0.0465985662446871,0.0266119744218085));
#15551=CARTESIAN_POINT('',(-0.231405340536324,-0.0443323260996578,0.0265225355271217));
#15552=CARTESIAN_POINT('',(-0.284632702111172,-0.036113670179725,0.0263436577377482));
#15553=CARTESIAN_POINT('',(-0.310911609580393,-0.0301608660541637,0.0262542188430615));
#15554=CARTESIAN_POINT('',(-0.336594381725322,-0.0224353562282415,0.0261647799483748));
#15555=CARTESIAN_POINT('',(-0.0167576150944526,-0.0227091027647124,0.0296574709404301));
#15556=CARTESIAN_POINT('',(-0.0429508339549249,-0.0295892556679041,0.0295843032417913));
#15557=CARTESIAN_POINT('',(-0.0695989169720352,-0.0347084394791152,0.0295111355431524));
#15558=CARTESIAN_POINT('',(-0.123297374020726,-0.0413296335531821,0.0293648001458748));
#15559=CARTESIAN_POINT('',(-0.150347310955554,-0.0428321357050086,0.0292916324472358));
#15560=CARTESIAN_POINT('',(-0.204332739145398,-0.042201284188786,0.0291452970499582));
#15561=CARTESIAN_POINT('',(-0.231267832334653,-0.0400681026611227,0.0290721293513193));
#15562=CARTESIAN_POINT('',(-0.284510024860103,-0.0322236738074996,0.0289257939540416));
#15563=CARTESIAN_POINT('',(-0.310816652762842,-0.0265120596280033,0.0288526262554028));
#15564=CARTESIAN_POINT('',(-0.336559730673742,-0.0190773763459361,0.0287794585567639));
#15565=CARTESIAN_POINT('',(-0.01676525387596,-0.0135655990537257,0.0328923311669931));
#15566=CARTESIAN_POINT('',(-0.0429616316308023,-0.0201055706546873,0.0328430806533794));
#15567=CARTESIAN_POINT('',(-0.0695738806566195,-0.0249990345068897,0.0327938301397657));
#15568=CARTESIAN_POINT('',(-0.123177001161076,-0.0314085981499494,0.0326953291125381));
#15569=CARTESIAN_POINT('',(-0.150167497858125,-0.0329251257239856,0.0326460785989245));
#15570=CARTESIAN_POINT('',(-0.20406590552962,-0.0325629653259354,0.0325475775716969));
#15571=CARTESIAN_POINT('',(-0.230973475763994,-0.0306844261561688,0.0324983270580832));
#15572=CARTESIAN_POINT('',(-0.284247416124892,-0.0235807070452887,0.0323998260308557));
#15573=CARTESIAN_POINT('',(-0.310613383700815,-0.0183552062683959,0.032350575517242));
#15574=CARTESIAN_POINT('',(-0.33648555499121,-0.0115128908415901,0.0323013250036283));
#15575=CARTESIAN_POINT('',(-0.0167693242128911,-0.0086895613763357,0.0337072367756455));
#15576=CARTESIAN_POINT('',(-0.0429673851896456,-0.0150344209093566,0.0336655147959868));
#15577=CARTESIAN_POINT('',(-0.0695605400159478,-0.0197937636032356,0.0336237928163279));
#15578=CARTESIAN_POINT('',(-0.123112860290484,-0.0260628677979607,0.0335403488570103));
#15579=CARTESIAN_POINT('',(-0.150071684161862,-0.0275730229231116,0.0334986268773515));
#15580=CARTESIAN_POINT('',(-0.203923722811116,-0.0273263431816469,0.0334151829180339));
#15581=CARTESIAN_POINT('',(-0.230816627395008,-0.0255696446816245,0.0333734609383751));
#15582=CARTESIAN_POINT('',(-0.284107484640747,-0.0188329221056056,0.0332900169790573));
#15583=CARTESIAN_POINT('',(-0.310505071456338,-0.0138526017144647,0.0332482949993986));
#15584=CARTESIAN_POINT('',(-0.336446030360258,-0.00731208452827906,0.0332065730197398));
#15585=CARTESIAN_POINT('',(-0.0167774526205107,0.00104996541290994,0.0336263178876123));
#15586=CARTESIAN_POINT('',(-0.0429788749685839,-0.00490564806731664,0.0335838895482314));
#15587=CARTESIAN_POINT('',(-0.0695338989375514,-0.00939754272730078,0.0335414612088505));
#15588=CARTESIAN_POINT('',(-0.122984771842262,-0.0153869315083263,0.0334566045300886));
#15589=CARTESIAN_POINT('',(-0.149880345510553,-0.016884751038865,0.0334141761907076));
#15590=CARTESIAN_POINT('',(-0.203639785851589,-0.0168694648002872,0.0333293195119457));
#15591=CARTESIAN_POINT('',(-0.23050340333047,-0.0153564705637882,0.0332868911725648));
#15592=CARTESIAN_POINT('',(-0.283828043365689,-0.00935341528666868,0.033202034493803));
#15593=CARTESIAN_POINT('',(-0.310288773373845,-0.00486310689827969,0.033159606154422));
#15594=CARTESIAN_POINT('',(-0.336367100208569,0.00107433319724927,0.0331171778150411));
#15595=CARTESIAN_POINT('',(-0.0167815106911993,0.00591082597597964,0.0327310594158502));
#15596=CARTESIAN_POINT('',(-0.0429846111886787,0.000149069463446795,0.0326804343748627));
#15597=CARTESIAN_POINT('',(-0.0695205984998255,-0.00420977533812573,0.0326298093338752));
#15598=CARTESIAN_POINT('',(-0.122920824264631,-0.0100604621881059,0.0325285592519003));
#15599=CARTESIAN_POINT('',(-0.149784820555507,-0.0115525955900772,0.0324779342109128));
#15600=CARTESIAN_POINT('',(-0.203498031610567,-0.0116537762321208,0.0323766841289379));
#15601=CARTESIAN_POINT('',(-0.230347027634919,-0.0102629226065605,0.0323260590879504));
#15602=CARTESIAN_POINT('',(-0.283688533574776,-0.00462709212779894,0.0322248090059755));
#15603=CARTESIAN_POINT('',(-0.310180787535827,-0.000381892373569704,0.032174183964988));
#15604=CARTESIAN_POINT('',(-0.336327694687832,0.00525399185476285,0.0321235589240006));
#15605=CARTESIAN_POINT('',(-0.0167891004077363,0.0149951285107538,0.0293448549232021));
#15606=CARTESIAN_POINT('',(-0.042995339509562,0.00956869209067892,0.0292695852873111));
#15607=CARTESIAN_POINT('',(-0.0694957229961928,0.00543144123968413,0.0291943156514202));
#15608=CARTESIAN_POINT('',(-0.122801224576825,-0.000214326866014514,0.0290437763796382));
#15609=CARTESIAN_POINT('',(-0.149606162422949,-0.00172307178025031,0.0289685067437472));
#15610=CARTESIAN_POINT('',(-0.203232911904713,-0.00209657005417964,0.0288179674719653));
#15611=CARTESIAN_POINT('',(-0.230054561758004,-0.000961399360077711,0.0287426978360743));
#15612=CARTESIAN_POINT('',(-0.283427611612485,0.00393312670438501,0.0285921585642923));
#15613=CARTESIAN_POINT('',(-0.309978824099636,0.0076926592535955,0.0285168889284013));
#15614=CARTESIAN_POINT('',(-0.336253995446164,0.0127373043115774,0.0284416192925103));
#15615=CARTESIAN_POINT('',(-0.0167926320535847,0.0192163648039421,0.0268554826784438));
#15616=CARTESIAN_POINT('',(-0.0430003316103504,0.0139311777166822,0.0267639461446471));
#15617=CARTESIAN_POINT('',(-0.0694841479302857,0.00988225716590454,0.0266724096108503));
#15618=CARTESIAN_POINT('',(-0.12274557246665,0.00430227828954402,0.0264893365432568));
#15619=CARTESIAN_POINT('',(-0.149523029245436,0.00277102194252722,0.02639780000946));
#15620=CARTESIAN_POINT('',(-0.203109546439883,0.00224124533343555,0.0262147269418665));
#15621=CARTESIAN_POINT('',(-0.229918471576641,0.00324265991506879,0.0261231904080698));
#15622=CARTESIAN_POINT('',(-0.283306199441108,0.00776267877969249,0.0259401173404761));
#15623=CARTESIAN_POINT('',(-0.309884846501463,0.0112814389660949,0.0258485808066794));
#15624=CARTESIAN_POINT('',(-0.336219701725232,0.0160361869289736,0.0257570442728827));
#15625=CARTESIAN_POINT('',(-0.016798654761844,0.0264770746057323,0.020602645729464));
#15626=CARTESIAN_POINT('',(-0.0430088449120629,0.0213788730784146,0.0204901629305756));
#15627=CARTESIAN_POINT('',(-0.069464408339162,0.0174266923754158,0.0203776801316872));
#15628=CARTESIAN_POINT('',(-0.122650665888249,0.0118511181992507,0.0201527145339103));
#15629=CARTESIAN_POINT('',(-0.149381257704258,0.0102275772481151,0.020040231735022));
#15630=CARTESIAN_POINT('',(-0.202899164585125,0.00932350141129754,0.0198152661372452));
#15631=CARTESIAN_POINT('',(-0.229686389568852,0.0100429197699502,0.0197027833383568));
#15632=CARTESIAN_POINT('',(-0.283099148644197,0.0138164818230748,0.0194778177405801));
#15633=CARTESIAN_POINT('',(-0.309724581378347,0.0168707451387948,0.0193653349416916));
#15634=CARTESIAN_POINT('',(-0.336161218772761,0.0210772211460516,0.0192528521428032));
#15635=CARTESIAN_POINT('',(-0.0168011458242548,0.0295151260550762,0.0168415116271483));
#15636=CARTESIAN_POINT('',(-0.043012366112987,0.024462575261521,0.0167246204145458));
#15637=CARTESIAN_POINT('',(-0.0694562438139459,0.0205187186127197,0.0166077292019433));
#15638=CARTESIAN_POINT('',(-0.122611411420024,0.0148815889206831,0.0163739467767382));
#15639=CARTESIAN_POINT('',(-0.149322619340594,0.0131881893048453,0.0162570555641356));
#15640=CARTESIAN_POINT('',(-0.202812148195198,0.0120659215887352,0.0160232731389307));
#15641=CARTESIAN_POINT('',(-0.229590397742428,0.0126370143435116,0.0159063819263281));
#15642=CARTESIAN_POINT('',(-0.283013510018662,0.0160384557982473,0.0156725995011231));
#15643=CARTESIAN_POINT('',(-0.309658293853404,0.0188689091127284,0.0155557082885206));
#15644=CARTESIAN_POINT('',(-0.336137029541223,0.0228169247661022,0.0154388170759181));
#15645=CARTESIAN_POINT('',(-0.0168037163613447,0.0328891728738471,0.0106084201273294));
#15646=CARTESIAN_POINT('',(-0.0430159996540564,0.0278117841141685,0.0105130329934512));
#15647=CARTESIAN_POINT('',(-0.0694478188082942,0.0238045719519325,0.010417645859573));
#15648=CARTESIAN_POINT('',(-0.122570904580019,0.0179600326058594,0.0102268715918166));
#15649=CARTESIAN_POINT('',(-0.14926211018272,0.0161226004217503,0.0101314844579385));
#15650=CARTESIAN_POINT('',(-0.202722355640518,0.0146312893727173,0.00994071019018206));
#15651=CARTESIAN_POINT('',(-0.229491343399559,0.0149773792163676,0.00984532305630387));
#15652=CARTESIAN_POINT('',(-0.282925139184473,0.0178509376881112,0.00965454878854748));
#15653=CARTESIAN_POINT('',(-0.309589891495952,0.0203784954452263,0.0095591616546693));
#15654=CARTESIAN_POINT('',(-0.336112068578151,0.0239878597061886,0.00946377452079111));
#15655=CARTESIAN_POINT('',(-0.0168043788642869,0.0338183246560961,0.00843338279735146));
#15656=CARTESIAN_POINT('',(-0.0430169361243601,0.0287172506855727,0.00834986484903313));
#15657=CARTESIAN_POINT('',(-0.0694456474367726,0.0246764262087277,0.00826634690071481));
#15658=CARTESIAN_POINT('',(-0.122560464777073,0.0187438638259198,0.00809931100407812));
#15659=CARTESIAN_POINT('',(-0.149246515194699,0.0168520264795083,0.00801579305575979));
#15660=CARTESIAN_POINT('',(-0.202699213460659,0.0152310346451522,0.00784875715912313));
#15661=CARTESIAN_POINT('',(-0.22946581418473,0.0155018508898663,0.00776523921080479));
#15662=CARTESIAN_POINT('',(-0.282902363423762,0.0182047909310265,0.00759820331416812));
#15663=CARTESIAN_POINT('',(-0.30957226219846,0.020636999865426,0.0075146853658498));
#15664=CARTESIAN_POINT('',(-0.336105635404499,0.0241417999743111,0.00743116741753146));
#15665=CARTESIAN_POINT('',(-0.0168050329022002,0.0348948254642289,0.00507749407241283));
#15666=CARTESIAN_POINT('',(-0.0430178606290592,0.0297335115538759,0.00502113763199867));
#15667=CARTESIAN_POINT('',(-0.0694435038096151,0.0256226468754714,0.00496478119158451));
#15668=CARTESIAN_POINT('',(-0.122550158367096,0.0195294714304665,0.00485206831075619));
#15669=CARTESIAN_POINT('',(-0.149231119469229,0.0175470667122009,0.00479571187034203));
#15670=CARTESIAN_POINT('',(-0.202676366976429,0.0157243363425063,0.00468299898951371));
#15671=CARTESIAN_POINT('',(-0.2294406111655,0.0158839834219575,0.00462664254909955));
#15672=CARTESIAN_POINT('',(-0.282879878676814,0.0183447703569561,0.00451392966827123));
#15673=CARTESIAN_POINT('',(-0.309554858156595,0.0206459914103835,0.00445757322785708));
#15674=CARTESIAN_POINT('',(-0.336099284429731,0.0240107060563822,0.00440121678744292));
#15675=CARTESIAN_POINT('',(-0.0168051942954212,0.0352009047548889,0.00394336182200125));
#15676=CARTESIAN_POINT('',(-0.0430180887638329,0.0300154016306498,0.00389761667960143));
#15677=CARTESIAN_POINT('',(-0.0694429748389167,0.0258779293834355,0.00385187153720162));
#15678=CARTESIAN_POINT('',(-0.122547615112845,0.0197264720731511,0.00376038125240199));
#15679=CARTESIAN_POINT('',(-0.149227320353498,0.0177123944128518,0.00371463611000217));
#15680=CARTESIAN_POINT('',(-0.202670729279278,0.0158212338784539,0.00362314582520254));
#15681=CARTESIAN_POINT('',(-0.229434391959592,0.0159441242283254,0.00357740068280273));
#15682=CARTESIAN_POINT('',(-0.282874330243518,0.0183265081245242,0.0034859103980031));
#15683=CARTESIAN_POINT('',(-0.309550563460034,0.0205860818964622,0.00344016525560329));
#15684=CARTESIAN_POINT('',(-0.336097717235759,0.0239069043023546,0.00339442011320347));
#15685=CARTESIAN_POINT('',(-0.0168053958093019,0.035705165338529,0.00165334167400939));
#15686=CARTESIAN_POINT('',(-0.043018373610515,0.0304629140035999,0.00163226453153313));
#15687=CARTESIAN_POINT('',(-0.0694423143716586,0.0262656740131381,0.00161118738905686));
#15688=CARTESIAN_POINT('',(-0.122544439632298,0.0199883549534196,0.00156903310410433));
#15689=CARTESIAN_POINT('',(-0.149222576817501,0.0179081849780681,0.00154795596162806));
#15690=CARTESIAN_POINT('',(-0.202663690109829,0.0158784916341652,0.00150580167667553));
#15691=CARTESIAN_POINT('',(-0.229426626724417,0.0159289421052507,0.00148472453419926));
#15692=CARTESIAN_POINT('',(-0.282867402527982,0.0181603411660949,0.00144257024924673));
#15693=CARTESIAN_POINT('',(-0.309545201147017,0.0203413687674989,0.00142149310677046));
#15694=CARTESIAN_POINT('',(-0.336095760453827,0.0235808419711075,0.0014004159642942));
#15695=CARTESIAN_POINT('',(-0.0168054184067493,0.0358883505537689,0.000495646098441517));
#15696=CARTESIAN_POINT('',(-0.0430184055527707,0.0306123812099471,0.000489136274892409));
#15697=CARTESIAN_POINT('',(-0.0694422403079066,0.0263810846049956,0.0004826264513433));
#15698=CARTESIAN_POINT('',(-0.12254408353894,0.0200349428991941,0.000469606804245083));
#15699=CARTESIAN_POINT('',(-0.149222044884889,0.0179200070818906,0.000463096980695974));
#15700=CARTESIAN_POINT('',(-0.202662900748519,0.0158200701793031,0.000450077333597759));
#15701=CARTESIAN_POINT('',(-0.229425755943247,0.0158350430026958,0.00044356751004865));
#15702=CARTESIAN_POINT('',(-0.282866625664937,0.0179948021544042,0.000430547862950433));
#15703=CARTESIAN_POINT('',(-0.309544599825731,0.020139667358233,0.000424038039401325));
#15704=CARTESIAN_POINT('',(-0.336095541023401,0.0233426638367269,0.000417528215852217));
#15705=CARTESIAN_POINT('',(-0.0168054184067493,0.0360523935831868,-0.000663939480293608));
#15706=CARTESIAN_POINT('',(-0.0430184055527707,0.0307412282351906,-0.000655219288855426));
#15707=CARTESIAN_POINT('',(-0.0694422403079066,0.0264747356260647,-0.000646499097417244));
#15708=CARTESIAN_POINT('',(-0.12254408353894,0.0200582019119145,-0.00062905871454088));
#15709=CARTESIAN_POINT('',(-0.149222044884889,0.0179080700904365,-0.000620338523102697));
#15710=CARTESIAN_POINT('',(-0.202662900748519,0.0157377411795002,-0.000602898140226336));
#15711=CARTESIAN_POINT('',(-0.229425755943247,0.0157175179987185,-0.000594177948788153));
#15712=CARTESIAN_POINT('',(-0.282866625664937,0.0178068851420781,-0.000576737565911789));
#15713=CARTESIAN_POINT('',(-0.309544599825731,0.0199165543417325,-0.000568017374473608));
#15714=CARTESIAN_POINT('',(-0.336095541023401,0.0230843548160519,-0.000559297183035426));
#15715=CARTESIAN_POINT('',(-0.33392168249961,-0.0310883853932082,1.01184860154278E-17));
#15716=CARTESIAN_POINT('',(-0.334229146572353,-0.0312473999228788,0.00103747231758679));
#15717=CARTESIAN_POINT('',(-0.334706224386216,-0.0314831014078159,0.00313450094866756));
#15718=CARTESIAN_POINT('',(-0.33496472545378,-0.0316057799593439,0.00638288495744785));
#15719=CARTESIAN_POINT('',(-0.334711392448628,-0.0314855682593427,0.00964827951712046));
#15720=CARTESIAN_POINT('',(-0.333986086056533,-0.0311275752638402,0.0127894705353291));
#15721=CARTESIAN_POINT('',(-0.332845602037457,-0.0305195680347712,0.0158086191760463));
#15722=CARTESIAN_POINT('',(-0.330949938600148,-0.0294035979428941,0.0195068350511438));
#15723=CARTESIAN_POINT('',(-0.328602691964742,-0.0277760742764616,0.0228422644074415));
#15724=CARTESIAN_POINT('',(-0.326149599169826,-0.0256578408467651,0.0256942068991856));
#15725=CARTESIAN_POINT('',(-0.323650934842144,-0.0231591489568053,0.0282712168077619));
#15726=CARTESIAN_POINT('',(-0.321304059996362,-0.0202150326978656,0.030301799428946));
#15727=CARTESIAN_POINT('',(-0.31918260690329,-0.0166896568675246,0.0318182847076111));
#15728=CARTESIAN_POINT('',(-0.317818674727673,-0.0138793370440196,0.0326231875080213));
#15729=CARTESIAN_POINT('',(-0.316688118720677,-0.0109020361136821,0.0331076339252125));
#15730=CARTESIAN_POINT('',(-0.315811699923924,-0.00772749561507528,0.033253297547891));
#15731=CARTESIAN_POINT('',(-0.315248353191425,-0.00455723601044852,0.0330497403573504));
#15732=CARTESIAN_POINT('',(-0.314976876451331,-0.00134301004276377,0.0325072332145278));
#15733=CARTESIAN_POINT('',(-0.315001348757993,0.0018050812852108,0.0316380452520497));
#15734=CARTESIAN_POINT('',(-0.315290373700965,0.00482019124668088,0.0304820769819813));
#15735=CARTESIAN_POINT('',(-0.315822389426348,0.00772138728193266,0.0290332682860324));
#15736=CARTESIAN_POINT('',(-0.316783670778914,0.0112898497103139,0.0268025885124026));
#15737=CARTESIAN_POINT('',(-0.318391871144555,0.015282881205549,0.0234091002809101));
#15738=CARTESIAN_POINT('',(-0.32019307744663,0.0184202458779428,0.0193956144079518));
#15739=CARTESIAN_POINT('',(-0.321532910422384,0.0203834333421865,0.0157251905893333));
#15740=CARTESIAN_POINT('',(-0.322378847362499,0.0215067469520091,0.0128089804858854));
#15741=CARTESIAN_POINT('',(-0.322986475306508,0.0222579282993511,0.00965431372112503));
#15742=CARTESIAN_POINT('',(-0.323239309849666,0.0225576137556067,0.00643457843344836));
#15743=CARTESIAN_POINT('',(-0.323094095792429,0.0223862753454238,0.00313831899769426));
#15744=CARTESIAN_POINT('',(-0.322755358228451,0.0219739326025761,0.00103771445122727));
#15745=CARTESIAN_POINT('',(-0.322536867116689,0.0216973807689683,8.90191531733542E-19));
#15746=CARTESIAN_POINT('',(-0.35,2.14313189850787E-18,0.042));
#15747=CARTESIAN_POINT('',(-0.35,2.14313189850787E-18,0.04));
#15748=CARTESIAN_POINT('',(-0.315,2.14313189850787E-18,0.04));
#15749=CARTESIAN_POINT('',(-0.1925,0.,0.042));
#15750=CARTESIAN_POINT('',(-0.35,2.14313189850787E-18,0.042));
#15751=CARTESIAN_POINT('',(-0.317,2.14313189850787E-18,0.042));
#15752=CARTESIAN_POINT('',(-0.35,3.67394039744206E-18,0.042));
#15753=CARTESIAN_POINT('',(-0.325,3.67394039744206E-18,0.042));
#15754=CARTESIAN_POINT('',(-0.35,3.55147571752732E-18,0.04));
#15755=CARTESIAN_POINT('',(-0.35,3.55147571752732E-18,0.04));
#15756=CARTESIAN_POINT('',(-0.327,3.55147571752732E-18,0.04));
#15757=CARTESIAN_POINT('',(-0.35,3.55147571752732E-18,0.042));
#15758=CARTESIAN_POINT('',(-0.327,3.55147571752732E-18,0.042));
#15759=CARTESIAN_POINT('',(-0.35,3.67394039744206E-18,0.04));
#15760=CARTESIAN_POINT('',(-0.35,3.67394039744206E-18,0.04));
#15761=CARTESIAN_POINT('',(-0.325,3.67394039744206E-18,0.04));
#15762=CARTESIAN_POINT('',(-0.35,0.,0.04));
#15763=CARTESIAN_POINT('',(-0.1925,0.,0.042));
#15764=CARTESIAN_POINT('',(-0.35,2.14313189850787E-18,0.04));
#15765=CARTESIAN_POINT('',(0.,2.75545529808154E-18,0.038));
#15766=CARTESIAN_POINT('',(-0.35,1.22464679914735E-18,-0.02));
#15767=CARTESIAN_POINT('',(-0.35,1.22464679914735E-18,-0.02));
#15768=CARTESIAN_POINT('',(-0.365,1.22464679914735E-18,-0.02));
#15769=CARTESIAN_POINT('',(-0.16375,-0.00248020581596359,-0.02));
#15770=CARTESIAN_POINT('',(0.,-9.18485099360515E-19,-0.02));
#15771=CARTESIAN_POINT('',(0.,-9.18485099360515E-19,-0.02));
#15772=CARTESIAN_POINT('',(-0.015,-9.18485099360515E-19,-0.02));
#15773=CARTESIAN_POINT('',(-0.16375,-0.00248020581596359,-0.02));
#15774=CARTESIAN_POINT('',(-0.134666090206936,0.0690292992024206,0.245));
#15775=CARTESIAN_POINT('',(-0.304121310983514,0.0345382639062947,0.503375038268715));
#15776=CARTESIAN_POINT('',(-0.257624363351488,0.105457321423922,0.483282842911223));
#15777=MECHANICAL_DESIGN_GEOMETRIC_PRESENTATION_REPRESENTATION('',(#8414,
#8415,#8416,#8417,#8418,#8419,#8420,#8421,#8422,#8423),#15778);
#15778=(
GEOMETRIC_REPRESENTATION_CONTEXT(3)
GLOBAL_UNCERTAINTY_ASSIGNED_CONTEXT((#15789))
GLOBAL_UNIT_ASSIGNED_CONTEXT((#15802,#15801,#15800))
REPRESENTATION_CONTEXT('Final Assembly','TOP_LEVEL_ASSEMBLY_PART')
);
#15779=(
GEOMETRIC_REPRESENTATION_CONTEXT(3)
GLOBAL_UNCERTAINTY_ASSIGNED_CONTEXT((#15790))
GLOBAL_UNIT_ASSIGNED_CONTEXT((#15802,#15801,#15800))
REPRESENTATION_CONTEXT('end_effector_a','COMPONENT_PART')
);
#15780=(
GEOMETRIC_REPRESENTATION_CONTEXT(3)
GLOBAL_UNCERTAINTY_ASSIGNED_CONTEXT((#15791))
GLOBAL_UNIT_ASSIGNED_CONTEXT((#15802,#15801,#15800))
REPRESENTATION_CONTEXT('arm_link_3b','COMPONENT_PART')
);
#15781=(
GEOMETRIC_REPRESENTATION_CONTEXT(3)
GLOBAL_UNCERTAINTY_ASSIGNED_CONTEXT((#15792))
GLOBAL_UNIT_ASSIGNED_CONTEXT((#15802,#15801,#15800))
REPRESENTATION_CONTEXT('base_link','COMPONENT_PART')
);
#15782=(
GEOMETRIC_REPRESENTATION_CONTEXT(3)
GLOBAL_UNCERTAINTY_ASSIGNED_CONTEXT((#15793))
GLOBAL_UNIT_ASSIGNED_CONTEXT((#15802,#15801,#15800))
REPRESENTATION_CONTEXT('arm_link_3a','COMPONENT_PART')
);
#15783=(
GEOMETRIC_REPRESENTATION_CONTEXT(3)
GLOBAL_UNCERTAINTY_ASSIGNED_CONTEXT((#15794))
GLOBAL_UNIT_ASSIGNED_CONTEXT((#15802,#15801,#15800))
REPRESENTATION_CONTEXT('arm_link_1','COMPONENT_PART')
);
#15784=(
GEOMETRIC_REPRESENTATION_CONTEXT(3)
GLOBAL_UNCERTAINTY_ASSIGNED_CONTEXT((#15795))
GLOBAL_UNIT_ASSIGNED_CONTEXT((#15802,#15801,#15800))
REPRESENTATION_CONTEXT('end_effector_b','COMPONENT_PART')
);
#15785=(
GEOMETRIC_REPRESENTATION_CONTEXT(3)
GLOBAL_UNCERTAINTY_ASSIGNED_CONTEXT((#15796))
GLOBAL_UNIT_ASSIGNED_CONTEXT((#15802,#15801,#15800))
REPRESENTATION_CONTEXT('Prevailing torque nut thin M3x0.50',
'COMPONENT_PART')
);
#15786=(
GEOMETRIC_REPRESENTATION_CONTEXT(3)
GLOBAL_UNCERTAINTY_ASSIGNED_CONTEXT((#15797))
GLOBAL_UNIT_ASSIGNED_CONTEXT((#15802,#15801,#15800))
REPRESENTATION_CONTEXT('claw','COMPONENT_PART')
);
#15787=(
GEOMETRIC_REPRESENTATION_CONTEXT(3)
GLOBAL_UNCERTAINTY_ASSIGNED_CONTEXT((#15798))
GLOBAL_UNIT_ASSIGNED_CONTEXT((#15802,#15801,#15800))
REPRESENTATION_CONTEXT('Hex head screw grade A & B M3x0.50 x 30',
'COMPONENT_PART')
);
#15788=(
GEOMETRIC_REPRESENTATION_CONTEXT(3)
GLOBAL_UNCERTAINTY_ASSIGNED_CONTEXT((#15799))
GLOBAL_UNIT_ASSIGNED_CONTEXT((#15802,#15801,#15800))
REPRESENTATION_CONTEXT('arm_link_2','COMPONENT_PART')
);
#15789=UNCERTAINTY_MEASURE_WITH_UNIT(LENGTH_MEASURE(1.E-8),#15802,
'DISTANCE_ACCURACY_VALUE','Maximum Tolerance applied to model');
#15790=UNCERTAINTY_MEASURE_WITH_UNIT(LENGTH_MEASURE(1.E-8),#15802,
'DISTANCE_ACCURACY_VALUE','Maximum Tolerance applied to model');
#15791=UNCERTAINTY_MEASURE_WITH_UNIT(LENGTH_MEASURE(7.25832498606284E-6),
#15802,'DISTANCE_ACCURACY_VALUE','Maximum Tolerance applied to model');
#15792=UNCERTAINTY_MEASURE_WITH_UNIT(LENGTH_MEASURE(1.E-8),#15802,
'DISTANCE_ACCURACY_VALUE','Maximum Tolerance applied to model');
#15793=UNCERTAINTY_MEASURE_WITH_UNIT(LENGTH_MEASURE(2.E-5),#15802,
'DISTANCE_ACCURACY_VALUE','Maximum Tolerance applied to model');
#15794=UNCERTAINTY_MEASURE_WITH_UNIT(LENGTH_MEASURE(2.E-5),#15802,
'DISTANCE_ACCURACY_VALUE','Maximum Tolerance applied to model');
#15795=UNCERTAINTY_MEASURE_WITH_UNIT(LENGTH_MEASURE(1.E-8),#15802,
'DISTANCE_ACCURACY_VALUE','Maximum Tolerance applied to model');
#15796=UNCERTAINTY_MEASURE_WITH_UNIT(LENGTH_MEASURE(2.E-5),#15802,
'DISTANCE_ACCURACY_VALUE','Maximum Tolerance applied to model');
#15797=UNCERTAINTY_MEASURE_WITH_UNIT(LENGTH_MEASURE(1.E-8),#15802,
'DISTANCE_ACCURACY_VALUE','Maximum Tolerance applied to model');
#15798=UNCERTAINTY_MEASURE_WITH_UNIT(LENGTH_MEASURE(2.E-5),#15802,
'DISTANCE_ACCURACY_VALUE','Maximum Tolerance applied to model');
#15799=UNCERTAINTY_MEASURE_WITH_UNIT(LENGTH_MEASURE(2.E-5),#15802,
'DISTANCE_ACCURACY_VALUE','Maximum Tolerance applied to model');
#15800=(
NAMED_UNIT(*)
SI_UNIT($,.STERADIAN.)
SOLID_ANGLE_UNIT()
);
#15801=(
NAMED_UNIT(*)
PLANE_ANGLE_UNIT()
SI_UNIT($,.RADIAN.)
);
#15802=(
LENGTH_UNIT()
NAMED_UNIT(*)
SI_UNIT($,.METRE.)
);
#15803=PRODUCT_DEFINITION_SHAPE('','',#15827);
#15804=PRODUCT_DEFINITION_SHAPE('','',#15828);
#15805=PRODUCT_DEFINITION_SHAPE(' ','NAUO PRDDFN',#141);
#15806=PRODUCT_DEFINITION_SHAPE('','',#15829);
#15807=PRODUCT_DEFINITION_SHAPE(' ','NAUO PRDDFN',#142);
#15808=PRODUCT_DEFINITION_SHAPE('','',#15830);
#15809=PRODUCT_DEFINITION_SHAPE(' ','NAUO PRDDFN',#143);
#15810=PRODUCT_DEFINITION_SHAPE('','',#15831);
#15811=PRODUCT_DEFINITION_SHAPE(' ','NAUO PRDDFN',#144);
#15812=PRODUCT_DEFINITION_SHAPE('','',#15832);
#15813=PRODUCT_DEFINITION_SHAPE(' ','NAUO PRDDFN',#145);
#15814=PRODUCT_DEFINITION_SHAPE('','',#15833);
#15815=PRODUCT_DEFINITION_SHAPE(' ','NAUO PRDDFN',#146);
#15816=PRODUCT_DEFINITION_SHAPE('','',#15834);
#15817=PRODUCT_DEFINITION_SHAPE(' ','NAUO PRDDFN',#147);
#15818=PRODUCT_DEFINITION_SHAPE('','',#15835);
#15819=PRODUCT_DEFINITION_SHAPE(' ','NAUO PRDDFN',#148);
#15820=PRODUCT_DEFINITION_SHAPE('','',#15836);
#15821=PRODUCT_DEFINITION_SHAPE(' ','NAUO PRDDFN',#149);
#15822=PRODUCT_DEFINITION_SHAPE(' ','NAUO PRDDFN',#150);
#15823=PRODUCT_DEFINITION_SHAPE('','',#15837);
#15824=PRODUCT_DEFINITION_SHAPE(' ','NAUO PRDDFN',#151);
#15825=PRODUCT_DEFINITION_SHAPE(' ','NAUO PRDDFN',#152);
#15826=PRODUCT_DEFINITION_SHAPE(' ','NAUO PRDDFN',#153);
#15827=PRODUCT_DEFINITION('','',#15849,#15838);
#15828=PRODUCT_DEFINITION('','',#15850,#15839);
#15829=PRODUCT_DEFINITION('','',#15851,#15840);
#15830=PRODUCT_DEFINITION('','',#15852,#15841);
#15831=PRODUCT_DEFINITION('','',#15853,#15842);
#15832=PRODUCT_DEFINITION('','',#15854,#15843);
#15833=PRODUCT_DEFINITION('','',#15855,#15844);
#15834=PRODUCT_DEFINITION('','',#15856,#15845);
#15835=PRODUCT_DEFINITION('','',#15857,#15846);
#15836=PRODUCT_DEFINITION('','',#15858,#15847);
#15837=PRODUCT_DEFINITION('','',#15859,#15848);
#15838=PRODUCT_DEFINITION_CONTEXT('',#15905,'design');
#15839=PRODUCT_DEFINITION_CONTEXT('',#15905,'design');
#15840=PRODUCT_DEFINITION_CONTEXT('',#15905,'design');
#15841=PRODUCT_DEFINITION_CONTEXT('',#15905,'design');
#15842=PRODUCT_DEFINITION_CONTEXT('',#15905,'design');
#15843=PRODUCT_DEFINITION_CONTEXT('',#15905,'design');
#15844=PRODUCT_DEFINITION_CONTEXT('',#15905,'design');
#15845=PRODUCT_DEFINITION_CONTEXT('',#15905,'design');
#15846=PRODUCT_DEFINITION_CONTEXT('',#15905,'design');
#15847=PRODUCT_DEFINITION_CONTEXT('',#15905,'design');
#15848=PRODUCT_DEFINITION_CONTEXT('',#15905,'design');
#15849=PRODUCT_DEFINITION_FORMATION_WITH_SPECIFIED_SOURCE('','',#15871,
 .NOT_KNOWN.);
#15850=PRODUCT_DEFINITION_FORMATION_WITH_SPECIFIED_SOURCE('','',#15872,
 .NOT_KNOWN.);
#15851=PRODUCT_DEFINITION_FORMATION_WITH_SPECIFIED_SOURCE('','',#15873,
 .NOT_KNOWN.);
#15852=PRODUCT_DEFINITION_FORMATION_WITH_SPECIFIED_SOURCE('','',#15874,
 .NOT_KNOWN.);
#15853=PRODUCT_DEFINITION_FORMATION_WITH_SPECIFIED_SOURCE('','',#15875,
 .NOT_KNOWN.);
#15854=PRODUCT_DEFINITION_FORMATION_WITH_SPECIFIED_SOURCE('','',#15876,
 .NOT_KNOWN.);
#15855=PRODUCT_DEFINITION_FORMATION_WITH_SPECIFIED_SOURCE('','',#15877,
 .NOT_KNOWN.);
#15856=PRODUCT_DEFINITION_FORMATION_WITH_SPECIFIED_SOURCE('','',#15878,
 .NOT_KNOWN.);
#15857=PRODUCT_DEFINITION_FORMATION_WITH_SPECIFIED_SOURCE('','',#15879,
 .NOT_KNOWN.);
#15858=PRODUCT_DEFINITION_FORMATION_WITH_SPECIFIED_SOURCE('','',#15880,
 .NOT_KNOWN.);
#15859=PRODUCT_DEFINITION_FORMATION_WITH_SPECIFIED_SOURCE('','',#15881,
 .NOT_KNOWN.);
#15860=PRODUCT_RELATED_PRODUCT_CATEGORY('','',(#15871));
#15861=PRODUCT_RELATED_PRODUCT_CATEGORY('','',(#15872));
#15862=PRODUCT_RELATED_PRODUCT_CATEGORY('','',(#15873));
#15863=PRODUCT_RELATED_PRODUCT_CATEGORY('','',(#15874));
#15864=PRODUCT_RELATED_PRODUCT_CATEGORY('','',(#15875));
#15865=PRODUCT_RELATED_PRODUCT_CATEGORY('','',(#15876));
#15866=PRODUCT_RELATED_PRODUCT_CATEGORY('','',(#15877));
#15867=PRODUCT_RELATED_PRODUCT_CATEGORY('','',(#15878));
#15868=PRODUCT_RELATED_PRODUCT_CATEGORY('','',(#15879));
#15869=PRODUCT_RELATED_PRODUCT_CATEGORY('','',(#15880));
#15870=PRODUCT_RELATED_PRODUCT_CATEGORY('','',(#15881));
#15871=PRODUCT('Final Assembly','Final Assembly','Final Assembly',(#15893));
#15872=PRODUCT('end_effector_a','end_effector_a','end_effector_a',(#15894));
#15873=PRODUCT('arm_link_3b','arm_link_3b','arm_link_3b',(#15895));
#15874=PRODUCT('base_link','base_link','base_link',(#15896));
#15875=PRODUCT('arm_link_3a','arm_link_3a','arm_link_3a',(#15897));
#15876=PRODUCT('arm_link_1','arm_link_1','arm_link_1',(#15898));
#15877=PRODUCT('end_effector_b','end_effector_b','end_effector_b',(#15899));
#15878=PRODUCT('Prevailing torque nut thin M3x0.50',
'Prevailing torque nut thin M3x0.50',
'Prevailing torque nut thin M3x0.50',(#15900));
#15879=PRODUCT('claw','claw','claw',(#15901));
#15880=PRODUCT('Hex head screw grade A & B M3x0.50 x 30',
'Hex head screw grade A & B M3x0.50 x 30',
'Hex head screw grade A & B M3x0.50 x 30',(#15902));
#15881=PRODUCT('arm_link_2','arm_link_2','arm_link_2',(#15903));
#15882=PRODUCT_CATEGORY('','');
#15883=PRODUCT_CATEGORY('','');
#15884=PRODUCT_CATEGORY('','');
#15885=PRODUCT_CATEGORY('','');
#15886=PRODUCT_CATEGORY('','');
#15887=PRODUCT_CATEGORY('','');
#15888=PRODUCT_CATEGORY('','');
#15889=PRODUCT_CATEGORY('','');
#15890=PRODUCT_CATEGORY('','');
#15891=PRODUCT_CATEGORY('','');
#15892=PRODUCT_CATEGORY('','');
#15893=PRODUCT_CONTEXT('',#15905,'mechanical');
#15894=PRODUCT_CONTEXT('',#15905,'mechanical');
#15895=PRODUCT_CONTEXT('',#15905,'mechanical');
#15896=PRODUCT_CONTEXT('',#15905,'mechanical');
#15897=PRODUCT_CONTEXT('',#15905,'mechanical');
#15898=PRODUCT_CONTEXT('',#15905,'mechanical');
#15899=PRODUCT_CONTEXT('',#15905,'mechanical');
#15900=PRODUCT_CONTEXT('',#15905,'mechanical');
#15901=PRODUCT_CONTEXT('',#15905,'mechanical');
#15902=PRODUCT_CONTEXT('',#15905,'mechanical');
#15903=PRODUCT_CONTEXT('',#15905,'mechanical');
#15904=APPLICATION_PROTOCOL_DEFINITION('international standard',
'ap242_managed_model_based_3d_engineering',2020,#15905);
#15905=APPLICATION_CONTEXT('managed model based 3d engineering');
ENDSEC;
END-ISO-10303-21;
