ISO-10303-21;
HEADER;
/* Generated by software containing ST-Developer
 * from STEP Tools, Inc. (www.steptools.com) 
 */
/* OPTION: using custom renumber hook */

FILE_DESCRIPTION(
/* description */ ('STEP AP242 Edition 2',
'CAx-IF Rec.Pracs.---Representation and Presentation of Product Manufa
cturing Information (PMI)---4.0---2014-10-13',
'CAx-IF Rec.Pracs.---3D Tessellated Geometry---0.4---2014-09-14','2;1',
'CAx-IF Rec.Pracs.---User Defined Attributes---1.5---2016-08-15'),
/* implementation_level */ '2;1');

FILE_NAME(
/* name */ '6a7dd65da3d85c8694b0042e',
/* time_stamp */ '2026-08-13T14:36:14Z',
/* author */ (''),
/* organization */ (''),
/* preprocessor_version */ 'ST-DEVELOPER v20',
/* originating_system */ 'ONSHAPE BY PTC INC, 1.219',
/* authorisation */ '  ');

FILE_SCHEMA (('AP242_MANAGED_MODEL_BASED_3D_ENGINEERING_MIM_LF { 1 0 10303 442 3 1 4 }'));
ENDSEC;

DATA;
#10=TOROIDAL_SURFACE('',#9328,0.006,0.002);
#11=TOROIDAL_SURFACE('',#9335,0.006,0.002);
#12=TOROIDAL_SURFACE('',#9342,0.006,0.002);
#13=TOROIDAL_SURFACE('',#9470,0.006,0.002);
#14=DRAUGHTING_PRE_DEFINED_COLOUR('blue');
#15=B_SPLINE_SURFACE_WITH_KNOTS('',3,1,((#12891,#12892),(#12893,#12894),
(#12895,#12896),(#12897,#12898),(#12899,#12900),(#12901,#12902),(#12903,
#12904)),.SURF_OF_LINEAR_EXTRUSION.,.F.,.F.,.F.,(4,1,1,1,4),(2,2),(3.07169951323912,
3.53945010544394,4.00720069764877,4.4749512898536,4.94270188205842),(0.,
1.),.UNSPECIFIED.);
#16=B_SPLINE_SURFACE_WITH_KNOTS('',3,1,((#12910,#12911),(#12912,#12913),
(#12914,#12915),(#12916,#12917),(#12918,#12919),(#12920,#12921),(#12922,
#12923)),.SURF_OF_LINEAR_EXTRUSION.,.F.,.F.,.F.,(4,1,1,1,4),(2,2),(3.07169951323912,
3.53945010544394,4.00720069764877,4.4749512898536,4.94270188205842),(0.,
1.),.UNSPECIFIED.);
#17=B_SPLINE_SURFACE_WITH_KNOTS('',3,1,((#12944,#12945),(#12946,#12947),
(#12948,#12949),(#12950,#12951),(#12952,#12953),(#12954,#12955),(#12956,
#12957),(#12958,#12959),(#12960,#12961),(#12962,#12963),(#12964,#12965)),
 .SURF_OF_LINEAR_EXTRUSION.,.F.,.F.,.F.,(4,1,1,1,1,1,1,1,4),(2,2),(0.,0.112533209239342,
0.225066418478685,0.337599627718027,0.45013283695737,0.562666046196712,
0.675199255436055,0.787732464675397,0.90026567391474),(0.,1.),
 .UNSPECIFIED.);
#18=B_SPLINE_SURFACE_WITH_KNOTS('',3,1,((#12975,#12976),(#12977,#12978),
(#12979,#12980),(#12981,#12982),(#12983,#12984),(#12985,#12986),(#12987,
#12988),(#12989,#12990),(#12991,#12992),(#12993,#12994),(#12995,#12996)),
 .SURF_OF_LINEAR_EXTRUSION.,.F.,.F.,.F.,(4,1,1,1,1,1,1,1,4),(2,2),(0.,0.112533209239342,
0.225066418478685,0.337599627718027,0.45013283695737,0.562666046196712,
0.675199255436055,0.787732464675397,0.90026567391474),(0.,1.),
 .UNSPECIFIED.);
#19=ELLIPSE('',#8892,0.005901248619812,0.00575);
#20=ELLIPSE('',#8895,0.00575,0.0056026278725151);
#21=ELLIPSE('',#8897,0.005901248619812,0.00575);
#22=ELLIPSE('',#8898,0.005901248619812,0.00575);
#23=ELLIPSE('',#8899,0.00575,0.0056026278725151);
#24=ELLIPSE('',#8903,0.005901248619812,0.00575);
#25=ELLIPSE('',#8906,0.00575,0.0056026278725151);
#26=ELLIPSE('',#8908,0.005901248619812,0.00575);
#27=ELLIPSE('',#8909,0.005901248619812,0.00575);
#28=ELLIPSE('',#8910,0.00575,0.0056026278725151);
#29=ELLIPSE('',#8914,0.0355957271962245,0.00575);
#30=ELLIPSE('',#8915,0.0355957271962245,0.00575);
#31=ELLIPSE('',#9185,0.00424264068711928,0.003);
#32=ELLIPSE('',#9186,0.000707106781186547,0.0005);
#33=ELLIPSE('',#9207,0.000707106781186548,0.0005);
#34=ELLIPSE('',#9216,0.00282842712474619,0.002);
#35=ELLIPSE('',#9257,0.00188811863770051,0.00125);
#36=ELLIPSE('',#9259,0.00188811863770051,0.00125);
#37=ELLIPSE('',#9295,0.00369879798067492,0.002);
#38=ELLIPSE('',#9296,0.00369879798067492,0.002);
#39=ELLIPSE('',#9307,0.00220567335259457,0.002);
#40=ELLIPSE('',#9308,0.00220567335259457,0.002);
#41=ELLIPSE('',#9310,0.00369879798067492,0.002);
#42=B_SPLINE_CURVE_WITH_KNOTS('',3,(#12257,#12258,#12259,#12260),
 .UNSPECIFIED.,.F.,.F.,(4,4),(3.18325121567613E-7,0.00291071548836423),
 .UNSPECIFIED.);
#43=B_SPLINE_CURVE_WITH_KNOTS('',3,(#12263,#12264,#12265,#12266),
 .UNSPECIFIED.,.F.,.F.,(4,4),(3.13763338406709E-7,0.0028181245909823),
 .UNSPECIFIED.);
#44=B_SPLINE_CURVE_WITH_KNOTS('',3,(#12270,#12271,#12272,#12273),
 .UNSPECIFIED.,.F.,.F.,(4,4),(2.88328078633246E-7,0.00281823202743658),
 .UNSPECIFIED.);
#45=B_SPLINE_CURVE_WITH_KNOTS('',3,(#12275,#12276,#12277,#12278),
 .UNSPECIFIED.,.F.,.F.,(4,4),(2.87957572330491E-7,0.00291068512081499),
 .UNSPECIFIED.);
#46=B_SPLINE_CURVE_WITH_KNOTS('',3,(#12282,#12283,#12284,#12285),
 .UNSPECIFIED.,.F.,.F.,(4,4),(0.00675430314680034,0.00966460991139123),
 .UNSPECIFIED.);
#47=B_SPLINE_CURVE_WITH_KNOTS('',3,(#12290,#12291,#12292,#12293),
 .UNSPECIFIED.,.F.,.F.,(4,4),(3.18325121568391E-7,0.00291071548836424),
 .UNSPECIFIED.);
#48=B_SPLINE_CURVE_WITH_KNOTS('',3,(#12295,#12296,#12297,#12298),
 .UNSPECIFIED.,.F.,.F.,(4,4),(5.43504474063991E-7,0.00281835590155101),
 .UNSPECIFIED.);
#49=B_SPLINE_CURVE_WITH_KNOTS('',3,(#12302,#12303,#12304,#12305),
 .UNSPECIFIED.,.F.,.F.,(4,4),(2.88328079128987E-7,0.00281823178515579),
 .UNSPECIFIED.);
#50=B_SPLINE_CURVE_WITH_KNOTS('',3,(#12310,#12311,#12312,#12313),
 .UNSPECIFIED.,.F.,.F.,(4,4),(2.88328078686447E-7,0.00281823335139427),
 .UNSPECIFIED.);
#51=B_SPLINE_CURVE_WITH_KNOTS('',3,(#12315,#12316,#12317,#12318),
 .UNSPECIFIED.,.F.,.F.,(4,4),(2.87957572328978E-7,0.002910685120815),
 .UNSPECIFIED.);
#52=B_SPLINE_CURVE_WITH_KNOTS('',3,(#12322,#12323,#12324,#12325),
 .UNSPECIFIED.,.F.,.F.,(4,4),(0.0063546071565359,0.00926426050137062),
 .UNSPECIFIED.);
#53=B_SPLINE_CURVE_WITH_KNOTS('',3,(#12327,#12328,#12329,#12330),
 .UNSPECIFIED.,.F.,.F.,(4,4),(2.71721006968521E-7,0.00281808226135833),
 .UNSPECIFIED.);
#54=B_SPLINE_CURVE_WITH_KNOTS('',3,(#12335,#12336,#12337,#12338),
 .UNSPECIFIED.,.F.,.F.,(4,4),(2.88328079130859E-7,0.00281823202743709),
 .UNSPECIFIED.);
#55=B_SPLINE_CURVE_WITH_KNOTS('',3,(#12340,#12341,#12342,#12343),
 .UNSPECIFIED.,.F.,.F.,(4,4),(2.87957572330334E-7,0.00291068512081499),
 .UNSPECIFIED.);
#56=B_SPLINE_CURVE_WITH_KNOTS('',3,(#12347,#12348,#12349,#12350),
 .UNSPECIFIED.,.F.,.F.,(4,4),(3.18325121568933E-7,0.00291071548836423),
 .UNSPECIFIED.);
#57=B_SPLINE_CURVE_WITH_KNOTS('',3,(#12352,#12353,#12354,#12355),
 .UNSPECIFIED.,.F.,.F.,(4,4),(3.13763338406709E-7,0.00281812459098231),
 .UNSPECIFIED.);
#58=B_SPLINE_CURVE_WITH_KNOTS('',3,(#12360,#12361,#12362,#12363),
 .UNSPECIFIED.,.F.,.F.,(4,4),(2.88328078066512E-7,0.00281823335139365),
 .UNSPECIFIED.);
#59=B_SPLINE_CURVE_WITH_KNOTS('',3,(#12365,#12366,#12367,#12368),
 .UNSPECIFIED.,.F.,.F.,(4,4),(2.87957572328978E-7,0.002910685120815),
 .UNSPECIFIED.);
#60=B_SPLINE_CURVE_WITH_KNOTS('',3,(#12372,#12373,#12374,#12375),
 .UNSPECIFIED.,.F.,.F.,(4,4),(0.00635460715653593,0.00926426050137065),
 .UNSPECIFIED.);
#61=B_SPLINE_CURVE_WITH_KNOTS('',3,(#12377,#12378,#12379,#12380),
 .UNSPECIFIED.,.F.,.F.,(4,4),(2.71721006968521E-7,0.00281808226135833),
 .UNSPECIFIED.);
#62=B_SPLINE_CURVE_WITH_KNOTS('',3,(#12385,#12386,#12387,#12388),
 .UNSPECIFIED.,.F.,.F.,(4,4),(2.88328079129675E-7,0.00281823178515579),
 .UNSPECIFIED.);
#63=B_SPLINE_CURVE_WITH_KNOTS('',3,(#12390,#12391,#12392,#12393),
 .UNSPECIFIED.,.F.,.F.,(4,4),(0.00675430314680034,0.00966460991139123),
 .UNSPECIFIED.);
#64=B_SPLINE_CURVE_WITH_KNOTS('',3,(#12397,#12398,#12399,#12400),
 .UNSPECIFIED.,.F.,.F.,(4,4),(3.18325121568391E-7,0.00291071548836423),
 .UNSPECIFIED.);
#65=B_SPLINE_CURVE_WITH_KNOTS('',3,(#12402,#12403,#12404,#12405),
 .UNSPECIFIED.,.F.,.F.,(4,4),(5.43504474063991E-7,0.00281835590155101),
 .UNSPECIFIED.);
#66=B_SPLINE_CURVE_WITH_KNOTS('',3,(#12481,#12482,#12483,#12484),
 .UNSPECIFIED.,.F.,.F.,(4,4),(3.18328348703899E-7,0.000869077293747374),
 .UNSPECIFIED.);
#67=B_SPLINE_CURVE_WITH_KNOTS('',3,(#12490,#12491,#12492,#12493),
 .UNSPECIFIED.,.F.,.F.,(4,4),(3.0378232698585E-7,0.00345126685633989),
 .UNSPECIFIED.);
#68=B_SPLINE_CURVE_WITH_KNOTS('',3,(#12497,#12498,#12499,#12500),
 .UNSPECIFIED.,.F.,.F.,(4,4),(3.13763338407931E-7,0.0034352326875043),
 .UNSPECIFIED.);
#69=B_SPLINE_CURVE_WITH_KNOTS('',3,(#12504,#12505,#12506,#12507),
 .UNSPECIFIED.,.F.,.F.,(4,4),(2.89624317444931E-7,0.000869048589716115),
 .UNSPECIFIED.);
#70=B_SPLINE_CURVE_WITH_KNOTS('',3,(#12513,#12514,#12515,#12516),
 .UNSPECIFIED.,.F.,.F.,(4,4),(3.03782326995108E-7,0.00345125933142211),
 .UNSPECIFIED.);
#71=B_SPLINE_CURVE_WITH_KNOTS('',3,(#12520,#12521,#12522,#12523),
 .UNSPECIFIED.,.F.,.F.,(4,4),(2.71721006969816E-7,0.00343518984509218),
 .UNSPECIFIED.);
#72=B_SPLINE_CURVE_WITH_KNOTS('',3,(#12529,#12530,#12531,#12532),
 .UNSPECIFIED.,.F.,.F.,(4,4),(0.00482714226475851,0.00569589599760786),
 .UNSPECIFIED.);
#73=B_SPLINE_CURVE_WITH_KNOTS('',3,(#12534,#12535,#12536,#12537),
 .UNSPECIFIED.,.F.,.F.,(4,4),(0.00456293029203668,0.00543165909038958),
 .UNSPECIFIED.);
#74=B_SPLINE_CURVE_WITH_KNOTS('',3,(#12545,#12546,#12547,#12548),
 .UNSPECIFIED.,.F.,.F.,(4,4),(3.03782326996582E-7,0.00345126049545009),
 .UNSPECIFIED.);
#75=B_SPLINE_CURVE_WITH_KNOTS('',3,(#12552,#12553,#12554,#12555),
 .UNSPECIFIED.,.F.,.F.,(4,4),(5.43504474065215E-7,0.00343546680053578),
 .UNSPECIFIED.);
#76=B_SPLINE_CURVE_WITH_KNOTS('',3,(#12561,#12562,#12563,#12564),
 .UNSPECIFIED.,.F.,.F.,(4,4),(2.89624317446671E-7,0.000869048589716116),
 .UNSPECIFIED.);
#77=B_SPLINE_CURVE_WITH_KNOTS('',3,(#12566,#12567,#12568,#12569),
 .UNSPECIFIED.,.F.,.F.,(4,4),(3.18328348705874E-7,0.000869077293747376),
 .UNSPECIFIED.);
#78=B_SPLINE_CURVE_WITH_KNOTS('',3,(#12577,#12578,#12579,#12580),
 .UNSPECIFIED.,.F.,.F.,(4,4),(3.03782326980074E-7,0.00345126685633989),
 .UNSPECIFIED.);
#79=B_SPLINE_CURVE_WITH_KNOTS('',3,(#12584,#12585,#12586,#12587),
 .UNSPECIFIED.,.F.,.F.,(4,4),(3.13763338407931E-7,0.0034352326875043),
 .UNSPECIFIED.);
#80=B_SPLINE_CURVE_WITH_KNOTS('',3,(#12593,#12594,#12595,#12596),
 .UNSPECIFIED.,.F.,.F.,(4,4),(2.89624317449269E-7,0.000869048589716126),
 .UNSPECIFIED.);
#81=B_SPLINE_CURVE_WITH_KNOTS('',3,(#12598,#12599,#12600,#12601),
 .UNSPECIFIED.,.F.,.F.,(4,4),(3.18328348740775E-7,0.000869077293747411),
 .UNSPECIFIED.);
#82=B_SPLINE_CURVE_WITH_KNOTS('',3,(#12609,#12610,#12611,#12612),
 .UNSPECIFIED.,.F.,.F.,(4,4),(0.00456293029203668,0.00543165909038958),
 .UNSPECIFIED.);
#83=B_SPLINE_CURVE_WITH_KNOTS('',3,(#12618,#12619,#12620,#12621),
 .UNSPECIFIED.,.F.,.F.,(4,4),(3.03782326991841E-7,0.00345125933142211),
 .UNSPECIFIED.);
#84=B_SPLINE_CURVE_WITH_KNOTS('',3,(#12625,#12626,#12627,#12628),
 .UNSPECIFIED.,.F.,.F.,(4,4),(2.71721006969745E-7,0.00343518984509218),
 .UNSPECIFIED.);
#85=B_SPLINE_CURVE_WITH_KNOTS('',3,(#12632,#12633,#12634,#12635),
 .UNSPECIFIED.,.F.,.F.,(4,4),(0.00482714226475851,0.00569589599760786),
 .UNSPECIFIED.);
#86=B_SPLINE_CURVE_WITH_KNOTS('',3,(#12641,#12642,#12643,#12644),
 .UNSPECIFIED.,.F.,.F.,(4,4),(3.03782326996582E-7,0.00345126049545008),
 .UNSPECIFIED.);
#87=B_SPLINE_CURVE_WITH_KNOTS('',3,(#12648,#12649,#12650,#12651),
 .UNSPECIFIED.,.F.,.F.,(4,4),(5.43504474060161E-7,0.00343546680053577),
 .UNSPECIFIED.);
#88=B_SPLINE_CURVE_WITH_KNOTS('',3,(#12657,#12658,#12659,#12660),
 .UNSPECIFIED.,.F.,.F.,(4,4),(2.89624317446671E-7,0.000869048589716116),
 .UNSPECIFIED.);
#89=B_SPLINE_CURVE_WITH_KNOTS('',3,(#12662,#12663,#12664,#12665),
 .UNSPECIFIED.,.F.,.F.,(4,4),(3.18328348701222E-7,0.000869077293747381),
 .UNSPECIFIED.);
#90=B_SPLINE_CURVE_WITH_KNOTS('',3,(#12807,#12808,#12809,#12810,#12811),
 .UNSPECIFIED.,.F.,.F.,(4,1,4),(0.,0.346038519881363,0.90026567391474),
 .UNSPECIFIED.);
#91=B_SPLINE_CURVE_WITH_KNOTS('',3,(#12817,#12818,#12819,#12820),
 .UNSPECIFIED.,.F.,.F.,(4,4),(0.00222144510716241,0.00255616244137282),
 .UNSPECIFIED.);
#92=B_SPLINE_CURVE_WITH_KNOTS('',3,(#12826,#12827,#12828,#12829,#12830),
 .UNSPECIFIED.,.F.,.F.,(4,1,4),(0.,0.346038519881363,0.90026567391474),
 .UNSPECIFIED.);
#93=B_SPLINE_CURVE_WITH_KNOTS('',3,(#12857,#12858,#12859,#12860,#12861),
 .UNSPECIFIED.,.F.,.F.,(4,1,4),(0.,0.346038519881363,0.90026567391474),
 .UNSPECIFIED.);
#94=B_SPLINE_CURVE_WITH_KNOTS('',3,(#12867,#12868,#12869,#12870),
 .UNSPECIFIED.,.F.,.F.,(4,4),(0.00222144510716241,0.00255616244137282),
 .UNSPECIFIED.);
#95=B_SPLINE_CURVE_WITH_KNOTS('',3,(#12876,#12877,#12878,#12879,#12880),
 .UNSPECIFIED.,.F.,.F.,(4,1,4),(0.,0.346038519881363,0.90026567391474),
 .UNSPECIFIED.);
#96=B_SPLINE_CURVE_WITH_KNOTS('',3,(#12905,#12906,#12907,#12908),
 .UNSPECIFIED.,.F.,.F.,(4,4),(0.,0.000152814194251907),.UNSPECIFIED.);
#97=B_SPLINE_CURVE_WITH_KNOTS('',3,(#12924,#12925,#12926,#12927),
 .UNSPECIFIED.,.F.,.F.,(4,4),(0.,0.000152814194251909),.UNSPECIFIED.);
#98=B_SPLINE_CURVE_WITH_KNOTS('',3,(#13575,#13576,#13577,#13578,#13579),
 .UNSPECIFIED.,.F.,.F.,(4,1,4),(1.30104260698261E-18,0.000428270673055567,
0.000856541346111133),.UNSPECIFIED.);
#99=B_SPLINE_CURVE_WITH_KNOTS('',3,(#13925,#13926,#13927,#13928),
 .UNSPECIFIED.,.F.,.F.,(4,4),(0.,0.00105985637080875),.UNSPECIFIED.);
#100=B_SPLINE_CURVE_WITH_KNOTS('',3,(#13970,#13971,#13972,#13973),
 .UNSPECIFIED.,.F.,.F.,(4,4),(0.,0.00105983635091245),.UNSPECIFIED.);
#101=B_SPLINE_CURVE_WITH_KNOTS('',3,(#13988,#13989,#13990,#13991,#13992,
#13993,#13994,#13995,#13996,#13997,#13998),.UNSPECIFIED.,.F.,.F.,(4,1,1,
1,1,1,1,1,4),(0.,0.000853665603667643,0.00170733120733529,0.00256099681100293,
0.00341466241467057,0.00426832801833821,0.00512199362200585,0.0059756592256735,
0.00682932482934114),.UNSPECIFIED.);
#102=B_SPLINE_CURVE_WITH_KNOTS('',3,(#14003,#14004,#14005,#14006,#14007,
#14008,#14009,#14010,#14011,#14012,#14013),.UNSPECIFIED.,.F.,.F.,(4,1,1,
1,1,1,1,1,4),(0.,0.000853665603667647,0.00170733120733529,0.00256099681100294,
0.00341466241467059,0.00426832801833823,0.00512199362200588,0.00597565922567353,
0.00682932482934118),.UNSPECIFIED.);
#103=B_SPLINE_CURVE_WITH_KNOTS('',3,(#14024,#14025,#14026,#14027,#14028,
#14029,#14030,#14031,#14032,#14033,#14034),.UNSPECIFIED.,.F.,.F.,(4,1,1,
1,1,1,1,1,4),(0.,0.000853665603667647,0.00170733120733529,0.00256099681100294,
0.00341466241467059,0.00426832801833823,0.00512199362200588,0.00597565922567353,
0.00682932482934117),.UNSPECIFIED.);
#104=B_SPLINE_CURVE_WITH_KNOTS('',3,(#14038,#14039,#14040,#14041,#14042,
#14043,#14044,#14045,#14046,#14047,#14048),.UNSPECIFIED.,.F.,.F.,(4,1,1,
1,1,1,1,1,4),(0.,0.000853665603667645,0.00170733120733529,0.00256099681100294,
0.00341466241467058,0.00426832801833823,0.00512199362200587,0.00597565922567352,
0.00682932482934116),.UNSPECIFIED.);
#105=B_SPLINE_CURVE_WITH_KNOTS('',3,(#14140,#14141,#14142,#14143,#14144),
 .UNSPECIFIED.,.F.,.F.,(4,1,4),(0.,0.000428502921408286,0.000857005842816572),
 .UNSPECIFIED.);
#106=CONICAL_SURFACE('',#8719,0.0115,0.785398163397449);
#107=CONICAL_SURFACE('',#8722,0.0115,0.785398163397449);
#108=CONICAL_SURFACE('',#8725,0.0115,0.785398163397449);
#109=CONICAL_SURFACE('',#8728,0.0115,0.785398163397449);
#110=CONICAL_SURFACE('',#8731,0.0115,0.785398163397449);
#111=CONICAL_SURFACE('',#8734,0.0115,0.785398163397449);
#112=CONICAL_SURFACE('',#8772,0.0095,0.785398163397448);
#113=CONICAL_SURFACE('',#8841,0.0070857864376269,0.785398163397449);
#114=CONICAL_SURFACE('',#8889,0.00125,0.785398163397448);
#115=CONICAL_SURFACE('',#8936,0.0025,0.785398163397452);
#116=CONICAL_SURFACE('',#8937,0.0035,0.785398163397446);
#117=LINE('',#12002,#787);
#118=LINE('',#12005,#788);
#119=LINE('',#12007,#789);
#120=LINE('',#12009,#790);
#121=LINE('',#12013,#791);
#122=LINE('',#12017,#792);
#123=LINE('',#12019,#793);
#124=LINE('',#12021,#794);
#125=LINE('',#12025,#795);
#126=LINE('',#12029,#796);
#127=LINE('',#12031,#797);
#128=LINE('',#12033,#798);
#129=LINE('',#12037,#799);
#130=LINE('',#12041,#800);
#131=LINE('',#12043,#801);
#132=LINE('',#12045,#802);
#133=LINE('',#12047,#803);
#134=LINE('',#12051,#804);
#135=LINE('',#12055,#805);
#136=LINE('',#12059,#806);
#137=LINE('',#12063,#807);
#138=LINE('',#12067,#808);
#139=LINE('',#12071,#809);
#140=LINE('',#12073,#810);
#141=LINE('',#12074,#811);
#142=LINE('',#12079,#812);
#143=LINE('',#12081,#813);
#144=LINE('',#12083,#814);
#145=LINE('',#12087,#815);
#146=LINE('',#12091,#816);
#147=LINE('',#12095,#817);
#148=LINE('',#12099,#818);
#149=LINE('',#12126,#819);
#150=LINE('',#12128,#820);
#151=LINE('',#12130,#821);
#152=LINE('',#12133,#822);
#153=LINE('',#12135,#823);
#154=LINE('',#12137,#824);
#155=LINE('',#12141,#825);
#156=LINE('',#12143,#826);
#157=LINE('',#12145,#827);
#158=LINE('',#12147,#828);
#159=LINE('',#12149,#829);
#160=LINE('',#12151,#830);
#161=LINE('',#12153,#831);
#162=LINE('',#12157,#832);
#163=LINE('',#12159,#833);
#164=LINE('',#12161,#834);
#165=LINE('',#12165,#835);
#166=LINE('',#12167,#836);
#167=LINE('',#12169,#837);
#168=LINE('',#12173,#838);
#169=LINE('',#12175,#839);
#170=LINE('',#12177,#840);
#171=LINE('',#12181,#841);
#172=LINE('',#12183,#842);
#173=LINE('',#12185,#843);
#174=LINE('',#12187,#844);
#175=LINE('',#12189,#845);
#176=LINE('',#12191,#846);
#177=LINE('',#12193,#847);
#178=LINE('',#12197,#848);
#179=LINE('',#12199,#849);
#180=LINE('',#12201,#850);
#181=LINE('',#12205,#851);
#182=LINE('',#12207,#852);
#183=LINE('',#12209,#853);
#184=LINE('',#12213,#854);
#185=LINE('',#12215,#855);
#186=LINE('',#12217,#856);
#187=LINE('',#12221,#857);
#188=LINE('',#12223,#858);
#189=LINE('',#12225,#859);
#190=LINE('',#12229,#860);
#191=LINE('',#12231,#861);
#192=LINE('',#12233,#862);
#193=LINE('',#12479,#863);
#194=LINE('',#12486,#864);
#195=LINE('',#12488,#865);
#196=LINE('',#12502,#866);
#197=LINE('',#12511,#867);
#198=LINE('',#12525,#868);
#199=LINE('',#12527,#869);
#200=LINE('',#12539,#870);
#201=LINE('',#12543,#871);
#202=LINE('',#12557,#872);
#203=LINE('',#12559,#873);
#204=LINE('',#12571,#874);
#205=LINE('',#12575,#875);
#206=LINE('',#12589,#876);
#207=LINE('',#12591,#877);
#208=LINE('',#12603,#878);
#209=LINE('',#12607,#879);
#210=LINE('',#12614,#880);
#211=LINE('',#12616,#881);
#212=LINE('',#12630,#882);
#213=LINE('',#12639,#883);
#214=LINE('',#12653,#884);
#215=LINE('',#12655,#885);
#216=LINE('',#12667,#886);
#217=LINE('',#12746,#887);
#218=LINE('',#12749,#888);
#219=LINE('',#12751,#889);
#220=LINE('',#12753,#890);
#221=LINE('',#12755,#891);
#222=LINE('',#12757,#892);
#223=LINE('',#12759,#893);
#224=LINE('',#12761,#894);
#225=LINE('',#12763,#895);
#226=LINE('',#12765,#896);
#227=LINE('',#12767,#897);
#228=LINE('',#12769,#898);
#229=LINE('',#12771,#899);
#230=LINE('',#12773,#900);
#231=LINE('',#12775,#901);
#232=LINE('',#12777,#902);
#233=LINE('',#12779,#903);
#234=LINE('',#12780,#904);
#235=LINE('',#12792,#905);
#236=LINE('',#12797,#906);
#237=LINE('',#12799,#907);
#238=LINE('',#12803,#908);
#239=LINE('',#12834,#909);
#240=LINE('',#12838,#910);
#241=LINE('',#12840,#911);
#242=LINE('',#12842,#912);
#243=LINE('',#12847,#913);
#244=LINE('',#12849,#914);
#245=LINE('',#12853,#915);
#246=LINE('',#12884,#916);
#247=LINE('',#12888,#917);
#248=LINE('',#12890,#918);
#249=LINE('',#12909,#919);
#250=LINE('',#12928,#920);
#251=LINE('',#12935,#921);
#252=LINE('',#12937,#922);
#253=LINE('',#12938,#923);
#254=LINE('',#12940,#924);
#255=LINE('',#12941,#925);
#256=LINE('',#12997,#926);
#257=LINE('',#12999,#927);
#258=LINE('',#13001,#928);
#259=LINE('',#13003,#929);
#260=LINE('',#13005,#930);
#261=LINE('',#13025,#931);
#262=LINE('',#13029,#932);
#263=LINE('',#13033,#933);
#264=LINE('',#13037,#934);
#265=LINE('',#13041,#935);
#266=LINE('',#13045,#936);
#267=LINE('',#13049,#937);
#268=LINE('',#13053,#938);
#269=LINE('',#13057,#939);
#270=LINE('',#13061,#940);
#271=LINE('',#13065,#941);
#272=LINE('',#13069,#942);
#273=LINE('',#13070,#943);
#274=LINE('',#13073,#944);
#275=LINE('',#13075,#945);
#276=LINE('',#13077,#946);
#277=LINE('',#13079,#947);
#278=LINE('',#13081,#948);
#279=LINE('',#13083,#949);
#280=LINE('',#13085,#950);
#281=LINE('',#13086,#951);
#282=LINE('',#13091,#952);
#283=LINE('',#13095,#953);
#284=LINE('',#13099,#954);
#285=LINE('',#13103,#955);
#286=LINE('',#13107,#956);
#287=LINE('',#13111,#957);
#288=LINE('',#13115,#958);
#289=LINE('',#13119,#959);
#290=LINE('',#13123,#960);
#291=LINE('',#13127,#961);
#292=LINE('',#13131,#962);
#293=LINE('',#13134,#963);
#294=LINE('',#13137,#964);
#295=LINE('',#13139,#965);
#296=LINE('',#13141,#966);
#297=LINE('',#13146,#967);
#298=LINE('',#13150,#968);
#299=LINE('',#13154,#969);
#300=LINE('',#13158,#970);
#301=LINE('',#13162,#971);
#302=LINE('',#13166,#972);
#303=LINE('',#13170,#973);
#304=LINE('',#13174,#974);
#305=LINE('',#13178,#975);
#306=LINE('',#13182,#976);
#307=LINE('',#13186,#977);
#308=LINE('',#13190,#978);
#309=LINE('',#13191,#979);
#310=LINE('',#13196,#980);
#311=LINE('',#13200,#981);
#312=LINE('',#13204,#982);
#313=LINE('',#13208,#983);
#314=LINE('',#13212,#984);
#315=LINE('',#13216,#985);
#316=LINE('',#13220,#986);
#317=LINE('',#13224,#987);
#318=LINE('',#13228,#988);
#319=LINE('',#13232,#989);
#320=LINE('',#13236,#990);
#321=LINE('',#13239,#991);
#322=LINE('',#13242,#992);
#323=LINE('',#13246,#993);
#324=LINE('',#13250,#994);
#325=LINE('',#13252,#995);
#326=LINE('',#13254,#996);
#327=LINE('',#13258,#997);
#328=LINE('',#13262,#998);
#329=LINE('',#13264,#999);
#330=LINE('',#13266,#1000);
#331=LINE('',#13270,#1001);
#332=LINE('',#13274,#1002);
#333=LINE('',#13276,#1003);
#334=LINE('',#13278,#1004);
#335=LINE('',#13282,#1005);
#336=LINE('',#13286,#1006);
#337=LINE('',#13303,#1007);
#338=LINE('',#13306,#1008);
#339=LINE('',#13308,#1009);
#340=LINE('',#13310,#1010);
#341=LINE('',#13312,#1011);
#342=LINE('',#13315,#1012);
#343=LINE('',#13319,#1013);
#344=LINE('',#13323,#1014);
#345=LINE('',#13325,#1015);
#346=LINE('',#13327,#1016);
#347=LINE('',#13331,#1017);
#348=LINE('',#13335,#1018);
#349=LINE('',#13337,#1019);
#350=LINE('',#13339,#1020);
#351=LINE('',#13343,#1021);
#352=LINE('',#13347,#1022);
#353=LINE('',#13349,#1023);
#354=LINE('',#13351,#1024);
#355=LINE('',#13355,#1025);
#356=LINE('',#13359,#1026);
#357=LINE('',#13376,#1027);
#358=LINE('',#13379,#1028);
#359=LINE('',#13381,#1029);
#360=LINE('',#13383,#1030);
#361=LINE('',#13385,#1031);
#362=LINE('',#13387,#1032);
#363=LINE('',#13389,#1033);
#364=LINE('',#13391,#1034);
#365=LINE('',#13393,#1035);
#366=LINE('',#13394,#1036);
#367=LINE('',#13396,#1037);
#368=LINE('',#13398,#1038);
#369=LINE('',#13399,#1039);
#370=LINE('',#13401,#1040);
#371=LINE('',#13402,#1041);
#372=LINE('',#13404,#1042);
#373=LINE('',#13406,#1043);
#374=LINE('',#13408,#1044);
#375=LINE('',#13409,#1045);
#376=LINE('',#13411,#1046);
#377=LINE('',#13412,#1047);
#378=LINE('',#13414,#1048);
#379=LINE('',#13416,#1049);
#380=LINE('',#13418,#1050);
#381=LINE('',#13419,#1051);
#382=LINE('',#13421,#1052);
#383=LINE('',#13422,#1053);
#384=LINE('',#13424,#1054);
#385=LINE('',#13426,#1055);
#386=LINE('',#13428,#1056);
#387=LINE('',#13429,#1057);
#388=LINE('',#13438,#1058);
#389=LINE('',#13441,#1059);
#390=LINE('',#13442,#1060);
#391=LINE('',#13444,#1061);
#392=LINE('',#13446,#1062);
#393=LINE('',#13448,#1063);
#394=LINE('',#13450,#1064);
#395=LINE('',#13452,#1065);
#396=LINE('',#13454,#1066);
#397=LINE('',#13465,#1067);
#398=LINE('',#13466,#1068);
#399=LINE('',#13468,#1069);
#400=LINE('',#13470,#1070);
#401=LINE('',#13472,#1071);
#402=LINE('',#13474,#1072);
#403=LINE('',#13476,#1073);
#404=LINE('',#13478,#1074);
#405=LINE('',#13480,#1075);
#406=LINE('',#13482,#1076);
#407=LINE('',#13484,#1077);
#408=LINE('',#13486,#1078);
#409=LINE('',#13488,#1079);
#410=LINE('',#13490,#1080);
#411=LINE('',#13492,#1081);
#412=LINE('',#13494,#1082);
#413=LINE('',#13496,#1083);
#414=LINE('',#13498,#1084);
#415=LINE('',#13500,#1085);
#416=LINE('',#13502,#1086);
#417=LINE('',#13504,#1087);
#418=LINE('',#13506,#1088);
#419=LINE('',#13508,#1089);
#420=LINE('',#13510,#1090);
#421=LINE('',#13513,#1091);
#422=LINE('',#13514,#1092);
#423=LINE('',#13516,#1093);
#424=LINE('',#13518,#1094);
#425=LINE('',#13520,#1095);
#426=LINE('',#13522,#1096);
#427=LINE('',#13524,#1097);
#428=LINE('',#13526,#1098);
#429=LINE('',#13528,#1099);
#430=LINE('',#13530,#1100);
#431=LINE('',#13532,#1101);
#432=LINE('',#13534,#1102);
#433=LINE('',#13536,#1103);
#434=LINE('',#13538,#1104);
#435=LINE('',#13540,#1105);
#436=LINE('',#13542,#1106);
#437=LINE('',#13544,#1107);
#438=LINE('',#13546,#1108);
#439=LINE('',#13548,#1109);
#440=LINE('',#13550,#1110);
#441=LINE('',#13552,#1111);
#442=LINE('',#13554,#1112);
#443=LINE('',#13556,#1113);
#444=LINE('',#13558,#1114);
#445=LINE('',#13561,#1115);
#446=LINE('',#13562,#1116);
#447=LINE('',#13564,#1117);
#448=LINE('',#13566,#1118);
#449=LINE('',#13572,#1119);
#450=LINE('',#13581,#1120);
#451=LINE('',#13585,#1121);
#452=LINE('',#13590,#1122);
#453=LINE('',#13594,#1123);
#454=LINE('',#13597,#1124);
#455=LINE('',#13602,#1125);
#456=LINE('',#13606,#1126);
#457=LINE('',#13609,#1127);
#458=LINE('',#13614,#1128);
#459=LINE('',#13618,#1129);
#460=LINE('',#13621,#1130);
#461=LINE('',#13626,#1131);
#462=LINE('',#13630,#1132);
#463=LINE('',#13633,#1133);
#464=LINE('',#13638,#1134);
#465=LINE('',#13642,#1135);
#466=LINE('',#13645,#1136);
#467=LINE('',#13650,#1137);
#468=LINE('',#13654,#1138);
#469=LINE('',#13657,#1139);
#470=LINE('',#13662,#1140);
#471=LINE('',#13666,#1141);
#472=LINE('',#13669,#1142);
#473=LINE('',#13674,#1143);
#474=LINE('',#13678,#1144);
#475=LINE('',#13681,#1145);
#476=LINE('',#13686,#1146);
#477=LINE('',#13688,#1147);
#478=LINE('',#13691,#1148);
#479=LINE('',#13696,#1149);
#480=LINE('',#13700,#1150);
#481=LINE('',#13702,#1151);
#482=LINE('',#13704,#1152);
#483=LINE('',#13706,#1153);
#484=LINE('',#13708,#1154);
#485=LINE('',#13712,#1155);
#486=LINE('',#13716,#1156);
#487=LINE('',#13718,#1157);
#488=LINE('',#13720,#1158);
#489=LINE('',#13722,#1159);
#490=LINE('',#13724,#1160);
#491=LINE('',#13727,#1161);
#492=LINE('',#13728,#1162);
#493=LINE('',#13730,#1163);
#494=LINE('',#13732,#1164);
#495=LINE('',#13734,#1165);
#496=LINE('',#13738,#1166);
#497=LINE('',#13742,#1167);
#498=LINE('',#13746,#1168);
#499=LINE('',#13747,#1169);
#500=LINE('',#13752,#1170);
#501=LINE('',#13756,#1171);
#502=LINE('',#13759,#1172);
#503=LINE('',#13764,#1173);
#504=LINE('',#13768,#1174);
#505=LINE('',#13771,#1175);
#506=LINE('',#13776,#1176);
#507=LINE('',#13780,#1177);
#508=LINE('',#13783,#1178);
#509=LINE('',#13788,#1179);
#510=LINE('',#13792,#1180);
#511=LINE('',#13795,#1181);
#512=LINE('',#13799,#1182);
#513=LINE('',#13801,#1183);
#514=LINE('',#13805,#1184);
#515=LINE('',#13809,#1185);
#516=LINE('',#13813,#1186);
#517=LINE('',#13815,#1187);
#518=LINE('',#13819,#1188);
#519=LINE('',#13823,#1189);
#520=LINE('',#13827,#1190);
#521=LINE('',#13831,#1191);
#522=LINE('',#13833,#1192);
#523=LINE('',#13835,#1193);
#524=LINE('',#13837,#1194);
#525=LINE('',#13841,#1195);
#526=LINE('',#13845,#1196);
#527=LINE('',#13849,#1197);
#528=LINE('',#13851,#1198);
#529=LINE('',#13853,#1199);
#530=LINE('',#13855,#1200);
#531=LINE('',#13857,#1201);
#532=LINE('',#13861,#1202);
#533=LINE('',#13862,#1203);
#534=LINE('',#13866,#1204);
#535=LINE('',#13869,#1205);
#536=LINE('',#13871,#1206);
#537=LINE('',#13873,#1207);
#538=LINE('',#13890,#1208);
#539=LINE('',#13892,#1209);
#540=LINE('',#13894,#1210);
#541=LINE('',#13901,#1211);
#542=LINE('',#13904,#1212);
#543=LINE('',#13906,#1213);
#544=LINE('',#13908,#1214);
#545=LINE('',#13910,#1215);
#546=LINE('',#13912,#1216);
#547=LINE('',#13914,#1217);
#548=LINE('',#13919,#1218);
#549=LINE('',#13923,#1219);
#550=LINE('',#13930,#1220);
#551=LINE('',#13933,#1221);
#552=LINE('',#13937,#1222);
#553=LINE('',#13939,#1223);
#554=LINE('',#13944,#1224);
#555=LINE('',#13945,#1225);
#556=LINE('',#13947,#1226);
#557=LINE('',#13948,#1227);
#558=LINE('',#13950,#1228);
#559=LINE('',#13951,#1229);
#560=LINE('',#13953,#1230);
#561=LINE('',#13954,#1231);
#562=LINE('',#13956,#1232);
#563=LINE('',#13958,#1233);
#564=LINE('',#13960,#1234);
#565=LINE('',#13965,#1235);
#566=LINE('',#13966,#1236);
#567=LINE('',#13975,#1237);
#568=LINE('',#13981,#1238);
#569=LINE('',#13984,#1239);
#570=LINE('',#13985,#1240);
#571=LINE('',#13986,#1241);
#572=LINE('',#14001,#1242);
#573=LINE('',#14015,#1243);
#574=LINE('',#14021,#1244);
#575=LINE('',#14036,#1245);
#576=LINE('',#14063,#1246);
#577=LINE('',#14064,#1247);
#578=LINE('',#14066,#1248);
#579=LINE('',#14067,#1249);
#580=LINE('',#14069,#1250);
#581=LINE('',#14070,#1251);
#582=LINE('',#14072,#1252);
#583=LINE('',#14073,#1253);
#584=LINE('',#14075,#1254);
#585=LINE('',#14076,#1255);
#586=LINE('',#14078,#1256);
#587=LINE('',#14079,#1257);
#588=LINE('',#14081,#1258);
#589=LINE('',#14082,#1259);
#590=LINE('',#14084,#1260);
#591=LINE('',#14085,#1261);
#592=LINE('',#14087,#1262);
#593=LINE('',#14088,#1263);
#594=LINE('',#14090,#1264);
#595=LINE('',#14091,#1265);
#596=LINE('',#14092,#1266);
#597=LINE('',#14093,#1267);
#598=LINE('',#14095,#1268);
#599=LINE('',#14096,#1269);
#600=LINE('',#14098,#1270);
#601=LINE('',#14099,#1271);
#602=LINE('',#14101,#1272);
#603=LINE('',#14102,#1273);
#604=LINE('',#14104,#1274);
#605=LINE('',#14105,#1275);
#606=LINE('',#14107,#1276);
#607=LINE('',#14108,#1277);
#608=LINE('',#14110,#1278);
#609=LINE('',#14111,#1279);
#610=LINE('',#14113,#1280);
#611=LINE('',#14114,#1281);
#612=LINE('',#14116,#1282);
#613=LINE('',#14117,#1283);
#614=LINE('',#14121,#1284);
#615=LINE('',#14122,#1285);
#616=LINE('',#14124,#1286);
#617=LINE('',#14127,#1287);
#618=LINE('',#14129,#1288);
#619=LINE('',#14130,#1289);
#620=LINE('',#14131,#1290);
#621=LINE('',#14133,#1291);
#622=LINE('',#14166,#1292);
#623=LINE('',#14168,#1293);
#624=LINE('',#14170,#1294);
#625=LINE('',#14171,#1295);
#626=LINE('',#14173,#1296);
#627=LINE('',#14174,#1297);
#628=LINE('',#14176,#1298);
#629=LINE('',#14178,#1299);
#630=LINE('',#14179,#1300);
#631=LINE('',#14183,#1301);
#632=LINE('',#14187,#1302);
#633=LINE('',#14188,#1303);
#634=LINE('',#14196,#1304);
#635=LINE('',#14200,#1305);
#636=LINE('',#14202,#1306);
#637=LINE('',#14213,#1307);
#638=LINE('',#14216,#1308);
#639=LINE('',#14221,#1309);
#640=LINE('',#14224,#1310);
#641=LINE('',#14226,#1311);
#642=LINE('',#14228,#1312);
#643=LINE('',#14230,#1313);
#644=LINE('',#14232,#1314);
#645=LINE('',#14234,#1315);
#646=LINE('',#14236,#1316);
#647=LINE('',#14238,#1317);
#648=LINE('',#14240,#1318);
#649=LINE('',#14242,#1319);
#650=LINE('',#14243,#1320);
#651=LINE('',#14282,#1321);
#652=LINE('',#14285,#1322);
#653=LINE('',#14287,#1323);
#654=LINE('',#14289,#1324);
#655=LINE('',#14291,#1325);
#656=LINE('',#14293,#1326);
#657=LINE('',#14295,#1327);
#658=LINE('',#14297,#1328);
#659=LINE('',#14299,#1329);
#660=LINE('',#14301,#1330);
#661=LINE('',#14303,#1331);
#662=LINE('',#14305,#1332);
#663=LINE('',#14307,#1333);
#664=LINE('',#14309,#1334);
#665=LINE('',#14311,#1335);
#666=LINE('',#14313,#1336);
#667=LINE('',#14330,#1337);
#668=LINE('',#14333,#1338);
#669=LINE('',#14335,#1339);
#670=LINE('',#14337,#1340);
#671=LINE('',#14339,#1341);
#672=LINE('',#14341,#1342);
#673=LINE('',#14343,#1343);
#674=LINE('',#14345,#1344);
#675=LINE('',#14347,#1345);
#676=LINE('',#14350,#1346);
#677=LINE('',#14351,#1347);
#678=LINE('',#14353,#1348);
#679=LINE('',#14355,#1349);
#680=LINE('',#14357,#1350);
#681=LINE('',#14359,#1351);
#682=LINE('',#14361,#1352);
#683=LINE('',#14363,#1353);
#684=LINE('',#14365,#1354);
#685=LINE('',#14367,#1355);
#686=LINE('',#14369,#1356);
#687=LINE('',#14371,#1357);
#688=LINE('',#14373,#1358);
#689=LINE('',#14375,#1359);
#690=LINE('',#14377,#1360);
#691=LINE('',#14379,#1361);
#692=LINE('',#14381,#1362);
#693=LINE('',#14383,#1363);
#694=LINE('',#14385,#1364);
#695=LINE('',#14387,#1365);
#696=LINE('',#14389,#1366);
#697=LINE('',#14391,#1367);
#698=LINE('',#14393,#1368);
#699=LINE('',#14395,#1369);
#700=LINE('',#14397,#1370);
#701=LINE('',#14399,#1371);
#702=LINE('',#14401,#1372);
#703=LINE('',#14403,#1373);
#704=LINE('',#14405,#1374);
#705=LINE('',#14407,#1375);
#706=LINE('',#14430,#1376);
#707=LINE('',#14438,#1377);
#708=LINE('',#14440,#1378);
#709=LINE('',#14442,#1379);
#710=LINE('',#14444,#1380);
#711=LINE('',#14446,#1381);
#712=LINE('',#14448,#1382);
#713=LINE('',#14450,#1383);
#714=LINE('',#14452,#1384);
#715=LINE('',#14454,#1385);
#716=LINE('',#14456,#1386);
#717=LINE('',#14458,#1387);
#718=LINE('',#14460,#1388);
#719=LINE('',#14462,#1389);
#720=LINE('',#14464,#1390);
#721=LINE('',#14466,#1391);
#722=LINE('',#14468,#1392);
#723=LINE('',#14470,#1393);
#724=LINE('',#14472,#1394);
#725=LINE('',#14474,#1395);
#726=LINE('',#14476,#1396);
#727=LINE('',#14478,#1397);
#728=LINE('',#14480,#1398);
#729=LINE('',#14482,#1399);
#730=LINE('',#14484,#1400);
#731=LINE('',#14486,#1401);
#732=LINE('',#14488,#1402);
#733=LINE('',#14490,#1403);
#734=LINE('',#14492,#1404);
#735=LINE('',#14494,#1405);
#736=LINE('',#14496,#1406);
#737=LINE('',#14498,#1407);
#738=LINE('',#14500,#1408);
#739=LINE('',#14508,#1409);
#740=LINE('',#14512,#1410);
#741=LINE('',#14516,#1411);
#742=LINE('',#14521,#1412);
#743=LINE('',#14525,#1413);
#744=LINE('',#14529,#1414);
#745=LINE('',#14534,#1415);
#746=LINE('',#14538,#1416);
#747=LINE('',#14542,#1417);
#748=LINE('',#14547,#1418);
#749=LINE('',#14551,#1419);
#750=LINE('',#14555,#1420);
#751=LINE('',#14557,#1421);
#752=LINE('',#14561,#1422);
#753=LINE('',#14563,#1423);
#754=LINE('',#14565,#1424);
#755=LINE('',#14569,#1425);
#756=LINE('',#14571,#1426);
#757=LINE('',#14573,#1427);
#758=LINE('',#14577,#1428);
#759=LINE('',#14579,#1429);
#760=LINE('',#14584,#1430);
#761=LINE('',#14588,#1431);
#762=LINE('',#14590,#1432);
#763=LINE('',#14592,#1433);
#764=LINE('',#14596,#1434);
#765=LINE('',#14598,#1435);
#766=LINE('',#14600,#1436);
#767=LINE('',#14604,#1437);
#768=LINE('',#14606,#1438);
#769=LINE('',#14611,#1439);
#770=LINE('',#14615,#1440);
#771=LINE('',#14617,#1441);
#772=LINE('',#14619,#1442);
#773=LINE('',#14623,#1443);
#774=LINE('',#14625,#1444);
#775=LINE('',#14627,#1445);
#776=LINE('',#14631,#1446);
#777=LINE('',#14633,#1447);
#778=LINE('',#14638,#1448);
#779=LINE('',#14642,#1449);
#780=LINE('',#14644,#1450);
#781=LINE('',#14646,#1451);
#782=LINE('',#14650,#1452);
#783=LINE('',#14652,#1453);
#784=LINE('',#14654,#1454);
#785=LINE('',#14658,#1455);
#786=LINE('',#14660,#1456);
#787=VECTOR('',#9562,1.);
#788=VECTOR('',#9563,1.);
#789=VECTOR('',#9564,1.);
#790=VECTOR('',#9565,1.);
#791=VECTOR('',#9570,1.);
#792=VECTOR('',#9575,1.);
#793=VECTOR('',#9576,1.);
#794=VECTOR('',#9577,1.);
#795=VECTOR('',#9582,1.);
#796=VECTOR('',#9587,1.);
#797=VECTOR('',#9588,1.);
#798=VECTOR('',#9589,1.);
#799=VECTOR('',#9594,1.);
#800=VECTOR('',#9599,1.);
#801=VECTOR('',#9600,1.);
#802=VECTOR('',#9601,1.);
#803=VECTOR('',#9602,1.);
#804=VECTOR('',#9605,1.);
#805=VECTOR('',#9608,1.);
#806=VECTOR('',#9611,1.);
#807=VECTOR('',#9614,1.);
#808=VECTOR('',#9617,1.);
#809=VECTOR('',#9620,1.);
#810=VECTOR('',#9621,1.);
#811=VECTOR('',#9622,1.);
#812=VECTOR('',#9625,1.);
#813=VECTOR('',#9626,1.);
#814=VECTOR('',#9627,1.);
#815=VECTOR('',#9630,1.);
#816=VECTOR('',#9633,1.);
#817=VECTOR('',#9636,1.);
#818=VECTOR('',#9639,1.);
#819=VECTOR('',#9674,1.);
#820=VECTOR('',#9675,1.);
#821=VECTOR('',#9676,1.);
#822=VECTOR('',#9681,1.);
#823=VECTOR('',#9682,1.);
#824=VECTOR('',#9683,1.);
#825=VECTOR('',#9688,1.);
#826=VECTOR('',#9691,1.);
#827=VECTOR('',#9692,1.);
#828=VECTOR('',#9695,1.);
#829=VECTOR('',#9696,1.);
#830=VECTOR('',#9699,1.);
#831=VECTOR('',#9700,1.);
#832=VECTOR('',#9705,1.);
#833=VECTOR('',#9708,1.);
#834=VECTOR('',#9709,1.);
#835=VECTOR('',#9714,1.);
#836=VECTOR('',#9717,1.);
#837=VECTOR('',#9718,1.);
#838=VECTOR('',#9723,1.);
#839=VECTOR('',#9726,1.);
#840=VECTOR('',#9727,1.);
#841=VECTOR('',#9732,1.);
#842=VECTOR('',#9735,1.);
#843=VECTOR('',#9736,1.);
#844=VECTOR('',#9739,1.);
#845=VECTOR('',#9740,1.);
#846=VECTOR('',#9743,1.);
#847=VECTOR('',#9744,1.);
#848=VECTOR('',#9749,1.);
#849=VECTOR('',#9752,1.);
#850=VECTOR('',#9753,1.);
#851=VECTOR('',#9758,1.);
#852=VECTOR('',#9761,1.);
#853=VECTOR('',#9762,1.);
#854=VECTOR('',#9767,1.);
#855=VECTOR('',#9770,1.);
#856=VECTOR('',#9771,1.);
#857=VECTOR('',#9776,1.);
#858=VECTOR('',#9779,1.);
#859=VECTOR('',#9780,1.);
#860=VECTOR('',#9785,1.);
#861=VECTOR('',#9788,1.);
#862=VECTOR('',#9789,1.);
#863=VECTOR('',#9960,1.);
#864=VECTOR('',#9961,1.);
#865=VECTOR('',#9964,1.);
#866=VECTOR('',#9969,1.);
#867=VECTOR('',#9976,1.);
#868=VECTOR('',#9979,1.);
#869=VECTOR('',#9982,1.);
#870=VECTOR('',#9985,1.);
#871=VECTOR('',#9992,1.);
#872=VECTOR('',#9995,1.);
#873=VECTOR('',#9998,1.);
#874=VECTOR('',#10001,1.);
#875=VECTOR('',#10008,1.);
#876=VECTOR('',#10011,1.);
#877=VECTOR('',#10014,1.);
#878=VECTOR('',#10017,1.);
#879=VECTOR('',#10024,1.);
#880=VECTOR('',#10025,1.);
#881=VECTOR('',#10028,1.);
#882=VECTOR('',#10033,1.);
#883=VECTOR('',#10040,1.);
#884=VECTOR('',#10043,1.);
#885=VECTOR('',#10046,1.);
#886=VECTOR('',#10049,1.);
#887=VECTOR('',#10164,1.);
#888=VECTOR('',#10165,1.);
#889=VECTOR('',#10166,1.);
#890=VECTOR('',#10167,1.);
#891=VECTOR('',#10170,1.);
#892=VECTOR('',#10171,1.);
#893=VECTOR('',#10172,1.);
#894=VECTOR('',#10175,1.);
#895=VECTOR('',#10176,1.);
#896=VECTOR('',#10177,1.);
#897=VECTOR('',#10180,1.);
#898=VECTOR('',#10181,1.);
#899=VECTOR('',#10182,1.);
#900=VECTOR('',#10185,1.);
#901=VECTOR('',#10186,1.);
#902=VECTOR('',#10187,1.);
#903=VECTOR('',#10190,1.);
#904=VECTOR('',#10191,1.);
#905=VECTOR('',#10210,1.);
#906=VECTOR('',#10213,1.);
#907=VECTOR('',#10214,1.);
#908=VECTOR('',#10217,1.);
#909=VECTOR('',#10232,1.);
#910=VECTOR('',#10235,1.);
#911=VECTOR('',#10236,1.);
#912=VECTOR('',#10239,1.);
#913=VECTOR('',#10242,1.);
#914=VECTOR('',#10243,1.);
#915=VECTOR('',#10246,1.);
#916=VECTOR('',#10261,1.);
#917=VECTOR('',#10264,1.);
#918=VECTOR('',#10265,1.);
#919=VECTOR('',#10266,1.);
#920=VECTOR('',#10267,1.);
#921=VECTOR('',#10278,1.);
#922=VECTOR('',#10281,1.);
#923=VECTOR('',#10282,1.);
#924=VECTOR('',#10285,1.);
#925=VECTOR('',#10286,1.);
#926=VECTOR('',#10303,1.);
#927=VECTOR('',#10306,1.);
#928=VECTOR('',#10309,1.);
#929=VECTOR('',#10312,1.);
#930=VECTOR('',#10315,1.);
#931=VECTOR('',#10346,1.);
#932=VECTOR('',#10349,1.);
#933=VECTOR('',#10352,1.);
#934=VECTOR('',#10355,1.);
#935=VECTOR('',#10358,1.);
#936=VECTOR('',#10361,1.);
#937=VECTOR('',#10364,1.);
#938=VECTOR('',#10367,1.);
#939=VECTOR('',#10370,1.);
#940=VECTOR('',#10373,1.);
#941=VECTOR('',#10376,1.);
#942=VECTOR('',#10379,1.);
#943=VECTOR('',#10380,1.);
#944=VECTOR('',#10381,1.);
#945=VECTOR('',#10382,1.);
#946=VECTOR('',#10383,1.);
#947=VECTOR('',#10384,1.);
#948=VECTOR('',#10385,1.);
#949=VECTOR('',#10386,1.);
#950=VECTOR('',#10387,1.);
#951=VECTOR('',#10388,1.);
#952=VECTOR('',#10391,1.);
#953=VECTOR('',#10394,1.);
#954=VECTOR('',#10397,1.);
#955=VECTOR('',#10400,1.);
#956=VECTOR('',#10403,1.);
#957=VECTOR('',#10406,1.);
#958=VECTOR('',#10409,1.);
#959=VECTOR('',#10412,1.);
#960=VECTOR('',#10415,1.);
#961=VECTOR('',#10418,1.);
#962=VECTOR('',#10421,1.);
#963=VECTOR('',#10424,1.);
#964=VECTOR('',#10425,1.);
#965=VECTOR('',#10426,1.);
#966=VECTOR('',#10427,1.);
#967=VECTOR('',#10432,1.);
#968=VECTOR('',#10435,1.);
#969=VECTOR('',#10438,1.);
#970=VECTOR('',#10441,1.);
#971=VECTOR('',#10444,1.);
#972=VECTOR('',#10447,1.);
#973=VECTOR('',#10450,1.);
#974=VECTOR('',#10453,1.);
#975=VECTOR('',#10456,1.);
#976=VECTOR('',#10459,1.);
#977=VECTOR('',#10462,1.);
#978=VECTOR('',#10465,1.);
#979=VECTOR('',#10466,1.);
#980=VECTOR('',#10469,1.);
#981=VECTOR('',#10472,1.);
#982=VECTOR('',#10475,1.);
#983=VECTOR('',#10478,1.);
#984=VECTOR('',#10481,1.);
#985=VECTOR('',#10484,1.);
#986=VECTOR('',#10487,1.);
#987=VECTOR('',#10490,1.);
#988=VECTOR('',#10493,1.);
#989=VECTOR('',#10496,1.);
#990=VECTOR('',#10499,1.);
#991=VECTOR('',#10502,1.);
#992=VECTOR('',#10503,1.);
#993=VECTOR('',#10506,1.);
#994=VECTOR('',#10509,1.);
#995=VECTOR('',#10510,1.);
#996=VECTOR('',#10511,1.);
#997=VECTOR('',#10514,1.);
#998=VECTOR('',#10517,1.);
#999=VECTOR('',#10518,1.);
#1000=VECTOR('',#10519,1.);
#1001=VECTOR('',#10522,1.);
#1002=VECTOR('',#10525,1.);
#1003=VECTOR('',#10526,1.);
#1004=VECTOR('',#10527,1.);
#1005=VECTOR('',#10530,1.);
#1006=VECTOR('',#10533,1.);
#1007=VECTOR('',#10550,1.);
#1008=VECTOR('',#10551,1.);
#1009=VECTOR('',#10552,1.);
#1010=VECTOR('',#10553,1.);
#1011=VECTOR('',#10556,1.);
#1012=VECTOR('',#10557,1.);
#1013=VECTOR('',#10560,1.);
#1014=VECTOR('',#10563,1.);
#1015=VECTOR('',#10564,1.);
#1016=VECTOR('',#10565,1.);
#1017=VECTOR('',#10568,1.);
#1018=VECTOR('',#10571,1.);
#1019=VECTOR('',#10572,1.);
#1020=VECTOR('',#10573,1.);
#1021=VECTOR('',#10576,1.);
#1022=VECTOR('',#10579,1.);
#1023=VECTOR('',#10580,1.);
#1024=VECTOR('',#10581,1.);
#1025=VECTOR('',#10584,1.);
#1026=VECTOR('',#10587,1.);
#1027=VECTOR('',#10604,1.);
#1028=VECTOR('',#10605,1.);
#1029=VECTOR('',#10606,1.);
#1030=VECTOR('',#10607,1.);
#1031=VECTOR('',#10608,1.);
#1032=VECTOR('',#10609,1.);
#1033=VECTOR('',#10610,1.);
#1034=VECTOR('',#10611,1.);
#1035=VECTOR('',#10614,1.);
#1036=VECTOR('',#10615,1.);
#1037=VECTOR('',#10618,1.);
#1038=VECTOR('',#10621,1.);
#1039=VECTOR('',#10622,1.);
#1040=VECTOR('',#10625,1.);
#1041=VECTOR('',#10626,1.);
#1042=VECTOR('',#10629,1.);
#1043=VECTOR('',#10632,1.);
#1044=VECTOR('',#10635,1.);
#1045=VECTOR('',#10636,1.);
#1046=VECTOR('',#10639,1.);
#1047=VECTOR('',#10640,1.);
#1048=VECTOR('',#10643,1.);
#1049=VECTOR('',#10646,1.);
#1050=VECTOR('',#10649,1.);
#1051=VECTOR('',#10650,1.);
#1052=VECTOR('',#10653,1.);
#1053=VECTOR('',#10654,1.);
#1054=VECTOR('',#10657,1.);
#1055=VECTOR('',#10660,1.);
#1056=VECTOR('',#10663,1.);
#1057=VECTOR('',#10664,1.);
#1058=VECTOR('',#10681,1.);
#1059=VECTOR('',#10686,1.);
#1060=VECTOR('',#10687,1.);
#1061=VECTOR('',#10690,1.);
#1062=VECTOR('',#10693,1.);
#1063=VECTOR('',#10696,1.);
#1064=VECTOR('',#10699,1.);
#1065=VECTOR('',#10702,1.);
#1066=VECTOR('',#10705,1.);
#1067=VECTOR('',#10726,1.);
#1068=VECTOR('',#10727,1.);
#1069=VECTOR('',#10730,1.);
#1070=VECTOR('',#10733,1.);
#1071=VECTOR('',#10736,1.);
#1072=VECTOR('',#10739,1.);
#1073=VECTOR('',#10742,1.);
#1074=VECTOR('',#10745,1.);
#1075=VECTOR('',#10748,1.);
#1076=VECTOR('',#10751,1.);
#1077=VECTOR('',#10754,1.);
#1078=VECTOR('',#10757,1.);
#1079=VECTOR('',#10760,1.);
#1080=VECTOR('',#10763,1.);
#1081=VECTOR('',#10766,1.);
#1082=VECTOR('',#10769,1.);
#1083=VECTOR('',#10772,1.);
#1084=VECTOR('',#10775,1.);
#1085=VECTOR('',#10778,1.);
#1086=VECTOR('',#10781,1.);
#1087=VECTOR('',#10784,1.);
#1088=VECTOR('',#10787,1.);
#1089=VECTOR('',#10790,1.);
#1090=VECTOR('',#10793,1.);
#1091=VECTOR('',#10798,1.);
#1092=VECTOR('',#10799,1.);
#1093=VECTOR('',#10802,1.);
#1094=VECTOR('',#10805,1.);
#1095=VECTOR('',#10808,1.);
#1096=VECTOR('',#10811,1.);
#1097=VECTOR('',#10814,1.);
#1098=VECTOR('',#10817,1.);
#1099=VECTOR('',#10820,1.);
#1100=VECTOR('',#10823,1.);
#1101=VECTOR('',#10826,1.);
#1102=VECTOR('',#10829,1.);
#1103=VECTOR('',#10832,1.);
#1104=VECTOR('',#10835,1.);
#1105=VECTOR('',#10838,1.);
#1106=VECTOR('',#10841,1.);
#1107=VECTOR('',#10844,1.);
#1108=VECTOR('',#10847,1.);
#1109=VECTOR('',#10850,1.);
#1110=VECTOR('',#10853,1.);
#1111=VECTOR('',#10856,1.);
#1112=VECTOR('',#10859,1.);
#1113=VECTOR('',#10862,1.);
#1114=VECTOR('',#10865,1.);
#1115=VECTOR('',#10870,1.);
#1116=VECTOR('',#10871,1.);
#1117=VECTOR('',#10874,1.);
#1118=VECTOR('',#10877,1.);
#1119=VECTOR('',#10888,1.);
#1120=VECTOR('',#10889,1.);
#1121=VECTOR('',#10894,1.);
#1122=VECTOR('',#10897,1.);
#1123=VECTOR('',#10900,1.);
#1124=VECTOR('',#10903,1.);
#1125=VECTOR('',#10906,1.);
#1126=VECTOR('',#10909,1.);
#1127=VECTOR('',#10912,1.);
#1128=VECTOR('',#10915,1.);
#1129=VECTOR('',#10918,1.);
#1130=VECTOR('',#10921,1.);
#1131=VECTOR('',#10924,1.);
#1132=VECTOR('',#10927,1.);
#1133=VECTOR('',#10930,1.);
#1134=VECTOR('',#10933,1.);
#1135=VECTOR('',#10936,1.);
#1136=VECTOR('',#10939,1.);
#1137=VECTOR('',#10942,1.);
#1138=VECTOR('',#10945,1.);
#1139=VECTOR('',#10948,1.);
#1140=VECTOR('',#10951,1.);
#1141=VECTOR('',#10954,1.);
#1142=VECTOR('',#10957,1.);
#1143=VECTOR('',#10960,1.);
#1144=VECTOR('',#10963,1.);
#1145=VECTOR('',#10966,1.);
#1146=VECTOR('',#10969,1.);
#1147=VECTOR('',#10970,1.);
#1148=VECTOR('',#10973,1.);
#1149=VECTOR('',#10976,1.);
#1150=VECTOR('',#10979,1.);
#1151=VECTOR('',#10980,1.);
#1152=VECTOR('',#10981,1.);
#1153=VECTOR('',#10982,1.);
#1154=VECTOR('',#10983,1.);
#1155=VECTOR('',#10986,1.);
#1156=VECTOR('',#10989,1.);
#1157=VECTOR('',#10990,1.);
#1158=VECTOR('',#10991,1.);
#1159=VECTOR('',#10992,1.);
#1160=VECTOR('',#10995,1.);
#1161=VECTOR('',#10996,1.);
#1162=VECTOR('',#10997,1.);
#1163=VECTOR('',#10998,1.);
#1164=VECTOR('',#10999,1.);
#1165=VECTOR('',#11000,1.);
#1166=VECTOR('',#11005,1.);
#1167=VECTOR('',#11008,1.);
#1168=VECTOR('',#11011,1.);
#1169=VECTOR('',#11012,1.);
#1170=VECTOR('',#11015,1.);
#1171=VECTOR('',#11018,1.);
#1172=VECTOR('',#11021,1.);
#1173=VECTOR('',#11024,1.);
#1174=VECTOR('',#11027,1.);
#1175=VECTOR('',#11030,1.);
#1176=VECTOR('',#11033,1.);
#1177=VECTOR('',#11036,1.);
#1178=VECTOR('',#11039,1.);
#1179=VECTOR('',#11042,1.);
#1180=VECTOR('',#11045,1.);
#1181=VECTOR('',#11048,1.);
#1182=VECTOR('',#11051,1.);
#1183=VECTOR('',#11052,1.);
#1184=VECTOR('',#11055,1.);
#1185=VECTOR('',#11058,1.);
#1186=VECTOR('',#11061,1.);
#1187=VECTOR('',#11062,1.);
#1188=VECTOR('',#11065,1.);
#1189=VECTOR('',#11068,1.);
#1190=VECTOR('',#11071,1.);
#1191=VECTOR('',#11074,1.);
#1192=VECTOR('',#11075,1.);
#1193=VECTOR('',#11076,1.);
#1194=VECTOR('',#11077,1.);
#1195=VECTOR('',#11080,1.);
#1196=VECTOR('',#11083,1.);
#1197=VECTOR('',#11086,1.);
#1198=VECTOR('',#11087,1.);
#1199=VECTOR('',#11090,1.);
#1200=VECTOR('',#11091,1.);
#1201=VECTOR('',#11092,1.);
#1202=VECTOR('',#11095,1.);
#1203=VECTOR('',#11096,1.);
#1204=VECTOR('',#11101,1.);
#1205=VECTOR('',#11102,1.);
#1206=VECTOR('',#11103,1.);
#1207=VECTOR('',#11104,1.);
#1208=VECTOR('',#11125,1.);
#1209=VECTOR('',#11126,1.);
#1210=VECTOR('',#11127,1.);
#1211=VECTOR('',#11136,1.);
#1212=VECTOR('',#11137,1.);
#1213=VECTOR('',#11138,1.);
#1214=VECTOR('',#11139,1.);
#1215=VECTOR('',#11142,1.);
#1216=VECTOR('',#11143,1.);
#1217=VECTOR('',#11144,1.);
#1218=VECTOR('',#11149,1.);
#1219=VECTOR('',#11152,1.);
#1220=VECTOR('',#11155,1.);
#1221=VECTOR('',#11156,1.);
#1222=VECTOR('',#11159,1.);
#1223=VECTOR('',#11160,1.);
#1224=VECTOR('',#11169,1.);
#1225=VECTOR('',#11170,1.);
#1226=VECTOR('',#11173,1.);
#1227=VECTOR('',#11174,1.);
#1228=VECTOR('',#11177,1.);
#1229=VECTOR('',#11178,1.);
#1230=VECTOR('',#11181,1.);
#1231=VECTOR('',#11182,1.);
#1232=VECTOR('',#11185,1.);
#1233=VECTOR('',#11186,1.);
#1234=VECTOR('',#11187,1.);
#1235=VECTOR('',#11196,1.);
#1236=VECTOR('',#11197,1.);
#1237=VECTOR('',#11202,1.);
#1238=VECTOR('',#11209,1.);
#1239=VECTOR('',#11212,1.);
#1240=VECTOR('',#11213,1.);
#1241=VECTOR('',#11214,1.);
#1242=VECTOR('',#11217,1.);
#1243=VECTOR('',#11218,1.);
#1244=VECTOR('',#11225,1.);
#1245=VECTOR('',#11226,1.);
#1246=VECTOR('',#11245,1.);
#1247=VECTOR('',#11246,1.);
#1248=VECTOR('',#11249,1.);
#1249=VECTOR('',#11250,1.);
#1250=VECTOR('',#11253,1.);
#1251=VECTOR('',#11254,1.);
#1252=VECTOR('',#11257,1.);
#1253=VECTOR('',#11258,1.);
#1254=VECTOR('',#11261,1.);
#1255=VECTOR('',#11262,1.);
#1256=VECTOR('',#11265,1.);
#1257=VECTOR('',#11266,1.);
#1258=VECTOR('',#11269,1.);
#1259=VECTOR('',#11270,1.);
#1260=VECTOR('',#11273,1.);
#1261=VECTOR('',#11274,1.);
#1262=VECTOR('',#11277,1.);
#1263=VECTOR('',#11278,1.);
#1264=VECTOR('',#11281,1.);
#1265=VECTOR('',#11282,1.);
#1266=VECTOR('',#11283,1.);
#1267=VECTOR('',#11284,1.);
#1268=VECTOR('',#11287,1.);
#1269=VECTOR('',#11288,1.);
#1270=VECTOR('',#11291,1.);
#1271=VECTOR('',#11292,1.);
#1272=VECTOR('',#11295,1.);
#1273=VECTOR('',#11296,1.);
#1274=VECTOR('',#11299,1.);
#1275=VECTOR('',#11300,1.);
#1276=VECTOR('',#11303,1.);
#1277=VECTOR('',#11304,1.);
#1278=VECTOR('',#11307,1.);
#1279=VECTOR('',#11308,1.);
#1280=VECTOR('',#11311,1.);
#1281=VECTOR('',#11312,1.);
#1282=VECTOR('',#11315,1.);
#1283=VECTOR('',#11316,1.);
#1284=VECTOR('',#11321,1.);
#1285=VECTOR('',#11322,1.);
#1286=VECTOR('',#11325,1.);
#1287=VECTOR('',#11328,1.);
#1288=VECTOR('',#11331,1.);
#1289=VECTOR('',#11332,1.);
#1290=VECTOR('',#11333,1.);
#1291=VECTOR('',#11336,1.);
#1292=VECTOR('',#11391,1.);
#1293=VECTOR('',#11394,1.);
#1294=VECTOR('',#11397,1.);
#1295=VECTOR('',#11398,1.);
#1296=VECTOR('',#11401,1.);
#1297=VECTOR('',#11402,1.);
#1298=VECTOR('',#11405,1.);
#1299=VECTOR('',#11408,1.);
#1300=VECTOR('',#11409,1.);
#1301=VECTOR('',#11414,1.);
#1302=VECTOR('',#11419,1.);
#1303=VECTOR('',#11420,1.);
#1304=VECTOR('',#11431,1.);
#1305=VECTOR('',#11438,1.);
#1306=VECTOR('',#11439,1.);
#1307=VECTOR('',#11458,1.);
#1308=VECTOR('',#11463,1.);
#1309=VECTOR('',#11472,1.);
#1310=VECTOR('',#11473,1.);
#1311=VECTOR('',#11474,1.);
#1312=VECTOR('',#11475,1.);
#1313=VECTOR('',#11478,1.);
#1314=VECTOR('',#11479,1.);
#1315=VECTOR('',#11480,1.);
#1316=VECTOR('',#11483,1.);
#1317=VECTOR('',#11484,1.);
#1318=VECTOR('',#11485,1.);
#1319=VECTOR('',#11488,1.);
#1320=VECTOR('',#11489,1.);
#1321=VECTOR('',#11542,1.);
#1322=VECTOR('',#11543,1.);
#1323=VECTOR('',#11544,1.);
#1324=VECTOR('',#11545,1.);
#1325=VECTOR('',#11546,1.);
#1326=VECTOR('',#11547,1.);
#1327=VECTOR('',#11548,1.);
#1328=VECTOR('',#11549,1.);
#1329=VECTOR('',#11550,1.);
#1330=VECTOR('',#11551,1.);
#1331=VECTOR('',#11552,1.);
#1332=VECTOR('',#11553,1.);
#1333=VECTOR('',#11554,1.);
#1334=VECTOR('',#11555,1.);
#1335=VECTOR('',#11556,1.);
#1336=VECTOR('',#11557,1.);
#1337=VECTOR('',#11574,1.);
#1338=VECTOR('',#11575,1.);
#1339=VECTOR('',#11576,1.);
#1340=VECTOR('',#11577,1.);
#1341=VECTOR('',#11578,1.);
#1342=VECTOR('',#11579,1.);
#1343=VECTOR('',#11580,1.);
#1344=VECTOR('',#11581,1.);
#1345=VECTOR('',#11584,1.);
#1346=VECTOR('',#11585,1.);
#1347=VECTOR('',#11586,1.);
#1348=VECTOR('',#11589,1.);
#1349=VECTOR('',#11590,1.);
#1350=VECTOR('',#11593,1.);
#1351=VECTOR('',#11594,1.);
#1352=VECTOR('',#11597,1.);
#1353=VECTOR('',#11598,1.);
#1354=VECTOR('',#11601,1.);
#1355=VECTOR('',#11602,1.);
#1356=VECTOR('',#11605,1.);
#1357=VECTOR('',#11606,1.);
#1358=VECTOR('',#11609,1.);
#1359=VECTOR('',#11610,1.);
#1360=VECTOR('',#11613,1.);
#1361=VECTOR('',#11614,1.);
#1362=VECTOR('',#11617,1.);
#1363=VECTOR('',#11618,1.);
#1364=VECTOR('',#11621,1.);
#1365=VECTOR('',#11622,1.);
#1366=VECTOR('',#11625,1.);
#1367=VECTOR('',#11626,1.);
#1368=VECTOR('',#11629,1.);
#1369=VECTOR('',#11630,1.);
#1370=VECTOR('',#11633,1.);
#1371=VECTOR('',#11634,1.);
#1372=VECTOR('',#11637,1.);
#1373=VECTOR('',#11638,1.);
#1374=VECTOR('',#11641,1.);
#1375=VECTOR('',#11642,1.);
#1376=VECTOR('',#11673,1.);
#1377=VECTOR('',#11684,1.);
#1378=VECTOR('',#11685,1.);
#1379=VECTOR('',#11686,1.);
#1380=VECTOR('',#11687,1.);
#1381=VECTOR('',#11688,1.);
#1382=VECTOR('',#11689,1.);
#1383=VECTOR('',#11690,1.);
#1384=VECTOR('',#11693,1.);
#1385=VECTOR('',#11694,1.);
#1386=VECTOR('',#11697,1.);
#1387=VECTOR('',#11698,1.);
#1388=VECTOR('',#11699,1.);
#1389=VECTOR('',#11700,1.);
#1390=VECTOR('',#11701,1.);
#1391=VECTOR('',#11702,1.);
#1392=VECTOR('',#11705,1.);
#1393=VECTOR('',#11706,1.);
#1394=VECTOR('',#11709,1.);
#1395=VECTOR('',#11710,1.);
#1396=VECTOR('',#11711,1.);
#1397=VECTOR('',#11712,1.);
#1398=VECTOR('',#11713,1.);
#1399=VECTOR('',#11714,1.);
#1400=VECTOR('',#11717,1.);
#1401=VECTOR('',#11718,1.);
#1402=VECTOR('',#11721,1.);
#1403=VECTOR('',#11722,1.);
#1404=VECTOR('',#11723,1.);
#1405=VECTOR('',#11724,1.);
#1406=VECTOR('',#11725,1.);
#1407=VECTOR('',#11726,1.);
#1408=VECTOR('',#11729,1.);
#1409=VECTOR('',#11738,1.);
#1410=VECTOR('',#11741,1.);
#1411=VECTOR('',#11744,1.);
#1412=VECTOR('',#11749,1.);
#1413=VECTOR('',#11752,1.);
#1414=VECTOR('',#11755,1.);
#1415=VECTOR('',#11760,1.);
#1416=VECTOR('',#11763,1.);
#1417=VECTOR('',#11766,1.);
#1418=VECTOR('',#11771,1.);
#1419=VECTOR('',#11774,1.);
#1420=VECTOR('',#11777,1.);
#1421=VECTOR('',#11780,1.);
#1422=VECTOR('',#11785,1.);
#1423=VECTOR('',#11786,1.);
#1424=VECTOR('',#11789,1.);
#1425=VECTOR('',#11794,1.);
#1426=VECTOR('',#11795,1.);
#1427=VECTOR('',#11798,1.);
#1428=VECTOR('',#11803,1.);
#1429=VECTOR('',#11804,1.);
#1430=VECTOR('',#11813,1.);
#1431=VECTOR('',#11818,1.);
#1432=VECTOR('',#11819,1.);
#1433=VECTOR('',#11822,1.);
#1434=VECTOR('',#11827,1.);
#1435=VECTOR('',#11828,1.);
#1436=VECTOR('',#11831,1.);
#1437=VECTOR('',#11836,1.);
#1438=VECTOR('',#11837,1.);
#1439=VECTOR('',#11846,1.);
#1440=VECTOR('',#11851,1.);
#1441=VECTOR('',#11852,1.);
#1442=VECTOR('',#11855,1.);
#1443=VECTOR('',#11860,1.);
#1444=VECTOR('',#11861,1.);
#1445=VECTOR('',#11864,1.);
#1446=VECTOR('',#11869,1.);
#1447=VECTOR('',#11870,1.);
#1448=VECTOR('',#11879,1.);
#1449=VECTOR('',#11884,1.);
#1450=VECTOR('',#11885,1.);
#1451=VECTOR('',#11888,1.);
#1452=VECTOR('',#11893,1.);
#1453=VECTOR('',#11894,1.);
#1454=VECTOR('',#11897,1.);
#1455=VECTOR('',#11902,1.);
#1456=VECTOR('',#11903,1.);
#1457=CONTEXT_DEPENDENT_SHAPE_REPRESENTATION(#1515,#14710);
#1458=CONTEXT_DEPENDENT_SHAPE_REPRESENTATION(#1516,#14712);
#1459=CONTEXT_DEPENDENT_SHAPE_REPRESENTATION(#1517,#14714);
#1460=CONTEXT_DEPENDENT_SHAPE_REPRESENTATION(#1518,#14716);
#1461=CONTEXT_DEPENDENT_SHAPE_REPRESENTATION(#1519,#14718);
#1462=CONTEXT_DEPENDENT_SHAPE_REPRESENTATION(#1520,#14720);
#1463=CONTEXT_DEPENDENT_SHAPE_REPRESENTATION(#1521,#14721);
#1464=CONTEXT_DEPENDENT_SHAPE_REPRESENTATION(#1522,#14722);
#1465=CONTEXT_DEPENDENT_SHAPE_REPRESENTATION(#1523,#14723);
#1466=CONTEXT_DEPENDENT_SHAPE_REPRESENTATION(#1524,#14724);
#1467=CONTEXT_DEPENDENT_SHAPE_REPRESENTATION(#1525,#14725);
#1468=CONTEXT_DEPENDENT_SHAPE_REPRESENTATION(#1526,#14726);
#1469=CONTEXT_DEPENDENT_SHAPE_REPRESENTATION(#1527,#14728);
#1470=CONTEXT_DEPENDENT_SHAPE_REPRESENTATION(#1528,#14729);
#1471=CONTEXT_DEPENDENT_SHAPE_REPRESENTATION(#1529,#14730);
#1472=CONTEXT_DEPENDENT_SHAPE_REPRESENTATION(#1530,#14732);
#1473=CONTEXT_DEPENDENT_SHAPE_REPRESENTATION(#1531,#14734);
#1474=CONTEXT_DEPENDENT_SHAPE_REPRESENTATION(#1532,#14735);
#1475=CONTEXT_DEPENDENT_SHAPE_REPRESENTATION(#1533,#14737);
#1476=CONTEXT_DEPENDENT_SHAPE_REPRESENTATION(#1534,#14738);
#1477=CONTEXT_DEPENDENT_SHAPE_REPRESENTATION(#1535,#14739);
#1478=CONTEXT_DEPENDENT_SHAPE_REPRESENTATION(#1536,#14740);
#1479=CONTEXT_DEPENDENT_SHAPE_REPRESENTATION(#1537,#14741);
#1480=CONTEXT_DEPENDENT_SHAPE_REPRESENTATION(#1538,#14742);
#1481=CONTEXT_DEPENDENT_SHAPE_REPRESENTATION(#1539,#14743);
#1482=CONTEXT_DEPENDENT_SHAPE_REPRESENTATION(#1540,#14744);
#1483=CONTEXT_DEPENDENT_SHAPE_REPRESENTATION(#1541,#14745);
#1484=CONTEXT_DEPENDENT_SHAPE_REPRESENTATION(#1542,#14746);
#1485=CONTEXT_DEPENDENT_SHAPE_REPRESENTATION(#1543,#14747);
#1486=NEXT_ASSEMBLY_USAGE_OCCURRENCE('NAUO1','Spinner_link',
'Spinner_link',#14748,#14749,'');
#1487=NEXT_ASSEMBLY_USAGE_OCCURRENCE('NAUO2','Board_link','Board_link',
#14748,#14750,'');
#1488=NEXT_ASSEMBLY_USAGE_OCCURRENCE('NAUO3','Motor_link','Motor_link',
#14748,#14751,'');
#1489=NEXT_ASSEMBLY_USAGE_OCCURRENCE('NAUO4','Spacer_link',
'Spacer_link',#14748,#14752,'');
#1490=NEXT_ASSEMBLY_USAGE_OCCURRENCE('NAUO5','Pillar_link',
'Pillar_link',#14748,#14753,'');
#1491=NEXT_ASSEMBLY_USAGE_OCCURRENCE('NAUO6','Propeller_link',
'Propeller_link',#14748,#14754,'');
#1492=NEXT_ASSEMBLY_USAGE_OCCURRENCE('NAUO7','Motor_link','Motor_link',
#14748,#14751,'');
#1493=NEXT_ASSEMBLY_USAGE_OCCURRENCE('NAUO8','Spacer_link',
'Spacer_link',#14748,#14752,'');
#1494=NEXT_ASSEMBLY_USAGE_OCCURRENCE('NAUO9','Spinner_link',
'Spinner_link',#14748,#14749,'');
#1495=NEXT_ASSEMBLY_USAGE_OCCURRENCE('NAUO10','Spacer_link',
'Spacer_link',#14748,#14752,'');
#1496=NEXT_ASSEMBLY_USAGE_OCCURRENCE('NAUO11','Spinner_link',
'Spinner_link',#14748,#14749,'');
#1497=NEXT_ASSEMBLY_USAGE_OCCURRENCE('NAUO12','Pillar_link',
'Pillar_link',#14748,#14753,'');
#1498=NEXT_ASSEMBLY_USAGE_OCCURRENCE('NAUO13','Top_link','Top_link',#14748,
#14755,'');
#1499=NEXT_ASSEMBLY_USAGE_OCCURRENCE('NAUO14','Pillar_link',
'Pillar_link',#14748,#14753,'');
#1500=NEXT_ASSEMBLY_USAGE_OCCURRENCE('NAUO15','Board_link','Board_link',
#14748,#14750,'');
#1501=NEXT_ASSEMBLY_USAGE_OCCURRENCE('NAUO16','Arm_link','Arm_link',#14748,
#14756,'');
#1502=NEXT_ASSEMBLY_USAGE_OCCURRENCE('NAUO17','imu_link','imu_link',#14748,
#14757,'');
#1503=NEXT_ASSEMBLY_USAGE_OCCURRENCE('NAUO18','Motor_link','Motor_link',
#14748,#14751,'');
#1504=NEXT_ASSEMBLY_USAGE_OCCURRENCE('NAUO19','base_link','base_link',#14748,
#14758,'');
#1505=NEXT_ASSEMBLY_USAGE_OCCURRENCE('NAUO20','Propeller_link',
'Propeller_link',#14748,#14754,'');
#1506=NEXT_ASSEMBLY_USAGE_OCCURRENCE('NAUO21','Spinner_link',
'Spinner_link',#14748,#14749,'');
#1507=NEXT_ASSEMBLY_USAGE_OCCURRENCE('NAUO22','Propeller_link',
'Propeller_link',#14748,#14754,'');
#1508=NEXT_ASSEMBLY_USAGE_OCCURRENCE('NAUO23','Arm_link','Arm_link',#14748,
#14756,'');
#1509=NEXT_ASSEMBLY_USAGE_OCCURRENCE('NAUO24','Propeller_link',
'Propeller_link',#14748,#14754,'');
#1510=NEXT_ASSEMBLY_USAGE_OCCURRENCE('NAUO25','Arm_link','Arm_link',#14748,
#14756,'');
#1511=NEXT_ASSEMBLY_USAGE_OCCURRENCE('NAUO26','Motor_link','Motor_link',
#14748,#14751,'');
#1512=NEXT_ASSEMBLY_USAGE_OCCURRENCE('NAUO27','Spacer_link',
'Spacer_link',#14748,#14752,'');
#1513=NEXT_ASSEMBLY_USAGE_OCCURRENCE('NAUO28','Pillar_link',
'Pillar_link',#14748,#14753,'');
#1514=NEXT_ASSEMBLY_USAGE_OCCURRENCE('NAUO29','Arm_link','Arm_link',#14748,
#14756,'');
#1515=(
REPRESENTATION_RELATIONSHIP(' ',' ',#8577,#8576)
REPRESENTATION_RELATIONSHIP_WITH_TRANSFORMATION(#1544)
SHAPE_REPRESENTATION_RELATIONSHIP()
);
#1516=(
REPRESENTATION_RELATIONSHIP(' ',' ',#8578,#8576)
REPRESENTATION_RELATIONSHIP_WITH_TRANSFORMATION(#1545)
SHAPE_REPRESENTATION_RELATIONSHIP()
);
#1517=(
REPRESENTATION_RELATIONSHIP(' ',' ',#8579,#8576)
REPRESENTATION_RELATIONSHIP_WITH_TRANSFORMATION(#1546)
SHAPE_REPRESENTATION_RELATIONSHIP()
);
#1518=(
REPRESENTATION_RELATIONSHIP(' ',' ',#8580,#8576)
REPRESENTATION_RELATIONSHIP_WITH_TRANSFORMATION(#1547)
SHAPE_REPRESENTATION_RELATIONSHIP()
);
#1519=(
REPRESENTATION_RELATIONSHIP(' ',' ',#8581,#8576)
REPRESENTATION_RELATIONSHIP_WITH_TRANSFORMATION(#1548)
SHAPE_REPRESENTATION_RELATIONSHIP()
);
#1520=(
REPRESENTATION_RELATIONSHIP(' ',' ',#8582,#8576)
REPRESENTATION_RELATIONSHIP_WITH_TRANSFORMATION(#1549)
SHAPE_REPRESENTATION_RELATIONSHIP()
);
#1521=(
REPRESENTATION_RELATIONSHIP(' ',' ',#8579,#8576)
REPRESENTATION_RELATIONSHIP_WITH_TRANSFORMATION(#1550)
SHAPE_REPRESENTATION_RELATIONSHIP()
);
#1522=(
REPRESENTATION_RELATIONSHIP(' ',' ',#8580,#8576)
REPRESENTATION_RELATIONSHIP_WITH_TRANSFORMATION(#1551)
SHAPE_REPRESENTATION_RELATIONSHIP()
);
#1523=(
REPRESENTATION_RELATIONSHIP(' ',' ',#8577,#8576)
REPRESENTATION_RELATIONSHIP_WITH_TRANSFORMATION(#1552)
SHAPE_REPRESENTATION_RELATIONSHIP()
);
#1524=(
REPRESENTATION_RELATIONSHIP(' ',' ',#8580,#8576)
REPRESENTATION_RELATIONSHIP_WITH_TRANSFORMATION(#1553)
SHAPE_REPRESENTATION_RELATIONSHIP()
);
#1525=(
REPRESENTATION_RELATIONSHIP(' ',' ',#8577,#8576)
REPRESENTATION_RELATIONSHIP_WITH_TRANSFORMATION(#1554)
SHAPE_REPRESENTATION_RELATIONSHIP()
);
#1526=(
REPRESENTATION_RELATIONSHIP(' ',' ',#8581,#8576)
REPRESENTATION_RELATIONSHIP_WITH_TRANSFORMATION(#1555)
SHAPE_REPRESENTATION_RELATIONSHIP()
);
#1527=(
REPRESENTATION_RELATIONSHIP(' ',' ',#8583,#8576)
REPRESENTATION_RELATIONSHIP_WITH_TRANSFORMATION(#1556)
SHAPE_REPRESENTATION_RELATIONSHIP()
);
#1528=(
REPRESENTATION_RELATIONSHIP(' ',' ',#8581,#8576)
REPRESENTATION_RELATIONSHIP_WITH_TRANSFORMATION(#1557)
SHAPE_REPRESENTATION_RELATIONSHIP()
);
#1529=(
REPRESENTATION_RELATIONSHIP(' ',' ',#8578,#8576)
REPRESENTATION_RELATIONSHIP_WITH_TRANSFORMATION(#1558)
SHAPE_REPRESENTATION_RELATIONSHIP()
);
#1530=(
REPRESENTATION_RELATIONSHIP(' ',' ',#8584,#8576)
REPRESENTATION_RELATIONSHIP_WITH_TRANSFORMATION(#1559)
SHAPE_REPRESENTATION_RELATIONSHIP()
);
#1531=(
REPRESENTATION_RELATIONSHIP(' ',' ',#8585,#8576)
REPRESENTATION_RELATIONSHIP_WITH_TRANSFORMATION(#1560)
SHAPE_REPRESENTATION_RELATIONSHIP()
);
#1532=(
REPRESENTATION_RELATIONSHIP(' ',' ',#8579,#8576)
REPRESENTATION_RELATIONSHIP_WITH_TRANSFORMATION(#1561)
SHAPE_REPRESENTATION_RELATIONSHIP()
);
#1533=(
REPRESENTATION_RELATIONSHIP(' ',' ',#8586,#8576)
REPRESENTATION_RELATIONSHIP_WITH_TRANSFORMATION(#1562)
SHAPE_REPRESENTATION_RELATIONSHIP()
);
#1534=(
REPRESENTATION_RELATIONSHIP(' ',' ',#8582,#8576)
REPRESENTATION_RELATIONSHIP_WITH_TRANSFORMATION(#1563)
SHAPE_REPRESENTATION_RELATIONSHIP()
);
#1535=(
REPRESENTATION_RELATIONSHIP(' ',' ',#8577,#8576)
REPRESENTATION_RELATIONSHIP_WITH_TRANSFORMATION(#1564)
SHAPE_REPRESENTATION_RELATIONSHIP()
);
#1536=(
REPRESENTATION_RELATIONSHIP(' ',' ',#8582,#8576)
REPRESENTATION_RELATIONSHIP_WITH_TRANSFORMATION(#1565)
SHAPE_REPRESENTATION_RELATIONSHIP()
);
#1537=(
REPRESENTATION_RELATIONSHIP(' ',' ',#8584,#8576)
REPRESENTATION_RELATIONSHIP_WITH_TRANSFORMATION(#1566)
SHAPE_REPRESENTATION_RELATIONSHIP()
);
#1538=(
REPRESENTATION_RELATIONSHIP(' ',' ',#8582,#8576)
REPRESENTATION_RELATIONSHIP_WITH_TRANSFORMATION(#1567)
SHAPE_REPRESENTATION_RELATIONSHIP()
);
#1539=(
REPRESENTATION_RELATIONSHIP(' ',' ',#8584,#8576)
REPRESENTATION_RELATIONSHIP_WITH_TRANSFORMATION(#1568)
SHAPE_REPRESENTATION_RELATIONSHIP()
);
#1540=(
REPRESENTATION_RELATIONSHIP(' ',' ',#8579,#8576)
REPRESENTATION_RELATIONSHIP_WITH_TRANSFORMATION(#1569)
SHAPE_REPRESENTATION_RELATIONSHIP()
);
#1541=(
REPRESENTATION_RELATIONSHIP(' ',' ',#8580,#8576)
REPRESENTATION_RELATIONSHIP_WITH_TRANSFORMATION(#1570)
SHAPE_REPRESENTATION_RELATIONSHIP()
);
#1542=(
REPRESENTATION_RELATIONSHIP(' ',' ',#8581,#8576)
REPRESENTATION_RELATIONSHIP_WITH_TRANSFORMATION(#1571)
SHAPE_REPRESENTATION_RELATIONSHIP()
);
#1543=(
REPRESENTATION_RELATIONSHIP(' ',' ',#8584,#8576)
REPRESENTATION_RELATIONSHIP_WITH_TRANSFORMATION(#1572)
SHAPE_REPRESENTATION_RELATIONSHIP()
);
#1544=ITEM_DEFINED_TRANSFORMATION(' ',' ',#8587,#8625);
#1545=ITEM_DEFINED_TRANSFORMATION(' ',' ',#8587,#8718);
#1546=ITEM_DEFINED_TRANSFORMATION(' ',' ',#8587,#8862);
#1547=ITEM_DEFINED_TRANSFORMATION(' ',' ',#8587,#8871);
#1548=ITEM_DEFINED_TRANSFORMATION(' ',' ',#8587,#8890);
#1549=ITEM_DEFINED_TRANSFORMATION(' ',' ',#8587,#8938);
#1550=ITEM_DEFINED_TRANSFORMATION(' ',' ',#8587,#8939);
#1551=ITEM_DEFINED_TRANSFORMATION(' ',' ',#8587,#8940);
#1552=ITEM_DEFINED_TRANSFORMATION(' ',' ',#8587,#8941);
#1553=ITEM_DEFINED_TRANSFORMATION(' ',' ',#8587,#8942);
#1554=ITEM_DEFINED_TRANSFORMATION(' ',' ',#8587,#8943);
#1555=ITEM_DEFINED_TRANSFORMATION(' ',' ',#8587,#8944);
#1556=ITEM_DEFINED_TRANSFORMATION(' ',' ',#8587,#9120);
#1557=ITEM_DEFINED_TRANSFORMATION(' ',' ',#8587,#9121);
#1558=ITEM_DEFINED_TRANSFORMATION(' ',' ',#8587,#9122);
#1559=ITEM_DEFINED_TRANSFORMATION(' ',' ',#8587,#9319);
#1560=ITEM_DEFINED_TRANSFORMATION(' ',' ',#8587,#9326);
#1561=ITEM_DEFINED_TRANSFORMATION(' ',' ',#8587,#9327);
#1562=ITEM_DEFINED_TRANSFORMATION(' ',' ',#8587,#9471);
#1563=ITEM_DEFINED_TRANSFORMATION(' ',' ',#8587,#9472);
#1564=ITEM_DEFINED_TRANSFORMATION(' ',' ',#8587,#9473);
#1565=ITEM_DEFINED_TRANSFORMATION(' ',' ',#8587,#9474);
#1566=ITEM_DEFINED_TRANSFORMATION(' ',' ',#8587,#9475);
#1567=ITEM_DEFINED_TRANSFORMATION(' ',' ',#8587,#9476);
#1568=ITEM_DEFINED_TRANSFORMATION(' ',' ',#8587,#9477);
#1569=ITEM_DEFINED_TRANSFORMATION(' ',' ',#8587,#9478);
#1570=ITEM_DEFINED_TRANSFORMATION(' ',' ',#8587,#9479);
#1571=ITEM_DEFINED_TRANSFORMATION(' ',' ',#8587,#9480);
#1572=ITEM_DEFINED_TRANSFORMATION(' ',' ',#8587,#9481);
#1573=SHAPE_REPRESENTATION_RELATIONSHIP('','',#8577,#1583);
#1574=SHAPE_REPRESENTATION_RELATIONSHIP('','',#8578,#1584);
#1575=SHAPE_REPRESENTATION_RELATIONSHIP('','',#8579,#1585);
#1576=SHAPE_REPRESENTATION_RELATIONSHIP('','',#8580,#1586);
#1577=SHAPE_REPRESENTATION_RELATIONSHIP('','',#8581,#1587);
#1578=SHAPE_REPRESENTATION_RELATIONSHIP('','',#8582,#1588);
#1579=SHAPE_REPRESENTATION_RELATIONSHIP('','',#8583,#1589);
#1580=SHAPE_REPRESENTATION_RELATIONSHIP('','',#8584,#1590);
#1581=SHAPE_REPRESENTATION_RELATIONSHIP('','',#8585,#1591);
#1582=SHAPE_REPRESENTATION_RELATIONSHIP('','',#8586,#1592);
#1583=ADVANCED_BREP_SHAPE_REPRESENTATION('',(#8555),#14684);
#1584=ADVANCED_BREP_SHAPE_REPRESENTATION('',(#8556),#14685);
#1585=ADVANCED_BREP_SHAPE_REPRESENTATION('',(#8557),#14686);
#1586=ADVANCED_BREP_SHAPE_REPRESENTATION('',(#8558),#14687);
#1587=ADVANCED_BREP_SHAPE_REPRESENTATION('',(#8559),#14688);
#1588=ADVANCED_BREP_SHAPE_REPRESENTATION('',(#8560),#14689);
#1589=ADVANCED_BREP_SHAPE_REPRESENTATION('',(#8561),#14690);
#1590=ADVANCED_BREP_SHAPE_REPRESENTATION('',(#8562),#14691);
#1591=ADVANCED_BREP_SHAPE_REPRESENTATION('',(#8563),#14692);
#1592=ADVANCED_BREP_SHAPE_REPRESENTATION('',(#8564),#14693);
#1593=CYLINDRICAL_SURFACE('',#8594,0.008);
#1594=CYLINDRICAL_SURFACE('',#8602,0.002);
#1595=CYLINDRICAL_SURFACE('',#8605,0.0012);
#1596=CYLINDRICAL_SURFACE('',#8609,0.002);
#1597=CYLINDRICAL_SURFACE('',#8610,0.0012);
#1598=CYLINDRICAL_SURFACE('',#8614,0.002);
#1599=CYLINDRICAL_SURFACE('',#8615,0.0012);
#1600=CYLINDRICAL_SURFACE('',#8619,0.002);
#1601=CYLINDRICAL_SURFACE('',#8620,0.0012);
#1602=CYLINDRICAL_SURFACE('',#8624,0.002);
#1603=CYLINDRICAL_SURFACE('',#8627,0.002);
#1604=CYLINDRICAL_SURFACE('',#8631,0.002);
#1605=CYLINDRICAL_SURFACE('',#8635,0.002);
#1606=CYLINDRICAL_SURFACE('',#8651,0.0015);
#1607=CYLINDRICAL_SURFACE('',#8654,0.0015);
#1608=CYLINDRICAL_SURFACE('',#8657,0.0015);
#1609=CYLINDRICAL_SURFACE('',#8660,0.0015);
#1610=CYLINDRICAL_SURFACE('',#8663,0.002);
#1611=CYLINDRICAL_SURFACE('',#8669,9.9999999999997E-5);
#1612=CYLINDRICAL_SURFACE('',#8674,0.0001);
#1613=CYLINDRICAL_SURFACE('',#8677,0.0003);
#1614=CYLINDRICAL_SURFACE('',#8680,0.000100000000000002);
#1615=CYLINDRICAL_SURFACE('',#8683,9.9999999999997E-5);
#1616=CYLINDRICAL_SURFACE('',#8688,0.000199999999999997);
#1617=CYLINDRICAL_SURFACE('',#8691,0.000199999999999997);
#1618=CYLINDRICAL_SURFACE('',#8694,0.000199999999999998);
#1619=CYLINDRICAL_SURFACE('',#8697,0.0002);
#1620=CYLINDRICAL_SURFACE('',#8700,0.0002);
#1621=CYLINDRICAL_SURFACE('',#8703,0.0002);
#1622=CYLINDRICAL_SURFACE('',#8705,0.000299999999999997);
#1623=CYLINDRICAL_SURFACE('',#8715,0.00025);
#1624=CYLINDRICAL_SURFACE('',#8716,0.00025);
#1625=CYLINDRICAL_SURFACE('',#8717,0.00025);
#1626=CYLINDRICAL_SURFACE('',#8752,0.0115);
#1627=CYLINDRICAL_SURFACE('',#8759,0.001);
#1628=CYLINDRICAL_SURFACE('',#8764,0.001);
#1629=CYLINDRICAL_SURFACE('',#8774,0.0115);
#1630=CYLINDRICAL_SURFACE('',#8778,0.011);
#1631=CYLINDRICAL_SURFACE('',#8782,0.0115);
#1632=CYLINDRICAL_SURFACE('',#8786,0.0095);
#1633=CYLINDRICAL_SURFACE('',#8788,0.003);
#1634=CYLINDRICAL_SURFACE('',#8793,0.003);
#1635=CYLINDRICAL_SURFACE('',#8799,0.003);
#1636=CYLINDRICAL_SURFACE('',#8805,0.003);
#1637=CYLINDRICAL_SURFACE('',#8812,0.003);
#1638=CYLINDRICAL_SURFACE('',#8817,0.003);
#1639=CYLINDRICAL_SURFACE('',#8823,0.001);
#1640=CYLINDRICAL_SURFACE('',#8825,0.001);
#1641=CYLINDRICAL_SURFACE('',#8827,0.001);
#1642=CYLINDRICAL_SURFACE('',#8829,0.001);
#1643=CYLINDRICAL_SURFACE('',#8831,0.002);
#1644=CYLINDRICAL_SURFACE('',#8843,0.0105);
#1645=CYLINDRICAL_SURFACE('',#8847,0.001);
#1646=CYLINDRICAL_SURFACE('',#8850,0.001);
#1647=CYLINDRICAL_SURFACE('',#8853,0.001);
#1648=CYLINDRICAL_SURFACE('',#8856,0.001);
#1649=CYLINDRICAL_SURFACE('',#8859,0.001);
#1650=CYLINDRICAL_SURFACE('',#8863,0.0015);
#1651=CYLINDRICAL_SURFACE('',#8866,0.0025);
#1652=CYLINDRICAL_SURFACE('',#8872,0.00125);
#1653=CYLINDRICAL_SURFACE('',#8886,0.00125);
#1654=CYLINDRICAL_SURFACE('',#8913,0.00575);
#1655=CYLINDRICAL_SURFACE('',#8918,0.003);
#1656=CYLINDRICAL_SURFACE('',#8919,0.005);
#1657=CYLINDRICAL_SURFACE('',#8922,0.00575);
#1658=CYLINDRICAL_SURFACE('',#8928,0.005);
#1659=CYLINDRICAL_SURFACE('',#8930,0.003);
#1660=CYLINDRICAL_SURFACE('',#8933,0.0025);
#1661=CYLINDRICAL_SURFACE('',#9043,0.0016);
#1662=CYLINDRICAL_SURFACE('',#9044,0.0016);
#1663=CYLINDRICAL_SURFACE('',#9045,0.0016);
#1664=CYLINDRICAL_SURFACE('',#9046,0.0016);
#1665=CYLINDRICAL_SURFACE('',#9047,0.0016);
#1666=CYLINDRICAL_SURFACE('',#9048,0.0016);
#1667=CYLINDRICAL_SURFACE('',#9049,0.0016);
#1668=CYLINDRICAL_SURFACE('',#9051,0.0016);
#1669=CYLINDRICAL_SURFACE('',#9060,0.03);
#1670=CYLINDRICAL_SURFACE('',#9061,0.03);
#1671=CYLINDRICAL_SURFACE('',#9062,0.03);
#1672=CYLINDRICAL_SURFACE('',#9063,0.03);
#1673=CYLINDRICAL_SURFACE('',#9064,0.03);
#1674=CYLINDRICAL_SURFACE('',#9065,0.03);
#1675=CYLINDRICAL_SURFACE('',#9066,0.03);
#1676=CYLINDRICAL_SURFACE('',#9067,0.03);
#1677=CYLINDRICAL_SURFACE('',#9068,0.0008);
#1678=CYLINDRICAL_SURFACE('',#9070,0.0008);
#1679=CYLINDRICAL_SURFACE('',#9072,0.0008);
#1680=CYLINDRICAL_SURFACE('',#9074,0.0008);
#1681=CYLINDRICAL_SURFACE('',#9076,0.0008);
#1682=CYLINDRICAL_SURFACE('',#9078,0.0008);
#1683=CYLINDRICAL_SURFACE('',#9080,0.0008);
#1684=CYLINDRICAL_SURFACE('',#9082,0.0008);
#1685=CYLINDRICAL_SURFACE('',#9084,0.0008);
#1686=CYLINDRICAL_SURFACE('',#9086,0.0008);
#1687=CYLINDRICAL_SURFACE('',#9088,0.0008);
#1688=CYLINDRICAL_SURFACE('',#9090,0.0008);
#1689=CYLINDRICAL_SURFACE('',#9092,0.0008);
#1690=CYLINDRICAL_SURFACE('',#9094,0.0008);
#1691=CYLINDRICAL_SURFACE('',#9096,0.0008);
#1692=CYLINDRICAL_SURFACE('',#9098,0.0008);
#1693=CYLINDRICAL_SURFACE('',#9100,0.0008);
#1694=CYLINDRICAL_SURFACE('',#9102,0.0008);
#1695=CYLINDRICAL_SURFACE('',#9104,0.0008);
#1696=CYLINDRICAL_SURFACE('',#9106,0.0008);
#1697=CYLINDRICAL_SURFACE('',#9108,0.0008);
#1698=CYLINDRICAL_SURFACE('',#9110,0.0008);
#1699=CYLINDRICAL_SURFACE('',#9112,0.0008);
#1700=CYLINDRICAL_SURFACE('',#9114,0.0008);
#1701=CYLINDRICAL_SURFACE('',#9123,0.0005);
#1702=CYLINDRICAL_SURFACE('',#9188,0.0011);
#1703=CYLINDRICAL_SURFACE('',#9191,0.0011);
#1704=CYLINDRICAL_SURFACE('',#9194,0.0011);
#1705=CYLINDRICAL_SURFACE('',#9198,0.002);
#1706=CYLINDRICAL_SURFACE('',#9203,0.003);
#1707=CYLINDRICAL_SURFACE('',#9208,0.01);
#1708=CYLINDRICAL_SURFACE('',#9217,0.01);
#1709=CYLINDRICAL_SURFACE('',#9220,0.003);
#1710=CYLINDRICAL_SURFACE('',#9226,0.0015);
#1711=CYLINDRICAL_SURFACE('',#9229,0.0015);
#1712=CYLINDRICAL_SURFACE('',#9262,0.0005);
#1713=CYLINDRICAL_SURFACE('',#9263,0.0005);
#1714=CYLINDRICAL_SURFACE('',#9264,0.0005);
#1715=CYLINDRICAL_SURFACE('',#9265,0.0005);
#1716=CYLINDRICAL_SURFACE('',#9266,0.0005);
#1717=CYLINDRICAL_SURFACE('',#9267,0.0005);
#1718=CYLINDRICAL_SURFACE('',#9268,0.0005);
#1719=CYLINDRICAL_SURFACE('',#9269,0.0005);
#1720=CYLINDRICAL_SURFACE('',#9270,0.0005);
#1721=CYLINDRICAL_SURFACE('',#9271,0.0005);
#1722=CYLINDRICAL_SURFACE('',#9272,0.0005);
#1723=CYLINDRICAL_SURFACE('',#9273,0.0005);
#1724=CYLINDRICAL_SURFACE('',#9274,0.0005);
#1725=CYLINDRICAL_SURFACE('',#9275,0.0005);
#1726=CYLINDRICAL_SURFACE('',#9276,0.0005);
#1727=CYLINDRICAL_SURFACE('',#9277,0.0005);
#1728=CYLINDRICAL_SURFACE('',#9278,0.0005);
#1729=CYLINDRICAL_SURFACE('',#9279,0.0005);
#1730=CYLINDRICAL_SURFACE('',#9280,0.0005);
#1731=CYLINDRICAL_SURFACE('',#9281,0.0005);
#1732=CYLINDRICAL_SURFACE('',#9282,0.0005);
#1733=CYLINDRICAL_SURFACE('',#9283,0.0005);
#1734=CYLINDRICAL_SURFACE('',#9284,0.0005);
#1735=CYLINDRICAL_SURFACE('',#9285,0.0005);
#1736=CYLINDRICAL_SURFACE('',#9286,0.0005);
#1737=CYLINDRICAL_SURFACE('',#9287,0.0005);
#1738=CYLINDRICAL_SURFACE('',#9303,0.002);
#1739=CYLINDRICAL_SURFACE('',#9304,0.002);
#1740=CYLINDRICAL_SURFACE('',#9306,0.002);
#1741=CYLINDRICAL_SURFACE('',#9309,0.002);
#1742=CYLINDRICAL_SURFACE('',#9311,0.002);
#1743=CYLINDRICAL_SURFACE('',#9312,0.003);
#1744=CYLINDRICAL_SURFACE('',#9313,0.003);
#1745=CYLINDRICAL_SURFACE('',#9314,0.005);
#1746=CYLINDRICAL_SURFACE('',#9315,0.005);
#1747=CYLINDRICAL_SURFACE('',#9316,0.005);
#1748=CYLINDRICAL_SURFACE('',#9317,0.005);
#1749=CYLINDRICAL_SURFACE('',#9318,0.00125);
#1750=CYLINDRICAL_SURFACE('',#9333,0.0015);
#1751=CYLINDRICAL_SURFACE('',#9340,0.0015);
#1752=CYLINDRICAL_SURFACE('',#9347,0.0015);
#1753=CYLINDRICAL_SURFACE('',#9373,0.0016);
#1754=CYLINDRICAL_SURFACE('',#9375,0.0016);
#1755=CYLINDRICAL_SURFACE('',#9377,0.0016);
#1756=CYLINDRICAL_SURFACE('',#9379,0.0016);
#1757=CYLINDRICAL_SURFACE('',#9381,0.0016);
#1758=CYLINDRICAL_SURFACE('',#9383,0.0016);
#1759=CYLINDRICAL_SURFACE('',#9385,0.0016);
#1760=CYLINDRICAL_SURFACE('',#9388,0.0016);
#1761=CYLINDRICAL_SURFACE('',#9418,0.003);
#1762=CYLINDRICAL_SURFACE('',#9421,0.003);
#1763=CYLINDRICAL_SURFACE('',#9424,0.003);
#1764=CYLINDRICAL_SURFACE('',#9427,0.003);
#1765=CYLINDRICAL_SURFACE('',#9430,0.003);
#1766=CYLINDRICAL_SURFACE('',#9433,0.003);
#1767=CYLINDRICAL_SURFACE('',#9436,0.003);
#1768=CYLINDRICAL_SURFACE('',#9439,0.003);
#1769=CYLINDRICAL_SURFACE('',#9442,0.003);
#1770=CYLINDRICAL_SURFACE('',#9445,0.003);
#1771=CYLINDRICAL_SURFACE('',#9448,0.003);
#1772=CYLINDRICAL_SURFACE('',#9451,0.003);
#1773=CYLINDRICAL_SURFACE('',#9454,0.003);
#1774=CYLINDRICAL_SURFACE('',#9457,0.003);
#1775=CYLINDRICAL_SURFACE('',#9460,0.003);
#1776=CYLINDRICAL_SURFACE('',#9463,0.003);
#1777=CYLINDRICAL_SURFACE('',#9466,0.0015);
#1778=ORIENTED_EDGE('',*,*,#4088,.F.);
#1779=ORIENTED_EDGE('',*,*,#4089,.F.);
#1780=ORIENTED_EDGE('',*,*,#4090,.F.);
#1781=ORIENTED_EDGE('',*,*,#4091,.F.);
#1782=ORIENTED_EDGE('',*,*,#4092,.F.);
#1783=ORIENTED_EDGE('',*,*,#4093,.F.);
#1784=ORIENTED_EDGE('',*,*,#4092,.T.);
#1785=ORIENTED_EDGE('',*,*,#4094,.T.);
#1786=ORIENTED_EDGE('',*,*,#4095,.T.);
#1787=ORIENTED_EDGE('',*,*,#4096,.T.);
#1788=ORIENTED_EDGE('',*,*,#4097,.T.);
#1789=ORIENTED_EDGE('',*,*,#4098,.F.);
#1790=ORIENTED_EDGE('',*,*,#4093,.T.);
#1791=ORIENTED_EDGE('',*,*,#4099,.F.);
#1792=ORIENTED_EDGE('',*,*,#4098,.T.);
#1793=ORIENTED_EDGE('',*,*,#4099,.T.);
#1794=ORIENTED_EDGE('',*,*,#4100,.F.);
#1795=ORIENTED_EDGE('',*,*,#4091,.T.);
#1796=ORIENTED_EDGE('',*,*,#4100,.T.);
#1797=ORIENTED_EDGE('',*,*,#4101,.F.);
#1798=ORIENTED_EDGE('',*,*,#4101,.T.);
#1799=ORIENTED_EDGE('',*,*,#4097,.F.);
#1800=ORIENTED_EDGE('',*,*,#4102,.F.);
#1801=ORIENTED_EDGE('',*,*,#4090,.T.);
#1802=ORIENTED_EDGE('',*,*,#4102,.T.);
#1803=ORIENTED_EDGE('',*,*,#4103,.F.);
#1804=ORIENTED_EDGE('',*,*,#4103,.T.);
#1805=ORIENTED_EDGE('',*,*,#4096,.F.);
#1806=ORIENTED_EDGE('',*,*,#4104,.F.);
#1807=ORIENTED_EDGE('',*,*,#4089,.T.);
#1808=ORIENTED_EDGE('',*,*,#4104,.T.);
#1809=ORIENTED_EDGE('',*,*,#4105,.F.);
#1810=ORIENTED_EDGE('',*,*,#4105,.T.);
#1811=ORIENTED_EDGE('',*,*,#4095,.F.);
#1812=ORIENTED_EDGE('',*,*,#4106,.F.);
#1813=ORIENTED_EDGE('',*,*,#4088,.T.);
#1814=ORIENTED_EDGE('',*,*,#4106,.T.);
#1815=ORIENTED_EDGE('',*,*,#4107,.F.);
#1816=ORIENTED_EDGE('',*,*,#4107,.T.);
#1817=ORIENTED_EDGE('',*,*,#4094,.F.);
#1818=ORIENTED_EDGE('',*,*,#4108,.T.);
#1819=ORIENTED_EDGE('',*,*,#4109,.F.);
#1820=ORIENTED_EDGE('',*,*,#4110,.F.);
#1821=ORIENTED_EDGE('',*,*,#4111,.T.);
#1822=ORIENTED_EDGE('',*,*,#4112,.T.);
#1823=ORIENTED_EDGE('',*,*,#4113,.F.);
#1824=ORIENTED_EDGE('',*,*,#4114,.F.);
#1825=ORIENTED_EDGE('',*,*,#4109,.T.);
#1826=ORIENTED_EDGE('',*,*,#4115,.T.);
#1827=ORIENTED_EDGE('',*,*,#4116,.F.);
#1828=ORIENTED_EDGE('',*,*,#4117,.F.);
#1829=ORIENTED_EDGE('',*,*,#4113,.T.);
#1830=ORIENTED_EDGE('',*,*,#4118,.T.);
#1831=ORIENTED_EDGE('',*,*,#4119,.F.);
#1832=ORIENTED_EDGE('',*,*,#4120,.F.);
#1833=ORIENTED_EDGE('',*,*,#4116,.T.);
#1834=ORIENTED_EDGE('',*,*,#4121,.F.);
#1835=ORIENTED_EDGE('',*,*,#4122,.F.);
#1836=ORIENTED_EDGE('',*,*,#4123,.T.);
#1837=ORIENTED_EDGE('',*,*,#4119,.T.);
#1838=ORIENTED_EDGE('',*,*,#4124,.T.);
#1839=ORIENTED_EDGE('',*,*,#4125,.F.);
#1840=ORIENTED_EDGE('',*,*,#4126,.F.);
#1841=ORIENTED_EDGE('',*,*,#4122,.T.);
#1842=ORIENTED_EDGE('',*,*,#4127,.F.);
#1843=ORIENTED_EDGE('',*,*,#4128,.F.);
#1844=ORIENTED_EDGE('',*,*,#4129,.T.);
#1845=ORIENTED_EDGE('',*,*,#4130,.T.);
#1846=ORIENTED_EDGE('',*,*,#4131,.T.);
#1847=ORIENTED_EDGE('',*,*,#4132,.T.);
#1848=ORIENTED_EDGE('',*,*,#4133,.F.);
#1849=ORIENTED_EDGE('',*,*,#4134,.T.);
#1850=ORIENTED_EDGE('',*,*,#4135,.T.);
#1851=ORIENTED_EDGE('',*,*,#4136,.F.);
#1852=ORIENTED_EDGE('',*,*,#4137,.T.);
#1853=ORIENTED_EDGE('',*,*,#4138,.F.);
#1854=ORIENTED_EDGE('',*,*,#4139,.F.);
#1855=ORIENTED_EDGE('',*,*,#4140,.F.);
#1856=ORIENTED_EDGE('',*,*,#4141,.T.);
#1857=ORIENTED_EDGE('',*,*,#4142,.F.);
#1858=ORIENTED_EDGE('',*,*,#4143,.T.);
#1859=ORIENTED_EDGE('',*,*,#4125,.T.);
#1860=ORIENTED_EDGE('',*,*,#4144,.F.);
#1861=ORIENTED_EDGE('',*,*,#4145,.F.);
#1862=ORIENTED_EDGE('',*,*,#4146,.F.);
#1863=ORIENTED_EDGE('',*,*,#4147,.F.);
#1864=ORIENTED_EDGE('',*,*,#4148,.T.);
#1865=ORIENTED_EDGE('',*,*,#4149,.F.);
#1866=ORIENTED_EDGE('',*,*,#4150,.T.);
#1867=ORIENTED_EDGE('',*,*,#4151,.T.);
#1868=ORIENTED_EDGE('',*,*,#4152,.T.);
#1869=ORIENTED_EDGE('',*,*,#4153,.F.);
#1870=ORIENTED_EDGE('',*,*,#4154,.T.);
#1871=ORIENTED_EDGE('',*,*,#4155,.F.);
#1872=ORIENTED_EDGE('',*,*,#4156,.F.);
#1873=ORIENTED_EDGE('',*,*,#4157,.T.);
#1874=ORIENTED_EDGE('',*,*,#4158,.T.);
#1875=ORIENTED_EDGE('',*,*,#4159,.F.);
#1876=ORIENTED_EDGE('',*,*,#4160,.T.);
#1877=ORIENTED_EDGE('',*,*,#4161,.F.);
#1878=ORIENTED_EDGE('',*,*,#4162,.T.);
#1879=ORIENTED_EDGE('',*,*,#4163,.F.);
#1880=ORIENTED_EDGE('',*,*,#4164,.T.);
#1881=ORIENTED_EDGE('',*,*,#4165,.F.);
#1882=ORIENTED_EDGE('',*,*,#4166,.T.);
#1883=ORIENTED_EDGE('',*,*,#4111,.F.);
#1884=ORIENTED_EDGE('',*,*,#4167,.F.);
#1885=ORIENTED_EDGE('',*,*,#4128,.T.);
#1886=ORIENTED_EDGE('',*,*,#4168,.F.);
#1887=ORIENTED_EDGE('',*,*,#4169,.F.);
#1888=ORIENTED_EDGE('',*,*,#4170,.T.);
#1889=ORIENTED_EDGE('',*,*,#4129,.F.);
#1890=ORIENTED_EDGE('',*,*,#4167,.T.);
#1891=ORIENTED_EDGE('',*,*,#4110,.T.);
#1892=ORIENTED_EDGE('',*,*,#4114,.T.);
#1893=ORIENTED_EDGE('',*,*,#4117,.T.);
#1894=ORIENTED_EDGE('',*,*,#4120,.T.);
#1895=ORIENTED_EDGE('',*,*,#4123,.F.);
#1896=ORIENTED_EDGE('',*,*,#4126,.T.);
#1897=ORIENTED_EDGE('',*,*,#4143,.F.);
#1898=ORIENTED_EDGE('',*,*,#4164,.F.);
#1899=ORIENTED_EDGE('',*,*,#4162,.F.);
#1900=ORIENTED_EDGE('',*,*,#4160,.F.);
#1901=ORIENTED_EDGE('',*,*,#4158,.F.);
#1902=ORIENTED_EDGE('',*,*,#4165,.T.);
#1903=ORIENTED_EDGE('',*,*,#4163,.T.);
#1904=ORIENTED_EDGE('',*,*,#4161,.T.);
#1905=ORIENTED_EDGE('',*,*,#4159,.T.);
#1906=ORIENTED_EDGE('',*,*,#4108,.F.);
#1907=ORIENTED_EDGE('',*,*,#4166,.F.);
#1908=ORIENTED_EDGE('',*,*,#4127,.T.);
#1909=ORIENTED_EDGE('',*,*,#4124,.F.);
#1910=ORIENTED_EDGE('',*,*,#4121,.T.);
#1911=ORIENTED_EDGE('',*,*,#4118,.F.);
#1912=ORIENTED_EDGE('',*,*,#4115,.F.);
#1913=ORIENTED_EDGE('',*,*,#4112,.F.);
#1914=ORIENTED_EDGE('',*,*,#4144,.T.);
#1915=ORIENTED_EDGE('',*,*,#4171,.F.);
#1916=ORIENTED_EDGE('',*,*,#4172,.F.);
#1917=ORIENTED_EDGE('',*,*,#4173,.T.);
#1918=ORIENTED_EDGE('',*,*,#4145,.T.);
#1919=ORIENTED_EDGE('',*,*,#4173,.F.);
#1920=ORIENTED_EDGE('',*,*,#4174,.F.);
#1921=ORIENTED_EDGE('',*,*,#4175,.T.);
#1922=ORIENTED_EDGE('',*,*,#4146,.T.);
#1923=ORIENTED_EDGE('',*,*,#4175,.F.);
#1924=ORIENTED_EDGE('',*,*,#4176,.F.);
#1925=ORIENTED_EDGE('',*,*,#4177,.T.);
#1926=ORIENTED_EDGE('',*,*,#4147,.T.);
#1927=ORIENTED_EDGE('',*,*,#4177,.F.);
#1928=ORIENTED_EDGE('',*,*,#4178,.F.);
#1929=ORIENTED_EDGE('',*,*,#4179,.T.);
#1930=ORIENTED_EDGE('',*,*,#4148,.F.);
#1931=ORIENTED_EDGE('',*,*,#4179,.F.);
#1932=ORIENTED_EDGE('',*,*,#4180,.T.);
#1933=ORIENTED_EDGE('',*,*,#4181,.T.);
#1934=ORIENTED_EDGE('',*,*,#4149,.T.);
#1935=ORIENTED_EDGE('',*,*,#4181,.F.);
#1936=ORIENTED_EDGE('',*,*,#4182,.F.);
#1937=ORIENTED_EDGE('',*,*,#4183,.T.);
#1938=ORIENTED_EDGE('',*,*,#4150,.F.);
#1939=ORIENTED_EDGE('',*,*,#4183,.F.);
#1940=ORIENTED_EDGE('',*,*,#4184,.T.);
#1941=ORIENTED_EDGE('',*,*,#4185,.T.);
#1942=ORIENTED_EDGE('',*,*,#4151,.F.);
#1943=ORIENTED_EDGE('',*,*,#4185,.F.);
#1944=ORIENTED_EDGE('',*,*,#4186,.T.);
#1945=ORIENTED_EDGE('',*,*,#4187,.T.);
#1946=ORIENTED_EDGE('',*,*,#4152,.F.);
#1947=ORIENTED_EDGE('',*,*,#4187,.F.);
#1948=ORIENTED_EDGE('',*,*,#4188,.T.);
#1949=ORIENTED_EDGE('',*,*,#4189,.T.);
#1950=ORIENTED_EDGE('',*,*,#4153,.T.);
#1951=ORIENTED_EDGE('',*,*,#4189,.F.);
#1952=ORIENTED_EDGE('',*,*,#4190,.F.);
#1953=ORIENTED_EDGE('',*,*,#4191,.T.);
#1954=ORIENTED_EDGE('',*,*,#4154,.F.);
#1955=ORIENTED_EDGE('',*,*,#4191,.F.);
#1956=ORIENTED_EDGE('',*,*,#4192,.T.);
#1957=ORIENTED_EDGE('',*,*,#4193,.T.);
#1958=ORIENTED_EDGE('',*,*,#4155,.T.);
#1959=ORIENTED_EDGE('',*,*,#4193,.F.);
#1960=ORIENTED_EDGE('',*,*,#4194,.F.);
#1961=ORIENTED_EDGE('',*,*,#4195,.T.);
#1962=ORIENTED_EDGE('',*,*,#4156,.T.);
#1963=ORIENTED_EDGE('',*,*,#4195,.F.);
#1964=ORIENTED_EDGE('',*,*,#4196,.F.);
#1965=ORIENTED_EDGE('',*,*,#4197,.T.);
#1966=ORIENTED_EDGE('',*,*,#4142,.T.);
#1967=ORIENTED_EDGE('',*,*,#4198,.F.);
#1968=ORIENTED_EDGE('',*,*,#4199,.F.);
#1969=ORIENTED_EDGE('',*,*,#4168,.T.);
#1970=ORIENTED_EDGE('',*,*,#4130,.F.);
#1971=ORIENTED_EDGE('',*,*,#4170,.F.);
#1972=ORIENTED_EDGE('',*,*,#4200,.T.);
#1973=ORIENTED_EDGE('',*,*,#4201,.T.);
#1974=ORIENTED_EDGE('',*,*,#4131,.F.);
#1975=ORIENTED_EDGE('',*,*,#4201,.F.);
#1976=ORIENTED_EDGE('',*,*,#4202,.T.);
#1977=ORIENTED_EDGE('',*,*,#4203,.T.);
#1978=ORIENTED_EDGE('',*,*,#4132,.F.);
#1979=ORIENTED_EDGE('',*,*,#4203,.F.);
#1980=ORIENTED_EDGE('',*,*,#4204,.T.);
#1981=ORIENTED_EDGE('',*,*,#4205,.T.);
#1982=ORIENTED_EDGE('',*,*,#4133,.T.);
#1983=ORIENTED_EDGE('',*,*,#4205,.F.);
#1984=ORIENTED_EDGE('',*,*,#4206,.F.);
#1985=ORIENTED_EDGE('',*,*,#4207,.T.);
#1986=ORIENTED_EDGE('',*,*,#4134,.F.);
#1987=ORIENTED_EDGE('',*,*,#4207,.F.);
#1988=ORIENTED_EDGE('',*,*,#4208,.T.);
#1989=ORIENTED_EDGE('',*,*,#4209,.T.);
#1990=ORIENTED_EDGE('',*,*,#4135,.F.);
#1991=ORIENTED_EDGE('',*,*,#4209,.F.);
#1992=ORIENTED_EDGE('',*,*,#4210,.T.);
#1993=ORIENTED_EDGE('',*,*,#4211,.T.);
#1994=ORIENTED_EDGE('',*,*,#4136,.T.);
#1995=ORIENTED_EDGE('',*,*,#4211,.F.);
#1996=ORIENTED_EDGE('',*,*,#4212,.F.);
#1997=ORIENTED_EDGE('',*,*,#4213,.T.);
#1998=ORIENTED_EDGE('',*,*,#4137,.F.);
#1999=ORIENTED_EDGE('',*,*,#4213,.F.);
#2000=ORIENTED_EDGE('',*,*,#4214,.T.);
#2001=ORIENTED_EDGE('',*,*,#4215,.T.);
#2002=ORIENTED_EDGE('',*,*,#4138,.T.);
#2003=ORIENTED_EDGE('',*,*,#4215,.F.);
#2004=ORIENTED_EDGE('',*,*,#4216,.F.);
#2005=ORIENTED_EDGE('',*,*,#4217,.T.);
#2006=ORIENTED_EDGE('',*,*,#4139,.T.);
#2007=ORIENTED_EDGE('',*,*,#4217,.F.);
#2008=ORIENTED_EDGE('',*,*,#4218,.F.);
#2009=ORIENTED_EDGE('',*,*,#4219,.T.);
#2010=ORIENTED_EDGE('',*,*,#4140,.T.);
#2011=ORIENTED_EDGE('',*,*,#4219,.F.);
#2012=ORIENTED_EDGE('',*,*,#4220,.F.);
#2013=ORIENTED_EDGE('',*,*,#4221,.T.);
#2014=ORIENTED_EDGE('',*,*,#4141,.F.);
#2015=ORIENTED_EDGE('',*,*,#4221,.F.);
#2016=ORIENTED_EDGE('',*,*,#4222,.T.);
#2017=ORIENTED_EDGE('',*,*,#4198,.T.);
#2018=ORIENTED_EDGE('',*,*,#4157,.F.);
#2019=ORIENTED_EDGE('',*,*,#4197,.F.);
#2020=ORIENTED_EDGE('',*,*,#4223,.T.);
#2021=ORIENTED_EDGE('',*,*,#4171,.T.);
#2022=ORIENTED_EDGE('',*,*,#4224,.T.);
#2023=ORIENTED_EDGE('',*,*,#4225,.T.);
#2024=ORIENTED_EDGE('',*,*,#4226,.T.);
#2025=ORIENTED_EDGE('',*,*,#4174,.T.);
#2026=ORIENTED_EDGE('',*,*,#4172,.T.);
#2027=ORIENTED_EDGE('',*,*,#4223,.F.);
#2028=ORIENTED_EDGE('',*,*,#4196,.T.);
#2029=ORIENTED_EDGE('',*,*,#4194,.T.);
#2030=ORIENTED_EDGE('',*,*,#4192,.F.);
#2031=ORIENTED_EDGE('',*,*,#4190,.T.);
#2032=ORIENTED_EDGE('',*,*,#4188,.F.);
#2033=ORIENTED_EDGE('',*,*,#4186,.F.);
#2034=ORIENTED_EDGE('',*,*,#4184,.F.);
#2035=ORIENTED_EDGE('',*,*,#4182,.T.);
#2036=ORIENTED_EDGE('',*,*,#4180,.F.);
#2037=ORIENTED_EDGE('',*,*,#4178,.T.);
#2038=ORIENTED_EDGE('',*,*,#4176,.T.);
#2039=ORIENTED_EDGE('',*,*,#4227,.F.);
#2040=ORIENTED_EDGE('',*,*,#4228,.F.);
#2041=ORIENTED_EDGE('',*,*,#4229,.F.);
#2042=ORIENTED_EDGE('',*,*,#4169,.T.);
#2043=ORIENTED_EDGE('',*,*,#4199,.T.);
#2044=ORIENTED_EDGE('',*,*,#4222,.F.);
#2045=ORIENTED_EDGE('',*,*,#4220,.T.);
#2046=ORIENTED_EDGE('',*,*,#4218,.T.);
#2047=ORIENTED_EDGE('',*,*,#4216,.T.);
#2048=ORIENTED_EDGE('',*,*,#4214,.F.);
#2049=ORIENTED_EDGE('',*,*,#4212,.T.);
#2050=ORIENTED_EDGE('',*,*,#4210,.F.);
#2051=ORIENTED_EDGE('',*,*,#4208,.F.);
#2052=ORIENTED_EDGE('',*,*,#4206,.T.);
#2053=ORIENTED_EDGE('',*,*,#4204,.F.);
#2054=ORIENTED_EDGE('',*,*,#4202,.F.);
#2055=ORIENTED_EDGE('',*,*,#4200,.F.);
#2056=ORIENTED_EDGE('',*,*,#4229,.T.);
#2057=ORIENTED_EDGE('',*,*,#4226,.F.);
#2058=ORIENTED_EDGE('',*,*,#4228,.T.);
#2059=ORIENTED_EDGE('',*,*,#4225,.F.);
#2060=ORIENTED_EDGE('',*,*,#4227,.T.);
#2061=ORIENTED_EDGE('',*,*,#4224,.F.);
#2062=ORIENTED_EDGE('',*,*,#4230,.F.);
#2063=ORIENTED_EDGE('',*,*,#4231,.T.);
#2064=ORIENTED_EDGE('',*,*,#4232,.F.);
#2065=ORIENTED_EDGE('',*,*,#4233,.T.);
#2066=ORIENTED_EDGE('',*,*,#4234,.F.);
#2067=ORIENTED_EDGE('',*,*,#4235,.T.);
#2068=ORIENTED_EDGE('',*,*,#4236,.F.);
#2069=ORIENTED_EDGE('',*,*,#4237,.T.);
#2070=ORIENTED_EDGE('',*,*,#4238,.F.);
#2071=ORIENTED_EDGE('',*,*,#4239,.T.);
#2072=ORIENTED_EDGE('',*,*,#4240,.F.);
#2073=ORIENTED_EDGE('',*,*,#4241,.T.);
#2074=ORIENTED_EDGE('',*,*,#4242,.F.);
#2075=ORIENTED_EDGE('',*,*,#4243,.T.);
#2076=ORIENTED_EDGE('',*,*,#4244,.F.);
#2077=ORIENTED_EDGE('',*,*,#4245,.T.);
#2078=ORIENTED_EDGE('',*,*,#4246,.F.);
#2079=ORIENTED_EDGE('',*,*,#4247,.T.);
#2080=ORIENTED_EDGE('',*,*,#4248,.F.);
#2081=ORIENTED_EDGE('',*,*,#4249,.T.);
#2082=ORIENTED_EDGE('',*,*,#4250,.F.);
#2083=ORIENTED_EDGE('',*,*,#4251,.T.);
#2084=ORIENTED_EDGE('',*,*,#4252,.F.);
#2085=ORIENTED_EDGE('',*,*,#4253,.T.);
#2086=ORIENTED_EDGE('',*,*,#4254,.F.);
#2087=ORIENTED_EDGE('',*,*,#4255,.T.);
#2088=ORIENTED_EDGE('',*,*,#4256,.F.);
#2089=ORIENTED_EDGE('',*,*,#4257,.T.);
#2090=ORIENTED_EDGE('',*,*,#4258,.F.);
#2091=ORIENTED_EDGE('',*,*,#4259,.T.);
#2092=ORIENTED_EDGE('',*,*,#4260,.F.);
#2093=ORIENTED_EDGE('',*,*,#4261,.T.);
#2094=ORIENTED_EDGE('',*,*,#4262,.F.);
#2095=ORIENTED_EDGE('',*,*,#4263,.T.);
#2096=ORIENTED_EDGE('',*,*,#4264,.F.);
#2097=ORIENTED_EDGE('',*,*,#4265,.T.);
#2098=ORIENTED_EDGE('',*,*,#4266,.F.);
#2099=ORIENTED_EDGE('',*,*,#4267,.F.);
#2100=ORIENTED_EDGE('',*,*,#4268,.F.);
#2101=ORIENTED_EDGE('',*,*,#4269,.F.);
#2102=ORIENTED_EDGE('',*,*,#4270,.F.);
#2103=ORIENTED_EDGE('',*,*,#4271,.F.);
#2104=ORIENTED_EDGE('',*,*,#4242,.T.);
#2105=ORIENTED_EDGE('',*,*,#4272,.F.);
#2106=ORIENTED_EDGE('',*,*,#4240,.T.);
#2107=ORIENTED_EDGE('',*,*,#4273,.F.);
#2108=ORIENTED_EDGE('',*,*,#4248,.T.);
#2109=ORIENTED_EDGE('',*,*,#4274,.F.);
#2110=ORIENTED_EDGE('',*,*,#4254,.T.);
#2111=ORIENTED_EDGE('',*,*,#4275,.F.);
#2112=ORIENTED_EDGE('',*,*,#4260,.T.);
#2113=ORIENTED_EDGE('',*,*,#4276,.F.);
#2114=ORIENTED_EDGE('',*,*,#4232,.T.);
#2115=ORIENTED_EDGE('',*,*,#4277,.F.);
#2116=ORIENTED_EDGE('',*,*,#4278,.T.);
#2117=ORIENTED_EDGE('',*,*,#4279,.F.);
#2118=ORIENTED_EDGE('',*,*,#4251,.F.);
#2119=ORIENTED_EDGE('',*,*,#4280,.F.);
#2120=ORIENTED_EDGE('',*,*,#4237,.F.);
#2121=ORIENTED_EDGE('',*,*,#4281,.F.);
#2122=ORIENTED_EDGE('',*,*,#4245,.F.);
#2123=ORIENTED_EDGE('',*,*,#4282,.F.);
#2124=ORIENTED_EDGE('',*,*,#4235,.F.);
#2125=ORIENTED_EDGE('',*,*,#4283,.F.);
#2126=ORIENTED_EDGE('',*,*,#4263,.F.);
#2127=ORIENTED_EDGE('',*,*,#4284,.F.);
#2128=ORIENTED_EDGE('',*,*,#4257,.F.);
#2129=ORIENTED_EDGE('',*,*,#4277,.T.);
#2130=ORIENTED_EDGE('',*,*,#4285,.F.);
#2131=ORIENTED_EDGE('',*,*,#4270,.T.);
#2132=ORIENTED_EDGE('',*,*,#4285,.T.);
#2133=ORIENTED_EDGE('',*,*,#4286,.F.);
#2134=ORIENTED_EDGE('',*,*,#4287,.F.);
#2135=ORIENTED_EDGE('',*,*,#4286,.T.);
#2136=ORIENTED_EDGE('',*,*,#4288,.F.);
#2137=ORIENTED_EDGE('',*,*,#4289,.F.);
#2138=ORIENTED_EDGE('',*,*,#4290,.F.);
#2139=ORIENTED_EDGE('',*,*,#4291,.F.);
#2140=ORIENTED_EDGE('',*,*,#4292,.F.);
#2141=ORIENTED_EDGE('',*,*,#4287,.T.);
#2142=ORIENTED_EDGE('',*,*,#4293,.F.);
#2143=ORIENTED_EDGE('',*,*,#4292,.T.);
#2144=ORIENTED_EDGE('',*,*,#4294,.F.);
#2145=ORIENTED_EDGE('',*,*,#4293,.T.);
#2146=ORIENTED_EDGE('',*,*,#4295,.F.);
#2147=ORIENTED_EDGE('',*,*,#4294,.T.);
#2148=ORIENTED_EDGE('',*,*,#4296,.F.);
#2149=ORIENTED_EDGE('',*,*,#4295,.T.);
#2150=ORIENTED_EDGE('',*,*,#4297,.F.);
#2151=ORIENTED_EDGE('',*,*,#4296,.T.);
#2152=ORIENTED_EDGE('',*,*,#4298,.F.);
#2153=ORIENTED_EDGE('',*,*,#4297,.T.);
#2154=ORIENTED_EDGE('',*,*,#4299,.F.);
#2155=ORIENTED_EDGE('',*,*,#4298,.T.);
#2156=ORIENTED_EDGE('',*,*,#4278,.F.);
#2157=ORIENTED_EDGE('',*,*,#4299,.T.);
#2158=ORIENTED_EDGE('',*,*,#4234,.T.);
#2159=ORIENTED_EDGE('',*,*,#4300,.F.);
#2160=ORIENTED_EDGE('',*,*,#4301,.T.);
#2161=ORIENTED_EDGE('',*,*,#4302,.T.);
#2162=ORIENTED_EDGE('',*,*,#4276,.T.);
#2163=ORIENTED_EDGE('',*,*,#4265,.F.);
#2164=ORIENTED_EDGE('',*,*,#4303,.F.);
#2165=ORIENTED_EDGE('',*,*,#4304,.F.);
#2166=ORIENTED_EDGE('',*,*,#4305,.F.);
#2167=ORIENTED_EDGE('',*,*,#4306,.F.);
#2168=ORIENTED_EDGE('',*,*,#4300,.T.);
#2169=ORIENTED_EDGE('',*,*,#4233,.F.);
#2170=ORIENTED_EDGE('',*,*,#4264,.T.);
#2171=ORIENTED_EDGE('',*,*,#4307,.T.);
#2172=ORIENTED_EDGE('',*,*,#4308,.T.);
#2173=ORIENTED_EDGE('',*,*,#4303,.T.);
#2174=ORIENTED_EDGE('',*,*,#4283,.T.);
#2175=ORIENTED_EDGE('',*,*,#4302,.F.);
#2176=ORIENTED_EDGE('',*,*,#4309,.T.);
#2177=ORIENTED_EDGE('',*,*,#4307,.F.);
#2178=ORIENTED_EDGE('',*,*,#4275,.T.);
#2179=ORIENTED_EDGE('',*,*,#4259,.F.);
#2180=ORIENTED_EDGE('',*,*,#4310,.F.);
#2181=ORIENTED_EDGE('',*,*,#4311,.F.);
#2182=ORIENTED_EDGE('',*,*,#4312,.F.);
#2183=ORIENTED_EDGE('',*,*,#4313,.F.);
#2184=ORIENTED_EDGE('',*,*,#4314,.T.);
#2185=ORIENTED_EDGE('',*,*,#4261,.F.);
#2186=ORIENTED_EDGE('',*,*,#4258,.T.);
#2187=ORIENTED_EDGE('',*,*,#4315,.T.);
#2188=ORIENTED_EDGE('',*,*,#4316,.T.);
#2189=ORIENTED_EDGE('',*,*,#4310,.T.);
#2190=ORIENTED_EDGE('',*,*,#4262,.T.);
#2191=ORIENTED_EDGE('',*,*,#4314,.F.);
#2192=ORIENTED_EDGE('',*,*,#4317,.T.);
#2193=ORIENTED_EDGE('',*,*,#4318,.T.);
#2194=ORIENTED_EDGE('',*,*,#4284,.T.);
#2195=ORIENTED_EDGE('',*,*,#4318,.F.);
#2196=ORIENTED_EDGE('',*,*,#4319,.T.);
#2197=ORIENTED_EDGE('',*,*,#4315,.F.);
#2198=ORIENTED_EDGE('',*,*,#4274,.T.);
#2199=ORIENTED_EDGE('',*,*,#4253,.F.);
#2200=ORIENTED_EDGE('',*,*,#4320,.F.);
#2201=ORIENTED_EDGE('',*,*,#4321,.F.);
#2202=ORIENTED_EDGE('',*,*,#4322,.F.);
#2203=ORIENTED_EDGE('',*,*,#4323,.F.);
#2204=ORIENTED_EDGE('',*,*,#4324,.T.);
#2205=ORIENTED_EDGE('',*,*,#4255,.F.);
#2206=ORIENTED_EDGE('',*,*,#4252,.T.);
#2207=ORIENTED_EDGE('',*,*,#4325,.T.);
#2208=ORIENTED_EDGE('',*,*,#4326,.T.);
#2209=ORIENTED_EDGE('',*,*,#4320,.T.);
#2210=ORIENTED_EDGE('',*,*,#4256,.T.);
#2211=ORIENTED_EDGE('',*,*,#4324,.F.);
#2212=ORIENTED_EDGE('',*,*,#4327,.T.);
#2213=ORIENTED_EDGE('',*,*,#4328,.T.);
#2214=ORIENTED_EDGE('',*,*,#4279,.T.);
#2215=ORIENTED_EDGE('',*,*,#4328,.F.);
#2216=ORIENTED_EDGE('',*,*,#4329,.T.);
#2217=ORIENTED_EDGE('',*,*,#4325,.F.);
#2218=ORIENTED_EDGE('',*,*,#4273,.T.);
#2219=ORIENTED_EDGE('',*,*,#4239,.F.);
#2220=ORIENTED_EDGE('',*,*,#4330,.F.);
#2221=ORIENTED_EDGE('',*,*,#4331,.F.);
#2222=ORIENTED_EDGE('',*,*,#4332,.F.);
#2223=ORIENTED_EDGE('',*,*,#4333,.F.);
#2224=ORIENTED_EDGE('',*,*,#4334,.T.);
#2225=ORIENTED_EDGE('',*,*,#4249,.F.);
#2226=ORIENTED_EDGE('',*,*,#4238,.T.);
#2227=ORIENTED_EDGE('',*,*,#4335,.T.);
#2228=ORIENTED_EDGE('',*,*,#4336,.T.);
#2229=ORIENTED_EDGE('',*,*,#4330,.T.);
#2230=ORIENTED_EDGE('',*,*,#4250,.T.);
#2231=ORIENTED_EDGE('',*,*,#4334,.F.);
#2232=ORIENTED_EDGE('',*,*,#4337,.T.);
#2233=ORIENTED_EDGE('',*,*,#4338,.T.);
#2234=ORIENTED_EDGE('',*,*,#4280,.T.);
#2235=ORIENTED_EDGE('',*,*,#4338,.F.);
#2236=ORIENTED_EDGE('',*,*,#4339,.T.);
#2237=ORIENTED_EDGE('',*,*,#4335,.F.);
#2238=ORIENTED_EDGE('',*,*,#4236,.T.);
#2239=ORIENTED_EDGE('',*,*,#4340,.F.);
#2240=ORIENTED_EDGE('',*,*,#4341,.T.);
#2241=ORIENTED_EDGE('',*,*,#4342,.T.);
#2242=ORIENTED_EDGE('',*,*,#4272,.T.);
#2243=ORIENTED_EDGE('',*,*,#4247,.F.);
#2244=ORIENTED_EDGE('',*,*,#4343,.F.);
#2245=ORIENTED_EDGE('',*,*,#4344,.F.);
#2246=ORIENTED_EDGE('',*,*,#4345,.F.);
#2247=ORIENTED_EDGE('',*,*,#4346,.F.);
#2248=ORIENTED_EDGE('',*,*,#4340,.T.);
#2249=ORIENTED_EDGE('',*,*,#4241,.F.);
#2250=ORIENTED_EDGE('',*,*,#4246,.T.);
#2251=ORIENTED_EDGE('',*,*,#4347,.T.);
#2252=ORIENTED_EDGE('',*,*,#4348,.T.);
#2253=ORIENTED_EDGE('',*,*,#4343,.T.);
#2254=ORIENTED_EDGE('',*,*,#4281,.T.);
#2255=ORIENTED_EDGE('',*,*,#4342,.F.);
#2256=ORIENTED_EDGE('',*,*,#4349,.T.);
#2257=ORIENTED_EDGE('',*,*,#4347,.F.);
#2258=ORIENTED_EDGE('',*,*,#4271,.T.);
#2259=ORIENTED_EDGE('',*,*,#4231,.F.);
#2260=ORIENTED_EDGE('',*,*,#4350,.F.);
#2261=ORIENTED_EDGE('',*,*,#4351,.F.);
#2262=ORIENTED_EDGE('',*,*,#4352,.F.);
#2263=ORIENTED_EDGE('',*,*,#4353,.F.);
#2264=ORIENTED_EDGE('',*,*,#4354,.T.);
#2265=ORIENTED_EDGE('',*,*,#4243,.F.);
#2266=ORIENTED_EDGE('',*,*,#4230,.T.);
#2267=ORIENTED_EDGE('',*,*,#4355,.T.);
#2268=ORIENTED_EDGE('',*,*,#4356,.T.);
#2269=ORIENTED_EDGE('',*,*,#4350,.T.);
#2270=ORIENTED_EDGE('',*,*,#4244,.T.);
#2271=ORIENTED_EDGE('',*,*,#4354,.F.);
#2272=ORIENTED_EDGE('',*,*,#4357,.T.);
#2273=ORIENTED_EDGE('',*,*,#4358,.T.);
#2274=ORIENTED_EDGE('',*,*,#4282,.T.);
#2275=ORIENTED_EDGE('',*,*,#4358,.F.);
#2276=ORIENTED_EDGE('',*,*,#4359,.T.);
#2277=ORIENTED_EDGE('',*,*,#4355,.F.);
#2278=ORIENTED_EDGE('',*,*,#4269,.T.);
#2279=ORIENTED_EDGE('',*,*,#4360,.F.);
#2280=ORIENTED_EDGE('',*,*,#4268,.T.);
#2281=ORIENTED_EDGE('',*,*,#4361,.F.);
#2282=ORIENTED_EDGE('',*,*,#4267,.T.);
#2283=ORIENTED_EDGE('',*,*,#4362,.F.);
#2284=ORIENTED_EDGE('',*,*,#4266,.T.);
#2285=ORIENTED_EDGE('',*,*,#4363,.F.);
#2286=ORIENTED_EDGE('',*,*,#4364,.F.);
#2287=ORIENTED_EDGE('',*,*,#4365,.T.);
#2288=ORIENTED_EDGE('',*,*,#4363,.T.);
#2289=ORIENTED_EDGE('',*,*,#4362,.T.);
#2290=ORIENTED_EDGE('',*,*,#4361,.T.);
#2291=ORIENTED_EDGE('',*,*,#4360,.T.);
#2292=ORIENTED_EDGE('',*,*,#4366,.F.);
#2293=ORIENTED_EDGE('',*,*,#4352,.T.);
#2294=ORIENTED_EDGE('',*,*,#4367,.F.);
#2295=ORIENTED_EDGE('',*,*,#4305,.T.);
#2296=ORIENTED_EDGE('',*,*,#4368,.F.);
#2297=ORIENTED_EDGE('',*,*,#4312,.T.);
#2298=ORIENTED_EDGE('',*,*,#4369,.F.);
#2299=ORIENTED_EDGE('',*,*,#4322,.T.);
#2300=ORIENTED_EDGE('',*,*,#4370,.F.);
#2301=ORIENTED_EDGE('',*,*,#4332,.T.);
#2302=ORIENTED_EDGE('',*,*,#4371,.F.);
#2303=ORIENTED_EDGE('',*,*,#4345,.T.);
#2304=ORIENTED_EDGE('',*,*,#4364,.T.);
#2305=ORIENTED_EDGE('',*,*,#4367,.T.);
#2306=ORIENTED_EDGE('',*,*,#4351,.T.);
#2307=ORIENTED_EDGE('',*,*,#4356,.F.);
#2308=ORIENTED_EDGE('',*,*,#4359,.F.);
#2309=ORIENTED_EDGE('',*,*,#4357,.F.);
#2310=ORIENTED_EDGE('',*,*,#4353,.T.);
#2311=ORIENTED_EDGE('',*,*,#4366,.T.);
#2312=ORIENTED_EDGE('',*,*,#4344,.T.);
#2313=ORIENTED_EDGE('',*,*,#4348,.F.);
#2314=ORIENTED_EDGE('',*,*,#4349,.F.);
#2315=ORIENTED_EDGE('',*,*,#4341,.F.);
#2316=ORIENTED_EDGE('',*,*,#4346,.T.);
#2317=ORIENTED_EDGE('',*,*,#4371,.T.);
#2318=ORIENTED_EDGE('',*,*,#4331,.T.);
#2319=ORIENTED_EDGE('',*,*,#4336,.F.);
#2320=ORIENTED_EDGE('',*,*,#4339,.F.);
#2321=ORIENTED_EDGE('',*,*,#4337,.F.);
#2322=ORIENTED_EDGE('',*,*,#4333,.T.);
#2323=ORIENTED_EDGE('',*,*,#4370,.T.);
#2324=ORIENTED_EDGE('',*,*,#4321,.T.);
#2325=ORIENTED_EDGE('',*,*,#4326,.F.);
#2326=ORIENTED_EDGE('',*,*,#4329,.F.);
#2327=ORIENTED_EDGE('',*,*,#4327,.F.);
#2328=ORIENTED_EDGE('',*,*,#4323,.T.);
#2329=ORIENTED_EDGE('',*,*,#4369,.T.);
#2330=ORIENTED_EDGE('',*,*,#4311,.T.);
#2331=ORIENTED_EDGE('',*,*,#4316,.F.);
#2332=ORIENTED_EDGE('',*,*,#4319,.F.);
#2333=ORIENTED_EDGE('',*,*,#4317,.F.);
#2334=ORIENTED_EDGE('',*,*,#4313,.T.);
#2335=ORIENTED_EDGE('',*,*,#4368,.T.);
#2336=ORIENTED_EDGE('',*,*,#4304,.T.);
#2337=ORIENTED_EDGE('',*,*,#4308,.F.);
#2338=ORIENTED_EDGE('',*,*,#4309,.F.);
#2339=ORIENTED_EDGE('',*,*,#4301,.F.);
#2340=ORIENTED_EDGE('',*,*,#4306,.T.);
#2341=ORIENTED_EDGE('',*,*,#4372,.F.);
#2342=ORIENTED_EDGE('',*,*,#4373,.F.);
#2343=ORIENTED_EDGE('',*,*,#4372,.T.);
#2344=ORIENTED_EDGE('',*,*,#4374,.F.);
#2345=ORIENTED_EDGE('',*,*,#4373,.T.);
#2346=ORIENTED_EDGE('',*,*,#4375,.F.);
#2347=ORIENTED_EDGE('',*,*,#4374,.T.);
#2348=ORIENTED_EDGE('',*,*,#4365,.F.);
#2349=ORIENTED_EDGE('',*,*,#4375,.T.);
#2350=ORIENTED_EDGE('',*,*,#4376,.F.);
#2351=ORIENTED_EDGE('',*,*,#4291,.T.);
#2352=ORIENTED_EDGE('',*,*,#4376,.T.);
#2353=ORIENTED_EDGE('',*,*,#4377,.F.);
#2354=ORIENTED_EDGE('',*,*,#4290,.T.);
#2355=ORIENTED_EDGE('',*,*,#4377,.T.);
#2356=ORIENTED_EDGE('',*,*,#4378,.F.);
#2357=ORIENTED_EDGE('',*,*,#4289,.T.);
#2358=ORIENTED_EDGE('',*,*,#4378,.T.);
#2359=ORIENTED_EDGE('',*,*,#4379,.F.);
#2360=ORIENTED_EDGE('',*,*,#4288,.T.);
#2361=ORIENTED_EDGE('',*,*,#4379,.T.);
#2362=ORIENTED_EDGE('',*,*,#4380,.T.);
#2363=ORIENTED_EDGE('',*,*,#4381,.F.);
#2364=ORIENTED_EDGE('',*,*,#4382,.F.);
#2365=ORIENTED_EDGE('',*,*,#4383,.T.);
#2366=ORIENTED_EDGE('',*,*,#4380,.F.);
#2367=ORIENTED_EDGE('',*,*,#4382,.T.);
#2368=ORIENTED_EDGE('',*,*,#4381,.T.);
#2369=ORIENTED_EDGE('',*,*,#4383,.F.);
#2370=ORIENTED_EDGE('',*,*,#4384,.T.);
#2371=ORIENTED_EDGE('',*,*,#4385,.F.);
#2372=ORIENTED_EDGE('',*,*,#4386,.T.);
#2373=ORIENTED_EDGE('',*,*,#4387,.T.);
#2374=ORIENTED_EDGE('',*,*,#4388,.F.);
#2375=ORIENTED_EDGE('',*,*,#4389,.F.);
#2376=ORIENTED_EDGE('',*,*,#4390,.T.);
#2377=ORIENTED_EDGE('',*,*,#4391,.T.);
#2378=ORIENTED_EDGE('',*,*,#4392,.F.);
#2379=ORIENTED_EDGE('',*,*,#4393,.F.);
#2380=ORIENTED_EDGE('',*,*,#4388,.T.);
#2381=ORIENTED_EDGE('',*,*,#4394,.T.);
#2382=ORIENTED_EDGE('',*,*,#4395,.F.);
#2383=ORIENTED_EDGE('',*,*,#4396,.F.);
#2384=ORIENTED_EDGE('',*,*,#4392,.T.);
#2385=ORIENTED_EDGE('',*,*,#4397,.T.);
#2386=ORIENTED_EDGE('',*,*,#4398,.F.);
#2387=ORIENTED_EDGE('',*,*,#4399,.F.);
#2388=ORIENTED_EDGE('',*,*,#4395,.T.);
#2389=ORIENTED_EDGE('',*,*,#4400,.T.);
#2390=ORIENTED_EDGE('',*,*,#4401,.F.);
#2391=ORIENTED_EDGE('',*,*,#4402,.F.);
#2392=ORIENTED_EDGE('',*,*,#4398,.T.);
#2393=ORIENTED_EDGE('',*,*,#4403,.T.);
#2394=ORIENTED_EDGE('',*,*,#4390,.F.);
#2395=ORIENTED_EDGE('',*,*,#4404,.F.);
#2396=ORIENTED_EDGE('',*,*,#4401,.T.);
#2397=ORIENTED_EDGE('',*,*,#4405,.F.);
#2398=ORIENTED_EDGE('',*,*,#4389,.T.);
#2399=ORIENTED_EDGE('',*,*,#4393,.T.);
#2400=ORIENTED_EDGE('',*,*,#4396,.T.);
#2401=ORIENTED_EDGE('',*,*,#4399,.T.);
#2402=ORIENTED_EDGE('',*,*,#4402,.T.);
#2403=ORIENTED_EDGE('',*,*,#4404,.T.);
#2404=ORIENTED_EDGE('',*,*,#4385,.T.);
#2405=ORIENTED_EDGE('',*,*,#4387,.F.);
#2406=ORIENTED_EDGE('',*,*,#4403,.F.);
#2407=ORIENTED_EDGE('',*,*,#4400,.F.);
#2408=ORIENTED_EDGE('',*,*,#4397,.F.);
#2409=ORIENTED_EDGE('',*,*,#4394,.F.);
#2410=ORIENTED_EDGE('',*,*,#4391,.F.);
#2411=ORIENTED_EDGE('',*,*,#4406,.F.);
#2412=ORIENTED_EDGE('',*,*,#4405,.T.);
#2413=ORIENTED_EDGE('',*,*,#4406,.T.);
#2414=ORIENTED_EDGE('',*,*,#4386,.F.);
#2415=ORIENTED_EDGE('',*,*,#4384,.F.);
#2416=ORIENTED_EDGE('',*,*,#4407,.F.);
#2417=ORIENTED_EDGE('',*,*,#4408,.T.);
#2418=ORIENTED_EDGE('',*,*,#4409,.T.);
#2419=ORIENTED_EDGE('',*,*,#4410,.T.);
#2420=ORIENTED_EDGE('',*,*,#4411,.F.);
#2421=ORIENTED_EDGE('',*,*,#4412,.T.);
#2422=ORIENTED_EDGE('',*,*,#4413,.F.);
#2423=ORIENTED_EDGE('',*,*,#4414,.F.);
#2424=ORIENTED_EDGE('',*,*,#4415,.F.);
#2425=ORIENTED_EDGE('',*,*,#4416,.F.);
#2426=ORIENTED_EDGE('',*,*,#4407,.T.);
#2427=ORIENTED_EDGE('',*,*,#4417,.F.);
#2428=ORIENTED_EDGE('',*,*,#4418,.F.);
#2429=ORIENTED_EDGE('',*,*,#4419,.T.);
#2430=ORIENTED_EDGE('',*,*,#4420,.T.);
#2431=ORIENTED_EDGE('',*,*,#4421,.T.);
#2432=ORIENTED_EDGE('',*,*,#4422,.F.);
#2433=ORIENTED_EDGE('',*,*,#4423,.T.);
#2434=ORIENTED_EDGE('',*,*,#4424,.F.);
#2435=ORIENTED_EDGE('',*,*,#4425,.F.);
#2436=ORIENTED_EDGE('',*,*,#4426,.F.);
#2437=ORIENTED_EDGE('',*,*,#4427,.T.);
#2438=ORIENTED_EDGE('',*,*,#4428,.T.);
#2439=ORIENTED_EDGE('',*,*,#4429,.T.);
#2440=ORIENTED_EDGE('',*,*,#4430,.F.);
#2441=ORIENTED_EDGE('',*,*,#4431,.T.);
#2442=ORIENTED_EDGE('',*,*,#4432,.F.);
#2443=ORIENTED_EDGE('',*,*,#4433,.F.);
#2444=ORIENTED_EDGE('',*,*,#4434,.F.);
#2445=ORIENTED_EDGE('',*,*,#4435,.F.);
#2446=ORIENTED_EDGE('',*,*,#4426,.T.);
#2447=ORIENTED_EDGE('',*,*,#4436,.F.);
#2448=ORIENTED_EDGE('',*,*,#4437,.F.);
#2449=ORIENTED_EDGE('',*,*,#4438,.T.);
#2450=ORIENTED_EDGE('',*,*,#4439,.T.);
#2451=ORIENTED_EDGE('',*,*,#4440,.T.);
#2452=ORIENTED_EDGE('',*,*,#4441,.F.);
#2453=ORIENTED_EDGE('',*,*,#4442,.T.);
#2454=ORIENTED_EDGE('',*,*,#4443,.F.);
#2455=ORIENTED_EDGE('',*,*,#4444,.F.);
#2456=ORIENTED_EDGE('',*,*,#4445,.T.);
#2457=ORIENTED_EDGE('',*,*,#4436,.T.);
#2458=ORIENTED_EDGE('',*,*,#4434,.T.);
#2459=ORIENTED_EDGE('',*,*,#4446,.F.);
#2460=ORIENTED_EDGE('',*,*,#4419,.F.);
#2461=ORIENTED_EDGE('',*,*,#4447,.T.);
#2462=ORIENTED_EDGE('',*,*,#4417,.T.);
#2463=ORIENTED_EDGE('',*,*,#4415,.T.);
#2464=ORIENTED_EDGE('',*,*,#4448,.F.);
#2465=ORIENTED_EDGE('',*,*,#4438,.F.);
#2466=ORIENTED_EDGE('',*,*,#4427,.F.);
#2467=ORIENTED_EDGE('',*,*,#4435,.T.);
#2468=ORIENTED_EDGE('',*,*,#4449,.T.);
#2469=ORIENTED_EDGE('',*,*,#4408,.F.);
#2470=ORIENTED_EDGE('',*,*,#4416,.T.);
#2471=ORIENTED_EDGE('',*,*,#4450,.T.);
#2472=ORIENTED_EDGE('',*,*,#4451,.F.);
#2473=ORIENTED_EDGE('',*,*,#4450,.F.);
#2474=ORIENTED_EDGE('',*,*,#4425,.T.);
#2475=ORIENTED_EDGE('',*,*,#4452,.T.);
#2476=ORIENTED_EDGE('',*,*,#4428,.F.);
#2477=ORIENTED_EDGE('',*,*,#4430,.T.);
#2478=ORIENTED_EDGE('',*,*,#4453,.F.);
#2479=ORIENTED_EDGE('',*,*,#4423,.F.);
#2480=ORIENTED_EDGE('',*,*,#4454,.T.);
#2481=ORIENTED_EDGE('',*,*,#4432,.T.);
#2482=ORIENTED_EDGE('',*,*,#4455,.F.);
#2483=ORIENTED_EDGE('',*,*,#4421,.F.);
#2484=ORIENTED_EDGE('',*,*,#4456,.T.);
#2485=ORIENTED_EDGE('',*,*,#4431,.F.);
#2486=ORIENTED_EDGE('',*,*,#4454,.F.);
#2487=ORIENTED_EDGE('',*,*,#4422,.T.);
#2488=ORIENTED_EDGE('',*,*,#4455,.T.);
#2489=ORIENTED_EDGE('',*,*,#4429,.F.);
#2490=ORIENTED_EDGE('',*,*,#4452,.F.);
#2491=ORIENTED_EDGE('',*,*,#4424,.T.);
#2492=ORIENTED_EDGE('',*,*,#4453,.T.);
#2493=ORIENTED_EDGE('',*,*,#4433,.T.);
#2494=ORIENTED_EDGE('',*,*,#4456,.F.);
#2495=ORIENTED_EDGE('',*,*,#4420,.F.);
#2496=ORIENTED_EDGE('',*,*,#4446,.T.);
#2497=ORIENTED_EDGE('',*,*,#4457,.T.);
#2498=ORIENTED_EDGE('',*,*,#4437,.T.);
#2499=ORIENTED_EDGE('',*,*,#4445,.F.);
#2500=ORIENTED_EDGE('',*,*,#4418,.T.);
#2501=ORIENTED_EDGE('',*,*,#4447,.F.);
#2502=ORIENTED_EDGE('',*,*,#4458,.T.);
#2503=ORIENTED_EDGE('',*,*,#4451,.T.);
#2504=ORIENTED_EDGE('',*,*,#4459,.T.);
#2505=ORIENTED_EDGE('',*,*,#4457,.F.);
#2506=ORIENTED_EDGE('',*,*,#4414,.T.);
#2507=ORIENTED_EDGE('',*,*,#4460,.F.);
#2508=ORIENTED_EDGE('',*,*,#4439,.F.);
#2509=ORIENTED_EDGE('',*,*,#4448,.T.);
#2510=ORIENTED_EDGE('',*,*,#4413,.T.);
#2511=ORIENTED_EDGE('',*,*,#4461,.F.);
#2512=ORIENTED_EDGE('',*,*,#4440,.F.);
#2513=ORIENTED_EDGE('',*,*,#4460,.T.);
#2514=ORIENTED_EDGE('',*,*,#4412,.F.);
#2515=ORIENTED_EDGE('',*,*,#4462,.F.);
#2516=ORIENTED_EDGE('',*,*,#4441,.T.);
#2517=ORIENTED_EDGE('',*,*,#4461,.T.);
#2518=ORIENTED_EDGE('',*,*,#4411,.T.);
#2519=ORIENTED_EDGE('',*,*,#4463,.F.);
#2520=ORIENTED_EDGE('',*,*,#4442,.F.);
#2521=ORIENTED_EDGE('',*,*,#4462,.T.);
#2522=ORIENTED_EDGE('',*,*,#4410,.F.);
#2523=ORIENTED_EDGE('',*,*,#4464,.F.);
#2524=ORIENTED_EDGE('',*,*,#4443,.T.);
#2525=ORIENTED_EDGE('',*,*,#4463,.T.);
#2526=ORIENTED_EDGE('',*,*,#4449,.F.);
#2527=ORIENTED_EDGE('',*,*,#4444,.T.);
#2528=ORIENTED_EDGE('',*,*,#4464,.T.);
#2529=ORIENTED_EDGE('',*,*,#4409,.F.);
#2530=ORIENTED_EDGE('',*,*,#4465,.T.);
#2531=ORIENTED_EDGE('',*,*,#4466,.T.);
#2532=ORIENTED_EDGE('',*,*,#4458,.F.);
#2533=ORIENTED_EDGE('',*,*,#4465,.F.);
#2534=ORIENTED_EDGE('',*,*,#4466,.F.);
#2535=ORIENTED_EDGE('',*,*,#4459,.F.);
#2536=ORIENTED_EDGE('',*,*,#4467,.F.);
#2537=ORIENTED_EDGE('',*,*,#4468,.T.);
#2538=ORIENTED_EDGE('',*,*,#4469,.T.);
#2539=ORIENTED_EDGE('',*,*,#4470,.T.);
#2540=ORIENTED_EDGE('',*,*,#4471,.T.);
#2541=ORIENTED_EDGE('',*,*,#4472,.F.);
#2542=ORIENTED_EDGE('',*,*,#4473,.T.);
#2543=ORIENTED_EDGE('',*,*,#4474,.T.);
#2544=ORIENTED_EDGE('',*,*,#4475,.T.);
#2545=ORIENTED_EDGE('',*,*,#4476,.T.);
#2546=ORIENTED_EDGE('',*,*,#4477,.T.);
#2547=ORIENTED_EDGE('',*,*,#4478,.F.);
#2548=ORIENTED_EDGE('',*,*,#4479,.T.);
#2549=ORIENTED_EDGE('',*,*,#4480,.F.);
#2550=ORIENTED_EDGE('',*,*,#4481,.T.);
#2551=ORIENTED_EDGE('',*,*,#4482,.F.);
#2552=ORIENTED_EDGE('',*,*,#4483,.T.);
#2553=ORIENTED_EDGE('',*,*,#4484,.T.);
#2554=ORIENTED_EDGE('',*,*,#4485,.F.);
#2555=ORIENTED_EDGE('',*,*,#4486,.T.);
#2556=ORIENTED_EDGE('',*,*,#4487,.F.);
#2557=ORIENTED_EDGE('',*,*,#4488,.F.);
#2558=ORIENTED_EDGE('',*,*,#4489,.F.);
#2559=ORIENTED_EDGE('',*,*,#4490,.F.);
#2560=ORIENTED_EDGE('',*,*,#4491,.F.);
#2561=ORIENTED_EDGE('',*,*,#4492,.T.);
#2562=ORIENTED_EDGE('',*,*,#4493,.T.);
#2563=ORIENTED_EDGE('',*,*,#4494,.T.);
#2564=ORIENTED_EDGE('',*,*,#4495,.T.);
#2565=ORIENTED_EDGE('',*,*,#4496,.F.);
#2566=ORIENTED_EDGE('',*,*,#4497,.F.);
#2567=ORIENTED_EDGE('',*,*,#4498,.F.);
#2568=ORIENTED_EDGE('',*,*,#4499,.F.);
#2569=ORIENTED_EDGE('',*,*,#4500,.T.);
#2570=ORIENTED_EDGE('',*,*,#4501,.T.);
#2571=ORIENTED_EDGE('',*,*,#4502,.T.);
#2572=ORIENTED_EDGE('',*,*,#4503,.T.);
#2573=ORIENTED_EDGE('',*,*,#4504,.T.);
#2574=ORIENTED_EDGE('',*,*,#4505,.F.);
#2575=ORIENTED_EDGE('',*,*,#4506,.T.);
#2576=ORIENTED_EDGE('',*,*,#4507,.F.);
#2577=ORIENTED_EDGE('',*,*,#4508,.F.);
#2578=ORIENTED_EDGE('',*,*,#4509,.T.);
#2579=ORIENTED_EDGE('',*,*,#4510,.F.);
#2580=ORIENTED_EDGE('',*,*,#4511,.T.);
#2581=ORIENTED_EDGE('',*,*,#4512,.F.);
#2582=ORIENTED_EDGE('',*,*,#4513,.T.);
#2583=ORIENTED_EDGE('',*,*,#4514,.F.);
#2584=ORIENTED_EDGE('',*,*,#4515,.F.);
#2585=ORIENTED_EDGE('',*,*,#4516,.F.);
#2586=ORIENTED_EDGE('',*,*,#4517,.F.);
#2587=ORIENTED_EDGE('',*,*,#4518,.F.);
#2588=ORIENTED_EDGE('',*,*,#4519,.T.);
#2589=ORIENTED_EDGE('',*,*,#4520,.F.);
#2590=ORIENTED_EDGE('',*,*,#4521,.F.);
#2591=ORIENTED_EDGE('',*,*,#4522,.F.);
#2592=ORIENTED_EDGE('',*,*,#4523,.F.);
#2593=ORIENTED_EDGE('',*,*,#4524,.T.);
#2594=ORIENTED_EDGE('',*,*,#4525,.T.);
#2595=ORIENTED_EDGE('',*,*,#4526,.F.);
#2596=ORIENTED_EDGE('',*,*,#4527,.F.);
#2597=ORIENTED_EDGE('',*,*,#4528,.T.);
#2598=ORIENTED_EDGE('',*,*,#4529,.T.);
#2599=ORIENTED_EDGE('',*,*,#4530,.T.);
#2600=ORIENTED_EDGE('',*,*,#4531,.T.);
#2601=ORIENTED_EDGE('',*,*,#4532,.F.);
#2602=ORIENTED_EDGE('',*,*,#4533,.T.);
#2603=ORIENTED_EDGE('',*,*,#4534,.T.);
#2604=ORIENTED_EDGE('',*,*,#4535,.T.);
#2605=ORIENTED_EDGE('',*,*,#4536,.T.);
#2606=ORIENTED_EDGE('',*,*,#4537,.T.);
#2607=ORIENTED_EDGE('',*,*,#4538,.F.);
#2608=ORIENTED_EDGE('',*,*,#4539,.T.);
#2609=ORIENTED_EDGE('',*,*,#4540,.F.);
#2610=ORIENTED_EDGE('',*,*,#4541,.T.);
#2611=ORIENTED_EDGE('',*,*,#4542,.F.);
#2612=ORIENTED_EDGE('',*,*,#4543,.T.);
#2613=ORIENTED_EDGE('',*,*,#4544,.T.);
#2614=ORIENTED_EDGE('',*,*,#4545,.F.);
#2615=ORIENTED_EDGE('',*,*,#4546,.T.);
#2616=ORIENTED_EDGE('',*,*,#4547,.F.);
#2617=ORIENTED_EDGE('',*,*,#4548,.F.);
#2618=ORIENTED_EDGE('',*,*,#4549,.F.);
#2619=ORIENTED_EDGE('',*,*,#4550,.F.);
#2620=ORIENTED_EDGE('',*,*,#4551,.F.);
#2621=ORIENTED_EDGE('',*,*,#4552,.T.);
#2622=ORIENTED_EDGE('',*,*,#4553,.T.);
#2623=ORIENTED_EDGE('',*,*,#4554,.T.);
#2624=ORIENTED_EDGE('',*,*,#4555,.T.);
#2625=ORIENTED_EDGE('',*,*,#4556,.T.);
#2626=ORIENTED_EDGE('',*,*,#4557,.F.);
#2627=ORIENTED_EDGE('',*,*,#4558,.T.);
#2628=ORIENTED_EDGE('',*,*,#4559,.F.);
#2629=ORIENTED_EDGE('',*,*,#4560,.F.);
#2630=ORIENTED_EDGE('',*,*,#4561,.T.);
#2631=ORIENTED_EDGE('',*,*,#4562,.F.);
#2632=ORIENTED_EDGE('',*,*,#4563,.T.);
#2633=ORIENTED_EDGE('',*,*,#4564,.F.);
#2634=ORIENTED_EDGE('',*,*,#4565,.T.);
#2635=ORIENTED_EDGE('',*,*,#4566,.F.);
#2636=ORIENTED_EDGE('',*,*,#4567,.F.);
#2637=ORIENTED_EDGE('',*,*,#4568,.F.);
#2638=ORIENTED_EDGE('',*,*,#4569,.F.);
#2639=ORIENTED_EDGE('',*,*,#4570,.F.);
#2640=ORIENTED_EDGE('',*,*,#4571,.T.);
#2641=ORIENTED_EDGE('',*,*,#4572,.F.);
#2642=ORIENTED_EDGE('',*,*,#4573,.F.);
#2643=ORIENTED_EDGE('',*,*,#4574,.F.);
#2644=ORIENTED_EDGE('',*,*,#4575,.T.);
#2645=ORIENTED_EDGE('',*,*,#4576,.F.);
#2646=ORIENTED_EDGE('',*,*,#4577,.T.);
#2647=ORIENTED_EDGE('',*,*,#4578,.F.);
#2648=ORIENTED_EDGE('',*,*,#4579,.T.);
#2649=ORIENTED_EDGE('',*,*,#4580,.T.);
#2650=ORIENTED_EDGE('',*,*,#4581,.T.);
#2651=ORIENTED_EDGE('',*,*,#4582,.F.);
#2652=ORIENTED_EDGE('',*,*,#4583,.T.);
#2653=ORIENTED_EDGE('',*,*,#4584,.T.);
#2654=ORIENTED_EDGE('',*,*,#4585,.T.);
#2655=ORIENTED_EDGE('',*,*,#4586,.T.);
#2656=ORIENTED_EDGE('',*,*,#4587,.T.);
#2657=ORIENTED_EDGE('',*,*,#4588,.F.);
#2658=ORIENTED_EDGE('',*,*,#4589,.T.);
#2659=ORIENTED_EDGE('',*,*,#4590,.T.);
#2660=ORIENTED_EDGE('',*,*,#4591,.T.);
#2661=ORIENTED_EDGE('',*,*,#4592,.T.);
#2662=ORIENTED_EDGE('',*,*,#4593,.T.);
#2663=ORIENTED_EDGE('',*,*,#4594,.F.);
#2664=ORIENTED_EDGE('',*,*,#4595,.T.);
#2665=ORIENTED_EDGE('',*,*,#4596,.F.);
#2666=ORIENTED_EDGE('',*,*,#4597,.T.);
#2667=ORIENTED_EDGE('',*,*,#4598,.T.);
#2668=ORIENTED_EDGE('',*,*,#4599,.T.);
#2669=ORIENTED_EDGE('',*,*,#4600,.T.);
#2670=ORIENTED_EDGE('',*,*,#4601,.T.);
#2671=ORIENTED_EDGE('',*,*,#4602,.T.);
#2672=ORIENTED_EDGE('',*,*,#4603,.T.);
#2673=ORIENTED_EDGE('',*,*,#4604,.T.);
#2674=ORIENTED_EDGE('',*,*,#4605,.T.);
#2675=ORIENTED_EDGE('',*,*,#4606,.T.);
#2676=ORIENTED_EDGE('',*,*,#4607,.F.);
#2677=ORIENTED_EDGE('',*,*,#4608,.T.);
#2678=ORIENTED_EDGE('',*,*,#4609,.T.);
#2679=ORIENTED_EDGE('',*,*,#4610,.F.);
#2680=ORIENTED_EDGE('',*,*,#4611,.F.);
#2681=ORIENTED_EDGE('',*,*,#4612,.F.);
#2682=ORIENTED_EDGE('',*,*,#4613,.T.);
#2683=ORIENTED_EDGE('',*,*,#4614,.T.);
#2684=ORIENTED_EDGE('',*,*,#4615,.T.);
#2685=ORIENTED_EDGE('',*,*,#4616,.T.);
#2686=ORIENTED_EDGE('',*,*,#4617,.F.);
#2687=ORIENTED_EDGE('',*,*,#4618,.F.);
#2688=ORIENTED_EDGE('',*,*,#4619,.T.);
#2689=ORIENTED_EDGE('',*,*,#4620,.F.);
#2690=ORIENTED_EDGE('',*,*,#4621,.T.);
#2691=ORIENTED_EDGE('',*,*,#4622,.T.);
#2692=ORIENTED_EDGE('',*,*,#4623,.F.);
#2693=ORIENTED_EDGE('',*,*,#4624,.F.);
#2694=ORIENTED_EDGE('',*,*,#4625,.T.);
#2695=ORIENTED_EDGE('',*,*,#4626,.F.);
#2696=ORIENTED_EDGE('',*,*,#4627,.T.);
#2697=ORIENTED_EDGE('',*,*,#4628,.T.);
#2698=ORIENTED_EDGE('',*,*,#4629,.F.);
#2699=ORIENTED_EDGE('',*,*,#4630,.F.);
#2700=ORIENTED_EDGE('',*,*,#4631,.T.);
#2701=ORIENTED_EDGE('',*,*,#4632,.T.);
#2702=ORIENTED_EDGE('',*,*,#4633,.T.);
#2703=ORIENTED_EDGE('',*,*,#4634,.T.);
#2704=ORIENTED_EDGE('',*,*,#4635,.F.);
#2705=ORIENTED_EDGE('',*,*,#4636,.F.);
#2706=ORIENTED_EDGE('',*,*,#4637,.F.);
#2707=ORIENTED_EDGE('',*,*,#4638,.F.);
#2708=ORIENTED_EDGE('',*,*,#4639,.F.);
#2709=ORIENTED_EDGE('',*,*,#4640,.F.);
#2710=ORIENTED_EDGE('',*,*,#4641,.F.);
#2711=ORIENTED_EDGE('',*,*,#4642,.F.);
#2712=ORIENTED_EDGE('',*,*,#4643,.F.);
#2713=ORIENTED_EDGE('',*,*,#4644,.T.);
#2714=ORIENTED_EDGE('',*,*,#4645,.T.);
#2715=ORIENTED_EDGE('',*,*,#4646,.T.);
#2716=ORIENTED_EDGE('',*,*,#4647,.T.);
#2717=ORIENTED_EDGE('',*,*,#4648,.F.);
#2718=ORIENTED_EDGE('',*,*,#4649,.F.);
#2719=ORIENTED_EDGE('',*,*,#4650,.F.);
#2720=ORIENTED_EDGE('',*,*,#4575,.F.);
#2721=ORIENTED_EDGE('',*,*,#4651,.F.);
#2722=ORIENTED_EDGE('',*,*,#4611,.T.);
#2723=ORIENTED_EDGE('',*,*,#4652,.T.);
#2724=ORIENTED_EDGE('',*,*,#4598,.F.);
#2725=ORIENTED_EDGE('',*,*,#4653,.T.);
#2726=ORIENTED_EDGE('',*,*,#4612,.T.);
#2727=ORIENTED_EDGE('',*,*,#4651,.T.);
#2728=ORIENTED_EDGE('',*,*,#4614,.F.);
#2729=ORIENTED_EDGE('',*,*,#4654,.T.);
#2730=ORIENTED_EDGE('',*,*,#4596,.T.);
#2731=ORIENTED_EDGE('',*,*,#4655,.T.);
#2732=ORIENTED_EDGE('',*,*,#4616,.F.);
#2733=ORIENTED_EDGE('',*,*,#4656,.T.);
#2734=ORIENTED_EDGE('',*,*,#4594,.T.);
#2735=ORIENTED_EDGE('',*,*,#4657,.F.);
#2736=ORIENTED_EDGE('',*,*,#4593,.F.);
#2737=ORIENTED_EDGE('',*,*,#4658,.F.);
#2738=ORIENTED_EDGE('',*,*,#4617,.T.);
#2739=ORIENTED_EDGE('',*,*,#4657,.T.);
#2740=ORIENTED_EDGE('',*,*,#4592,.F.);
#2741=ORIENTED_EDGE('',*,*,#4659,.T.);
#2742=ORIENTED_EDGE('',*,*,#4618,.T.);
#2743=ORIENTED_EDGE('',*,*,#4658,.T.);
#2744=ORIENTED_EDGE('',*,*,#4590,.F.);
#2745=ORIENTED_EDGE('',*,*,#4660,.T.);
#2746=ORIENTED_EDGE('',*,*,#4620,.T.);
#2747=ORIENTED_EDGE('',*,*,#4661,.T.);
#2748=ORIENTED_EDGE('',*,*,#4622,.F.);
#2749=ORIENTED_EDGE('',*,*,#4662,.T.);
#2750=ORIENTED_EDGE('',*,*,#4588,.T.);
#2751=ORIENTED_EDGE('',*,*,#4663,.F.);
#2752=ORIENTED_EDGE('',*,*,#4587,.F.);
#2753=ORIENTED_EDGE('',*,*,#4664,.F.);
#2754=ORIENTED_EDGE('',*,*,#4623,.T.);
#2755=ORIENTED_EDGE('',*,*,#4663,.T.);
#2756=ORIENTED_EDGE('',*,*,#4586,.F.);
#2757=ORIENTED_EDGE('',*,*,#4665,.T.);
#2758=ORIENTED_EDGE('',*,*,#4624,.T.);
#2759=ORIENTED_EDGE('',*,*,#4664,.T.);
#2760=ORIENTED_EDGE('',*,*,#4584,.F.);
#2761=ORIENTED_EDGE('',*,*,#4666,.T.);
#2762=ORIENTED_EDGE('',*,*,#4626,.T.);
#2763=ORIENTED_EDGE('',*,*,#4667,.T.);
#2764=ORIENTED_EDGE('',*,*,#4628,.F.);
#2765=ORIENTED_EDGE('',*,*,#4668,.T.);
#2766=ORIENTED_EDGE('',*,*,#4582,.T.);
#2767=ORIENTED_EDGE('',*,*,#4669,.F.);
#2768=ORIENTED_EDGE('',*,*,#4581,.F.);
#2769=ORIENTED_EDGE('',*,*,#4670,.F.);
#2770=ORIENTED_EDGE('',*,*,#4629,.T.);
#2771=ORIENTED_EDGE('',*,*,#4669,.T.);
#2772=ORIENTED_EDGE('',*,*,#4580,.F.);
#2773=ORIENTED_EDGE('',*,*,#4671,.T.);
#2774=ORIENTED_EDGE('',*,*,#4630,.T.);
#2775=ORIENTED_EDGE('',*,*,#4670,.T.);
#2776=ORIENTED_EDGE('',*,*,#4578,.T.);
#2777=ORIENTED_EDGE('',*,*,#4672,.T.);
#2778=ORIENTED_EDGE('',*,*,#4632,.F.);
#2779=ORIENTED_EDGE('',*,*,#4673,.T.);
#2780=ORIENTED_EDGE('',*,*,#4641,.T.);
#2781=ORIENTED_EDGE('',*,*,#4605,.F.);
#2782=ORIENTED_EDGE('',*,*,#4640,.T.);
#2783=ORIENTED_EDGE('',*,*,#4604,.F.);
#2784=ORIENTED_EDGE('',*,*,#4639,.T.);
#2785=ORIENTED_EDGE('',*,*,#4603,.F.);
#2786=ORIENTED_EDGE('',*,*,#4638,.T.);
#2787=ORIENTED_EDGE('',*,*,#4602,.F.);
#2788=ORIENTED_EDGE('',*,*,#4637,.T.);
#2789=ORIENTED_EDGE('',*,*,#4601,.F.);
#2790=ORIENTED_EDGE('',*,*,#4636,.T.);
#2791=ORIENTED_EDGE('',*,*,#4600,.F.);
#2792=ORIENTED_EDGE('',*,*,#4635,.T.);
#2793=ORIENTED_EDGE('',*,*,#4599,.F.);
#2794=ORIENTED_EDGE('',*,*,#4634,.F.);
#2795=ORIENTED_EDGE('',*,*,#4674,.T.);
#2796=ORIENTED_EDGE('',*,*,#4576,.T.);
#2797=ORIENTED_EDGE('',*,*,#4652,.F.);
#2798=ORIENTED_EDGE('',*,*,#4642,.T.);
#2799=ORIENTED_EDGE('',*,*,#4606,.F.);
#2800=ORIENTED_EDGE('',*,*,#4644,.F.);
#2801=ORIENTED_EDGE('',*,*,#4675,.F.);
#2802=ORIENTED_EDGE('',*,*,#4491,.T.);
#2803=ORIENTED_EDGE('',*,*,#4676,.T.);
#2804=ORIENTED_EDGE('',*,*,#4643,.T.);
#2805=ORIENTED_EDGE('',*,*,#4677,.F.);
#2806=ORIENTED_EDGE('',*,*,#4492,.F.);
#2807=ORIENTED_EDGE('',*,*,#4675,.T.);
#2808=ORIENTED_EDGE('',*,*,#4650,.T.);
#2809=ORIENTED_EDGE('',*,*,#4678,.F.);
#2810=ORIENTED_EDGE('',*,*,#4493,.F.);
#2811=ORIENTED_EDGE('',*,*,#4677,.T.);
#2812=ORIENTED_EDGE('',*,*,#4649,.T.);
#2813=ORIENTED_EDGE('',*,*,#4679,.F.);
#2814=ORIENTED_EDGE('',*,*,#4494,.F.);
#2815=ORIENTED_EDGE('',*,*,#4678,.T.);
#2816=ORIENTED_EDGE('',*,*,#4648,.T.);
#2817=ORIENTED_EDGE('',*,*,#4680,.F.);
#2818=ORIENTED_EDGE('',*,*,#4495,.F.);
#2819=ORIENTED_EDGE('',*,*,#4679,.T.);
#2820=ORIENTED_EDGE('',*,*,#4647,.F.);
#2821=ORIENTED_EDGE('',*,*,#4681,.F.);
#2822=ORIENTED_EDGE('',*,*,#4496,.T.);
#2823=ORIENTED_EDGE('',*,*,#4680,.T.);
#2824=ORIENTED_EDGE('',*,*,#4646,.F.);
#2825=ORIENTED_EDGE('',*,*,#4682,.F.);
#2826=ORIENTED_EDGE('',*,*,#4497,.T.);
#2827=ORIENTED_EDGE('',*,*,#4681,.T.);
#2828=ORIENTED_EDGE('',*,*,#4645,.F.);
#2829=ORIENTED_EDGE('',*,*,#4676,.F.);
#2830=ORIENTED_EDGE('',*,*,#4498,.T.);
#2831=ORIENTED_EDGE('',*,*,#4682,.T.);
#2832=ORIENTED_EDGE('',*,*,#4621,.F.);
#2833=ORIENTED_EDGE('',*,*,#4660,.F.);
#2834=ORIENTED_EDGE('',*,*,#4589,.F.);
#2835=ORIENTED_EDGE('',*,*,#4662,.F.);
#2836=ORIENTED_EDGE('',*,*,#4619,.F.);
#2837=ORIENTED_EDGE('',*,*,#4659,.F.);
#2838=ORIENTED_EDGE('',*,*,#4591,.F.);
#2839=ORIENTED_EDGE('',*,*,#4661,.F.);
#2840=ORIENTED_EDGE('',*,*,#4613,.F.);
#2841=ORIENTED_EDGE('',*,*,#4653,.F.);
#2842=ORIENTED_EDGE('',*,*,#4597,.F.);
#2843=ORIENTED_EDGE('',*,*,#4654,.F.);
#2844=ORIENTED_EDGE('',*,*,#4615,.F.);
#2845=ORIENTED_EDGE('',*,*,#4655,.F.);
#2846=ORIENTED_EDGE('',*,*,#4595,.F.);
#2847=ORIENTED_EDGE('',*,*,#4656,.F.);
#2848=ORIENTED_EDGE('',*,*,#4633,.F.);
#2849=ORIENTED_EDGE('',*,*,#4672,.F.);
#2850=ORIENTED_EDGE('',*,*,#4577,.F.);
#2851=ORIENTED_EDGE('',*,*,#4674,.F.);
#2852=ORIENTED_EDGE('',*,*,#4631,.F.);
#2853=ORIENTED_EDGE('',*,*,#4671,.F.);
#2854=ORIENTED_EDGE('',*,*,#4579,.F.);
#2855=ORIENTED_EDGE('',*,*,#4673,.F.);
#2856=ORIENTED_EDGE('',*,*,#4627,.F.);
#2857=ORIENTED_EDGE('',*,*,#4666,.F.);
#2858=ORIENTED_EDGE('',*,*,#4583,.F.);
#2859=ORIENTED_EDGE('',*,*,#4668,.F.);
#2860=ORIENTED_EDGE('',*,*,#4625,.F.);
#2861=ORIENTED_EDGE('',*,*,#4665,.F.);
#2862=ORIENTED_EDGE('',*,*,#4585,.F.);
#2863=ORIENTED_EDGE('',*,*,#4667,.F.);
#2864=ORIENTED_EDGE('',*,*,#4683,.T.);
#2865=ORIENTED_EDGE('',*,*,#4467,.T.);
#2866=ORIENTED_EDGE('',*,*,#4684,.F.);
#2867=ORIENTED_EDGE('',*,*,#4552,.F.);
#2868=ORIENTED_EDGE('',*,*,#4684,.T.);
#2869=ORIENTED_EDGE('',*,*,#4490,.T.);
#2870=ORIENTED_EDGE('',*,*,#4685,.F.);
#2871=ORIENTED_EDGE('',*,*,#4553,.F.);
#2872=ORIENTED_EDGE('',*,*,#4685,.T.);
#2873=ORIENTED_EDGE('',*,*,#4489,.T.);
#2874=ORIENTED_EDGE('',*,*,#4686,.F.);
#2875=ORIENTED_EDGE('',*,*,#4554,.F.);
#2876=ORIENTED_EDGE('',*,*,#4686,.T.);
#2877=ORIENTED_EDGE('',*,*,#4488,.T.);
#2878=ORIENTED_EDGE('',*,*,#4687,.F.);
#2879=ORIENTED_EDGE('',*,*,#4555,.F.);
#2880=ORIENTED_EDGE('',*,*,#4687,.T.);
#2881=ORIENTED_EDGE('',*,*,#4487,.T.);
#2882=ORIENTED_EDGE('',*,*,#4688,.F.);
#2883=ORIENTED_EDGE('',*,*,#4556,.F.);
#2884=ORIENTED_EDGE('',*,*,#4557,.T.);
#2885=ORIENTED_EDGE('',*,*,#4688,.T.);
#2886=ORIENTED_EDGE('',*,*,#4486,.F.);
#2887=ORIENTED_EDGE('',*,*,#4689,.F.);
#2888=ORIENTED_EDGE('',*,*,#4689,.T.);
#2889=ORIENTED_EDGE('',*,*,#4485,.T.);
#2890=ORIENTED_EDGE('',*,*,#4690,.F.);
#2891=ORIENTED_EDGE('',*,*,#4558,.F.);
#2892=ORIENTED_EDGE('',*,*,#4559,.T.);
#2893=ORIENTED_EDGE('',*,*,#4690,.T.);
#2894=ORIENTED_EDGE('',*,*,#4484,.F.);
#2895=ORIENTED_EDGE('',*,*,#4691,.F.);
#2896=ORIENTED_EDGE('',*,*,#4560,.T.);
#2897=ORIENTED_EDGE('',*,*,#4691,.T.);
#2898=ORIENTED_EDGE('',*,*,#4483,.F.);
#2899=ORIENTED_EDGE('',*,*,#4692,.F.);
#2900=ORIENTED_EDGE('',*,*,#4692,.T.);
#2901=ORIENTED_EDGE('',*,*,#4482,.T.);
#2902=ORIENTED_EDGE('',*,*,#4693,.F.);
#2903=ORIENTED_EDGE('',*,*,#4561,.F.);
#2904=ORIENTED_EDGE('',*,*,#4562,.T.);
#2905=ORIENTED_EDGE('',*,*,#4693,.T.);
#2906=ORIENTED_EDGE('',*,*,#4481,.F.);
#2907=ORIENTED_EDGE('',*,*,#4694,.F.);
#2908=ORIENTED_EDGE('',*,*,#4694,.T.);
#2909=ORIENTED_EDGE('',*,*,#4480,.T.);
#2910=ORIENTED_EDGE('',*,*,#4695,.F.);
#2911=ORIENTED_EDGE('',*,*,#4563,.F.);
#2912=ORIENTED_EDGE('',*,*,#4564,.T.);
#2913=ORIENTED_EDGE('',*,*,#4695,.T.);
#2914=ORIENTED_EDGE('',*,*,#4479,.F.);
#2915=ORIENTED_EDGE('',*,*,#4696,.F.);
#2916=ORIENTED_EDGE('',*,*,#4696,.T.);
#2917=ORIENTED_EDGE('',*,*,#4478,.T.);
#2918=ORIENTED_EDGE('',*,*,#4697,.F.);
#2919=ORIENTED_EDGE('',*,*,#4565,.F.);
#2920=ORIENTED_EDGE('',*,*,#4566,.T.);
#2921=ORIENTED_EDGE('',*,*,#4697,.T.);
#2922=ORIENTED_EDGE('',*,*,#4477,.F.);
#2923=ORIENTED_EDGE('',*,*,#4698,.F.);
#2924=ORIENTED_EDGE('',*,*,#4567,.T.);
#2925=ORIENTED_EDGE('',*,*,#4698,.T.);
#2926=ORIENTED_EDGE('',*,*,#4476,.F.);
#2927=ORIENTED_EDGE('',*,*,#4699,.F.);
#2928=ORIENTED_EDGE('',*,*,#4568,.T.);
#2929=ORIENTED_EDGE('',*,*,#4699,.T.);
#2930=ORIENTED_EDGE('',*,*,#4475,.F.);
#2931=ORIENTED_EDGE('',*,*,#4700,.F.);
#2932=ORIENTED_EDGE('',*,*,#4569,.T.);
#2933=ORIENTED_EDGE('',*,*,#4700,.T.);
#2934=ORIENTED_EDGE('',*,*,#4474,.F.);
#2935=ORIENTED_EDGE('',*,*,#4701,.F.);
#2936=ORIENTED_EDGE('',*,*,#4570,.T.);
#2937=ORIENTED_EDGE('',*,*,#4701,.T.);
#2938=ORIENTED_EDGE('',*,*,#4473,.F.);
#2939=ORIENTED_EDGE('',*,*,#4702,.F.);
#2940=ORIENTED_EDGE('',*,*,#4702,.T.);
#2941=ORIENTED_EDGE('',*,*,#4472,.T.);
#2942=ORIENTED_EDGE('',*,*,#4703,.F.);
#2943=ORIENTED_EDGE('',*,*,#4571,.F.);
#2944=ORIENTED_EDGE('',*,*,#4572,.T.);
#2945=ORIENTED_EDGE('',*,*,#4703,.T.);
#2946=ORIENTED_EDGE('',*,*,#4471,.F.);
#2947=ORIENTED_EDGE('',*,*,#4704,.F.);
#2948=ORIENTED_EDGE('',*,*,#4573,.T.);
#2949=ORIENTED_EDGE('',*,*,#4704,.T.);
#2950=ORIENTED_EDGE('',*,*,#4470,.F.);
#2951=ORIENTED_EDGE('',*,*,#4705,.F.);
#2952=ORIENTED_EDGE('',*,*,#4574,.T.);
#2953=ORIENTED_EDGE('',*,*,#4705,.T.);
#2954=ORIENTED_EDGE('',*,*,#4469,.F.);
#2955=ORIENTED_EDGE('',*,*,#4706,.F.);
#2956=ORIENTED_EDGE('',*,*,#4551,.T.);
#2957=ORIENTED_EDGE('',*,*,#4706,.T.);
#2958=ORIENTED_EDGE('',*,*,#4468,.F.);
#2959=ORIENTED_EDGE('',*,*,#4683,.F.);
#2960=ORIENTED_EDGE('',*,*,#4527,.T.);
#2961=ORIENTED_EDGE('',*,*,#4707,.T.);
#2962=ORIENTED_EDGE('',*,*,#4500,.F.);
#2963=ORIENTED_EDGE('',*,*,#4708,.F.);
#2964=ORIENTED_EDGE('',*,*,#4708,.T.);
#2965=ORIENTED_EDGE('',*,*,#4499,.T.);
#2966=ORIENTED_EDGE('',*,*,#4709,.F.);
#2967=ORIENTED_EDGE('',*,*,#4528,.F.);
#2968=ORIENTED_EDGE('',*,*,#4709,.T.);
#2969=ORIENTED_EDGE('',*,*,#4522,.T.);
#2970=ORIENTED_EDGE('',*,*,#4710,.F.);
#2971=ORIENTED_EDGE('',*,*,#4529,.F.);
#2972=ORIENTED_EDGE('',*,*,#4710,.T.);
#2973=ORIENTED_EDGE('',*,*,#4521,.T.);
#2974=ORIENTED_EDGE('',*,*,#4711,.F.);
#2975=ORIENTED_EDGE('',*,*,#4530,.F.);
#2976=ORIENTED_EDGE('',*,*,#4711,.T.);
#2977=ORIENTED_EDGE('',*,*,#4520,.T.);
#2978=ORIENTED_EDGE('',*,*,#4712,.F.);
#2979=ORIENTED_EDGE('',*,*,#4531,.F.);
#2980=ORIENTED_EDGE('',*,*,#4532,.T.);
#2981=ORIENTED_EDGE('',*,*,#4712,.T.);
#2982=ORIENTED_EDGE('',*,*,#4519,.F.);
#2983=ORIENTED_EDGE('',*,*,#4713,.F.);
#2984=ORIENTED_EDGE('',*,*,#4713,.T.);
#2985=ORIENTED_EDGE('',*,*,#4518,.T.);
#2986=ORIENTED_EDGE('',*,*,#4714,.F.);
#2987=ORIENTED_EDGE('',*,*,#4533,.F.);
#2988=ORIENTED_EDGE('',*,*,#4714,.T.);
#2989=ORIENTED_EDGE('',*,*,#4517,.T.);
#2990=ORIENTED_EDGE('',*,*,#4715,.F.);
#2991=ORIENTED_EDGE('',*,*,#4534,.F.);
#2992=ORIENTED_EDGE('',*,*,#4715,.T.);
#2993=ORIENTED_EDGE('',*,*,#4516,.T.);
#2994=ORIENTED_EDGE('',*,*,#4716,.F.);
#2995=ORIENTED_EDGE('',*,*,#4535,.F.);
#2996=ORIENTED_EDGE('',*,*,#4716,.T.);
#2997=ORIENTED_EDGE('',*,*,#4515,.T.);
#2998=ORIENTED_EDGE('',*,*,#4717,.F.);
#2999=ORIENTED_EDGE('',*,*,#4536,.F.);
#3000=ORIENTED_EDGE('',*,*,#4717,.T.);
#3001=ORIENTED_EDGE('',*,*,#4514,.T.);
#3002=ORIENTED_EDGE('',*,*,#4718,.F.);
#3003=ORIENTED_EDGE('',*,*,#4537,.F.);
#3004=ORIENTED_EDGE('',*,*,#4538,.T.);
#3005=ORIENTED_EDGE('',*,*,#4718,.T.);
#3006=ORIENTED_EDGE('',*,*,#4513,.F.);
#3007=ORIENTED_EDGE('',*,*,#4719,.F.);
#3008=ORIENTED_EDGE('',*,*,#4719,.T.);
#3009=ORIENTED_EDGE('',*,*,#4512,.T.);
#3010=ORIENTED_EDGE('',*,*,#4720,.F.);
#3011=ORIENTED_EDGE('',*,*,#4539,.F.);
#3012=ORIENTED_EDGE('',*,*,#4540,.T.);
#3013=ORIENTED_EDGE('',*,*,#4720,.T.);
#3014=ORIENTED_EDGE('',*,*,#4511,.F.);
#3015=ORIENTED_EDGE('',*,*,#4721,.F.);
#3016=ORIENTED_EDGE('',*,*,#4721,.T.);
#3017=ORIENTED_EDGE('',*,*,#4510,.T.);
#3018=ORIENTED_EDGE('',*,*,#4722,.F.);
#3019=ORIENTED_EDGE('',*,*,#4541,.F.);
#3020=ORIENTED_EDGE('',*,*,#4542,.T.);
#3021=ORIENTED_EDGE('',*,*,#4722,.T.);
#3022=ORIENTED_EDGE('',*,*,#4509,.F.);
#3023=ORIENTED_EDGE('',*,*,#4723,.F.);
#3024=ORIENTED_EDGE('',*,*,#4723,.T.);
#3025=ORIENTED_EDGE('',*,*,#4508,.T.);
#3026=ORIENTED_EDGE('',*,*,#4724,.F.);
#3027=ORIENTED_EDGE('',*,*,#4543,.F.);
#3028=ORIENTED_EDGE('',*,*,#4724,.T.);
#3029=ORIENTED_EDGE('',*,*,#4507,.T.);
#3030=ORIENTED_EDGE('',*,*,#4725,.F.);
#3031=ORIENTED_EDGE('',*,*,#4544,.F.);
#3032=ORIENTED_EDGE('',*,*,#4545,.T.);
#3033=ORIENTED_EDGE('',*,*,#4725,.T.);
#3034=ORIENTED_EDGE('',*,*,#4506,.F.);
#3035=ORIENTED_EDGE('',*,*,#4726,.F.);
#3036=ORIENTED_EDGE('',*,*,#4726,.T.);
#3037=ORIENTED_EDGE('',*,*,#4505,.T.);
#3038=ORIENTED_EDGE('',*,*,#4727,.F.);
#3039=ORIENTED_EDGE('',*,*,#4546,.F.);
#3040=ORIENTED_EDGE('',*,*,#4547,.T.);
#3041=ORIENTED_EDGE('',*,*,#4727,.T.);
#3042=ORIENTED_EDGE('',*,*,#4504,.F.);
#3043=ORIENTED_EDGE('',*,*,#4728,.F.);
#3044=ORIENTED_EDGE('',*,*,#4548,.T.);
#3045=ORIENTED_EDGE('',*,*,#4728,.T.);
#3046=ORIENTED_EDGE('',*,*,#4503,.F.);
#3047=ORIENTED_EDGE('',*,*,#4729,.F.);
#3048=ORIENTED_EDGE('',*,*,#4549,.T.);
#3049=ORIENTED_EDGE('',*,*,#4729,.T.);
#3050=ORIENTED_EDGE('',*,*,#4502,.F.);
#3051=ORIENTED_EDGE('',*,*,#4730,.F.);
#3052=ORIENTED_EDGE('',*,*,#4550,.T.);
#3053=ORIENTED_EDGE('',*,*,#4730,.T.);
#3054=ORIENTED_EDGE('',*,*,#4501,.F.);
#3055=ORIENTED_EDGE('',*,*,#4707,.F.);
#3056=ORIENTED_EDGE('',*,*,#4607,.T.);
#3057=ORIENTED_EDGE('',*,*,#4731,.T.);
#3058=ORIENTED_EDGE('',*,*,#4524,.F.);
#3059=ORIENTED_EDGE('',*,*,#4732,.F.);
#3060=ORIENTED_EDGE('',*,*,#4732,.T.);
#3061=ORIENTED_EDGE('',*,*,#4523,.T.);
#3062=ORIENTED_EDGE('',*,*,#4733,.F.);
#3063=ORIENTED_EDGE('',*,*,#4608,.F.);
#3064=ORIENTED_EDGE('',*,*,#4733,.T.);
#3065=ORIENTED_EDGE('',*,*,#4526,.T.);
#3066=ORIENTED_EDGE('',*,*,#4734,.F.);
#3067=ORIENTED_EDGE('',*,*,#4609,.F.);
#3068=ORIENTED_EDGE('',*,*,#4610,.T.);
#3069=ORIENTED_EDGE('',*,*,#4734,.T.);
#3070=ORIENTED_EDGE('',*,*,#4525,.F.);
#3071=ORIENTED_EDGE('',*,*,#4731,.F.);
#3072=ORIENTED_EDGE('',*,*,#4735,.F.);
#3073=ORIENTED_EDGE('',*,*,#4736,.T.);
#3074=ORIENTED_EDGE('',*,*,#4737,.F.);
#3075=ORIENTED_EDGE('',*,*,#4738,.F.);
#3076=ORIENTED_EDGE('',*,*,#4739,.F.);
#3077=ORIENTED_EDGE('',*,*,#4740,.T.);
#3078=ORIENTED_EDGE('',*,*,#4741,.F.);
#3079=ORIENTED_EDGE('',*,*,#4742,.T.);
#3080=ORIENTED_EDGE('',*,*,#4743,.F.);
#3081=ORIENTED_EDGE('',*,*,#4744,.T.);
#3082=ORIENTED_EDGE('',*,*,#4745,.F.);
#3083=ORIENTED_EDGE('',*,*,#4746,.T.);
#3084=ORIENTED_EDGE('',*,*,#4747,.F.);
#3085=ORIENTED_EDGE('',*,*,#4748,.T.);
#3086=ORIENTED_EDGE('',*,*,#4749,.F.);
#3087=ORIENTED_EDGE('',*,*,#4750,.T.);
#3088=ORIENTED_EDGE('',*,*,#4751,.F.);
#3089=ORIENTED_EDGE('',*,*,#4752,.T.);
#3090=ORIENTED_EDGE('',*,*,#4753,.F.);
#3091=ORIENTED_EDGE('',*,*,#4754,.T.);
#3092=ORIENTED_EDGE('',*,*,#4755,.F.);
#3093=ORIENTED_EDGE('',*,*,#4756,.T.);
#3094=ORIENTED_EDGE('',*,*,#4757,.F.);
#3095=ORIENTED_EDGE('',*,*,#4758,.T.);
#3096=ORIENTED_EDGE('',*,*,#4759,.F.);
#3097=ORIENTED_EDGE('',*,*,#4760,.T.);
#3098=ORIENTED_EDGE('',*,*,#4761,.F.);
#3099=ORIENTED_EDGE('',*,*,#4762,.T.);
#3100=ORIENTED_EDGE('',*,*,#4763,.F.);
#3101=ORIENTED_EDGE('',*,*,#4764,.T.);
#3102=ORIENTED_EDGE('',*,*,#4765,.F.);
#3103=ORIENTED_EDGE('',*,*,#4766,.T.);
#3104=ORIENTED_EDGE('',*,*,#4767,.F.);
#3105=ORIENTED_EDGE('',*,*,#4768,.T.);
#3106=ORIENTED_EDGE('',*,*,#4769,.F.);
#3107=ORIENTED_EDGE('',*,*,#4770,.T.);
#3108=ORIENTED_EDGE('',*,*,#4771,.F.);
#3109=ORIENTED_EDGE('',*,*,#4772,.T.);
#3110=ORIENTED_EDGE('',*,*,#4773,.F.);
#3111=ORIENTED_EDGE('',*,*,#4774,.T.);
#3112=ORIENTED_EDGE('',*,*,#4775,.F.);
#3113=ORIENTED_EDGE('',*,*,#4776,.T.);
#3114=ORIENTED_EDGE('',*,*,#4777,.F.);
#3115=ORIENTED_EDGE('',*,*,#4778,.T.);
#3116=ORIENTED_EDGE('',*,*,#4779,.F.);
#3117=ORIENTED_EDGE('',*,*,#4780,.T.);
#3118=ORIENTED_EDGE('',*,*,#4781,.F.);
#3119=ORIENTED_EDGE('',*,*,#4782,.T.);
#3120=ORIENTED_EDGE('',*,*,#4783,.F.);
#3121=ORIENTED_EDGE('',*,*,#4784,.T.);
#3122=ORIENTED_EDGE('',*,*,#4785,.F.);
#3123=ORIENTED_EDGE('',*,*,#4786,.T.);
#3124=ORIENTED_EDGE('',*,*,#4787,.T.);
#3125=ORIENTED_EDGE('',*,*,#4788,.T.);
#3126=ORIENTED_EDGE('',*,*,#4789,.T.);
#3127=ORIENTED_EDGE('',*,*,#4790,.T.);
#3128=ORIENTED_EDGE('',*,*,#4791,.T.);
#3129=ORIENTED_EDGE('',*,*,#4792,.T.);
#3130=ORIENTED_EDGE('',*,*,#4793,.T.);
#3131=ORIENTED_EDGE('',*,*,#4794,.T.);
#3132=ORIENTED_EDGE('',*,*,#4795,.T.);
#3133=ORIENTED_EDGE('',*,*,#4796,.T.);
#3134=ORIENTED_EDGE('',*,*,#4797,.T.);
#3135=ORIENTED_EDGE('',*,*,#4798,.F.);
#3136=ORIENTED_EDGE('',*,*,#4799,.F.);
#3137=ORIENTED_EDGE('',*,*,#4800,.T.);
#3138=ORIENTED_EDGE('',*,*,#4801,.T.);
#3139=ORIENTED_EDGE('',*,*,#4802,.F.);
#3140=ORIENTED_EDGE('',*,*,#4803,.T.);
#3141=ORIENTED_EDGE('',*,*,#4804,.F.);
#3142=ORIENTED_EDGE('',*,*,#4805,.F.);
#3143=ORIENTED_EDGE('',*,*,#4806,.T.);
#3144=ORIENTED_EDGE('',*,*,#4807,.F.);
#3145=ORIENTED_EDGE('',*,*,#4808,.T.);
#3146=ORIENTED_EDGE('',*,*,#4809,.T.);
#3147=ORIENTED_EDGE('',*,*,#4792,.F.);
#3148=ORIENTED_EDGE('',*,*,#4810,.F.);
#3149=ORIENTED_EDGE('',*,*,#4811,.T.);
#3150=ORIENTED_EDGE('',*,*,#4812,.T.);
#3151=ORIENTED_EDGE('',*,*,#4813,.T.);
#3152=ORIENTED_EDGE('',*,*,#4814,.F.);
#3153=ORIENTED_EDGE('',*,*,#4815,.F.);
#3154=ORIENTED_EDGE('',*,*,#4816,.T.);
#3155=ORIENTED_EDGE('',*,*,#4817,.F.);
#3156=ORIENTED_EDGE('',*,*,#4818,.T.);
#3157=ORIENTED_EDGE('',*,*,#4819,.F.);
#3158=ORIENTED_EDGE('',*,*,#4738,.T.);
#3159=ORIENTED_EDGE('',*,*,#4820,.F.);
#3160=ORIENTED_EDGE('',*,*,#4821,.T.);
#3161=ORIENTED_EDGE('',*,*,#4822,.F.);
#3162=ORIENTED_EDGE('',*,*,#4823,.T.);
#3163=ORIENTED_EDGE('',*,*,#4824,.F.);
#3164=ORIENTED_EDGE('',*,*,#4825,.T.);
#3165=ORIENTED_EDGE('',*,*,#4826,.F.);
#3166=ORIENTED_EDGE('',*,*,#4827,.T.);
#3167=ORIENTED_EDGE('',*,*,#4828,.F.);
#3168=ORIENTED_EDGE('',*,*,#4829,.T.);
#3169=ORIENTED_EDGE('',*,*,#4830,.F.);
#3170=ORIENTED_EDGE('',*,*,#4831,.T.);
#3171=ORIENTED_EDGE('',*,*,#4832,.F.);
#3172=ORIENTED_EDGE('',*,*,#4833,.T.);
#3173=ORIENTED_EDGE('',*,*,#4834,.F.);
#3174=ORIENTED_EDGE('',*,*,#4835,.T.);
#3175=ORIENTED_EDGE('',*,*,#4836,.F.);
#3176=ORIENTED_EDGE('',*,*,#4837,.T.);
#3177=ORIENTED_EDGE('',*,*,#4838,.F.);
#3178=ORIENTED_EDGE('',*,*,#4839,.T.);
#3179=ORIENTED_EDGE('',*,*,#4840,.F.);
#3180=ORIENTED_EDGE('',*,*,#4841,.T.);
#3181=ORIENTED_EDGE('',*,*,#4842,.F.);
#3182=ORIENTED_EDGE('',*,*,#4843,.T.);
#3183=ORIENTED_EDGE('',*,*,#4844,.F.);
#3184=ORIENTED_EDGE('',*,*,#4845,.T.);
#3185=ORIENTED_EDGE('',*,*,#4808,.F.);
#3186=ORIENTED_EDGE('',*,*,#4846,.T.);
#3187=ORIENTED_EDGE('',*,*,#4847,.F.);
#3188=ORIENTED_EDGE('',*,*,#4848,.T.);
#3189=ORIENTED_EDGE('',*,*,#4849,.T.);
#3190=ORIENTED_EDGE('',*,*,#4850,.T.);
#3191=ORIENTED_EDGE('',*,*,#4851,.T.);
#3192=ORIENTED_EDGE('',*,*,#4852,.T.);
#3193=ORIENTED_EDGE('',*,*,#4853,.F.);
#3194=ORIENTED_EDGE('',*,*,#4854,.F.);
#3195=ORIENTED_EDGE('',*,*,#4855,.T.);
#3196=ORIENTED_EDGE('',*,*,#4856,.T.);
#3197=ORIENTED_EDGE('',*,*,#4857,.T.);
#3198=ORIENTED_EDGE('',*,*,#4858,.F.);
#3199=ORIENTED_EDGE('',*,*,#4859,.T.);
#3200=ORIENTED_EDGE('',*,*,#4860,.F.);
#3201=ORIENTED_EDGE('',*,*,#4861,.T.);
#3202=ORIENTED_EDGE('',*,*,#4862,.F.);
#3203=ORIENTED_EDGE('',*,*,#4863,.T.);
#3204=ORIENTED_EDGE('',*,*,#4864,.T.);
#3205=ORIENTED_EDGE('',*,*,#4865,.F.);
#3206=ORIENTED_EDGE('',*,*,#4866,.T.);
#3207=ORIENTED_EDGE('',*,*,#4867,.F.);
#3208=ORIENTED_EDGE('',*,*,#4868,.T.);
#3209=ORIENTED_EDGE('',*,*,#4869,.F.);
#3210=ORIENTED_EDGE('',*,*,#4870,.T.);
#3211=ORIENTED_EDGE('',*,*,#4871,.F.);
#3212=ORIENTED_EDGE('',*,*,#4872,.F.);
#3213=ORIENTED_EDGE('',*,*,#4873,.F.);
#3214=ORIENTED_EDGE('',*,*,#4874,.T.);
#3215=ORIENTED_EDGE('',*,*,#4875,.T.);
#3216=ORIENTED_EDGE('',*,*,#4876,.T.);
#3217=ORIENTED_EDGE('',*,*,#4877,.T.);
#3218=ORIENTED_EDGE('',*,*,#4872,.T.);
#3219=ORIENTED_EDGE('',*,*,#4878,.T.);
#3220=ORIENTED_EDGE('',*,*,#4879,.T.);
#3221=ORIENTED_EDGE('',*,*,#4865,.T.);
#3222=ORIENTED_EDGE('',*,*,#4880,.T.);
#3223=ORIENTED_EDGE('',*,*,#4881,.T.);
#3224=ORIENTED_EDGE('',*,*,#4882,.F.);
#3225=ORIENTED_EDGE('',*,*,#4883,.T.);
#3226=ORIENTED_EDGE('',*,*,#4884,.F.);
#3227=ORIENTED_EDGE('',*,*,#4885,.T.);
#3228=ORIENTED_EDGE('',*,*,#4886,.F.);
#3229=ORIENTED_EDGE('',*,*,#4887,.T.);
#3230=ORIENTED_EDGE('',*,*,#4888,.F.);
#3231=ORIENTED_EDGE('',*,*,#4889,.T.);
#3232=ORIENTED_EDGE('',*,*,#4890,.T.);
#3233=ORIENTED_EDGE('',*,*,#4891,.T.);
#3234=ORIENTED_EDGE('',*,*,#4892,.F.);
#3235=ORIENTED_EDGE('',*,*,#4797,.F.);
#3236=ORIENTED_EDGE('',*,*,#4893,.F.);
#3237=ORIENTED_EDGE('',*,*,#4894,.T.);
#3238=ORIENTED_EDGE('',*,*,#4895,.T.);
#3239=ORIENTED_EDGE('',*,*,#4896,.T.);
#3240=ORIENTED_EDGE('',*,*,#4897,.T.);
#3241=ORIENTED_EDGE('',*,*,#4898,.F.);
#3242=ORIENTED_EDGE('',*,*,#4899,.F.);
#3243=ORIENTED_EDGE('',*,*,#4900,.F.);
#3244=ORIENTED_EDGE('',*,*,#4901,.F.);
#3245=ORIENTED_EDGE('',*,*,#4805,.T.);
#3246=ORIENTED_EDGE('',*,*,#4902,.F.);
#3247=ORIENTED_EDGE('',*,*,#4903,.T.);
#3248=ORIENTED_EDGE('',*,*,#4904,.T.);
#3249=ORIENTED_EDGE('',*,*,#4905,.F.);
#3250=ORIENTED_EDGE('',*,*,#4906,.T.);
#3251=ORIENTED_EDGE('',*,*,#4907,.F.);
#3252=ORIENTED_EDGE('',*,*,#4908,.T.);
#3253=ORIENTED_EDGE('',*,*,#4909,.T.);
#3254=ORIENTED_EDGE('',*,*,#4910,.T.);
#3255=ORIENTED_EDGE('',*,*,#4911,.T.);
#3256=ORIENTED_EDGE('',*,*,#4912,.T.);
#3257=ORIENTED_EDGE('',*,*,#4907,.T.);
#3258=ORIENTED_EDGE('',*,*,#4913,.F.);
#3259=ORIENTED_EDGE('',*,*,#4863,.F.);
#3260=ORIENTED_EDGE('',*,*,#4763,.T.);
#3261=ORIENTED_EDGE('',*,*,#4914,.T.);
#3262=ORIENTED_EDGE('',*,*,#4858,.T.);
#3263=ORIENTED_EDGE('',*,*,#4915,.T.);
#3264=ORIENTED_EDGE('',*,*,#4769,.T.);
#3265=ORIENTED_EDGE('',*,*,#4916,.T.);
#3266=ORIENTED_EDGE('',*,*,#4851,.F.);
#3267=ORIENTED_EDGE('',*,*,#4917,.T.);
#3268=ORIENTED_EDGE('',*,*,#4849,.F.);
#3269=ORIENTED_EDGE('',*,*,#4918,.T.);
#3270=ORIENTED_EDGE('',*,*,#4771,.T.);
#3271=ORIENTED_EDGE('',*,*,#4919,.T.);
#3272=ORIENTED_EDGE('',*,*,#4789,.F.);
#3273=ORIENTED_EDGE('',*,*,#4920,.T.);
#3274=ORIENTED_EDGE('',*,*,#4854,.T.);
#3275=ORIENTED_EDGE('',*,*,#4921,.T.);
#3276=ORIENTED_EDGE('',*,*,#4922,.T.);
#3277=ORIENTED_EDGE('',*,*,#4923,.F.);
#3278=ORIENTED_EDGE('',*,*,#4924,.F.);
#3279=ORIENTED_EDGE('',*,*,#4813,.F.);
#3280=ORIENTED_EDGE('',*,*,#4925,.T.);
#3281=ORIENTED_EDGE('',*,*,#4926,.T.);
#3282=ORIENTED_EDGE('',*,*,#4846,.F.);
#3283=ORIENTED_EDGE('',*,*,#4814,.T.);
#3284=ORIENTED_EDGE('',*,*,#4924,.T.);
#3285=ORIENTED_EDGE('',*,*,#4903,.F.);
#3286=ORIENTED_EDGE('',*,*,#4927,.T.);
#3287=ORIENTED_EDGE('',*,*,#4799,.T.);
#3288=ORIENTED_EDGE('',*,*,#4928,.T.);
#3289=ORIENTED_EDGE('',*,*,#4900,.T.);
#3290=ORIENTED_EDGE('',*,*,#4929,.T.);
#3291=ORIENTED_EDGE('',*,*,#4930,.T.);
#3292=ORIENTED_EDGE('',*,*,#4931,.F.);
#3293=ORIENTED_EDGE('',*,*,#4932,.F.);
#3294=ORIENTED_EDGE('',*,*,#4931,.T.);
#3295=ORIENTED_EDGE('',*,*,#4933,.T.);
#3296=ORIENTED_EDGE('',*,*,#4934,.T.);
#3297=ORIENTED_EDGE('',*,*,#4935,.T.);
#3298=ORIENTED_EDGE('',*,*,#4905,.T.);
#3299=ORIENTED_EDGE('',*,*,#4936,.T.);
#3300=ORIENTED_EDGE('',*,*,#4910,.F.);
#3301=ORIENTED_EDGE('',*,*,#4937,.T.);
#3302=ORIENTED_EDGE('',*,*,#4922,.F.);
#3303=ORIENTED_EDGE('',*,*,#4895,.F.);
#3304=ORIENTED_EDGE('',*,*,#4938,.F.);
#3305=ORIENTED_EDGE('',*,*,#4939,.T.);
#3306=ORIENTED_EDGE('',*,*,#4940,.F.);
#3307=ORIENTED_EDGE('',*,*,#4941,.T.);
#3308=ORIENTED_EDGE('',*,*,#4942,.F.);
#3309=ORIENTED_EDGE('',*,*,#4943,.F.);
#3310=ORIENTED_EDGE('',*,*,#4944,.T.);
#3311=ORIENTED_EDGE('',*,*,#4945,.F.);
#3312=ORIENTED_EDGE('',*,*,#4946,.T.);
#3313=ORIENTED_EDGE('',*,*,#4947,.F.);
#3314=ORIENTED_EDGE('',*,*,#4948,.T.);
#3315=ORIENTED_EDGE('',*,*,#4949,.F.);
#3316=ORIENTED_EDGE('',*,*,#4950,.T.);
#3317=ORIENTED_EDGE('',*,*,#4951,.F.);
#3318=ORIENTED_EDGE('',*,*,#4952,.T.);
#3319=ORIENTED_EDGE('',*,*,#4953,.T.);
#3320=ORIENTED_EDGE('',*,*,#4873,.T.);
#3321=ORIENTED_EDGE('',*,*,#4864,.F.);
#3322=ORIENTED_EDGE('',*,*,#4913,.T.);
#3323=ORIENTED_EDGE('',*,*,#4911,.F.);
#3324=ORIENTED_EDGE('',*,*,#4936,.F.);
#3325=ORIENTED_EDGE('',*,*,#4904,.F.);
#3326=ORIENTED_EDGE('',*,*,#4928,.F.);
#3327=ORIENTED_EDGE('',*,*,#4798,.T.);
#3328=ORIENTED_EDGE('',*,*,#4892,.T.);
#3329=ORIENTED_EDGE('',*,*,#4954,.T.);
#3330=ORIENTED_EDGE('',*,*,#4955,.T.);
#3331=ORIENTED_EDGE('',*,*,#4882,.T.);
#3332=ORIENTED_EDGE('',*,*,#4949,.T.);
#3333=ORIENTED_EDGE('',*,*,#4943,.T.);
#3334=ORIENTED_EDGE('',*,*,#4888,.T.);
#3335=ORIENTED_EDGE('',*,*,#4886,.T.);
#3336=ORIENTED_EDGE('',*,*,#4884,.T.);
#3337=ORIENTED_EDGE('',*,*,#4893,.T.);
#3338=ORIENTED_EDGE('',*,*,#4869,.T.);
#3339=ORIENTED_EDGE('',*,*,#4956,.T.);
#3340=ORIENTED_EDGE('',*,*,#4757,.T.);
#3341=ORIENTED_EDGE('',*,*,#4957,.T.);
#3342=ORIENTED_EDGE('',*,*,#4761,.T.);
#3343=ORIENTED_EDGE('',*,*,#4958,.T.);
#3344=ORIENTED_EDGE('',*,*,#4878,.F.);
#3345=ORIENTED_EDGE('',*,*,#4871,.T.);
#3346=ORIENTED_EDGE('',*,*,#4959,.T.);
#3347=ORIENTED_EDGE('',*,*,#4759,.T.);
#3348=ORIENTED_EDGE('',*,*,#4960,.T.);
#3349=ORIENTED_EDGE('',*,*,#4867,.T.);
#3350=ORIENTED_EDGE('',*,*,#4961,.T.);
#3351=ORIENTED_EDGE('',*,*,#4834,.T.);
#3352=ORIENTED_EDGE('',*,*,#4962,.T.);
#3353=ORIENTED_EDGE('',*,*,#4781,.T.);
#3354=ORIENTED_EDGE('',*,*,#4963,.T.);
#3355=ORIENTED_EDGE('',*,*,#4832,.T.);
#3356=ORIENTED_EDGE('',*,*,#4964,.T.);
#3357=ORIENTED_EDGE('',*,*,#4783,.T.);
#3358=ORIENTED_EDGE('',*,*,#4965,.T.);
#3359=ORIENTED_EDGE('',*,*,#4785,.T.);
#3360=ORIENTED_EDGE('',*,*,#4966,.T.);
#3361=ORIENTED_EDGE('',*,*,#4836,.T.);
#3362=ORIENTED_EDGE('',*,*,#4967,.T.);
#3363=ORIENTED_EDGE('',*,*,#4775,.T.);
#3364=ORIENTED_EDGE('',*,*,#4968,.T.);
#3365=ORIENTED_EDGE('',*,*,#4840,.T.);
#3366=ORIENTED_EDGE('',*,*,#4969,.T.);
#3367=ORIENTED_EDGE('',*,*,#4777,.T.);
#3368=ORIENTED_EDGE('',*,*,#4970,.T.);
#3369=ORIENTED_EDGE('',*,*,#4838,.T.);
#3370=ORIENTED_EDGE('',*,*,#4971,.T.);
#3371=ORIENTED_EDGE('',*,*,#4842,.T.);
#3372=ORIENTED_EDGE('',*,*,#4972,.T.);
#3373=ORIENTED_EDGE('',*,*,#4779,.T.);
#3374=ORIENTED_EDGE('',*,*,#4973,.T.);
#3375=ORIENTED_EDGE('',*,*,#4862,.T.);
#3376=ORIENTED_EDGE('',*,*,#4974,.T.);
#3377=ORIENTED_EDGE('',*,*,#4765,.T.);
#3378=ORIENTED_EDGE('',*,*,#4975,.T.);
#3379=ORIENTED_EDGE('',*,*,#4856,.F.);
#3380=ORIENTED_EDGE('',*,*,#4976,.T.);
#3381=ORIENTED_EDGE('',*,*,#4787,.F.);
#3382=ORIENTED_EDGE('',*,*,#4977,.T.);
#3383=ORIENTED_EDGE('',*,*,#4908,.F.);
#3384=ORIENTED_EDGE('',*,*,#4912,.F.);
#3385=ORIENTED_EDGE('',*,*,#4767,.T.);
#3386=ORIENTED_EDGE('',*,*,#4978,.T.);
#3387=ORIENTED_EDGE('',*,*,#4860,.T.);
#3388=ORIENTED_EDGE('',*,*,#4979,.T.);
#3389=ORIENTED_EDGE('',*,*,#4751,.T.);
#3390=ORIENTED_EDGE('',*,*,#4980,.T.);
#3391=ORIENTED_EDGE('',*,*,#4828,.T.);
#3392=ORIENTED_EDGE('',*,*,#4981,.T.);
#3393=ORIENTED_EDGE('',*,*,#4826,.T.);
#3394=ORIENTED_EDGE('',*,*,#4982,.T.);
#3395=ORIENTED_EDGE('',*,*,#4753,.T.);
#3396=ORIENTED_EDGE('',*,*,#4983,.T.);
#3397=ORIENTED_EDGE('',*,*,#4755,.T.);
#3398=ORIENTED_EDGE('',*,*,#4984,.T.);
#3399=ORIENTED_EDGE('',*,*,#4830,.T.);
#3400=ORIENTED_EDGE('',*,*,#4985,.T.);
#3401=ORIENTED_EDGE('',*,*,#4745,.T.);
#3402=ORIENTED_EDGE('',*,*,#4986,.T.);
#3403=ORIENTED_EDGE('',*,*,#4822,.T.);
#3404=ORIENTED_EDGE('',*,*,#4987,.T.);
#3405=ORIENTED_EDGE('',*,*,#4820,.T.);
#3406=ORIENTED_EDGE('',*,*,#4988,.T.);
#3407=ORIENTED_EDGE('',*,*,#4747,.T.);
#3408=ORIENTED_EDGE('',*,*,#4989,.T.);
#3409=ORIENTED_EDGE('',*,*,#4824,.T.);
#3410=ORIENTED_EDGE('',*,*,#4990,.T.);
#3411=ORIENTED_EDGE('',*,*,#4749,.T.);
#3412=ORIENTED_EDGE('',*,*,#4991,.T.);
#3413=ORIENTED_EDGE('',*,*,#4817,.T.);
#3414=ORIENTED_EDGE('',*,*,#4992,.T.);
#3415=ORIENTED_EDGE('',*,*,#4739,.T.);
#3416=ORIENTED_EDGE('',*,*,#4993,.T.);
#3417=ORIENTED_EDGE('',*,*,#4737,.T.);
#3418=ORIENTED_EDGE('',*,*,#4994,.T.);
#3419=ORIENTED_EDGE('',*,*,#4995,.T.);
#3420=ORIENTED_EDGE('',*,*,#4741,.T.);
#3421=ORIENTED_EDGE('',*,*,#4996,.T.);
#3422=ORIENTED_EDGE('',*,*,#4815,.T.);
#3423=ORIENTED_EDGE('',*,*,#4997,.T.);
#3424=ORIENTED_EDGE('',*,*,#4998,.T.);
#3425=ORIENTED_EDGE('',*,*,#4735,.T.);
#3426=ORIENTED_EDGE('',*,*,#4819,.T.);
#3427=ORIENTED_EDGE('',*,*,#4999,.T.);
#3428=ORIENTED_EDGE('',*,*,#4743,.T.);
#3429=ORIENTED_EDGE('',*,*,#4773,.T.);
#3430=ORIENTED_EDGE('',*,*,#5000,.T.);
#3431=ORIENTED_EDGE('',*,*,#4847,.T.);
#3432=ORIENTED_EDGE('',*,*,#4926,.F.);
#3433=ORIENTED_EDGE('',*,*,#4923,.T.);
#3434=ORIENTED_EDGE('',*,*,#5001,.T.);
#3435=ORIENTED_EDGE('',*,*,#4853,.T.);
#3436=ORIENTED_EDGE('',*,*,#5002,.T.);
#3437=ORIENTED_EDGE('',*,*,#4937,.F.);
#3438=ORIENTED_EDGE('',*,*,#5003,.T.);
#3439=ORIENTED_EDGE('',*,*,#4790,.F.);
#3440=ORIENTED_EDGE('',*,*,#4921,.F.);
#3441=ORIENTED_EDGE('',*,*,#5001,.F.);
#3442=ORIENTED_EDGE('',*,*,#4868,.F.);
#3443=ORIENTED_EDGE('',*,*,#4960,.F.);
#3444=ORIENTED_EDGE('',*,*,#4758,.F.);
#3445=ORIENTED_EDGE('',*,*,#4956,.F.);
#3446=ORIENTED_EDGE('',*,*,#4879,.F.);
#3447=ORIENTED_EDGE('',*,*,#4958,.F.);
#3448=ORIENTED_EDGE('',*,*,#4760,.F.);
#3449=ORIENTED_EDGE('',*,*,#4961,.F.);
#3450=ORIENTED_EDGE('',*,*,#4866,.F.);
#3451=ORIENTED_EDGE('',*,*,#4870,.F.);
#3452=ORIENTED_EDGE('',*,*,#4957,.F.);
#3453=ORIENTED_EDGE('',*,*,#4762,.F.);
#3454=ORIENTED_EDGE('',*,*,#4959,.F.);
#3455=ORIENTED_EDGE('',*,*,#4816,.F.);
#3456=ORIENTED_EDGE('',*,*,#4996,.F.);
#3457=ORIENTED_EDGE('',*,*,#4740,.F.);
#3458=ORIENTED_EDGE('',*,*,#4992,.F.);
#3459=ORIENTED_EDGE('',*,*,#4818,.F.);
#3460=ORIENTED_EDGE('',*,*,#4993,.F.);
#3461=ORIENTED_EDGE('',*,*,#4744,.F.);
#3462=ORIENTED_EDGE('',*,*,#4999,.F.);
#3463=ORIENTED_EDGE('',*,*,#4995,.F.);
#3464=ORIENTED_EDGE('',*,*,#5004,.T.);
#3465=ORIENTED_EDGE('',*,*,#4997,.F.);
#3466=ORIENTED_EDGE('',*,*,#4742,.F.);
#3467=ORIENTED_EDGE('',*,*,#4831,.F.);
#3468=ORIENTED_EDGE('',*,*,#4984,.F.);
#3469=ORIENTED_EDGE('',*,*,#4754,.F.);
#3470=ORIENTED_EDGE('',*,*,#4982,.F.);
#3471=ORIENTED_EDGE('',*,*,#4829,.F.);
#3472=ORIENTED_EDGE('',*,*,#4980,.F.);
#3473=ORIENTED_EDGE('',*,*,#4756,.F.);
#3474=ORIENTED_EDGE('',*,*,#4985,.F.);
#3475=ORIENTED_EDGE('',*,*,#4827,.F.);
#3476=ORIENTED_EDGE('',*,*,#4983,.F.);
#3477=ORIENTED_EDGE('',*,*,#4752,.F.);
#3478=ORIENTED_EDGE('',*,*,#4981,.F.);
#3479=ORIENTED_EDGE('',*,*,#4837,.F.);
#3480=ORIENTED_EDGE('',*,*,#4966,.F.);
#3481=ORIENTED_EDGE('',*,*,#4784,.F.);
#3482=ORIENTED_EDGE('',*,*,#4964,.F.);
#3483=ORIENTED_EDGE('',*,*,#4833,.F.);
#3484=ORIENTED_EDGE('',*,*,#4965,.F.);
#3485=ORIENTED_EDGE('',*,*,#4782,.F.);
#3486=ORIENTED_EDGE('',*,*,#4962,.F.);
#3487=ORIENTED_EDGE('',*,*,#4835,.F.);
#3488=ORIENTED_EDGE('',*,*,#4963,.F.);
#3489=ORIENTED_EDGE('',*,*,#4786,.F.);
#3490=ORIENTED_EDGE('',*,*,#4967,.F.);
#3491=ORIENTED_EDGE('',*,*,#4823,.F.);
#3492=ORIENTED_EDGE('',*,*,#4986,.F.);
#3493=ORIENTED_EDGE('',*,*,#4750,.F.);
#3494=ORIENTED_EDGE('',*,*,#4990,.F.);
#3495=ORIENTED_EDGE('',*,*,#4825,.F.);
#3496=ORIENTED_EDGE('',*,*,#4991,.F.);
#3497=ORIENTED_EDGE('',*,*,#4748,.F.);
#3498=ORIENTED_EDGE('',*,*,#4988,.F.);
#3499=ORIENTED_EDGE('',*,*,#4821,.F.);
#3500=ORIENTED_EDGE('',*,*,#4989,.F.);
#3501=ORIENTED_EDGE('',*,*,#4746,.F.);
#3502=ORIENTED_EDGE('',*,*,#4987,.F.);
#3503=ORIENTED_EDGE('',*,*,#4841,.F.);
#3504=ORIENTED_EDGE('',*,*,#4968,.F.);
#3505=ORIENTED_EDGE('',*,*,#4780,.F.);
#3506=ORIENTED_EDGE('',*,*,#4972,.F.);
#3507=ORIENTED_EDGE('',*,*,#4839,.F.);
#3508=ORIENTED_EDGE('',*,*,#4970,.F.);
#3509=ORIENTED_EDGE('',*,*,#4776,.F.);
#3510=ORIENTED_EDGE('',*,*,#4969,.F.);
#3511=ORIENTED_EDGE('',*,*,#4843,.F.);
#3512=ORIENTED_EDGE('',*,*,#4973,.F.);
#3513=ORIENTED_EDGE('',*,*,#4778,.F.);
#3514=ORIENTED_EDGE('',*,*,#4971,.F.);
#3515=ORIENTED_EDGE('',*,*,#4861,.F.);
#3516=ORIENTED_EDGE('',*,*,#4978,.F.);
#3517=ORIENTED_EDGE('',*,*,#4766,.F.);
#3518=ORIENTED_EDGE('',*,*,#4974,.F.);
#3519=ORIENTED_EDGE('',*,*,#4859,.F.);
#3520=ORIENTED_EDGE('',*,*,#4914,.F.);
#3521=ORIENTED_EDGE('',*,*,#4768,.F.);
#3522=ORIENTED_EDGE('',*,*,#4979,.F.);
#3523=ORIENTED_EDGE('',*,*,#4857,.F.);
#3524=ORIENTED_EDGE('',*,*,#4975,.F.);
#3525=ORIENTED_EDGE('',*,*,#4764,.F.);
#3526=ORIENTED_EDGE('',*,*,#4915,.F.);
#3527=ORIENTED_EDGE('',*,*,#4848,.F.);
#3528=ORIENTED_EDGE('',*,*,#5000,.F.);
#3529=ORIENTED_EDGE('',*,*,#4772,.F.);
#3530=ORIENTED_EDGE('',*,*,#4918,.F.);
#3531=ORIENTED_EDGE('',*,*,#4852,.F.);
#3532=ORIENTED_EDGE('',*,*,#4916,.F.);
#3533=ORIENTED_EDGE('',*,*,#4774,.F.);
#3534=ORIENTED_EDGE('',*,*,#5002,.F.);
#3535=ORIENTED_EDGE('',*,*,#4850,.F.);
#3536=ORIENTED_EDGE('',*,*,#4919,.F.);
#3537=ORIENTED_EDGE('',*,*,#4770,.F.);
#3538=ORIENTED_EDGE('',*,*,#4917,.F.);
#3539=ORIENTED_EDGE('',*,*,#4855,.F.);
#3540=ORIENTED_EDGE('',*,*,#4920,.F.);
#3541=ORIENTED_EDGE('',*,*,#4788,.F.);
#3542=ORIENTED_EDGE('',*,*,#4976,.F.);
#3543=ORIENTED_EDGE('',*,*,#4909,.F.);
#3544=ORIENTED_EDGE('',*,*,#4977,.F.);
#3545=ORIENTED_EDGE('',*,*,#4791,.F.);
#3546=ORIENTED_EDGE('',*,*,#5003,.F.);
#3547=ORIENTED_EDGE('',*,*,#4944,.F.);
#3548=ORIENTED_EDGE('',*,*,#4950,.F.);
#3549=ORIENTED_EDGE('',*,*,#4938,.T.);
#3550=ORIENTED_EDGE('',*,*,#4898,.T.);
#3551=ORIENTED_EDGE('',*,*,#5005,.T.);
#3552=ORIENTED_EDGE('',*,*,#4806,.F.);
#3553=ORIENTED_EDGE('',*,*,#4901,.T.);
#3554=ORIENTED_EDGE('',*,*,#4932,.T.);
#3555=ORIENTED_EDGE('',*,*,#4804,.T.);
#3556=ORIENTED_EDGE('',*,*,#5006,.T.);
#3557=ORIENTED_EDGE('',*,*,#4929,.F.);
#3558=ORIENTED_EDGE('',*,*,#4899,.T.);
#3559=ORIENTED_EDGE('',*,*,#4942,.T.);
#3560=ORIENTED_EDGE('',*,*,#5007,.T.);
#3561=ORIENTED_EDGE('',*,*,#4934,.F.);
#3562=ORIENTED_EDGE('',*,*,#5008,.T.);
#3563=ORIENTED_EDGE('',*,*,#4945,.T.);
#3564=ORIENTED_EDGE('',*,*,#5009,.T.);
#3565=ORIENTED_EDGE('',*,*,#4940,.T.);
#3566=ORIENTED_EDGE('',*,*,#5010,.T.);
#3567=ORIENTED_EDGE('',*,*,#5011,.T.);
#3568=ORIENTED_EDGE('',*,*,#4800,.F.);
#3569=ORIENTED_EDGE('',*,*,#4927,.F.);
#3570=ORIENTED_EDGE('',*,*,#4902,.T.);
#3571=ORIENTED_EDGE('',*,*,#4802,.T.);
#3572=ORIENTED_EDGE('',*,*,#5012,.T.);
#3573=ORIENTED_EDGE('',*,*,#4947,.T.);
#3574=ORIENTED_EDGE('',*,*,#5013,.T.);
#3575=ORIENTED_EDGE('',*,*,#5005,.F.);
#3576=ORIENTED_EDGE('',*,*,#5014,.T.);
#3577=ORIENTED_EDGE('',*,*,#5015,.T.);
#3578=ORIENTED_EDGE('',*,*,#5016,.T.);
#3579=ORIENTED_EDGE('',*,*,#4810,.T.);
#3580=ORIENTED_EDGE('',*,*,#4807,.T.);
#3581=ORIENTED_EDGE('',*,*,#4794,.F.);
#3582=ORIENTED_EDGE('',*,*,#5017,.T.);
#3583=ORIENTED_EDGE('',*,*,#4844,.T.);
#3584=ORIENTED_EDGE('',*,*,#4877,.F.);
#3585=ORIENTED_EDGE('',*,*,#5018,.T.);
#3586=ORIENTED_EDGE('',*,*,#4885,.F.);
#3587=ORIENTED_EDGE('',*,*,#4887,.F.);
#3588=ORIENTED_EDGE('',*,*,#4889,.F.);
#3589=ORIENTED_EDGE('',*,*,#4894,.F.);
#3590=ORIENTED_EDGE('',*,*,#4875,.F.);
#3591=ORIENTED_EDGE('',*,*,#5019,.T.);
#3592=ORIENTED_EDGE('',*,*,#5020,.T.);
#3593=ORIENTED_EDGE('',*,*,#4880,.F.);
#3594=ORIENTED_EDGE('',*,*,#5021,.T.);
#3595=ORIENTED_EDGE('',*,*,#5022,.T.);
#3596=ORIENTED_EDGE('',*,*,#4890,.F.);
#3597=ORIENTED_EDGE('',*,*,#4796,.F.);
#3598=ORIENTED_EDGE('',*,*,#5023,.T.);
#3599=ORIENTED_EDGE('',*,*,#5007,.F.);
#3600=ORIENTED_EDGE('',*,*,#4941,.F.);
#3601=ORIENTED_EDGE('',*,*,#5009,.F.);
#3602=ORIENTED_EDGE('',*,*,#4948,.F.);
#3603=ORIENTED_EDGE('',*,*,#5012,.F.);
#3604=ORIENTED_EDGE('',*,*,#4801,.F.);
#3605=ORIENTED_EDGE('',*,*,#5011,.F.);
#3606=ORIENTED_EDGE('',*,*,#4906,.F.);
#3607=ORIENTED_EDGE('',*,*,#4935,.F.);
#3608=ORIENTED_EDGE('',*,*,#4930,.F.);
#3609=ORIENTED_EDGE('',*,*,#5006,.F.);
#3610=ORIENTED_EDGE('',*,*,#4803,.F.);
#3611=ORIENTED_EDGE('',*,*,#5013,.F.);
#3612=ORIENTED_EDGE('',*,*,#4946,.F.);
#3613=ORIENTED_EDGE('',*,*,#5010,.F.);
#3614=ORIENTED_EDGE('',*,*,#4939,.F.);
#3615=ORIENTED_EDGE('',*,*,#5008,.F.);
#3616=ORIENTED_EDGE('',*,*,#4933,.F.);
#3617=ORIENTED_EDGE('',*,*,#5024,.T.);
#3618=ORIENTED_EDGE('',*,*,#5025,.T.);
#3619=ORIENTED_EDGE('',*,*,#5015,.F.);
#3620=ORIENTED_EDGE('',*,*,#5026,.F.);
#3621=ORIENTED_EDGE('',*,*,#4896,.F.);
#3622=ORIENTED_EDGE('',*,*,#4925,.F.);
#3623=ORIENTED_EDGE('',*,*,#4812,.F.);
#3624=ORIENTED_EDGE('',*,*,#5027,.F.);
#3625=ORIENTED_EDGE('',*,*,#4897,.F.);
#3626=ORIENTED_EDGE('',*,*,#5026,.T.);
#3627=ORIENTED_EDGE('',*,*,#5028,.F.);
#3628=ORIENTED_EDGE('',*,*,#5024,.F.);
#3629=ORIENTED_EDGE('',*,*,#5014,.F.);
#3630=ORIENTED_EDGE('',*,*,#5016,.F.);
#3631=ORIENTED_EDGE('',*,*,#5025,.F.);
#3632=ORIENTED_EDGE('',*,*,#5028,.T.);
#3633=ORIENTED_EDGE('',*,*,#5027,.T.);
#3634=ORIENTED_EDGE('',*,*,#4811,.F.);
#3635=ORIENTED_EDGE('',*,*,#4845,.F.);
#3636=ORIENTED_EDGE('',*,*,#5017,.F.);
#3637=ORIENTED_EDGE('',*,*,#4793,.F.);
#3638=ORIENTED_EDGE('',*,*,#4809,.F.);
#3639=ORIENTED_EDGE('',*,*,#4876,.F.);
#3640=ORIENTED_EDGE('',*,*,#5023,.F.);
#3641=ORIENTED_EDGE('',*,*,#4795,.F.);
#3642=ORIENTED_EDGE('',*,*,#5018,.F.);
#3643=ORIENTED_EDGE('',*,*,#4881,.F.);
#3644=ORIENTED_EDGE('',*,*,#5020,.F.);
#3645=ORIENTED_EDGE('',*,*,#5029,.F.);
#3646=ORIENTED_EDGE('',*,*,#4952,.F.);
#3647=ORIENTED_EDGE('',*,*,#5019,.F.);
#3648=ORIENTED_EDGE('',*,*,#4874,.F.);
#3649=ORIENTED_EDGE('',*,*,#4953,.F.);
#3650=ORIENTED_EDGE('',*,*,#5029,.T.);
#3651=ORIENTED_EDGE('',*,*,#4891,.F.);
#3652=ORIENTED_EDGE('',*,*,#5022,.F.);
#3653=ORIENTED_EDGE('',*,*,#5030,.F.);
#3654=ORIENTED_EDGE('',*,*,#4954,.F.);
#3655=ORIENTED_EDGE('',*,*,#5021,.F.);
#3656=ORIENTED_EDGE('',*,*,#4883,.F.);
#3657=ORIENTED_EDGE('',*,*,#4955,.F.);
#3658=ORIENTED_EDGE('',*,*,#5030,.T.);
#3659=ORIENTED_EDGE('',*,*,#4951,.T.);
#3660=ORIENTED_EDGE('',*,*,#4998,.F.);
#3661=ORIENTED_EDGE('',*,*,#5004,.F.);
#3662=ORIENTED_EDGE('',*,*,#4994,.F.);
#3663=ORIENTED_EDGE('',*,*,#4736,.F.);
#3664=ORIENTED_EDGE('',*,*,#5031,.F.);
#3665=ORIENTED_EDGE('',*,*,#5032,.F.);
#3666=ORIENTED_EDGE('',*,*,#5033,.T.);
#3667=ORIENTED_EDGE('',*,*,#5034,.T.);
#3668=ORIENTED_EDGE('',*,*,#5035,.T.);
#3669=ORIENTED_EDGE('',*,*,#5036,.F.);
#3670=ORIENTED_EDGE('',*,*,#5037,.F.);
#3671=ORIENTED_EDGE('',*,*,#5032,.T.);
#3672=ORIENTED_EDGE('',*,*,#5038,.T.);
#3673=ORIENTED_EDGE('',*,*,#5039,.F.);
#3674=ORIENTED_EDGE('',*,*,#5040,.F.);
#3675=ORIENTED_EDGE('',*,*,#5036,.T.);
#3676=ORIENTED_EDGE('',*,*,#5041,.F.);
#3677=ORIENTED_EDGE('',*,*,#5034,.F.);
#3678=ORIENTED_EDGE('',*,*,#5042,.T.);
#3679=ORIENTED_EDGE('',*,*,#5039,.T.);
#3680=ORIENTED_EDGE('',*,*,#5033,.F.);
#3681=ORIENTED_EDGE('',*,*,#5037,.T.);
#3682=ORIENTED_EDGE('',*,*,#5040,.T.);
#3683=ORIENTED_EDGE('',*,*,#5042,.F.);
#3684=ORIENTED_EDGE('',*,*,#5031,.T.);
#3685=ORIENTED_EDGE('',*,*,#5041,.T.);
#3686=ORIENTED_EDGE('',*,*,#5038,.F.);
#3687=ORIENTED_EDGE('',*,*,#5035,.F.);
#3688=ORIENTED_EDGE('',*,*,#5043,.F.);
#3689=ORIENTED_EDGE('',*,*,#5044,.F.);
#3690=ORIENTED_EDGE('',*,*,#5044,.T.);
#3691=ORIENTED_EDGE('',*,*,#5045,.F.);
#3692=ORIENTED_EDGE('',*,*,#5046,.F.);
#3693=ORIENTED_EDGE('',*,*,#5045,.T.);
#3694=ORIENTED_EDGE('',*,*,#5047,.F.);
#3695=ORIENTED_EDGE('',*,*,#5048,.F.);
#3696=ORIENTED_EDGE('',*,*,#5048,.T.);
#3697=ORIENTED_EDGE('',*,*,#5049,.F.);
#3698=ORIENTED_EDGE('',*,*,#5050,.F.);
#3699=ORIENTED_EDGE('',*,*,#5049,.T.);
#3700=ORIENTED_EDGE('',*,*,#5051,.F.);
#3701=ORIENTED_EDGE('',*,*,#5052,.F.);
#3702=ORIENTED_EDGE('',*,*,#5052,.T.);
#3703=ORIENTED_EDGE('',*,*,#5053,.F.);
#3704=ORIENTED_EDGE('',*,*,#5054,.F.);
#3705=ORIENTED_EDGE('',*,*,#5053,.T.);
#3706=ORIENTED_EDGE('',*,*,#5055,.F.);
#3707=ORIENTED_EDGE('',*,*,#5056,.F.);
#3708=ORIENTED_EDGE('',*,*,#5057,.T.);
#3709=ORIENTED_EDGE('',*,*,#5058,.T.);
#3710=ORIENTED_EDGE('',*,*,#5059,.F.);
#3711=ORIENTED_EDGE('',*,*,#5060,.F.);
#3712=ORIENTED_EDGE('',*,*,#5061,.F.);
#3713=ORIENTED_EDGE('',*,*,#5062,.T.);
#3714=ORIENTED_EDGE('',*,*,#5063,.F.);
#3715=ORIENTED_EDGE('',*,*,#5064,.F.);
#3716=ORIENTED_EDGE('',*,*,#5065,.F.);
#3717=ORIENTED_EDGE('',*,*,#5066,.T.);
#3718=ORIENTED_EDGE('',*,*,#5067,.F.);
#3719=ORIENTED_EDGE('',*,*,#5068,.F.);
#3720=ORIENTED_EDGE('',*,*,#5069,.T.);
#3721=ORIENTED_EDGE('',*,*,#5070,.T.);
#3722=ORIENTED_EDGE('',*,*,#5071,.F.);
#3723=ORIENTED_EDGE('',*,*,#5072,.F.);
#3724=ORIENTED_EDGE('',*,*,#5073,.F.);
#3725=ORIENTED_EDGE('',*,*,#5074,.F.);
#3726=ORIENTED_EDGE('',*,*,#5075,.F.);
#3727=ORIENTED_EDGE('',*,*,#5076,.F.);
#3728=ORIENTED_EDGE('',*,*,#5077,.F.);
#3729=ORIENTED_EDGE('',*,*,#5078,.F.);
#3730=ORIENTED_EDGE('',*,*,#5079,.F.);
#3731=ORIENTED_EDGE('',*,*,#5080,.T.);
#3732=ORIENTED_EDGE('',*,*,#5081,.T.);
#3733=ORIENTED_EDGE('',*,*,#5082,.T.);
#3734=ORIENTED_EDGE('',*,*,#5083,.T.);
#3735=ORIENTED_EDGE('',*,*,#5084,.F.);
#3736=ORIENTED_EDGE('',*,*,#5085,.F.);
#3737=ORIENTED_EDGE('',*,*,#5086,.F.);
#3738=ORIENTED_EDGE('',*,*,#5087,.F.);
#3739=ORIENTED_EDGE('',*,*,#5088,.F.);
#3740=ORIENTED_EDGE('',*,*,#5055,.T.);
#3741=ORIENTED_EDGE('',*,*,#5089,.T.);
#3742=ORIENTED_EDGE('',*,*,#5090,.F.);
#3743=ORIENTED_EDGE('',*,*,#5091,.F.);
#3744=ORIENTED_EDGE('',*,*,#5056,.T.);
#3745=ORIENTED_EDGE('',*,*,#5088,.T.);
#3746=ORIENTED_EDGE('',*,*,#5092,.T.);
#3747=ORIENTED_EDGE('',*,*,#5093,.F.);
#3748=ORIENTED_EDGE('',*,*,#5057,.F.);
#3749=ORIENTED_EDGE('',*,*,#5091,.T.);
#3750=ORIENTED_EDGE('',*,*,#5094,.T.);
#3751=ORIENTED_EDGE('',*,*,#5095,.F.);
#3752=ORIENTED_EDGE('',*,*,#5058,.F.);
#3753=ORIENTED_EDGE('',*,*,#5093,.T.);
#3754=ORIENTED_EDGE('',*,*,#5096,.F.);
#3755=ORIENTED_EDGE('',*,*,#5097,.F.);
#3756=ORIENTED_EDGE('',*,*,#5059,.T.);
#3757=ORIENTED_EDGE('',*,*,#5095,.T.);
#3758=ORIENTED_EDGE('',*,*,#5098,.F.);
#3759=ORIENTED_EDGE('',*,*,#5099,.F.);
#3760=ORIENTED_EDGE('',*,*,#5060,.T.);
#3761=ORIENTED_EDGE('',*,*,#5097,.T.);
#3762=ORIENTED_EDGE('',*,*,#5100,.F.);
#3763=ORIENTED_EDGE('',*,*,#5101,.F.);
#3764=ORIENTED_EDGE('',*,*,#5061,.T.);
#3765=ORIENTED_EDGE('',*,*,#5099,.T.);
#3766=ORIENTED_EDGE('',*,*,#5102,.T.);
#3767=ORIENTED_EDGE('',*,*,#5103,.F.);
#3768=ORIENTED_EDGE('',*,*,#5062,.F.);
#3769=ORIENTED_EDGE('',*,*,#5101,.T.);
#3770=ORIENTED_EDGE('',*,*,#5104,.F.);
#3771=ORIENTED_EDGE('',*,*,#5105,.F.);
#3772=ORIENTED_EDGE('',*,*,#5063,.T.);
#3773=ORIENTED_EDGE('',*,*,#5103,.T.);
#3774=ORIENTED_EDGE('',*,*,#5106,.F.);
#3775=ORIENTED_EDGE('',*,*,#5107,.F.);
#3776=ORIENTED_EDGE('',*,*,#5064,.T.);
#3777=ORIENTED_EDGE('',*,*,#5105,.T.);
#3778=ORIENTED_EDGE('',*,*,#5108,.F.);
#3779=ORIENTED_EDGE('',*,*,#5109,.F.);
#3780=ORIENTED_EDGE('',*,*,#5065,.T.);
#3781=ORIENTED_EDGE('',*,*,#5107,.T.);
#3782=ORIENTED_EDGE('',*,*,#5110,.T.);
#3783=ORIENTED_EDGE('',*,*,#5111,.F.);
#3784=ORIENTED_EDGE('',*,*,#5066,.F.);
#3785=ORIENTED_EDGE('',*,*,#5109,.T.);
#3786=ORIENTED_EDGE('',*,*,#5112,.F.);
#3787=ORIENTED_EDGE('',*,*,#5113,.F.);
#3788=ORIENTED_EDGE('',*,*,#5067,.T.);
#3789=ORIENTED_EDGE('',*,*,#5111,.T.);
#3790=ORIENTED_EDGE('',*,*,#5114,.F.);
#3791=ORIENTED_EDGE('',*,*,#5115,.F.);
#3792=ORIENTED_EDGE('',*,*,#5068,.T.);
#3793=ORIENTED_EDGE('',*,*,#5113,.T.);
#3794=ORIENTED_EDGE('',*,*,#5116,.T.);
#3795=ORIENTED_EDGE('',*,*,#5117,.F.);
#3796=ORIENTED_EDGE('',*,*,#5069,.F.);
#3797=ORIENTED_EDGE('',*,*,#5115,.T.);
#3798=ORIENTED_EDGE('',*,*,#5077,.T.);
#3799=ORIENTED_EDGE('',*,*,#5118,.F.);
#3800=ORIENTED_EDGE('',*,*,#5076,.T.);
#3801=ORIENTED_EDGE('',*,*,#5119,.F.);
#3802=ORIENTED_EDGE('',*,*,#5075,.T.);
#3803=ORIENTED_EDGE('',*,*,#5120,.F.);
#3804=ORIENTED_EDGE('',*,*,#5074,.T.);
#3805=ORIENTED_EDGE('',*,*,#5121,.F.);
#3806=ORIENTED_EDGE('',*,*,#5073,.T.);
#3807=ORIENTED_EDGE('',*,*,#5122,.F.);
#3808=ORIENTED_EDGE('',*,*,#5072,.T.);
#3809=ORIENTED_EDGE('',*,*,#5123,.F.);
#3810=ORIENTED_EDGE('',*,*,#5071,.T.);
#3811=ORIENTED_EDGE('',*,*,#5124,.F.);
#3812=ORIENTED_EDGE('',*,*,#5125,.T.);
#3813=ORIENTED_EDGE('',*,*,#5089,.F.);
#3814=ORIENTED_EDGE('',*,*,#5070,.F.);
#3815=ORIENTED_EDGE('',*,*,#5117,.T.);
#3816=ORIENTED_EDGE('',*,*,#5078,.T.);
#3817=ORIENTED_EDGE('',*,*,#5126,.F.);
#3818=ORIENTED_EDGE('',*,*,#5046,.T.);
#3819=ORIENTED_EDGE('',*,*,#5050,.T.);
#3820=ORIENTED_EDGE('',*,*,#5054,.T.);
#3821=ORIENTED_EDGE('',*,*,#5127,.T.);
#3822=ORIENTED_EDGE('',*,*,#5087,.T.);
#3823=ORIENTED_EDGE('',*,*,#5125,.F.);
#3824=ORIENTED_EDGE('',*,*,#5116,.F.);
#3825=ORIENTED_EDGE('',*,*,#5114,.T.);
#3826=ORIENTED_EDGE('',*,*,#5112,.T.);
#3827=ORIENTED_EDGE('',*,*,#5110,.F.);
#3828=ORIENTED_EDGE('',*,*,#5108,.T.);
#3829=ORIENTED_EDGE('',*,*,#5106,.T.);
#3830=ORIENTED_EDGE('',*,*,#5104,.T.);
#3831=ORIENTED_EDGE('',*,*,#5102,.F.);
#3832=ORIENTED_EDGE('',*,*,#5100,.T.);
#3833=ORIENTED_EDGE('',*,*,#5098,.T.);
#3834=ORIENTED_EDGE('',*,*,#5096,.T.);
#3835=ORIENTED_EDGE('',*,*,#5094,.F.);
#3836=ORIENTED_EDGE('',*,*,#5092,.F.);
#3837=ORIENTED_EDGE('',*,*,#5090,.T.);
#3838=ORIENTED_EDGE('',*,*,#5124,.T.);
#3839=ORIENTED_EDGE('',*,*,#5123,.T.);
#3840=ORIENTED_EDGE('',*,*,#5122,.T.);
#3841=ORIENTED_EDGE('',*,*,#5121,.T.);
#3842=ORIENTED_EDGE('',*,*,#5120,.T.);
#3843=ORIENTED_EDGE('',*,*,#5119,.T.);
#3844=ORIENTED_EDGE('',*,*,#5118,.T.);
#3845=ORIENTED_EDGE('',*,*,#5126,.T.);
#3846=ORIENTED_EDGE('',*,*,#5080,.F.);
#3847=ORIENTED_EDGE('',*,*,#5128,.F.);
#3848=ORIENTED_EDGE('',*,*,#5129,.T.);
#3849=ORIENTED_EDGE('',*,*,#5130,.F.);
#3850=ORIENTED_EDGE('',*,*,#5131,.T.);
#3851=ORIENTED_EDGE('',*,*,#5132,.T.);
#3852=ORIENTED_EDGE('',*,*,#5133,.T.);
#3853=ORIENTED_EDGE('',*,*,#5134,.T.);
#3854=ORIENTED_EDGE('',*,*,#5079,.T.);
#3855=ORIENTED_EDGE('',*,*,#5135,.F.);
#3856=ORIENTED_EDGE('',*,*,#5136,.F.);
#3857=ORIENTED_EDGE('',*,*,#5128,.T.);
#3858=ORIENTED_EDGE('',*,*,#5086,.T.);
#3859=ORIENTED_EDGE('',*,*,#5137,.F.);
#3860=ORIENTED_EDGE('',*,*,#5138,.F.);
#3861=ORIENTED_EDGE('',*,*,#5139,.F.);
#3862=ORIENTED_EDGE('',*,*,#5140,.F.);
#3863=ORIENTED_EDGE('',*,*,#5141,.T.);
#3864=ORIENTED_EDGE('',*,*,#5142,.F.);
#3865=ORIENTED_EDGE('',*,*,#5135,.T.);
#3866=ORIENTED_EDGE('',*,*,#5085,.T.);
#3867=ORIENTED_EDGE('',*,*,#5143,.F.);
#3868=ORIENTED_EDGE('',*,*,#5144,.F.);
#3869=ORIENTED_EDGE('',*,*,#5137,.T.);
#3870=ORIENTED_EDGE('',*,*,#5084,.T.);
#3871=ORIENTED_EDGE('',*,*,#5145,.F.);
#3872=ORIENTED_EDGE('',*,*,#5146,.F.);
#3873=ORIENTED_EDGE('',*,*,#5147,.F.);
#3874=ORIENTED_EDGE('',*,*,#5148,.F.);
#3875=ORIENTED_EDGE('',*,*,#5149,.T.);
#3876=ORIENTED_EDGE('',*,*,#5150,.F.);
#3877=ORIENTED_EDGE('',*,*,#5143,.T.);
#3878=ORIENTED_EDGE('',*,*,#5083,.F.);
#3879=ORIENTED_EDGE('',*,*,#5151,.F.);
#3880=ORIENTED_EDGE('',*,*,#5152,.T.);
#3881=ORIENTED_EDGE('',*,*,#5145,.T.);
#3882=ORIENTED_EDGE('',*,*,#5082,.F.);
#3883=ORIENTED_EDGE('',*,*,#5153,.F.);
#3884=ORIENTED_EDGE('',*,*,#5154,.T.);
#3885=ORIENTED_EDGE('',*,*,#5155,.F.);
#3886=ORIENTED_EDGE('',*,*,#5156,.T.);
#3887=ORIENTED_EDGE('',*,*,#5157,.T.);
#3888=ORIENTED_EDGE('',*,*,#5158,.T.);
#3889=ORIENTED_EDGE('',*,*,#5151,.T.);
#3890=ORIENTED_EDGE('',*,*,#5081,.F.);
#3891=ORIENTED_EDGE('',*,*,#5134,.F.);
#3892=ORIENTED_EDGE('',*,*,#5159,.T.);
#3893=ORIENTED_EDGE('',*,*,#5153,.T.);
#3894=ORIENTED_EDGE('',*,*,#5043,.T.);
#3895=ORIENTED_EDGE('',*,*,#5047,.T.);
#3896=ORIENTED_EDGE('',*,*,#5051,.T.);
#3897=ORIENTED_EDGE('',*,*,#5160,.T.);
#3898=ORIENTED_EDGE('',*,*,#5161,.F.);
#3899=ORIENTED_EDGE('',*,*,#5138,.T.);
#3900=ORIENTED_EDGE('',*,*,#5144,.T.);
#3901=ORIENTED_EDGE('',*,*,#5150,.T.);
#3902=ORIENTED_EDGE('',*,*,#5162,.F.);
#3903=ORIENTED_EDGE('',*,*,#5163,.T.);
#3904=ORIENTED_EDGE('',*,*,#5164,.F.);
#3905=ORIENTED_EDGE('',*,*,#5165,.T.);
#3906=ORIENTED_EDGE('',*,*,#5166,.F.);
#3907=ORIENTED_EDGE('',*,*,#5167,.T.);
#3908=ORIENTED_EDGE('',*,*,#5168,.F.);
#3909=ORIENTED_EDGE('',*,*,#5146,.T.);
#3910=ORIENTED_EDGE('',*,*,#5152,.F.);
#3911=ORIENTED_EDGE('',*,*,#5158,.F.);
#3912=ORIENTED_EDGE('',*,*,#5169,.F.);
#3913=ORIENTED_EDGE('',*,*,#5170,.T.);
#3914=ORIENTED_EDGE('',*,*,#5171,.F.);
#3915=ORIENTED_EDGE('',*,*,#5172,.T.);
#3916=ORIENTED_EDGE('',*,*,#5173,.F.);
#3917=ORIENTED_EDGE('',*,*,#5174,.T.);
#3918=ORIENTED_EDGE('',*,*,#5175,.F.);
#3919=ORIENTED_EDGE('',*,*,#5154,.F.);
#3920=ORIENTED_EDGE('',*,*,#5159,.F.);
#3921=ORIENTED_EDGE('',*,*,#5133,.F.);
#3922=ORIENTED_EDGE('',*,*,#5176,.F.);
#3923=ORIENTED_EDGE('',*,*,#5177,.T.);
#3924=ORIENTED_EDGE('',*,*,#5178,.F.);
#3925=ORIENTED_EDGE('',*,*,#5179,.T.);
#3926=ORIENTED_EDGE('',*,*,#5180,.F.);
#3927=ORIENTED_EDGE('',*,*,#5181,.T.);
#3928=ORIENTED_EDGE('',*,*,#5182,.F.);
#3929=ORIENTED_EDGE('',*,*,#5129,.F.);
#3930=ORIENTED_EDGE('',*,*,#5136,.T.);
#3931=ORIENTED_EDGE('',*,*,#5142,.T.);
#3932=ORIENTED_EDGE('',*,*,#5183,.F.);
#3933=ORIENTED_EDGE('',*,*,#5184,.T.);
#3934=ORIENTED_EDGE('',*,*,#5185,.F.);
#3935=ORIENTED_EDGE('',*,*,#5186,.T.);
#3936=ORIENTED_EDGE('',*,*,#5187,.F.);
#3937=ORIENTED_EDGE('',*,*,#5188,.T.);
#3938=ORIENTED_EDGE('',*,*,#5182,.T.);
#3939=ORIENTED_EDGE('',*,*,#5189,.F.);
#3940=ORIENTED_EDGE('',*,*,#5190,.F.);
#3941=ORIENTED_EDGE('',*,*,#5130,.T.);
#3942=ORIENTED_EDGE('',*,*,#5181,.F.);
#3943=ORIENTED_EDGE('',*,*,#5191,.F.);
#3944=ORIENTED_EDGE('',*,*,#5192,.T.);
#3945=ORIENTED_EDGE('',*,*,#5189,.T.);
#3946=ORIENTED_EDGE('',*,*,#5180,.T.);
#3947=ORIENTED_EDGE('',*,*,#5193,.F.);
#3948=ORIENTED_EDGE('',*,*,#5194,.F.);
#3949=ORIENTED_EDGE('',*,*,#5191,.T.);
#3950=ORIENTED_EDGE('',*,*,#5179,.F.);
#3951=ORIENTED_EDGE('',*,*,#5195,.F.);
#3952=ORIENTED_EDGE('',*,*,#5196,.T.);
#3953=ORIENTED_EDGE('',*,*,#5193,.T.);
#3954=ORIENTED_EDGE('',*,*,#5178,.T.);
#3955=ORIENTED_EDGE('',*,*,#5197,.F.);
#3956=ORIENTED_EDGE('',*,*,#5198,.F.);
#3957=ORIENTED_EDGE('',*,*,#5195,.T.);
#3958=ORIENTED_EDGE('',*,*,#5177,.F.);
#3959=ORIENTED_EDGE('',*,*,#5199,.F.);
#3960=ORIENTED_EDGE('',*,*,#5200,.T.);
#3961=ORIENTED_EDGE('',*,*,#5197,.T.);
#3962=ORIENTED_EDGE('',*,*,#5176,.T.);
#3963=ORIENTED_EDGE('',*,*,#5132,.F.);
#3964=ORIENTED_EDGE('',*,*,#5201,.F.);
#3965=ORIENTED_EDGE('',*,*,#5199,.T.);
#3966=ORIENTED_EDGE('',*,*,#5131,.F.);
#3967=ORIENTED_EDGE('',*,*,#5190,.T.);
#3968=ORIENTED_EDGE('',*,*,#5192,.F.);
#3969=ORIENTED_EDGE('',*,*,#5194,.T.);
#3970=ORIENTED_EDGE('',*,*,#5196,.F.);
#3971=ORIENTED_EDGE('',*,*,#5198,.T.);
#3972=ORIENTED_EDGE('',*,*,#5200,.F.);
#3973=ORIENTED_EDGE('',*,*,#5201,.T.);
#3974=ORIENTED_EDGE('',*,*,#5175,.T.);
#3975=ORIENTED_EDGE('',*,*,#5202,.F.);
#3976=ORIENTED_EDGE('',*,*,#5203,.F.);
#3977=ORIENTED_EDGE('',*,*,#5155,.T.);
#3978=ORIENTED_EDGE('',*,*,#5174,.F.);
#3979=ORIENTED_EDGE('',*,*,#5204,.F.);
#3980=ORIENTED_EDGE('',*,*,#5205,.T.);
#3981=ORIENTED_EDGE('',*,*,#5202,.T.);
#3982=ORIENTED_EDGE('',*,*,#5173,.T.);
#3983=ORIENTED_EDGE('',*,*,#5206,.F.);
#3984=ORIENTED_EDGE('',*,*,#5207,.F.);
#3985=ORIENTED_EDGE('',*,*,#5204,.T.);
#3986=ORIENTED_EDGE('',*,*,#5172,.F.);
#3987=ORIENTED_EDGE('',*,*,#5208,.F.);
#3988=ORIENTED_EDGE('',*,*,#5209,.T.);
#3989=ORIENTED_EDGE('',*,*,#5206,.T.);
#3990=ORIENTED_EDGE('',*,*,#5171,.T.);
#3991=ORIENTED_EDGE('',*,*,#5210,.F.);
#3992=ORIENTED_EDGE('',*,*,#5211,.F.);
#3993=ORIENTED_EDGE('',*,*,#5208,.T.);
#3994=ORIENTED_EDGE('',*,*,#5170,.F.);
#3995=ORIENTED_EDGE('',*,*,#5212,.F.);
#3996=ORIENTED_EDGE('',*,*,#5213,.T.);
#3997=ORIENTED_EDGE('',*,*,#5210,.T.);
#3998=ORIENTED_EDGE('',*,*,#5169,.T.);
#3999=ORIENTED_EDGE('',*,*,#5157,.F.);
#4000=ORIENTED_EDGE('',*,*,#5214,.F.);
#4001=ORIENTED_EDGE('',*,*,#5212,.T.);
#4002=ORIENTED_EDGE('',*,*,#5156,.F.);
#4003=ORIENTED_EDGE('',*,*,#5203,.T.);
#4004=ORIENTED_EDGE('',*,*,#5205,.F.);
#4005=ORIENTED_EDGE('',*,*,#5207,.T.);
#4006=ORIENTED_EDGE('',*,*,#5209,.F.);
#4007=ORIENTED_EDGE('',*,*,#5211,.T.);
#4008=ORIENTED_EDGE('',*,*,#5213,.F.);
#4009=ORIENTED_EDGE('',*,*,#5214,.T.);
#4010=ORIENTED_EDGE('',*,*,#5168,.T.);
#4011=ORIENTED_EDGE('',*,*,#5215,.F.);
#4012=ORIENTED_EDGE('',*,*,#5216,.F.);
#4013=ORIENTED_EDGE('',*,*,#5147,.T.);
#4014=ORIENTED_EDGE('',*,*,#5167,.F.);
#4015=ORIENTED_EDGE('',*,*,#5217,.F.);
#4016=ORIENTED_EDGE('',*,*,#5218,.T.);
#4017=ORIENTED_EDGE('',*,*,#5215,.T.);
#4018=ORIENTED_EDGE('',*,*,#5166,.T.);
#4019=ORIENTED_EDGE('',*,*,#5219,.F.);
#4020=ORIENTED_EDGE('',*,*,#5220,.F.);
#4021=ORIENTED_EDGE('',*,*,#5217,.T.);
#4022=ORIENTED_EDGE('',*,*,#5165,.F.);
#4023=ORIENTED_EDGE('',*,*,#5221,.F.);
#4024=ORIENTED_EDGE('',*,*,#5222,.T.);
#4025=ORIENTED_EDGE('',*,*,#5219,.T.);
#4026=ORIENTED_EDGE('',*,*,#5164,.T.);
#4027=ORIENTED_EDGE('',*,*,#5223,.F.);
#4028=ORIENTED_EDGE('',*,*,#5224,.F.);
#4029=ORIENTED_EDGE('',*,*,#5221,.T.);
#4030=ORIENTED_EDGE('',*,*,#5163,.F.);
#4031=ORIENTED_EDGE('',*,*,#5225,.F.);
#4032=ORIENTED_EDGE('',*,*,#5226,.T.);
#4033=ORIENTED_EDGE('',*,*,#5223,.T.);
#4034=ORIENTED_EDGE('',*,*,#5162,.T.);
#4035=ORIENTED_EDGE('',*,*,#5149,.F.);
#4036=ORIENTED_EDGE('',*,*,#5227,.F.);
#4037=ORIENTED_EDGE('',*,*,#5225,.T.);
#4038=ORIENTED_EDGE('',*,*,#5148,.T.);
#4039=ORIENTED_EDGE('',*,*,#5216,.T.);
#4040=ORIENTED_EDGE('',*,*,#5218,.F.);
#4041=ORIENTED_EDGE('',*,*,#5220,.T.);
#4042=ORIENTED_EDGE('',*,*,#5222,.F.);
#4043=ORIENTED_EDGE('',*,*,#5224,.T.);
#4044=ORIENTED_EDGE('',*,*,#5226,.F.);
#4045=ORIENTED_EDGE('',*,*,#5227,.T.);
#4046=ORIENTED_EDGE('',*,*,#5161,.T.);
#4047=ORIENTED_EDGE('',*,*,#5228,.F.);
#4048=ORIENTED_EDGE('',*,*,#5229,.F.);
#4049=ORIENTED_EDGE('',*,*,#5139,.T.);
#4050=ORIENTED_EDGE('',*,*,#5188,.F.);
#4051=ORIENTED_EDGE('',*,*,#5230,.F.);
#4052=ORIENTED_EDGE('',*,*,#5231,.T.);
#4053=ORIENTED_EDGE('',*,*,#5228,.T.);
#4054=ORIENTED_EDGE('',*,*,#5187,.T.);
#4055=ORIENTED_EDGE('',*,*,#5232,.F.);
#4056=ORIENTED_EDGE('',*,*,#5233,.F.);
#4057=ORIENTED_EDGE('',*,*,#5230,.T.);
#4058=ORIENTED_EDGE('',*,*,#5186,.F.);
#4059=ORIENTED_EDGE('',*,*,#5234,.F.);
#4060=ORIENTED_EDGE('',*,*,#5235,.T.);
#4061=ORIENTED_EDGE('',*,*,#5232,.T.);
#4062=ORIENTED_EDGE('',*,*,#5185,.T.);
#4063=ORIENTED_EDGE('',*,*,#5236,.F.);
#4064=ORIENTED_EDGE('',*,*,#5237,.F.);
#4065=ORIENTED_EDGE('',*,*,#5234,.T.);
#4066=ORIENTED_EDGE('',*,*,#5184,.F.);
#4067=ORIENTED_EDGE('',*,*,#5238,.F.);
#4068=ORIENTED_EDGE('',*,*,#5239,.T.);
#4069=ORIENTED_EDGE('',*,*,#5236,.T.);
#4070=ORIENTED_EDGE('',*,*,#5183,.T.);
#4071=ORIENTED_EDGE('',*,*,#5141,.F.);
#4072=ORIENTED_EDGE('',*,*,#5240,.F.);
#4073=ORIENTED_EDGE('',*,*,#5238,.T.);
#4074=ORIENTED_EDGE('',*,*,#5140,.T.);
#4075=ORIENTED_EDGE('',*,*,#5229,.T.);
#4076=ORIENTED_EDGE('',*,*,#5231,.F.);
#4077=ORIENTED_EDGE('',*,*,#5233,.T.);
#4078=ORIENTED_EDGE('',*,*,#5235,.F.);
#4079=ORIENTED_EDGE('',*,*,#5237,.T.);
#4080=ORIENTED_EDGE('',*,*,#5239,.F.);
#4081=ORIENTED_EDGE('',*,*,#5240,.T.);
#4082=ORIENTED_EDGE('',*,*,#5127,.F.);
#4083=ORIENTED_EDGE('',*,*,#5241,.T.);
#4084=ORIENTED_EDGE('',*,*,#5242,.T.);
#4085=ORIENTED_EDGE('',*,*,#5241,.F.);
#4086=ORIENTED_EDGE('',*,*,#5160,.F.);
#4087=ORIENTED_EDGE('',*,*,#5242,.F.);
#4088=EDGE_CURVE('',#5243,#5243,#6056,.F.);
#4089=EDGE_CURVE('',#5244,#5244,#6057,.F.);
#4090=EDGE_CURVE('',#5245,#5245,#6058,.F.);
#4091=EDGE_CURVE('',#5246,#5246,#6059,.F.);
#4092=EDGE_CURVE('',#5247,#5247,#6060,.T.);
#4093=EDGE_CURVE('',#5248,#5248,#6061,.T.);
#4094=EDGE_CURVE('',#5249,#5249,#6062,.T.);
#4095=EDGE_CURVE('',#5250,#5250,#6063,.T.);
#4096=EDGE_CURVE('',#5251,#5251,#6064,.T.);
#4097=EDGE_CURVE('',#5252,#5252,#6065,.T.);
#4098=EDGE_CURVE('',#5253,#5253,#6066,.T.);
#4099=EDGE_CURVE('',#5254,#5254,#6067,.T.);
#4100=EDGE_CURVE('',#5255,#5255,#6068,.T.);
#4101=EDGE_CURVE('',#5256,#5256,#6069,.T.);
#4102=EDGE_CURVE('',#5257,#5257,#6070,.T.);
#4103=EDGE_CURVE('',#5258,#5258,#6071,.T.);
#4104=EDGE_CURVE('',#5259,#5259,#6072,.T.);
#4105=EDGE_CURVE('',#5260,#5260,#6073,.T.);
#4106=EDGE_CURVE('',#5261,#5261,#6074,.T.);
#4107=EDGE_CURVE('',#5262,#5262,#6075,.T.);
#4108=EDGE_CURVE('',#5263,#5264,#117,.T.);
#4109=EDGE_CURVE('',#5265,#5264,#118,.T.);
#4110=EDGE_CURVE('',#5266,#5265,#119,.T.);
#4111=EDGE_CURVE('',#5266,#5263,#120,.T.);
#4112=EDGE_CURVE('',#5264,#5267,#6076,.T.);
#4113=EDGE_CURVE('',#5268,#5267,#121,.T.);
#4114=EDGE_CURVE('',#5265,#5268,#6077,.T.);
#4115=EDGE_CURVE('',#5267,#5269,#122,.T.);
#4116=EDGE_CURVE('',#5270,#5269,#123,.T.);
#4117=EDGE_CURVE('',#5268,#5270,#124,.T.);
#4118=EDGE_CURVE('',#5269,#5271,#6078,.T.);
#4119=EDGE_CURVE('',#5272,#5271,#125,.T.);
#4120=EDGE_CURVE('',#5270,#5272,#6079,.T.);
#4121=EDGE_CURVE('',#5273,#5271,#126,.T.);
#4122=EDGE_CURVE('',#5274,#5273,#127,.T.);
#4123=EDGE_CURVE('',#5274,#5272,#128,.T.);
#4124=EDGE_CURVE('',#5273,#5275,#6080,.T.);
#4125=EDGE_CURVE('',#5276,#5275,#129,.T.);
#4126=EDGE_CURVE('',#5274,#5276,#6081,.T.);
#4127=EDGE_CURVE('',#5277,#5275,#130,.T.);
#4128=EDGE_CURVE('',#5278,#5277,#131,.T.);
#4129=EDGE_CURVE('',#5278,#5279,#132,.T.);
#4130=EDGE_CURVE('',#5279,#5280,#133,.T.);
#4131=EDGE_CURVE('',#5280,#5281,#6082,.T.);
#4132=EDGE_CURVE('',#5281,#5282,#134,.T.);
#4133=EDGE_CURVE('',#5283,#5282,#6083,.T.);
#4134=EDGE_CURVE('',#5283,#5284,#135,.T.);
#4135=EDGE_CURVE('',#5284,#5285,#6084,.T.);
#4136=EDGE_CURVE('',#5286,#5285,#136,.T.);
#4137=EDGE_CURVE('',#5286,#5287,#6085,.T.);
#4138=EDGE_CURVE('',#5288,#5287,#137,.T.);
#4139=EDGE_CURVE('',#5289,#5288,#6086,.T.);
#4140=EDGE_CURVE('',#5290,#5289,#138,.T.);
#4141=EDGE_CURVE('',#5290,#5291,#6087,.T.);
#4142=EDGE_CURVE('',#5292,#5291,#139,.T.);
#4143=EDGE_CURVE('',#5292,#5276,#140,.T.);
#4144=EDGE_CURVE('',#5293,#5294,#141,.T.);
#4145=EDGE_CURVE('',#5295,#5293,#6088,.T.);
#4146=EDGE_CURVE('',#5296,#5295,#142,.T.);
#4147=EDGE_CURVE('',#5297,#5296,#143,.T.);
#4148=EDGE_CURVE('',#5297,#5298,#144,.T.);
#4149=EDGE_CURVE('',#5299,#5298,#6089,.T.);
#4150=EDGE_CURVE('',#5299,#5300,#145,.T.);
#4151=EDGE_CURVE('',#5300,#5301,#6090,.T.);
#4152=EDGE_CURVE('',#5301,#5302,#146,.T.);
#4153=EDGE_CURVE('',#5303,#5302,#6091,.T.);
#4154=EDGE_CURVE('',#5303,#5304,#147,.T.);
#4155=EDGE_CURVE('',#5305,#5304,#6092,.T.);
#4156=EDGE_CURVE('',#5306,#5305,#148,.T.);
#4157=EDGE_CURVE('',#5306,#5294,#6093,.T.);
#4158=EDGE_CURVE('',#5307,#5307,#6094,.T.);
#4159=EDGE_CURVE('',#5308,#5308,#6095,.T.);
#4160=EDGE_CURVE('',#5309,#5309,#6096,.T.);
#4161=EDGE_CURVE('',#5310,#5310,#6097,.T.);
#4162=EDGE_CURVE('',#5311,#5311,#6098,.T.);
#4163=EDGE_CURVE('',#5312,#5312,#6099,.T.);
#4164=EDGE_CURVE('',#5313,#5313,#6100,.T.);
#4165=EDGE_CURVE('',#5314,#5314,#6101,.T.);
#4166=EDGE_CURVE('',#5277,#5263,#6102,.T.);
#4167=EDGE_CURVE('',#5278,#5266,#6103,.T.);
#4168=EDGE_CURVE('',#5315,#5292,#149,.T.);
#4169=EDGE_CURVE('',#5316,#5315,#150,.T.);
#4170=EDGE_CURVE('',#5316,#5279,#151,.T.);
#4171=EDGE_CURVE('',#5317,#5294,#152,.T.);
#4172=EDGE_CURVE('',#5318,#5317,#153,.T.);
#4173=EDGE_CURVE('',#5318,#5293,#154,.T.);
#4174=EDGE_CURVE('',#5319,#5318,#6104,.T.);
#4175=EDGE_CURVE('',#5319,#5295,#155,.T.);
#4176=EDGE_CURVE('',#5320,#5319,#156,.T.);
#4177=EDGE_CURVE('',#5320,#5296,#157,.T.);
#4178=EDGE_CURVE('',#5321,#5320,#158,.T.);
#4179=EDGE_CURVE('',#5321,#5297,#159,.T.);
#4180=EDGE_CURVE('',#5321,#5322,#160,.T.);
#4181=EDGE_CURVE('',#5322,#5298,#161,.T.);
#4182=EDGE_CURVE('',#5323,#5322,#6105,.T.);
#4183=EDGE_CURVE('',#5323,#5299,#162,.T.);
#4184=EDGE_CURVE('',#5323,#5324,#163,.T.);
#4185=EDGE_CURVE('',#5324,#5300,#164,.T.);
#4186=EDGE_CURVE('',#5324,#5325,#6106,.T.);
#4187=EDGE_CURVE('',#5325,#5301,#165,.T.);
#4188=EDGE_CURVE('',#5325,#5326,#166,.T.);
#4189=EDGE_CURVE('',#5326,#5302,#167,.T.);
#4190=EDGE_CURVE('',#5327,#5326,#6107,.T.);
#4191=EDGE_CURVE('',#5327,#5303,#168,.T.);
#4192=EDGE_CURVE('',#5327,#5328,#169,.T.);
#4193=EDGE_CURVE('',#5328,#5304,#170,.T.);
#4194=EDGE_CURVE('',#5329,#5328,#6108,.T.);
#4195=EDGE_CURVE('',#5329,#5305,#171,.T.);
#4196=EDGE_CURVE('',#5330,#5329,#172,.T.);
#4197=EDGE_CURVE('',#5330,#5306,#173,.T.);
#4198=EDGE_CURVE('',#5331,#5291,#174,.T.);
#4199=EDGE_CURVE('',#5315,#5331,#175,.T.);
#4200=EDGE_CURVE('',#5316,#5332,#176,.T.);
#4201=EDGE_CURVE('',#5332,#5280,#177,.T.);
#4202=EDGE_CURVE('',#5332,#5333,#6109,.T.);
#4203=EDGE_CURVE('',#5333,#5281,#178,.T.);
#4204=EDGE_CURVE('',#5333,#5334,#179,.T.);
#4205=EDGE_CURVE('',#5334,#5282,#180,.T.);
#4206=EDGE_CURVE('',#5335,#5334,#6110,.T.);
#4207=EDGE_CURVE('',#5335,#5283,#181,.T.);
#4208=EDGE_CURVE('',#5335,#5336,#182,.T.);
#4209=EDGE_CURVE('',#5336,#5284,#183,.T.);
#4210=EDGE_CURVE('',#5336,#5337,#6111,.T.);
#4211=EDGE_CURVE('',#5337,#5285,#184,.T.);
#4212=EDGE_CURVE('',#5338,#5337,#185,.T.);
#4213=EDGE_CURVE('',#5338,#5286,#186,.T.);
#4214=EDGE_CURVE('',#5338,#5339,#6112,.T.);
#4215=EDGE_CURVE('',#5339,#5287,#187,.T.);
#4216=EDGE_CURVE('',#5340,#5339,#188,.T.);
#4217=EDGE_CURVE('',#5340,#5288,#189,.T.);
#4218=EDGE_CURVE('',#5341,#5340,#6113,.T.);
#4219=EDGE_CURVE('',#5341,#5289,#190,.T.);
#4220=EDGE_CURVE('',#5342,#5341,#191,.T.);
#4221=EDGE_CURVE('',#5342,#5290,#192,.T.);
#4222=EDGE_CURVE('',#5342,#5331,#6114,.T.);
#4223=EDGE_CURVE('',#5330,#5317,#6115,.T.);
#4224=EDGE_CURVE('',#5343,#5343,#6116,.T.);
#4225=EDGE_CURVE('',#5344,#5344,#6117,.T.);
#4226=EDGE_CURVE('',#5345,#5345,#6118,.T.);
#4227=EDGE_CURVE('',#5346,#5346,#6119,.T.);
#4228=EDGE_CURVE('',#5347,#5347,#6120,.T.);
#4229=EDGE_CURVE('',#5348,#5348,#6121,.T.);
#4230=EDGE_CURVE('',#5349,#5350,#42,.T.);
#4231=EDGE_CURVE('',#5349,#5351,#43,.T.);
#4232=EDGE_CURVE('',#5352,#5351,#6122,.T.);
#4233=EDGE_CURVE('',#5352,#5353,#44,.T.);
#4234=EDGE_CURVE('',#5354,#5353,#45,.T.);
#4235=EDGE_CURVE('',#5354,#5350,#6123,.T.);
#4236=EDGE_CURVE('',#5355,#5356,#46,.T.);
#4237=EDGE_CURVE('',#5355,#5357,#6124,.T.);
#4238=EDGE_CURVE('',#5358,#5357,#47,.T.);
#4239=EDGE_CURVE('',#5358,#5359,#48,.T.);
#4240=EDGE_CURVE('',#5360,#5359,#6125,.T.);
#4241=EDGE_CURVE('',#5360,#5356,#49,.T.);
#4242=EDGE_CURVE('',#5361,#5362,#6126,.T.);
#4243=EDGE_CURVE('',#5361,#5363,#50,.T.);
#4244=EDGE_CURVE('',#5364,#5363,#51,.T.);
#4245=EDGE_CURVE('',#5364,#5365,#6127,.T.);
#4246=EDGE_CURVE('',#5366,#5365,#52,.T.);
#4247=EDGE_CURVE('',#5366,#5362,#53,.T.);
#4248=EDGE_CURVE('',#5367,#5368,#6128,.T.);
#4249=EDGE_CURVE('',#5367,#5369,#54,.T.);
#4250=EDGE_CURVE('',#5370,#5369,#55,.T.);
#4251=EDGE_CURVE('',#5370,#5371,#6129,.T.);
#4252=EDGE_CURVE('',#5372,#5371,#56,.T.);
#4253=EDGE_CURVE('',#5372,#5368,#57,.T.);
#4254=EDGE_CURVE('',#5373,#5374,#6130,.T.);
#4255=EDGE_CURVE('',#5373,#5375,#58,.T.);
#4256=EDGE_CURVE('',#5376,#5375,#59,.T.);
#4257=EDGE_CURVE('',#5376,#5377,#6131,.T.);
#4258=EDGE_CURVE('',#5378,#5377,#60,.T.);
#4259=EDGE_CURVE('',#5378,#5374,#61,.T.);
#4260=EDGE_CURVE('',#5379,#5380,#6132,.T.);
#4261=EDGE_CURVE('',#5379,#5381,#62,.T.);
#4262=EDGE_CURVE('',#5382,#5381,#63,.T.);
#4263=EDGE_CURVE('',#5382,#5383,#6133,.T.);
#4264=EDGE_CURVE('',#5384,#5383,#64,.T.);
#4265=EDGE_CURVE('',#5384,#5380,#65,.T.);
#4266=EDGE_CURVE('',#5385,#5385,#6134,.T.);
#4267=EDGE_CURVE('',#5386,#5386,#6135,.T.);
#4268=EDGE_CURVE('',#5387,#5387,#6136,.T.);
#4269=EDGE_CURVE('',#5388,#5388,#6137,.T.);
#4270=EDGE_CURVE('',#5389,#5389,#6138,.T.);
#4271=EDGE_CURVE('',#5361,#5351,#6139,.T.);
#4272=EDGE_CURVE('',#5360,#5362,#6140,.T.);
#4273=EDGE_CURVE('',#5367,#5359,#6141,.T.);
#4274=EDGE_CURVE('',#5373,#5368,#6142,.T.);
#4275=EDGE_CURVE('',#5379,#5374,#6143,.T.);
#4276=EDGE_CURVE('',#5352,#5380,#6144,.T.);
#4277=EDGE_CURVE('',#5390,#5390,#6145,.T.);
#4278=EDGE_CURVE('',#5391,#5391,#6146,.T.);
#4279=EDGE_CURVE('',#5371,#5376,#6147,.T.);
#4280=EDGE_CURVE('',#5357,#5370,#6148,.T.);
#4281=EDGE_CURVE('',#5365,#5355,#6149,.T.);
#4282=EDGE_CURVE('',#5350,#5364,#6150,.T.);
#4283=EDGE_CURVE('',#5383,#5354,#6151,.T.);
#4284=EDGE_CURVE('',#5377,#5382,#6152,.T.);
#4285=EDGE_CURVE('',#5392,#5392,#6153,.T.);
#4286=EDGE_CURVE('',#5393,#5393,#6154,.T.);
#4287=EDGE_CURVE('',#5394,#5394,#6155,.T.);
#4288=EDGE_CURVE('',#5395,#5395,#6156,.T.);
#4289=EDGE_CURVE('',#5396,#5396,#6157,.T.);
#4290=EDGE_CURVE('',#5397,#5397,#6158,.T.);
#4291=EDGE_CURVE('',#5398,#5398,#6159,.T.);
#4292=EDGE_CURVE('',#5399,#5399,#6160,.T.);
#4293=EDGE_CURVE('',#5400,#5400,#6161,.T.);
#4294=EDGE_CURVE('',#5401,#5401,#6162,.T.);
#4295=EDGE_CURVE('',#5402,#5402,#6163,.T.);
#4296=EDGE_CURVE('',#5403,#5403,#6164,.T.);
#4297=EDGE_CURVE('',#5404,#5404,#6165,.T.);
#4298=EDGE_CURVE('',#5405,#5405,#6166,.T.);
#4299=EDGE_CURVE('',#5406,#5406,#6167,.T.);
#4300=EDGE_CURVE('',#5407,#5353,#193,.T.);
#4301=EDGE_CURVE('',#5407,#5408,#66,.T.);
#4302=EDGE_CURVE('',#5408,#5354,#194,.T.);
#4303=EDGE_CURVE('',#5409,#5384,#195,.T.);
#4304=EDGE_CURVE('',#5410,#5409,#67,.T.);
#4305=EDGE_CURVE('',#5411,#5410,#6168,.T.);
#4306=EDGE_CURVE('',#5407,#5411,#68,.T.);
#4307=EDGE_CURVE('',#5383,#5412,#196,.T.);
#4308=EDGE_CURVE('',#5412,#5409,#69,.T.);
#4309=EDGE_CURVE('',#5408,#5412,#6169,.F.);
#4310=EDGE_CURVE('',#5413,#5378,#197,.T.);
#4311=EDGE_CURVE('',#5414,#5413,#70,.T.);
#4312=EDGE_CURVE('',#5415,#5414,#6170,.T.);
#4313=EDGE_CURVE('',#5416,#5415,#71,.T.);
#4314=EDGE_CURVE('',#5416,#5381,#198,.T.);
#4315=EDGE_CURVE('',#5377,#5417,#199,.T.);
#4316=EDGE_CURVE('',#5417,#5413,#72,.T.);
#4317=EDGE_CURVE('',#5416,#5418,#73,.T.);
#4318=EDGE_CURVE('',#5418,#5382,#200,.T.);
#4319=EDGE_CURVE('',#5418,#5417,#6171,.F.);
#4320=EDGE_CURVE('',#5419,#5372,#201,.T.);
#4321=EDGE_CURVE('',#5420,#5419,#74,.T.);
#4322=EDGE_CURVE('',#5421,#5420,#6172,.T.);
#4323=EDGE_CURVE('',#5422,#5421,#75,.T.);
#4324=EDGE_CURVE('',#5422,#5375,#202,.T.);
#4325=EDGE_CURVE('',#5371,#5423,#203,.T.);
#4326=EDGE_CURVE('',#5423,#5419,#76,.T.);
#4327=EDGE_CURVE('',#5422,#5424,#77,.T.);
#4328=EDGE_CURVE('',#5424,#5376,#204,.T.);
#4329=EDGE_CURVE('',#5424,#5423,#6173,.F.);
#4330=EDGE_CURVE('',#5425,#5358,#205,.T.);
#4331=EDGE_CURVE('',#5426,#5425,#78,.T.);
#4332=EDGE_CURVE('',#5427,#5426,#6174,.T.);
#4333=EDGE_CURVE('',#5428,#5427,#79,.T.);
#4334=EDGE_CURVE('',#5428,#5369,#206,.T.);
#4335=EDGE_CURVE('',#5357,#5429,#207,.T.);
#4336=EDGE_CURVE('',#5429,#5425,#80,.T.);
#4337=EDGE_CURVE('',#5428,#5430,#81,.T.);
#4338=EDGE_CURVE('',#5430,#5370,#208,.T.);
#4339=EDGE_CURVE('',#5430,#5429,#6175,.F.);
#4340=EDGE_CURVE('',#5431,#5356,#209,.T.);
#4341=EDGE_CURVE('',#5431,#5432,#82,.T.);
#4342=EDGE_CURVE('',#5432,#5355,#210,.T.);
#4343=EDGE_CURVE('',#5433,#5366,#211,.T.);
#4344=EDGE_CURVE('',#5434,#5433,#83,.T.);
#4345=EDGE_CURVE('',#5435,#5434,#6176,.T.);
#4346=EDGE_CURVE('',#5431,#5435,#84,.T.);
#4347=EDGE_CURVE('',#5365,#5436,#212,.T.);
#4348=EDGE_CURVE('',#5436,#5433,#85,.T.);
#4349=EDGE_CURVE('',#5432,#5436,#6177,.F.);
#4350=EDGE_CURVE('',#5437,#5349,#213,.T.);
#4351=EDGE_CURVE('',#5438,#5437,#86,.T.);
#4352=EDGE_CURVE('',#5439,#5438,#6178,.T.);
#4353=EDGE_CURVE('',#5440,#5439,#87,.T.);
#4354=EDGE_CURVE('',#5440,#5363,#214,.T.);
#4355=EDGE_CURVE('',#5350,#5441,#215,.T.);
#4356=EDGE_CURVE('',#5441,#5437,#88,.T.);
#4357=EDGE_CURVE('',#5440,#5442,#89,.T.);
#4358=EDGE_CURVE('',#5442,#5364,#216,.T.);
#4359=EDGE_CURVE('',#5442,#5441,#6179,.F.);
#4360=EDGE_CURVE('',#5443,#5443,#6180,.T.);
#4361=EDGE_CURVE('',#5444,#5444,#6181,.T.);
#4362=EDGE_CURVE('',#5445,#5445,#6182,.T.);
#4363=EDGE_CURVE('',#5446,#5446,#6183,.T.);
#4364=EDGE_CURVE('',#5447,#5447,#6184,.T.);
#4365=EDGE_CURVE('',#5448,#5448,#6185,.T.);
#4366=EDGE_CURVE('',#5439,#5434,#6186,.T.);
#4367=EDGE_CURVE('',#5411,#5438,#6187,.T.);
#4368=EDGE_CURVE('',#5415,#5410,#6188,.T.);
#4369=EDGE_CURVE('',#5421,#5414,#6189,.T.);
#4370=EDGE_CURVE('',#5427,#5420,#6190,.T.);
#4371=EDGE_CURVE('',#5435,#5426,#6191,.T.);
#4372=EDGE_CURVE('',#5449,#5449,#6192,.T.);
#4373=EDGE_CURVE('',#5450,#5450,#6193,.T.);
#4374=EDGE_CURVE('',#5451,#5451,#6194,.T.);
#4375=EDGE_CURVE('',#5452,#5452,#6195,.T.);
#4376=EDGE_CURVE('',#5453,#5453,#6196,.T.);
#4377=EDGE_CURVE('',#5454,#5454,#6197,.T.);
#4378=EDGE_CURVE('',#5455,#5455,#6198,.T.);
#4379=EDGE_CURVE('',#5456,#5456,#6199,.T.);
#4380=EDGE_CURVE('',#5457,#5457,#6200,.T.);
#4381=EDGE_CURVE('',#5458,#5458,#6201,.T.);
#4382=EDGE_CURVE('',#5459,#5459,#6202,.T.);
#4383=EDGE_CURVE('',#5460,#5460,#6203,.T.);
#4384=EDGE_CURVE('',#5461,#5461,#6204,.T.);
#4385=EDGE_CURVE('',#5462,#5462,#6205,.T.);
#4386=EDGE_CURVE('',#5463,#5463,#6206,.F.);
#4387=EDGE_CURVE('',#5464,#5465,#217,.T.);
#4388=EDGE_CURVE('',#5466,#5465,#218,.T.);
#4389=EDGE_CURVE('',#5467,#5466,#219,.T.);
#4390=EDGE_CURVE('',#5467,#5464,#220,.T.);
#4391=EDGE_CURVE('',#5465,#5468,#221,.T.);
#4392=EDGE_CURVE('',#5469,#5468,#222,.T.);
#4393=EDGE_CURVE('',#5466,#5469,#223,.T.);
#4394=EDGE_CURVE('',#5468,#5470,#224,.T.);
#4395=EDGE_CURVE('',#5471,#5470,#225,.T.);
#4396=EDGE_CURVE('',#5469,#5471,#226,.T.);
#4397=EDGE_CURVE('',#5470,#5472,#227,.T.);
#4398=EDGE_CURVE('',#5473,#5472,#228,.T.);
#4399=EDGE_CURVE('',#5471,#5473,#229,.T.);
#4400=EDGE_CURVE('',#5472,#5474,#230,.T.);
#4401=EDGE_CURVE('',#5475,#5474,#231,.T.);
#4402=EDGE_CURVE('',#5473,#5475,#232,.T.);
#4403=EDGE_CURVE('',#5474,#5464,#233,.T.);
#4404=EDGE_CURVE('',#5475,#5467,#234,.T.);
#4405=EDGE_CURVE('',#5476,#5476,#6207,.T.);
#4406=EDGE_CURVE('',#5477,#5477,#6208,.T.);
#4407=EDGE_CURVE('',#5478,#5479,#235,.T.);
#4408=EDGE_CURVE('',#5478,#5480,#19,.T.);
#4409=EDGE_CURVE('',#5480,#5481,#236,.T.);
#4410=EDGE_CURVE('',#5481,#5482,#237,.T.);
#4411=EDGE_CURVE('',#5483,#5482,#6209,.T.);
#4412=EDGE_CURVE('',#5483,#5484,#238,.T.);
#4413=EDGE_CURVE('',#5485,#5484,#6210,.T.);
#4414=EDGE_CURVE('',#5486,#5485,#90,.T.);
#4415=EDGE_CURVE('',#5479,#5486,#20,.T.);
#4416=EDGE_CURVE('',#5478,#5487,#21,.T.);
#4417=EDGE_CURVE('',#5488,#5479,#91,.T.);
#4418=EDGE_CURVE('',#5489,#5488,#22,.T.);
#4419=EDGE_CURVE('',#5489,#5490,#23,.T.);
#4420=EDGE_CURVE('',#5490,#5491,#92,.T.);
#4421=EDGE_CURVE('',#5491,#5492,#6211,.T.);
#4422=EDGE_CURVE('',#5493,#5492,#239,.T.);
#4423=EDGE_CURVE('',#5493,#5494,#6212,.T.);
#4424=EDGE_CURVE('',#5495,#5494,#240,.T.);
#4425=EDGE_CURVE('',#5487,#5495,#241,.T.);
#4426=EDGE_CURVE('',#5496,#5497,#242,.T.);
#4427=EDGE_CURVE('',#5496,#5498,#24,.T.);
#4428=EDGE_CURVE('',#5498,#5499,#243,.T.);
#4429=EDGE_CURVE('',#5499,#5500,#244,.T.);
#4430=EDGE_CURVE('',#5501,#5500,#6213,.T.);
#4431=EDGE_CURVE('',#5501,#5502,#245,.T.);
#4432=EDGE_CURVE('',#5503,#5502,#6214,.T.);
#4433=EDGE_CURVE('',#5504,#5503,#93,.T.);
#4434=EDGE_CURVE('',#5497,#5504,#25,.T.);
#4435=EDGE_CURVE('',#5496,#5505,#26,.T.);
#4436=EDGE_CURVE('',#5506,#5497,#94,.T.);
#4437=EDGE_CURVE('',#5507,#5506,#27,.T.);
#4438=EDGE_CURVE('',#5507,#5508,#28,.T.);
#4439=EDGE_CURVE('',#5508,#5509,#95,.T.);
#4440=EDGE_CURVE('',#5509,#5510,#6215,.T.);
#4441=EDGE_CURVE('',#5511,#5510,#246,.T.);
#4442=EDGE_CURVE('',#5511,#5512,#6216,.T.);
#4443=EDGE_CURVE('',#5513,#5512,#247,.T.);
#4444=EDGE_CURVE('',#5505,#5513,#248,.T.);
#4445=EDGE_CURVE('',#5489,#5506,#96,.T.);
#4446=EDGE_CURVE('',#5490,#5504,#249,.T.);
#4447=EDGE_CURVE('',#5507,#5488,#97,.T.);
#4448=EDGE_CURVE('',#5508,#5486,#250,.T.);
#4449=EDGE_CURVE('',#5505,#5480,#29,.T.);
#4450=EDGE_CURVE('',#5487,#5498,#30,.T.);
#4451=EDGE_CURVE('',#5514,#5514,#6217,.T.);
#4452=EDGE_CURVE('',#5495,#5499,#251,.T.);
#4453=EDGE_CURVE('',#5494,#5500,#252,.T.);
#4454=EDGE_CURVE('',#5493,#5501,#253,.T.);
#4455=EDGE_CURVE('',#5492,#5502,#254,.T.);
#4456=EDGE_CURVE('',#5491,#5503,#255,.T.);
#4457=EDGE_CURVE('',#5515,#5515,#6218,.T.);
#4458=EDGE_CURVE('',#5516,#5516,#6219,.F.);
#4459=EDGE_CURVE('',#5517,#5517,#6220,.T.);
#4460=EDGE_CURVE('',#5509,#5485,#256,.T.);
#4461=EDGE_CURVE('',#5510,#5484,#257,.T.);
#4462=EDGE_CURVE('',#5511,#5483,#258,.T.);
#4463=EDGE_CURVE('',#5512,#5482,#259,.T.);
#4464=EDGE_CURVE('',#5513,#5481,#260,.T.);
#4465=EDGE_CURVE('',#5518,#5518,#6221,.T.);
#4466=EDGE_CURVE('',#5519,#5519,#6222,.F.);
#4467=EDGE_CURVE('',#5520,#5521,#6223,.T.);
#4468=EDGE_CURVE('',#5520,#5522,#261,.T.);
#4469=EDGE_CURVE('',#5522,#5523,#6224,.T.);
#4470=EDGE_CURVE('',#5523,#5524,#262,.T.);
#4471=EDGE_CURVE('',#5524,#5525,#6225,.T.);
#4472=EDGE_CURVE('',#5526,#5525,#263,.T.);
#4473=EDGE_CURVE('',#5526,#5527,#6226,.T.);
#4474=EDGE_CURVE('',#5527,#5528,#264,.T.);
#4475=EDGE_CURVE('',#5528,#5529,#6227,.T.);
#4476=EDGE_CURVE('',#5529,#5530,#265,.T.);
#4477=EDGE_CURVE('',#5530,#5531,#6228,.T.);
#4478=EDGE_CURVE('',#5532,#5531,#266,.T.);
#4479=EDGE_CURVE('',#5532,#5533,#6229,.T.);
#4480=EDGE_CURVE('',#5534,#5533,#267,.T.);
#4481=EDGE_CURVE('',#5534,#5535,#6230,.T.);
#4482=EDGE_CURVE('',#5536,#5535,#268,.T.);
#4483=EDGE_CURVE('',#5536,#5537,#6231,.T.);
#4484=EDGE_CURVE('',#5537,#5538,#269,.T.);
#4485=EDGE_CURVE('',#5539,#5538,#6232,.T.);
#4486=EDGE_CURVE('',#5539,#5540,#270,.T.);
#4487=EDGE_CURVE('',#5541,#5540,#6233,.T.);
#4488=EDGE_CURVE('',#5542,#5541,#271,.T.);
#4489=EDGE_CURVE('',#5543,#5542,#6234,.T.);
#4490=EDGE_CURVE('',#5521,#5543,#272,.T.);
#4491=EDGE_CURVE('',#5544,#5545,#273,.T.);
#4492=EDGE_CURVE('',#5544,#5546,#274,.T.);
#4493=EDGE_CURVE('',#5546,#5547,#275,.T.);
#4494=EDGE_CURVE('',#5547,#5548,#276,.T.);
#4495=EDGE_CURVE('',#5548,#5549,#277,.T.);
#4496=EDGE_CURVE('',#5550,#5549,#278,.T.);
#4497=EDGE_CURVE('',#5551,#5550,#279,.T.);
#4498=EDGE_CURVE('',#5545,#5551,#280,.T.);
#4499=EDGE_CURVE('',#5552,#5553,#281,.T.);
#4500=EDGE_CURVE('',#5552,#5554,#6235,.T.);
#4501=EDGE_CURVE('',#5554,#5555,#282,.T.);
#4502=EDGE_CURVE('',#5555,#5556,#6236,.T.);
#4503=EDGE_CURVE('',#5556,#5557,#283,.T.);
#4504=EDGE_CURVE('',#5557,#5558,#6237,.T.);
#4505=EDGE_CURVE('',#5559,#5558,#284,.T.);
#4506=EDGE_CURVE('',#5559,#5560,#6238,.T.);
#4507=EDGE_CURVE('',#5561,#5560,#285,.T.);
#4508=EDGE_CURVE('',#5562,#5561,#6239,.T.);
#4509=EDGE_CURVE('',#5562,#5563,#286,.T.);
#4510=EDGE_CURVE('',#5564,#5563,#6240,.T.);
#4511=EDGE_CURVE('',#5564,#5565,#287,.T.);
#4512=EDGE_CURVE('',#5566,#5565,#6241,.T.);
#4513=EDGE_CURVE('',#5566,#5567,#288,.T.);
#4514=EDGE_CURVE('',#5568,#5567,#6242,.T.);
#4515=EDGE_CURVE('',#5569,#5568,#289,.T.);
#4516=EDGE_CURVE('',#5570,#5569,#6243,.T.);
#4517=EDGE_CURVE('',#5571,#5570,#290,.T.);
#4518=EDGE_CURVE('',#5572,#5571,#6244,.T.);
#4519=EDGE_CURVE('',#5572,#5573,#291,.T.);
#4520=EDGE_CURVE('',#5574,#5573,#6245,.T.);
#4521=EDGE_CURVE('',#5575,#5574,#292,.T.);
#4522=EDGE_CURVE('',#5553,#5575,#6246,.T.);
#4523=EDGE_CURVE('',#5576,#5577,#293,.T.);
#4524=EDGE_CURVE('',#5576,#5578,#294,.T.);
#4525=EDGE_CURVE('',#5578,#5579,#295,.T.);
#4526=EDGE_CURVE('',#5577,#5579,#296,.T.);
#4527=EDGE_CURVE('',#5580,#5581,#6247,.T.);
#4528=EDGE_CURVE('',#5580,#5582,#297,.T.);
#4529=EDGE_CURVE('',#5582,#5583,#6248,.T.);
#4530=EDGE_CURVE('',#5583,#5584,#298,.T.);
#4531=EDGE_CURVE('',#5584,#5585,#6249,.T.);
#4532=EDGE_CURVE('',#5586,#5585,#299,.T.);
#4533=EDGE_CURVE('',#5586,#5587,#6250,.T.);
#4534=EDGE_CURVE('',#5587,#5588,#300,.T.);
#4535=EDGE_CURVE('',#5588,#5589,#6251,.T.);
#4536=EDGE_CURVE('',#5589,#5590,#301,.T.);
#4537=EDGE_CURVE('',#5590,#5591,#6252,.T.);
#4538=EDGE_CURVE('',#5592,#5591,#302,.T.);
#4539=EDGE_CURVE('',#5592,#5593,#6253,.T.);
#4540=EDGE_CURVE('',#5594,#5593,#303,.T.);
#4541=EDGE_CURVE('',#5594,#5595,#6254,.T.);
#4542=EDGE_CURVE('',#5596,#5595,#304,.T.);
#4543=EDGE_CURVE('',#5596,#5597,#6255,.T.);
#4544=EDGE_CURVE('',#5597,#5598,#305,.T.);
#4545=EDGE_CURVE('',#5599,#5598,#6256,.T.);
#4546=EDGE_CURVE('',#5599,#5600,#306,.T.);
#4547=EDGE_CURVE('',#5601,#5600,#6257,.T.);
#4548=EDGE_CURVE('',#5602,#5601,#307,.T.);
#4549=EDGE_CURVE('',#5603,#5602,#6258,.T.);
#4550=EDGE_CURVE('',#5581,#5603,#308,.T.);
#4551=EDGE_CURVE('',#5604,#5605,#309,.T.);
#4552=EDGE_CURVE('',#5604,#5606,#6259,.F.);
#4553=EDGE_CURVE('',#5606,#5607,#310,.T.);
#4554=EDGE_CURVE('',#5607,#5608,#6260,.F.);
#4555=EDGE_CURVE('',#5608,#5609,#311,.T.);
#4556=EDGE_CURVE('',#5609,#5610,#6261,.F.);
#4557=EDGE_CURVE('',#5611,#5610,#312,.T.);
#4558=EDGE_CURVE('',#5611,#5612,#6262,.F.);
#4559=EDGE_CURVE('',#5613,#5612,#313,.T.);
#4560=EDGE_CURVE('',#5614,#5613,#6263,.F.);
#4561=EDGE_CURVE('',#5614,#5615,#314,.T.);
#4562=EDGE_CURVE('',#5616,#5615,#6264,.F.);
#4563=EDGE_CURVE('',#5616,#5617,#315,.T.);
#4564=EDGE_CURVE('',#5618,#5617,#6265,.F.);
#4565=EDGE_CURVE('',#5618,#5619,#316,.T.);
#4566=EDGE_CURVE('',#5620,#5619,#6266,.F.);
#4567=EDGE_CURVE('',#5621,#5620,#317,.T.);
#4568=EDGE_CURVE('',#5622,#5621,#6267,.F.);
#4569=EDGE_CURVE('',#5623,#5622,#318,.T.);
#4570=EDGE_CURVE('',#5624,#5623,#6268,.F.);
#4571=EDGE_CURVE('',#5624,#5625,#319,.T.);
#4572=EDGE_CURVE('',#5626,#5625,#6269,.F.);
#4573=EDGE_CURVE('',#5627,#5626,#320,.T.);
#4574=EDGE_CURVE('',#5605,#5627,#6270,.F.);
#4575=EDGE_CURVE('',#5628,#5629,#321,.T.);
#4576=EDGE_CURVE('',#5630,#5629,#322,.T.);
#4577=EDGE_CURVE('',#5630,#5631,#6271,.T.);
#4578=EDGE_CURVE('',#5632,#5631,#323,.T.);
#4579=EDGE_CURVE('',#5632,#5633,#6272,.T.);
#4580=EDGE_CURVE('',#5633,#5634,#324,.T.);
#4581=EDGE_CURVE('',#5634,#5635,#325,.T.);
#4582=EDGE_CURVE('',#5636,#5635,#326,.T.);
#4583=EDGE_CURVE('',#5636,#5637,#6273,.T.);
#4584=EDGE_CURVE('',#5637,#5638,#327,.T.);
#4585=EDGE_CURVE('',#5638,#5639,#6274,.T.);
#4586=EDGE_CURVE('',#5639,#5640,#328,.T.);
#4587=EDGE_CURVE('',#5640,#5641,#329,.T.);
#4588=EDGE_CURVE('',#5642,#5641,#330,.T.);
#4589=EDGE_CURVE('',#5642,#5643,#6275,.T.);
#4590=EDGE_CURVE('',#5643,#5644,#331,.T.);
#4591=EDGE_CURVE('',#5644,#5645,#6276,.T.);
#4592=EDGE_CURVE('',#5645,#5646,#332,.T.);
#4593=EDGE_CURVE('',#5646,#5647,#333,.T.);
#4594=EDGE_CURVE('',#5648,#5647,#334,.T.);
#4595=EDGE_CURVE('',#5648,#5649,#6277,.T.);
#4596=EDGE_CURVE('',#5650,#5649,#335,.T.);
#4597=EDGE_CURVE('',#5650,#5651,#6278,.T.);
#4598=EDGE_CURVE('',#5651,#5628,#336,.T.);
#4599=EDGE_CURVE('',#5652,#5652,#6279,.T.);
#4600=EDGE_CURVE('',#5653,#5653,#6280,.T.);
#4601=EDGE_CURVE('',#5654,#5654,#6281,.T.);
#4602=EDGE_CURVE('',#5655,#5655,#6282,.T.);
#4603=EDGE_CURVE('',#5656,#5656,#6283,.T.);
#4604=EDGE_CURVE('',#5657,#5657,#6284,.T.);
#4605=EDGE_CURVE('',#5658,#5658,#6285,.T.);
#4606=EDGE_CURVE('',#5659,#5659,#6286,.T.);
#4607=EDGE_CURVE('',#5660,#5661,#337,.T.);
#4608=EDGE_CURVE('',#5660,#5662,#338,.T.);
#4609=EDGE_CURVE('',#5662,#5663,#339,.T.);
#4610=EDGE_CURVE('',#5661,#5663,#340,.T.);
#4611=EDGE_CURVE('',#5664,#5665,#341,.T.);
#4612=EDGE_CURVE('',#5666,#5664,#342,.T.);
#4613=EDGE_CURVE('',#5666,#5667,#6287,.F.);
#4614=EDGE_CURVE('',#5667,#5668,#343,.T.);
#4615=EDGE_CURVE('',#5668,#5669,#6288,.F.);
#4616=EDGE_CURVE('',#5669,#5670,#344,.T.);
#4617=EDGE_CURVE('',#5671,#5670,#345,.T.);
#4618=EDGE_CURVE('',#5672,#5671,#346,.T.);
#4619=EDGE_CURVE('',#5672,#5673,#6289,.F.);
#4620=EDGE_CURVE('',#5674,#5673,#347,.T.);
#4621=EDGE_CURVE('',#5674,#5675,#6290,.F.);
#4622=EDGE_CURVE('',#5675,#5676,#348,.T.);
#4623=EDGE_CURVE('',#5677,#5676,#349,.T.);
#4624=EDGE_CURVE('',#5678,#5677,#350,.T.);
#4625=EDGE_CURVE('',#5678,#5679,#6291,.F.);
#4626=EDGE_CURVE('',#5680,#5679,#351,.T.);
#4627=EDGE_CURVE('',#5680,#5681,#6292,.F.);
#4628=EDGE_CURVE('',#5681,#5682,#352,.T.);
#4629=EDGE_CURVE('',#5683,#5682,#353,.T.);
#4630=EDGE_CURVE('',#5684,#5683,#354,.T.);
#4631=EDGE_CURVE('',#5684,#5685,#6293,.F.);
#4632=EDGE_CURVE('',#5685,#5686,#355,.T.);
#4633=EDGE_CURVE('',#5686,#5687,#6294,.F.);
#4634=EDGE_CURVE('',#5687,#5665,#356,.T.);
#4635=EDGE_CURVE('',#5688,#5688,#6295,.T.);
#4636=EDGE_CURVE('',#5689,#5689,#6296,.T.);
#4637=EDGE_CURVE('',#5690,#5690,#6297,.T.);
#4638=EDGE_CURVE('',#5691,#5691,#6298,.T.);
#4639=EDGE_CURVE('',#5692,#5692,#6299,.T.);
#4640=EDGE_CURVE('',#5693,#5693,#6300,.T.);
#4641=EDGE_CURVE('',#5694,#5694,#6301,.T.);
#4642=EDGE_CURVE('',#5695,#5695,#6302,.T.);
#4643=EDGE_CURVE('',#5696,#5697,#357,.T.);
#4644=EDGE_CURVE('',#5696,#5698,#358,.T.);
#4645=EDGE_CURVE('',#5698,#5699,#359,.T.);
#4646=EDGE_CURVE('',#5699,#5700,#360,.T.);
#4647=EDGE_CURVE('',#5700,#5701,#361,.T.);
#4648=EDGE_CURVE('',#5702,#5701,#362,.T.);
#4649=EDGE_CURVE('',#5703,#5702,#363,.T.);
#4650=EDGE_CURVE('',#5697,#5703,#364,.T.);
#4651=EDGE_CURVE('',#5664,#5628,#365,.T.);
#4652=EDGE_CURVE('',#5665,#5629,#366,.T.);
#4653=EDGE_CURVE('',#5651,#5666,#367,.F.);
#4654=EDGE_CURVE('',#5667,#5650,#368,.T.);
#4655=EDGE_CURVE('',#5649,#5668,#369,.F.);
#4656=EDGE_CURVE('',#5669,#5648,#370,.T.);
#4657=EDGE_CURVE('',#5670,#5647,#371,.T.);
#4658=EDGE_CURVE('',#5671,#5646,#372,.T.);
#4659=EDGE_CURVE('',#5645,#5672,#373,.F.);
#4660=EDGE_CURVE('',#5643,#5674,#374,.F.);
#4661=EDGE_CURVE('',#5673,#5644,#375,.T.);
#4662=EDGE_CURVE('',#5675,#5642,#376,.T.);
#4663=EDGE_CURVE('',#5676,#5641,#377,.T.);
#4664=EDGE_CURVE('',#5677,#5640,#378,.T.);
#4665=EDGE_CURVE('',#5639,#5678,#379,.F.);
#4666=EDGE_CURVE('',#5637,#5680,#380,.F.);
#4667=EDGE_CURVE('',#5679,#5638,#381,.T.);
#4668=EDGE_CURVE('',#5681,#5636,#382,.T.);
#4669=EDGE_CURVE('',#5682,#5635,#383,.T.);
#4670=EDGE_CURVE('',#5683,#5634,#384,.T.);
#4671=EDGE_CURVE('',#5633,#5684,#385,.F.);
#4672=EDGE_CURVE('',#5631,#5686,#386,.F.);
#4673=EDGE_CURVE('',#5685,#5632,#387,.T.);
#4674=EDGE_CURVE('',#5687,#5630,#388,.T.);
#4675=EDGE_CURVE('',#5544,#5696,#389,.T.);
#4676=EDGE_CURVE('',#5545,#5698,#390,.T.);
#4677=EDGE_CURVE('',#5546,#5697,#391,.T.);
#4678=EDGE_CURVE('',#5547,#5703,#392,.T.);
#4679=EDGE_CURVE('',#5548,#5702,#393,.T.);
#4680=EDGE_CURVE('',#5549,#5701,#394,.T.);
#4681=EDGE_CURVE('',#5550,#5700,#395,.T.);
#4682=EDGE_CURVE('',#5551,#5699,#396,.T.);
#4683=EDGE_CURVE('',#5604,#5520,#397,.T.);
#4684=EDGE_CURVE('',#5606,#5521,#398,.T.);
#4685=EDGE_CURVE('',#5607,#5543,#399,.T.);
#4686=EDGE_CURVE('',#5608,#5542,#400,.T.);
#4687=EDGE_CURVE('',#5609,#5541,#401,.T.);
#4688=EDGE_CURVE('',#5610,#5540,#402,.T.);
#4689=EDGE_CURVE('',#5611,#5539,#403,.T.);
#4690=EDGE_CURVE('',#5612,#5538,#404,.T.);
#4691=EDGE_CURVE('',#5613,#5537,#405,.T.);
#4692=EDGE_CURVE('',#5614,#5536,#406,.T.);
#4693=EDGE_CURVE('',#5615,#5535,#407,.T.);
#4694=EDGE_CURVE('',#5616,#5534,#408,.T.);
#4695=EDGE_CURVE('',#5617,#5533,#409,.T.);
#4696=EDGE_CURVE('',#5618,#5532,#410,.T.);
#4697=EDGE_CURVE('',#5619,#5531,#411,.T.);
#4698=EDGE_CURVE('',#5620,#5530,#412,.T.);
#4699=EDGE_CURVE('',#5621,#5529,#413,.T.);
#4700=EDGE_CURVE('',#5622,#5528,#414,.T.);
#4701=EDGE_CURVE('',#5623,#5527,#415,.T.);
#4702=EDGE_CURVE('',#5624,#5526,#416,.T.);
#4703=EDGE_CURVE('',#5625,#5525,#417,.T.);
#4704=EDGE_CURVE('',#5626,#5524,#418,.T.);
#4705=EDGE_CURVE('',#5627,#5523,#419,.T.);
#4706=EDGE_CURVE('',#5605,#5522,#420,.T.);
#4707=EDGE_CURVE('',#5581,#5554,#421,.T.);
#4708=EDGE_CURVE('',#5580,#5552,#422,.T.);
#4709=EDGE_CURVE('',#5582,#5553,#423,.T.);
#4710=EDGE_CURVE('',#5583,#5575,#424,.T.);
#4711=EDGE_CURVE('',#5584,#5574,#425,.T.);
#4712=EDGE_CURVE('',#5585,#5573,#426,.T.);
#4713=EDGE_CURVE('',#5586,#5572,#427,.T.);
#4714=EDGE_CURVE('',#5587,#5571,#428,.T.);
#4715=EDGE_CURVE('',#5588,#5570,#429,.T.);
#4716=EDGE_CURVE('',#5589,#5569,#430,.T.);
#4717=EDGE_CURVE('',#5590,#5568,#431,.T.);
#4718=EDGE_CURVE('',#5591,#5567,#432,.T.);
#4719=EDGE_CURVE('',#5592,#5566,#433,.T.);
#4720=EDGE_CURVE('',#5593,#5565,#434,.T.);
#4721=EDGE_CURVE('',#5594,#5564,#435,.T.);
#4722=EDGE_CURVE('',#5595,#5563,#436,.T.);
#4723=EDGE_CURVE('',#5596,#5562,#437,.T.);
#4724=EDGE_CURVE('',#5597,#5561,#438,.T.);
#4725=EDGE_CURVE('',#5598,#5560,#439,.T.);
#4726=EDGE_CURVE('',#5599,#5559,#440,.T.);
#4727=EDGE_CURVE('',#5600,#5558,#441,.T.);
#4728=EDGE_CURVE('',#5601,#5557,#442,.T.);
#4729=EDGE_CURVE('',#5602,#5556,#443,.T.);
#4730=EDGE_CURVE('',#5603,#5555,#444,.T.);
#4731=EDGE_CURVE('',#5661,#5578,#445,.T.);
#4732=EDGE_CURVE('',#5660,#5576,#446,.T.);
#4733=EDGE_CURVE('',#5662,#5577,#447,.T.);
#4734=EDGE_CURVE('',#5663,#5579,#448,.T.);
#4735=EDGE_CURVE('',#5704,#5705,#449,.F.);
#4736=EDGE_CURVE('',#5704,#5706,#98,.T.);
#4737=EDGE_CURVE('',#5707,#5706,#450,.T.);
#4738=EDGE_CURVE('',#5705,#5707,#6303,.T.);
#4739=EDGE_CURVE('',#5708,#5709,#451,.T.);
#4740=EDGE_CURVE('',#5708,#5710,#6304,.F.);
#4741=EDGE_CURVE('',#5711,#5710,#452,.T.);
#4742=EDGE_CURVE('',#5711,#5712,#6305,.F.);
#4743=EDGE_CURVE('',#5713,#5712,#453,.T.);
#4744=EDGE_CURVE('',#5713,#5709,#6306,.F.);
#4745=EDGE_CURVE('',#5714,#5715,#454,.T.);
#4746=EDGE_CURVE('',#5714,#5716,#6307,.F.);
#4747=EDGE_CURVE('',#5717,#5716,#455,.T.);
#4748=EDGE_CURVE('',#5717,#5718,#6308,.F.);
#4749=EDGE_CURVE('',#5719,#5718,#456,.T.);
#4750=EDGE_CURVE('',#5719,#5715,#6309,.F.);
#4751=EDGE_CURVE('',#5720,#5721,#457,.T.);
#4752=EDGE_CURVE('',#5720,#5722,#6310,.F.);
#4753=EDGE_CURVE('',#5723,#5722,#458,.T.);
#4754=EDGE_CURVE('',#5723,#5724,#6311,.F.);
#4755=EDGE_CURVE('',#5725,#5724,#459,.T.);
#4756=EDGE_CURVE('',#5725,#5721,#6312,.F.);
#4757=EDGE_CURVE('',#5726,#5727,#460,.T.);
#4758=EDGE_CURVE('',#5726,#5728,#6313,.F.);
#4759=EDGE_CURVE('',#5729,#5728,#461,.T.);
#4760=EDGE_CURVE('',#5729,#5730,#6314,.F.);
#4761=EDGE_CURVE('',#5731,#5730,#462,.T.);
#4762=EDGE_CURVE('',#5731,#5727,#6315,.F.);
#4763=EDGE_CURVE('',#5732,#5733,#463,.T.);
#4764=EDGE_CURVE('',#5732,#5734,#6316,.F.);
#4765=EDGE_CURVE('',#5735,#5734,#464,.T.);
#4766=EDGE_CURVE('',#5735,#5736,#6317,.F.);
#4767=EDGE_CURVE('',#5737,#5736,#465,.T.);
#4768=EDGE_CURVE('',#5737,#5733,#6318,.F.);
#4769=EDGE_CURVE('',#5738,#5739,#466,.T.);
#4770=EDGE_CURVE('',#5738,#5740,#6319,.F.);
#4771=EDGE_CURVE('',#5741,#5740,#467,.T.);
#4772=EDGE_CURVE('',#5741,#5742,#6320,.F.);
#4773=EDGE_CURVE('',#5743,#5742,#468,.T.);
#4774=EDGE_CURVE('',#5743,#5739,#6321,.F.);
#4775=EDGE_CURVE('',#5744,#5745,#469,.T.);
#4776=EDGE_CURVE('',#5744,#5746,#6322,.F.);
#4777=EDGE_CURVE('',#5747,#5746,#470,.T.);
#4778=EDGE_CURVE('',#5747,#5748,#6323,.F.);
#4779=EDGE_CURVE('',#5749,#5748,#471,.T.);
#4780=EDGE_CURVE('',#5749,#5745,#6324,.F.);
#4781=EDGE_CURVE('',#5750,#5751,#472,.T.);
#4782=EDGE_CURVE('',#5750,#5752,#6325,.F.);
#4783=EDGE_CURVE('',#5753,#5752,#473,.T.);
#4784=EDGE_CURVE('',#5753,#5754,#6326,.F.);
#4785=EDGE_CURVE('',#5755,#5754,#474,.T.);
#4786=EDGE_CURVE('',#5755,#5751,#6327,.F.);
#4787=EDGE_CURVE('',#5756,#5757,#475,.T.);
#4788=EDGE_CURVE('',#5757,#5758,#6328,.F.);
#4789=EDGE_CURVE('',#5758,#5759,#476,.T.);
#4790=EDGE_CURVE('',#5759,#5760,#477,.T.);
#4791=EDGE_CURVE('',#5760,#5756,#6329,.F.);
#4792=EDGE_CURVE('',#5761,#5762,#478,.T.);
#4793=EDGE_CURVE('',#5762,#5763,#6330,.T.);
#4794=EDGE_CURVE('',#5763,#5764,#479,.T.);
#4795=EDGE_CURVE('',#5764,#5765,#6331,.F.);
#4796=EDGE_CURVE('',#5765,#5766,#480,.T.);
#4797=EDGE_CURVE('',#5766,#5767,#481,.T.);
#4798=EDGE_CURVE('',#5768,#5767,#482,.T.);
#4799=EDGE_CURVE('',#5769,#5768,#483,.T.);
#4800=EDGE_CURVE('',#5769,#5770,#484,.T.);
#4801=EDGE_CURVE('',#5770,#5771,#6332,.F.);
#4802=EDGE_CURVE('',#5772,#5771,#485,.T.);
#4803=EDGE_CURVE('',#5772,#5773,#6333,.F.);
#4804=EDGE_CURVE('',#5774,#5773,#486,.T.);
#4805=EDGE_CURVE('',#5775,#5774,#487,.T.);
#4806=EDGE_CURVE('',#5775,#5776,#488,.T.);
#4807=EDGE_CURVE('',#5761,#5776,#489,.T.);
#4808=EDGE_CURVE('',#5777,#5778,#490,.T.);
#4809=EDGE_CURVE('',#5778,#5762,#491,.T.);
#4810=EDGE_CURVE('',#5779,#5761,#492,.T.);
#4811=EDGE_CURVE('',#5779,#5780,#493,.F.);
#4812=EDGE_CURVE('',#5780,#5781,#494,.F.);
#4813=EDGE_CURVE('',#5781,#5782,#495,.T.);
#4814=EDGE_CURVE('',#5777,#5782,#6334,.T.);
#4815=EDGE_CURVE('',#5783,#5707,#496,.T.);
#4816=EDGE_CURVE('',#5783,#5784,#6335,.T.);
#4817=EDGE_CURVE('',#5785,#5784,#497,.T.);
#4818=EDGE_CURVE('',#5785,#5786,#6336,.T.);
#4819=EDGE_CURVE('',#5705,#5786,#498,.T.);
#4820=EDGE_CURVE('',#5787,#5788,#499,.T.);
#4821=EDGE_CURVE('',#5787,#5789,#6337,.T.);
#4822=EDGE_CURVE('',#5790,#5789,#500,.T.);
#4823=EDGE_CURVE('',#5790,#5791,#6338,.T.);
#4824=EDGE_CURVE('',#5792,#5791,#501,.T.);
#4825=EDGE_CURVE('',#5792,#5788,#6339,.T.);
#4826=EDGE_CURVE('',#5793,#5794,#502,.T.);
#4827=EDGE_CURVE('',#5793,#5795,#6340,.T.);
#4828=EDGE_CURVE('',#5796,#5795,#503,.T.);
#4829=EDGE_CURVE('',#5796,#5797,#6341,.T.);
#4830=EDGE_CURVE('',#5798,#5797,#504,.T.);
#4831=EDGE_CURVE('',#5798,#5794,#6342,.T.);
#4832=EDGE_CURVE('',#5799,#5800,#505,.T.);
#4833=EDGE_CURVE('',#5799,#5801,#6343,.T.);
#4834=EDGE_CURVE('',#5802,#5801,#506,.T.);
#4835=EDGE_CURVE('',#5802,#5803,#6344,.T.);
#4836=EDGE_CURVE('',#5804,#5803,#507,.T.);
#4837=EDGE_CURVE('',#5804,#5800,#6345,.T.);
#4838=EDGE_CURVE('',#5805,#5806,#508,.T.);
#4839=EDGE_CURVE('',#5805,#5807,#6346,.T.);
#4840=EDGE_CURVE('',#5808,#5807,#509,.T.);
#4841=EDGE_CURVE('',#5808,#5809,#6347,.T.);
#4842=EDGE_CURVE('',#5810,#5809,#510,.T.);
#4843=EDGE_CURVE('',#5810,#5806,#6348,.T.);
#4844=EDGE_CURVE('',#5811,#5812,#511,.T.);
#4845=EDGE_CURVE('',#5811,#5778,#6349,.F.);
#4846=EDGE_CURVE('',#5777,#5813,#512,.T.);
#4847=EDGE_CURVE('',#5814,#5813,#513,.T.);
#4848=EDGE_CURVE('',#5814,#5815,#6350,.T.);
#4849=EDGE_CURVE('',#5815,#5816,#514,.T.);
#4850=EDGE_CURVE('',#5816,#5817,#6351,.T.);
#4851=EDGE_CURVE('',#5817,#5818,#515,.T.);
#4852=EDGE_CURVE('',#5818,#5819,#6352,.T.);
#4853=EDGE_CURVE('',#5820,#5819,#516,.T.);
#4854=EDGE_CURVE('',#5821,#5820,#517,.T.);
#4855=EDGE_CURVE('',#5821,#5822,#6353,.T.);
#4856=EDGE_CURVE('',#5822,#5823,#518,.T.);
#4857=EDGE_CURVE('',#5823,#5824,#6354,.T.);
#4858=EDGE_CURVE('',#5825,#5824,#519,.T.);
#4859=EDGE_CURVE('',#5825,#5826,#6355,.T.);
#4860=EDGE_CURVE('',#5827,#5826,#520,.T.);
#4861=EDGE_CURVE('',#5827,#5828,#6356,.T.);
#4862=EDGE_CURVE('',#5829,#5828,#521,.T.);
#4863=EDGE_CURVE('',#5829,#5830,#522,.T.);
#4864=EDGE_CURVE('',#5830,#5831,#523,.T.);
#4865=EDGE_CURVE('',#5832,#5831,#524,.T.);
#4866=EDGE_CURVE('',#5832,#5833,#6357,.T.);
#4867=EDGE_CURVE('',#5834,#5833,#525,.T.);
#4868=EDGE_CURVE('',#5834,#5835,#6358,.T.);
#4869=EDGE_CURVE('',#5836,#5835,#526,.T.);
#4870=EDGE_CURVE('',#5836,#5837,#6359,.T.);
#4871=EDGE_CURVE('',#5838,#5837,#527,.T.);
#4872=EDGE_CURVE('',#5812,#5838,#528,.T.);
#4873=EDGE_CURVE('',#5839,#5831,#529,.T.);
#4874=EDGE_CURVE('',#5839,#5840,#530,.F.);
#4875=EDGE_CURVE('',#5840,#5841,#531,.T.);
#4876=EDGE_CURVE('',#5841,#5842,#31,.F.);
#4877=EDGE_CURVE('',#5842,#5812,#532,.T.);
#4878=EDGE_CURVE('',#5838,#5843,#533,.T.);
#4879=EDGE_CURVE('',#5843,#5832,#32,.F.);
#4880=EDGE_CURVE('',#5844,#5845,#534,.T.);
#4881=EDGE_CURVE('',#5845,#5846,#535,.T.);
#4882=EDGE_CURVE('',#5847,#5846,#536,.T.);
#4883=EDGE_CURVE('',#5847,#5844,#537,.F.);
#4884=EDGE_CURVE('',#5848,#5848,#6360,.T.);
#4885=EDGE_CURVE('',#5849,#5849,#6361,.T.);
#4886=EDGE_CURVE('',#5850,#5850,#6362,.T.);
#4887=EDGE_CURVE('',#5851,#5851,#6363,.T.);
#4888=EDGE_CURVE('',#5852,#5852,#6364,.T.);
#4889=EDGE_CURVE('',#5853,#5853,#6365,.T.);
#4890=EDGE_CURVE('',#5766,#5854,#538,.T.);
#4891=EDGE_CURVE('',#5854,#5855,#539,.T.);
#4892=EDGE_CURVE('',#5767,#5855,#540,.T.);
#4893=EDGE_CURVE('',#5856,#5856,#6366,.T.);
#4894=EDGE_CURVE('',#5857,#5857,#6367,.T.);
#4895=EDGE_CURVE('',#5858,#5859,#541,.T.);
#4896=EDGE_CURVE('',#5859,#5860,#542,.T.);
#4897=EDGE_CURVE('',#5860,#5861,#543,.F.);
#4898=EDGE_CURVE('',#5858,#5861,#544,.T.);
#4899=EDGE_CURVE('',#5862,#5774,#545,.T.);
#4900=EDGE_CURVE('',#5863,#5862,#546,.T.);
#4901=EDGE_CURVE('',#5775,#5863,#547,.T.);
#4902=EDGE_CURVE('',#5864,#5865,#6368,.T.);
#4903=EDGE_CURVE('',#5864,#5866,#548,.T.);
#4904=EDGE_CURVE('',#5866,#5867,#6369,.T.);
#4905=EDGE_CURVE('',#5868,#5867,#549,.T.);
#4906=EDGE_CURVE('',#5868,#5865,#99,.T.);
#4907=EDGE_CURVE('',#5869,#5870,#550,.T.);
#4908=EDGE_CURVE('',#5869,#5871,#551,.T.);
#4909=EDGE_CURVE('',#5871,#5872,#33,.T.);
#4910=EDGE_CURVE('',#5872,#5873,#552,.T.);
#4911=EDGE_CURVE('',#5873,#5870,#553,.T.);
#4912=EDGE_CURVE('',#5829,#5869,#6370,.F.);
#4913=EDGE_CURVE('',#5830,#5870,#6371,.T.);
#4914=EDGE_CURVE('',#5733,#5825,#554,.F.);
#4915=EDGE_CURVE('',#5824,#5732,#555,.T.);
#4916=EDGE_CURVE('',#5739,#5818,#556,.F.);
#4917=EDGE_CURVE('',#5817,#5738,#557,.T.);
#4918=EDGE_CURVE('',#5815,#5741,#558,.T.);
#4919=EDGE_CURVE('',#5740,#5816,#559,.F.);
#4920=EDGE_CURVE('',#5758,#5821,#560,.F.);
#4921=EDGE_CURVE('',#5820,#5759,#561,.T.);
#4922=EDGE_CURVE('',#5859,#5874,#562,.T.);
#4923=EDGE_CURVE('',#5875,#5874,#563,.T.);
#4924=EDGE_CURVE('',#5782,#5875,#564,.T.);
#4925=EDGE_CURVE('',#5781,#5859,#34,.T.);
#4926=EDGE_CURVE('',#5875,#5813,#6372,.F.);
#4927=EDGE_CURVE('',#5864,#5769,#565,.T.);
#4928=EDGE_CURVE('',#5768,#5866,#566,.T.);
#4929=EDGE_CURVE('',#5862,#5876,#6373,.T.);
#4930=EDGE_CURVE('',#5876,#5877,#100,.T.);
#4931=EDGE_CURVE('',#5878,#5877,#567,.T.);
#4932=EDGE_CURVE('',#5863,#5878,#6374,.T.);
#4933=EDGE_CURVE('',#5877,#5879,#6375,.T.);
#4934=EDGE_CURVE('',#5879,#5880,#568,.T.);
#4935=EDGE_CURVE('',#5880,#5868,#6376,.T.);
#4936=EDGE_CURVE('',#5867,#5873,#569,.T.);
#4937=EDGE_CURVE('',#5872,#5874,#570,.T.);
#4938=EDGE_CURVE('',#5878,#5858,#571,.T.);
#4939=EDGE_CURVE('',#5881,#5882,#101,.T.);
#4940=EDGE_CURVE('',#5883,#5882,#572,.F.);
#4941=EDGE_CURVE('',#5883,#5884,#102,.T.);
#4942=EDGE_CURVE('',#5881,#5884,#573,.T.);
#4943=EDGE_CURVE('',#5885,#5885,#6377,.T.);
#4944=EDGE_CURVE('',#5886,#5886,#6378,.T.);
#4945=EDGE_CURVE('',#5887,#5888,#574,.T.);
#4946=EDGE_CURVE('',#5887,#5889,#103,.T.);
#4947=EDGE_CURVE('',#5890,#5889,#575,.F.);
#4948=EDGE_CURVE('',#5890,#5888,#104,.T.);
#4949=EDGE_CURVE('',#5891,#5891,#6379,.T.);
#4950=EDGE_CURVE('',#5892,#5892,#6380,.T.);
#4951=EDGE_CURVE('',#5893,#5893,#6381,.T.);
#4952=EDGE_CURVE('',#5846,#5894,#6382,.F.);
#4953=EDGE_CURVE('',#5894,#5839,#6383,.F.);
#4954=EDGE_CURVE('',#5855,#5895,#6384,.F.);
#4955=EDGE_CURVE('',#5895,#5847,#6385,.F.);
#4956=EDGE_CURVE('',#5835,#5726,#576,.T.);
#4957=EDGE_CURVE('',#5727,#5836,#577,.F.);
#4958=EDGE_CURVE('',#5730,#5843,#578,.F.);
#4959=EDGE_CURVE('',#5837,#5731,#579,.T.);
#4960=EDGE_CURVE('',#5728,#5834,#580,.F.);
#4961=EDGE_CURVE('',#5833,#5729,#581,.T.);
#4962=EDGE_CURVE('',#5801,#5750,#582,.T.);
#4963=EDGE_CURVE('',#5751,#5802,#583,.F.);
#4964=EDGE_CURVE('',#5800,#5753,#584,.T.);
#4965=EDGE_CURVE('',#5752,#5799,#585,.F.);
#4966=EDGE_CURVE('',#5754,#5804,#586,.F.);
#4967=EDGE_CURVE('',#5803,#5755,#587,.T.);
#4968=EDGE_CURVE('',#5745,#5808,#588,.F.);
#4969=EDGE_CURVE('',#5807,#5744,#589,.T.);
#4970=EDGE_CURVE('',#5746,#5805,#590,.F.);
#4971=EDGE_CURVE('',#5806,#5747,#591,.T.);
#4972=EDGE_CURVE('',#5809,#5749,#592,.T.);
#4973=EDGE_CURVE('',#5748,#5810,#593,.F.);
#4974=EDGE_CURVE('',#5828,#5735,#594,.T.);
#4975=EDGE_CURVE('',#5734,#5823,#595,.F.);
#4976=EDGE_CURVE('',#5822,#5757,#596,.T.);
#4977=EDGE_CURVE('',#5756,#5871,#597,.F.);
#4978=EDGE_CURVE('',#5736,#5827,#598,.F.);
#4979=EDGE_CURVE('',#5826,#5737,#599,.T.);
#4980=EDGE_CURVE('',#5721,#5796,#600,.F.);
#4981=EDGE_CURVE('',#5795,#5720,#601,.T.);
#4982=EDGE_CURVE('',#5794,#5723,#602,.T.);
#4983=EDGE_CURVE('',#5722,#5793,#603,.F.);
#4984=EDGE_CURVE('',#5724,#5798,#604,.F.);
#4985=EDGE_CURVE('',#5797,#5725,#605,.T.);
#4986=EDGE_CURVE('',#5715,#5790,#606,.F.);
#4987=EDGE_CURVE('',#5789,#5714,#607,.T.);
#4988=EDGE_CURVE('',#5788,#5717,#608,.T.);
#4989=EDGE_CURVE('',#5716,#5787,#609,.F.);
#4990=EDGE_CURVE('',#5791,#5719,#610,.T.);
#4991=EDGE_CURVE('',#5718,#5792,#611,.F.);
#4992=EDGE_CURVE('',#5784,#5708,#612,.T.);
#4993=EDGE_CURVE('',#5709,#5785,#613,.F.);
#4994=EDGE_CURVE('',#5706,#5896,#35,.T.);
#4995=EDGE_CURVE('',#5896,#5711,#614,.T.);
#4996=EDGE_CURVE('',#5710,#5783,#615,.F.);
#4997=EDGE_CURVE('',#5712,#5897,#616,.F.);
#4998=EDGE_CURVE('',#5897,#5704,#36,.T.);
#4999=EDGE_CURVE('',#5786,#5713,#617,.T.);
#5000=EDGE_CURVE('',#5742,#5814,#618,.F.);
#5001=EDGE_CURVE('',#5874,#5820,#619,.T.);
#5002=EDGE_CURVE('',#5819,#5743,#620,.T.);
#5003=EDGE_CURVE('',#5872,#5760,#621,.T.);
#5004=EDGE_CURVE('',#5896,#5897,#105,.T.);
#5005=EDGE_CURVE('',#5861,#5776,#622,.T.);
#5006=EDGE_CURVE('',#5773,#5876,#623,.F.);
#5007=EDGE_CURVE('',#5884,#5880,#624,.F.);
#5008=EDGE_CURVE('',#5879,#5881,#625,.T.);
#5009=EDGE_CURVE('',#5888,#5883,#626,.F.);
#5010=EDGE_CURVE('',#5882,#5887,#627,.T.);
#5011=EDGE_CURVE('',#5865,#5770,#628,.T.);
#5012=EDGE_CURVE('',#5771,#5890,#629,.F.);
#5013=EDGE_CURVE('',#5889,#5772,#630,.T.);
#5014=EDGE_CURVE('',#5861,#5898,#37,.T.);
#5015=EDGE_CURVE('',#5898,#5899,#631,.T.);
#5016=EDGE_CURVE('',#5899,#5779,#38,.T.);
#5017=EDGE_CURVE('',#5763,#5811,#632,.F.);
#5018=EDGE_CURVE('',#5842,#5764,#633,.T.);
#5019=EDGE_CURVE('',#5840,#5900,#6386,.T.);
#5020=EDGE_CURVE('',#5900,#5845,#6387,.T.);
#5021=EDGE_CURVE('',#5844,#5901,#6388,.T.);
#5022=EDGE_CURVE('',#5901,#5854,#6389,.T.);
#5023=EDGE_CURVE('',#5765,#5841,#634,.F.);
#5024=EDGE_CURVE('',#5898,#5902,#635,.F.);
#5025=EDGE_CURVE('',#5902,#5899,#636,.F.);
#5026=EDGE_CURVE('',#5860,#5903,#39,.T.);
#5027=EDGE_CURVE('',#5903,#5780,#40,.T.);
#5028=EDGE_CURVE('',#5902,#5903,#41,.F.);
#5029=EDGE_CURVE('',#5894,#5900,#637,.F.);
#5030=EDGE_CURVE('',#5895,#5901,#638,.F.);
#5031=EDGE_CURVE('',#5904,#5905,#639,.T.);
#5032=EDGE_CURVE('',#5906,#5904,#640,.T.);
#5033=EDGE_CURVE('',#5906,#5907,#641,.T.);
#5034=EDGE_CURVE('',#5907,#5905,#642,.T.);
#5035=EDGE_CURVE('',#5904,#5908,#643,.T.);
#5036=EDGE_CURVE('',#5909,#5908,#644,.T.);
#5037=EDGE_CURVE('',#5906,#5909,#645,.T.);
#5038=EDGE_CURVE('',#5908,#5910,#646,.T.);
#5039=EDGE_CURVE('',#5911,#5910,#647,.T.);
#5040=EDGE_CURVE('',#5909,#5911,#648,.T.);
#5041=EDGE_CURVE('',#5905,#5910,#649,.T.);
#5042=EDGE_CURVE('',#5907,#5911,#650,.T.);
#5043=EDGE_CURVE('',#5912,#5912,#6390,.F.);
#5044=EDGE_CURVE('',#5913,#5913,#6391,.T.);
#5045=EDGE_CURVE('',#5914,#5914,#6392,.T.);
#5046=EDGE_CURVE('',#5915,#5915,#6393,.T.);
#5047=EDGE_CURVE('',#5916,#5916,#6394,.F.);
#5048=EDGE_CURVE('',#5917,#5917,#6395,.T.);
#5049=EDGE_CURVE('',#5918,#5918,#6396,.T.);
#5050=EDGE_CURVE('',#5919,#5919,#6397,.T.);
#5051=EDGE_CURVE('',#5920,#5920,#6398,.F.);
#5052=EDGE_CURVE('',#5921,#5921,#6399,.T.);
#5053=EDGE_CURVE('',#5922,#5922,#6400,.T.);
#5054=EDGE_CURVE('',#5923,#5923,#6401,.T.);
#5055=EDGE_CURVE('',#5924,#5925,#651,.T.);
#5056=EDGE_CURVE('',#5926,#5924,#652,.T.);
#5057=EDGE_CURVE('',#5926,#5927,#653,.T.);
#5058=EDGE_CURVE('',#5927,#5928,#654,.T.);
#5059=EDGE_CURVE('',#5929,#5928,#655,.T.);
#5060=EDGE_CURVE('',#5930,#5929,#656,.T.);
#5061=EDGE_CURVE('',#5931,#5930,#657,.T.);
#5062=EDGE_CURVE('',#5931,#5932,#658,.T.);
#5063=EDGE_CURVE('',#5933,#5932,#659,.T.);
#5064=EDGE_CURVE('',#5934,#5933,#660,.T.);
#5065=EDGE_CURVE('',#5935,#5934,#661,.T.);
#5066=EDGE_CURVE('',#5935,#5936,#662,.T.);
#5067=EDGE_CURVE('',#5937,#5936,#663,.T.);
#5068=EDGE_CURVE('',#5938,#5937,#664,.T.);
#5069=EDGE_CURVE('',#5938,#5939,#665,.T.);
#5070=EDGE_CURVE('',#5939,#5925,#666,.T.);
#5071=EDGE_CURVE('',#5940,#5940,#6402,.T.);
#5072=EDGE_CURVE('',#5941,#5941,#6403,.T.);
#5073=EDGE_CURVE('',#5942,#5942,#6404,.T.);
#5074=EDGE_CURVE('',#5943,#5943,#6405,.T.);
#5075=EDGE_CURVE('',#5944,#5944,#6406,.T.);
#5076=EDGE_CURVE('',#5945,#5945,#6407,.T.);
#5077=EDGE_CURVE('',#5946,#5946,#6408,.T.);
#5078=EDGE_CURVE('',#5947,#5947,#6409,.T.);
#5079=EDGE_CURVE('',#5948,#5949,#667,.T.);
#5080=EDGE_CURVE('',#5948,#5950,#668,.T.);
#5081=EDGE_CURVE('',#5950,#5951,#669,.T.);
#5082=EDGE_CURVE('',#5951,#5952,#670,.T.);
#5083=EDGE_CURVE('',#5952,#5953,#671,.T.);
#5084=EDGE_CURVE('',#5954,#5953,#672,.T.);
#5085=EDGE_CURVE('',#5955,#5954,#673,.T.);
#5086=EDGE_CURVE('',#5949,#5955,#674,.T.);
#5087=EDGE_CURVE('',#5956,#5957,#675,.T.);
#5088=EDGE_CURVE('',#5924,#5956,#676,.T.);
#5089=EDGE_CURVE('',#5925,#5957,#677,.T.);
#5090=EDGE_CURVE('',#5958,#5956,#678,.T.);
#5091=EDGE_CURVE('',#5926,#5958,#679,.T.);
#5092=EDGE_CURVE('',#5958,#5959,#680,.T.);
#5093=EDGE_CURVE('',#5927,#5959,#681,.T.);
#5094=EDGE_CURVE('',#5959,#5960,#682,.T.);
#5095=EDGE_CURVE('',#5928,#5960,#683,.T.);
#5096=EDGE_CURVE('',#5961,#5960,#684,.T.);
#5097=EDGE_CURVE('',#5929,#5961,#685,.T.);
#5098=EDGE_CURVE('',#5962,#5961,#686,.T.);
#5099=EDGE_CURVE('',#5930,#5962,#687,.T.);
#5100=EDGE_CURVE('',#5963,#5962,#688,.T.);
#5101=EDGE_CURVE('',#5931,#5963,#689,.T.);
#5102=EDGE_CURVE('',#5963,#5964,#690,.T.);
#5103=EDGE_CURVE('',#5932,#5964,#691,.T.);
#5104=EDGE_CURVE('',#5965,#5964,#692,.T.);
#5105=EDGE_CURVE('',#5933,#5965,#693,.T.);
#5106=EDGE_CURVE('',#5966,#5965,#694,.T.);
#5107=EDGE_CURVE('',#5934,#5966,#695,.T.);
#5108=EDGE_CURVE('',#5967,#5966,#696,.T.);
#5109=EDGE_CURVE('',#5935,#5967,#697,.T.);
#5110=EDGE_CURVE('',#5967,#5968,#698,.T.);
#5111=EDGE_CURVE('',#5936,#5968,#699,.T.);
#5112=EDGE_CURVE('',#5969,#5968,#700,.T.);
#5113=EDGE_CURVE('',#5937,#5969,#701,.T.);
#5114=EDGE_CURVE('',#5970,#5969,#702,.T.);
#5115=EDGE_CURVE('',#5938,#5970,#703,.T.);
#5116=EDGE_CURVE('',#5970,#5971,#704,.T.);
#5117=EDGE_CURVE('',#5939,#5971,#705,.T.);
#5118=EDGE_CURVE('',#5972,#5972,#6410,.T.);
#5119=EDGE_CURVE('',#5973,#5973,#6411,.T.);
#5120=EDGE_CURVE('',#5974,#5974,#6412,.T.);
#5121=EDGE_CURVE('',#5975,#5975,#6413,.T.);
#5122=EDGE_CURVE('',#5976,#5976,#6414,.T.);
#5123=EDGE_CURVE('',#5977,#5977,#6415,.T.);
#5124=EDGE_CURVE('',#5978,#5978,#6416,.T.);
#5125=EDGE_CURVE('',#5971,#5957,#706,.T.);
#5126=EDGE_CURVE('',#5979,#5979,#6417,.T.);
#5127=EDGE_CURVE('',#5980,#5980,#6418,.T.);
#5128=EDGE_CURVE('',#5981,#5948,#707,.T.);
#5129=EDGE_CURVE('',#5981,#5982,#708,.T.);
#5130=EDGE_CURVE('',#5983,#5982,#709,.T.);
#5131=EDGE_CURVE('',#5983,#5984,#710,.T.);
#5132=EDGE_CURVE('',#5984,#5985,#711,.T.);
#5133=EDGE_CURVE('',#5985,#5986,#712,.T.);
#5134=EDGE_CURVE('',#5986,#5950,#713,.T.);
#5135=EDGE_CURVE('',#5987,#5949,#714,.T.);
#5136=EDGE_CURVE('',#5981,#5987,#715,.T.);
#5137=EDGE_CURVE('',#5988,#5955,#716,.T.);
#5138=EDGE_CURVE('',#5989,#5988,#717,.T.);
#5139=EDGE_CURVE('',#5990,#5989,#718,.T.);
#5140=EDGE_CURVE('',#5991,#5990,#719,.T.);
#5141=EDGE_CURVE('',#5991,#5992,#720,.T.);
#5142=EDGE_CURVE('',#5987,#5992,#721,.T.);
#5143=EDGE_CURVE('',#5993,#5954,#722,.T.);
#5144=EDGE_CURVE('',#5988,#5993,#723,.T.);
#5145=EDGE_CURVE('',#5994,#5953,#724,.T.);
#5146=EDGE_CURVE('',#5995,#5994,#725,.T.);
#5147=EDGE_CURVE('',#5996,#5995,#726,.T.);
#5148=EDGE_CURVE('',#5997,#5996,#727,.T.);
#5149=EDGE_CURVE('',#5997,#5998,#728,.T.);
#5150=EDGE_CURVE('',#5993,#5998,#729,.T.);
#5151=EDGE_CURVE('',#5999,#5952,#730,.T.);
#5152=EDGE_CURVE('',#5999,#5994,#731,.T.);
#5153=EDGE_CURVE('',#6000,#5951,#732,.T.);
#5154=EDGE_CURVE('',#6000,#6001,#733,.T.);
#5155=EDGE_CURVE('',#6002,#6001,#734,.T.);
#5156=EDGE_CURVE('',#6002,#6003,#735,.T.);
#5157=EDGE_CURVE('',#6003,#6004,#736,.T.);
#5158=EDGE_CURVE('',#6004,#5999,#737,.T.);
#5159=EDGE_CURVE('',#5986,#6000,#738,.T.);
#5160=EDGE_CURVE('',#6005,#6005,#6419,.F.);
#5161=EDGE_CURVE('',#5989,#6006,#6420,.T.);
#5162=EDGE_CURVE('',#6007,#5998,#6421,.T.);
#5163=EDGE_CURVE('',#6007,#6008,#739,.T.);
#5164=EDGE_CURVE('',#6009,#6008,#6422,.T.);
#5165=EDGE_CURVE('',#6009,#6010,#740,.T.);
#5166=EDGE_CURVE('',#6011,#6010,#6423,.T.);
#5167=EDGE_CURVE('',#6011,#6012,#741,.T.);
#5168=EDGE_CURVE('',#5995,#6012,#6424,.T.);
#5169=EDGE_CURVE('',#6013,#6004,#6425,.T.);
#5170=EDGE_CURVE('',#6013,#6014,#742,.T.);
#5171=EDGE_CURVE('',#6015,#6014,#6426,.T.);
#5172=EDGE_CURVE('',#6015,#6016,#743,.T.);
#5173=EDGE_CURVE('',#6017,#6016,#6427,.T.);
#5174=EDGE_CURVE('',#6017,#6018,#744,.T.);
#5175=EDGE_CURVE('',#6001,#6018,#6428,.T.);
#5176=EDGE_CURVE('',#6019,#5985,#6429,.T.);
#5177=EDGE_CURVE('',#6019,#6020,#745,.T.);
#5178=EDGE_CURVE('',#6021,#6020,#6430,.T.);
#5179=EDGE_CURVE('',#6021,#6022,#746,.T.);
#5180=EDGE_CURVE('',#6023,#6022,#6431,.T.);
#5181=EDGE_CURVE('',#6023,#6024,#747,.T.);
#5182=EDGE_CURVE('',#5982,#6024,#6432,.T.);
#5183=EDGE_CURVE('',#6025,#5992,#6433,.T.);
#5184=EDGE_CURVE('',#6025,#6026,#748,.T.);
#5185=EDGE_CURVE('',#6027,#6026,#6434,.T.);
#5186=EDGE_CURVE('',#6027,#6028,#749,.T.);
#5187=EDGE_CURVE('',#6029,#6028,#6435,.T.);
#5188=EDGE_CURVE('',#6029,#6006,#750,.T.);
#5189=EDGE_CURVE('',#6030,#6024,#751,.T.);
#5190=EDGE_CURVE('',#5983,#6030,#6436,.T.);
#5191=EDGE_CURVE('',#6031,#6023,#752,.T.);
#5192=EDGE_CURVE('',#6031,#6030,#753,.T.);
#5193=EDGE_CURVE('',#6032,#6022,#754,.T.);
#5194=EDGE_CURVE('',#6031,#6032,#6437,.T.);
#5195=EDGE_CURVE('',#6033,#6021,#755,.T.);
#5196=EDGE_CURVE('',#6033,#6032,#756,.T.);
#5197=EDGE_CURVE('',#6034,#6020,#757,.T.);
#5198=EDGE_CURVE('',#6033,#6034,#6438,.T.);
#5199=EDGE_CURVE('',#6035,#6019,#758,.T.);
#5200=EDGE_CURVE('',#6035,#6034,#759,.T.);
#5201=EDGE_CURVE('',#6035,#5984,#6439,.T.);
#5202=EDGE_CURVE('',#6036,#6018,#760,.T.);
#5203=EDGE_CURVE('',#6002,#6036,#6440,.T.);
#5204=EDGE_CURVE('',#6037,#6017,#761,.T.);
#5205=EDGE_CURVE('',#6037,#6036,#762,.T.);
#5206=EDGE_CURVE('',#6038,#6016,#763,.T.);
#5207=EDGE_CURVE('',#6037,#6038,#6441,.T.);
#5208=EDGE_CURVE('',#6039,#6015,#764,.T.);
#5209=EDGE_CURVE('',#6039,#6038,#765,.T.);
#5210=EDGE_CURVE('',#6040,#6014,#766,.T.);
#5211=EDGE_CURVE('',#6039,#6040,#6442,.T.);
#5212=EDGE_CURVE('',#6041,#6013,#767,.T.);
#5213=EDGE_CURVE('',#6041,#6040,#768,.T.);
#5214=EDGE_CURVE('',#6041,#6003,#6443,.T.);
#5215=EDGE_CURVE('',#6042,#6012,#769,.T.);
#5216=EDGE_CURVE('',#5996,#6042,#6444,.T.);
#5217=EDGE_CURVE('',#6043,#6011,#770,.T.);
#5218=EDGE_CURVE('',#6043,#6042,#771,.T.);
#5219=EDGE_CURVE('',#6044,#6010,#772,.T.);
#5220=EDGE_CURVE('',#6043,#6044,#6445,.T.);
#5221=EDGE_CURVE('',#6045,#6009,#773,.T.);
#5222=EDGE_CURVE('',#6045,#6044,#774,.T.);
#5223=EDGE_CURVE('',#6046,#6008,#775,.T.);
#5224=EDGE_CURVE('',#6045,#6046,#6446,.T.);
#5225=EDGE_CURVE('',#6047,#6007,#776,.T.);
#5226=EDGE_CURVE('',#6047,#6046,#777,.T.);
#5227=EDGE_CURVE('',#6047,#5997,#6447,.T.);
#5228=EDGE_CURVE('',#6048,#6006,#778,.T.);
#5229=EDGE_CURVE('',#5990,#6048,#6448,.T.);
#5230=EDGE_CURVE('',#6049,#6029,#779,.T.);
#5231=EDGE_CURVE('',#6049,#6048,#780,.T.);
#5232=EDGE_CURVE('',#6050,#6028,#781,.T.);
#5233=EDGE_CURVE('',#6049,#6050,#6449,.T.);
#5234=EDGE_CURVE('',#6051,#6027,#782,.T.);
#5235=EDGE_CURVE('',#6051,#6050,#783,.T.);
#5236=EDGE_CURVE('',#6052,#6026,#784,.T.);
#5237=EDGE_CURVE('',#6051,#6052,#6450,.T.);
#5238=EDGE_CURVE('',#6053,#6025,#785,.T.);
#5239=EDGE_CURVE('',#6053,#6052,#786,.T.);
#5240=EDGE_CURVE('',#6053,#5991,#6451,.T.);
#5241=EDGE_CURVE('',#6054,#6054,#6452,.T.);
#5242=EDGE_CURVE('',#6055,#6055,#6453,.T.);
#5243=VERTEX_POINT('',#11945);
#5244=VERTEX_POINT('',#11947);
#5245=VERTEX_POINT('',#11949);
#5246=VERTEX_POINT('',#11951);
#5247=VERTEX_POINT('',#11953);
#5248=VERTEX_POINT('',#11956);
#5249=VERTEX_POINT('',#11959);
#5250=VERTEX_POINT('',#11961);
#5251=VERTEX_POINT('',#11963);
#5252=VERTEX_POINT('',#11965);
#5253=VERTEX_POINT('',#11967);
#5254=VERTEX_POINT('',#11970);
#5255=VERTEX_POINT('',#11974);
#5256=VERTEX_POINT('',#11977);
#5257=VERTEX_POINT('',#11981);
#5258=VERTEX_POINT('',#11984);
#5259=VERTEX_POINT('',#11988);
#5260=VERTEX_POINT('',#11991);
#5261=VERTEX_POINT('',#11995);
#5262=VERTEX_POINT('',#11998);
#5263=VERTEX_POINT('',#12003);
#5264=VERTEX_POINT('',#12004);
#5265=VERTEX_POINT('',#12006);
#5266=VERTEX_POINT('',#12008);
#5267=VERTEX_POINT('',#12012);
#5268=VERTEX_POINT('',#12014);
#5269=VERTEX_POINT('',#12018);
#5270=VERTEX_POINT('',#12020);
#5271=VERTEX_POINT('',#12024);
#5272=VERTEX_POINT('',#12026);
#5273=VERTEX_POINT('',#12030);
#5274=VERTEX_POINT('',#12032);
#5275=VERTEX_POINT('',#12036);
#5276=VERTEX_POINT('',#12038);
#5277=VERTEX_POINT('',#12042);
#5278=VERTEX_POINT('',#12044);
#5279=VERTEX_POINT('',#12046);
#5280=VERTEX_POINT('',#12048);
#5281=VERTEX_POINT('',#12050);
#5282=VERTEX_POINT('',#12052);
#5283=VERTEX_POINT('',#12054);
#5284=VERTEX_POINT('',#12056);
#5285=VERTEX_POINT('',#12058);
#5286=VERTEX_POINT('',#12060);
#5287=VERTEX_POINT('',#12062);
#5288=VERTEX_POINT('',#12064);
#5289=VERTEX_POINT('',#12066);
#5290=VERTEX_POINT('',#12068);
#5291=VERTEX_POINT('',#12070);
#5292=VERTEX_POINT('',#12072);
#5293=VERTEX_POINT('',#12075);
#5294=VERTEX_POINT('',#12076);
#5295=VERTEX_POINT('',#12078);
#5296=VERTEX_POINT('',#12080);
#5297=VERTEX_POINT('',#12082);
#5298=VERTEX_POINT('',#12084);
#5299=VERTEX_POINT('',#12086);
#5300=VERTEX_POINT('',#12088);
#5301=VERTEX_POINT('',#12090);
#5302=VERTEX_POINT('',#12092);
#5303=VERTEX_POINT('',#12094);
#5304=VERTEX_POINT('',#12096);
#5305=VERTEX_POINT('',#12098);
#5306=VERTEX_POINT('',#12100);
#5307=VERTEX_POINT('',#12104);
#5308=VERTEX_POINT('',#12106);
#5309=VERTEX_POINT('',#12109);
#5310=VERTEX_POINT('',#12111);
#5311=VERTEX_POINT('',#12114);
#5312=VERTEX_POINT('',#12116);
#5313=VERTEX_POINT('',#12119);
#5314=VERTEX_POINT('',#12121);
#5315=VERTEX_POINT('',#12127);
#5316=VERTEX_POINT('',#12129);
#5317=VERTEX_POINT('',#12134);
#5318=VERTEX_POINT('',#12136);
#5319=VERTEX_POINT('',#12140);
#5320=VERTEX_POINT('',#12144);
#5321=VERTEX_POINT('',#12148);
#5322=VERTEX_POINT('',#12152);
#5323=VERTEX_POINT('',#12156);
#5324=VERTEX_POINT('',#12160);
#5325=VERTEX_POINT('',#12164);
#5326=VERTEX_POINT('',#12168);
#5327=VERTEX_POINT('',#12172);
#5328=VERTEX_POINT('',#12176);
#5329=VERTEX_POINT('',#12180);
#5330=VERTEX_POINT('',#12184);
#5331=VERTEX_POINT('',#12188);
#5332=VERTEX_POINT('',#12192);
#5333=VERTEX_POINT('',#12196);
#5334=VERTEX_POINT('',#12200);
#5335=VERTEX_POINT('',#12204);
#5336=VERTEX_POINT('',#12208);
#5337=VERTEX_POINT('',#12212);
#5338=VERTEX_POINT('',#12216);
#5339=VERTEX_POINT('',#12220);
#5340=VERTEX_POINT('',#12224);
#5341=VERTEX_POINT('',#12228);
#5342=VERTEX_POINT('',#12232);
#5343=VERTEX_POINT('',#12240);
#5344=VERTEX_POINT('',#12242);
#5345=VERTEX_POINT('',#12244);
#5346=VERTEX_POINT('',#12247);
#5347=VERTEX_POINT('',#12249);
#5348=VERTEX_POINT('',#12251);
#5349=VERTEX_POINT('',#12261);
#5350=VERTEX_POINT('',#12262);
#5351=VERTEX_POINT('',#12267);
#5352=VERTEX_POINT('',#12269);
#5353=VERTEX_POINT('',#12274);
#5354=VERTEX_POINT('',#12279);
#5355=VERTEX_POINT('',#12286);
#5356=VERTEX_POINT('',#12287);
#5357=VERTEX_POINT('',#12289);
#5358=VERTEX_POINT('',#12294);
#5359=VERTEX_POINT('',#12299);
#5360=VERTEX_POINT('',#12301);
#5361=VERTEX_POINT('',#12308);
#5362=VERTEX_POINT('',#12309);
#5363=VERTEX_POINT('',#12314);
#5364=VERTEX_POINT('',#12319);
#5365=VERTEX_POINT('',#12321);
#5366=VERTEX_POINT('',#12326);
#5367=VERTEX_POINT('',#12333);
#5368=VERTEX_POINT('',#12334);
#5369=VERTEX_POINT('',#12339);
#5370=VERTEX_POINT('',#12344);
#5371=VERTEX_POINT('',#12346);
#5372=VERTEX_POINT('',#12351);
#5373=VERTEX_POINT('',#12358);
#5374=VERTEX_POINT('',#12359);
#5375=VERTEX_POINT('',#12364);
#5376=VERTEX_POINT('',#12369);
#5377=VERTEX_POINT('',#12371);
#5378=VERTEX_POINT('',#12376);
#5379=VERTEX_POINT('',#12383);
#5380=VERTEX_POINT('',#12384);
#5381=VERTEX_POINT('',#12389);
#5382=VERTEX_POINT('',#12394);
#5383=VERTEX_POINT('',#12396);
#5384=VERTEX_POINT('',#12401);
#5385=VERTEX_POINT('',#12408);
#5386=VERTEX_POINT('',#12410);
#5387=VERTEX_POINT('',#12412);
#5388=VERTEX_POINT('',#12414);
#5389=VERTEX_POINT('',#12416);
#5390=VERTEX_POINT('',#12425);
#5391=VERTEX_POINT('',#12427);
#5392=VERTEX_POINT('',#12437);
#5393=VERTEX_POINT('',#12441);
#5394=VERTEX_POINT('',#12444);
#5395=VERTEX_POINT('',#12447);
#5396=VERTEX_POINT('',#12449);
#5397=VERTEX_POINT('',#12451);
#5398=VERTEX_POINT('',#12453);
#5399=VERTEX_POINT('',#12455);
#5400=VERTEX_POINT('',#12458);
#5401=VERTEX_POINT('',#12461);
#5402=VERTEX_POINT('',#12464);
#5403=VERTEX_POINT('',#12467);
#5404=VERTEX_POINT('',#12470);
#5405=VERTEX_POINT('',#12473);
#5406=VERTEX_POINT('',#12476);
#5407=VERTEX_POINT('',#12480);
#5408=VERTEX_POINT('',#12485);
#5409=VERTEX_POINT('',#12489);
#5410=VERTEX_POINT('',#12494);
#5411=VERTEX_POINT('',#12496);
#5412=VERTEX_POINT('',#12503);
#5413=VERTEX_POINT('',#12512);
#5414=VERTEX_POINT('',#12517);
#5415=VERTEX_POINT('',#12519);
#5416=VERTEX_POINT('',#12524);
#5417=VERTEX_POINT('',#12528);
#5418=VERTEX_POINT('',#12538);
#5419=VERTEX_POINT('',#12544);
#5420=VERTEX_POINT('',#12549);
#5421=VERTEX_POINT('',#12551);
#5422=VERTEX_POINT('',#12556);
#5423=VERTEX_POINT('',#12560);
#5424=VERTEX_POINT('',#12570);
#5425=VERTEX_POINT('',#12576);
#5426=VERTEX_POINT('',#12581);
#5427=VERTEX_POINT('',#12583);
#5428=VERTEX_POINT('',#12588);
#5429=VERTEX_POINT('',#12592);
#5430=VERTEX_POINT('',#12602);
#5431=VERTEX_POINT('',#12608);
#5432=VERTEX_POINT('',#12613);
#5433=VERTEX_POINT('',#12617);
#5434=VERTEX_POINT('',#12622);
#5435=VERTEX_POINT('',#12624);
#5436=VERTEX_POINT('',#12631);
#5437=VERTEX_POINT('',#12640);
#5438=VERTEX_POINT('',#12645);
#5439=VERTEX_POINT('',#12647);
#5440=VERTEX_POINT('',#12652);
#5441=VERTEX_POINT('',#12656);
#5442=VERTEX_POINT('',#12666);
#5443=VERTEX_POINT('',#12672);
#5444=VERTEX_POINT('',#12675);
#5445=VERTEX_POINT('',#12678);
#5446=VERTEX_POINT('',#12681);
#5447=VERTEX_POINT('',#12684);
#5448=VERTEX_POINT('',#12686);
#5449=VERTEX_POINT('',#12696);
#5450=VERTEX_POINT('',#12699);
#5451=VERTEX_POINT('',#12702);
#5452=VERTEX_POINT('',#12705);
#5453=VERTEX_POINT('',#12709);
#5454=VERTEX_POINT('',#12713);
#5455=VERTEX_POINT('',#12717);
#5456=VERTEX_POINT('',#12721);
#5457=VERTEX_POINT('',#12726);
#5458=VERTEX_POINT('',#12728);
#5459=VERTEX_POINT('',#12731);
#5460=VERTEX_POINT('',#12733);
#5461=VERTEX_POINT('',#12739);
#5462=VERTEX_POINT('',#12741);
#5463=VERTEX_POINT('',#12744);
#5464=VERTEX_POINT('',#12747);
#5465=VERTEX_POINT('',#12748);
#5466=VERTEX_POINT('',#12750);
#5467=VERTEX_POINT('',#12752);
#5468=VERTEX_POINT('',#12756);
#5469=VERTEX_POINT('',#12758);
#5470=VERTEX_POINT('',#12762);
#5471=VERTEX_POINT('',#12764);
#5472=VERTEX_POINT('',#12768);
#5473=VERTEX_POINT('',#12770);
#5474=VERTEX_POINT('',#12774);
#5475=VERTEX_POINT('',#12776);
#5476=VERTEX_POINT('',#12783);
#5477=VERTEX_POINT('',#12787);
#5478=VERTEX_POINT('',#12793);
#5479=VERTEX_POINT('',#12794);
#5480=VERTEX_POINT('',#12796);
#5481=VERTEX_POINT('',#12798);
#5482=VERTEX_POINT('',#12800);
#5483=VERTEX_POINT('',#12802);
#5484=VERTEX_POINT('',#12804);
#5485=VERTEX_POINT('',#12806);
#5486=VERTEX_POINT('',#12812);
#5487=VERTEX_POINT('',#12816);
#5488=VERTEX_POINT('',#12821);
#5489=VERTEX_POINT('',#12823);
#5490=VERTEX_POINT('',#12825);
#5491=VERTEX_POINT('',#12831);
#5492=VERTEX_POINT('',#12833);
#5493=VERTEX_POINT('',#12835);
#5494=VERTEX_POINT('',#12837);
#5495=VERTEX_POINT('',#12839);
#5496=VERTEX_POINT('',#12843);
#5497=VERTEX_POINT('',#12844);
#5498=VERTEX_POINT('',#12846);
#5499=VERTEX_POINT('',#12848);
#5500=VERTEX_POINT('',#12850);
#5501=VERTEX_POINT('',#12852);
#5502=VERTEX_POINT('',#12854);
#5503=VERTEX_POINT('',#12856);
#5504=VERTEX_POINT('',#12862);
#5505=VERTEX_POINT('',#12866);
#5506=VERTEX_POINT('',#12871);
#5507=VERTEX_POINT('',#12873);
#5508=VERTEX_POINT('',#12875);
#5509=VERTEX_POINT('',#12881);
#5510=VERTEX_POINT('',#12883);
#5511=VERTEX_POINT('',#12885);
#5512=VERTEX_POINT('',#12887);
#5513=VERTEX_POINT('',#12889);
#5514=VERTEX_POINT('',#12933);
#5515=VERTEX_POINT('',#12968);
#5516=VERTEX_POINT('',#12971);
#5517=VERTEX_POINT('',#12974);
#5518=VERTEX_POINT('',#13009);
#5519=VERTEX_POINT('',#13011);
#5520=VERTEX_POINT('',#13023);
#5521=VERTEX_POINT('',#13024);
#5522=VERTEX_POINT('',#13026);
#5523=VERTEX_POINT('',#13028);
#5524=VERTEX_POINT('',#13030);
#5525=VERTEX_POINT('',#13032);
#5526=VERTEX_POINT('',#13034);
#5527=VERTEX_POINT('',#13036);
#5528=VERTEX_POINT('',#13038);
#5529=VERTEX_POINT('',#13040);
#5530=VERTEX_POINT('',#13042);
#5531=VERTEX_POINT('',#13044);
#5532=VERTEX_POINT('',#13046);
#5533=VERTEX_POINT('',#13048);
#5534=VERTEX_POINT('',#13050);
#5535=VERTEX_POINT('',#13052);
#5536=VERTEX_POINT('',#13054);
#5537=VERTEX_POINT('',#13056);
#5538=VERTEX_POINT('',#13058);
#5539=VERTEX_POINT('',#13060);
#5540=VERTEX_POINT('',#13062);
#5541=VERTEX_POINT('',#13064);
#5542=VERTEX_POINT('',#13066);
#5543=VERTEX_POINT('',#13068);
#5544=VERTEX_POINT('',#13071);
#5545=VERTEX_POINT('',#13072);
#5546=VERTEX_POINT('',#13074);
#5547=VERTEX_POINT('',#13076);
#5548=VERTEX_POINT('',#13078);
#5549=VERTEX_POINT('',#13080);
#5550=VERTEX_POINT('',#13082);
#5551=VERTEX_POINT('',#13084);
#5552=VERTEX_POINT('',#13087);
#5553=VERTEX_POINT('',#13088);
#5554=VERTEX_POINT('',#13090);
#5555=VERTEX_POINT('',#13092);
#5556=VERTEX_POINT('',#13094);
#5557=VERTEX_POINT('',#13096);
#5558=VERTEX_POINT('',#13098);
#5559=VERTEX_POINT('',#13100);
#5560=VERTEX_POINT('',#13102);
#5561=VERTEX_POINT('',#13104);
#5562=VERTEX_POINT('',#13106);
#5563=VERTEX_POINT('',#13108);
#5564=VERTEX_POINT('',#13110);
#5565=VERTEX_POINT('',#13112);
#5566=VERTEX_POINT('',#13114);
#5567=VERTEX_POINT('',#13116);
#5568=VERTEX_POINT('',#13118);
#5569=VERTEX_POINT('',#13120);
#5570=VERTEX_POINT('',#13122);
#5571=VERTEX_POINT('',#13124);
#5572=VERTEX_POINT('',#13126);
#5573=VERTEX_POINT('',#13128);
#5574=VERTEX_POINT('',#13130);
#5575=VERTEX_POINT('',#13132);
#5576=VERTEX_POINT('',#13135);
#5577=VERTEX_POINT('',#13136);
#5578=VERTEX_POINT('',#13138);
#5579=VERTEX_POINT('',#13140);
#5580=VERTEX_POINT('',#13144);
#5581=VERTEX_POINT('',#13145);
#5582=VERTEX_POINT('',#13147);
#5583=VERTEX_POINT('',#13149);
#5584=VERTEX_POINT('',#13151);
#5585=VERTEX_POINT('',#13153);
#5586=VERTEX_POINT('',#13155);
#5587=VERTEX_POINT('',#13157);
#5588=VERTEX_POINT('',#13159);
#5589=VERTEX_POINT('',#13161);
#5590=VERTEX_POINT('',#13163);
#5591=VERTEX_POINT('',#13165);
#5592=VERTEX_POINT('',#13167);
#5593=VERTEX_POINT('',#13169);
#5594=VERTEX_POINT('',#13171);
#5595=VERTEX_POINT('',#13173);
#5596=VERTEX_POINT('',#13175);
#5597=VERTEX_POINT('',#13177);
#5598=VERTEX_POINT('',#13179);
#5599=VERTEX_POINT('',#13181);
#5600=VERTEX_POINT('',#13183);
#5601=VERTEX_POINT('',#13185);
#5602=VERTEX_POINT('',#13187);
#5603=VERTEX_POINT('',#13189);
#5604=VERTEX_POINT('',#13192);
#5605=VERTEX_POINT('',#13193);
#5606=VERTEX_POINT('',#13195);
#5607=VERTEX_POINT('',#13197);
#5608=VERTEX_POINT('',#13199);
#5609=VERTEX_POINT('',#13201);
#5610=VERTEX_POINT('',#13203);
#5611=VERTEX_POINT('',#13205);
#5612=VERTEX_POINT('',#13207);
#5613=VERTEX_POINT('',#13209);
#5614=VERTEX_POINT('',#13211);
#5615=VERTEX_POINT('',#13213);
#5616=VERTEX_POINT('',#13215);
#5617=VERTEX_POINT('',#13217);
#5618=VERTEX_POINT('',#13219);
#5619=VERTEX_POINT('',#13221);
#5620=VERTEX_POINT('',#13223);
#5621=VERTEX_POINT('',#13225);
#5622=VERTEX_POINT('',#13227);
#5623=VERTEX_POINT('',#13229);
#5624=VERTEX_POINT('',#13231);
#5625=VERTEX_POINT('',#13233);
#5626=VERTEX_POINT('',#13235);
#5627=VERTEX_POINT('',#13237);
#5628=VERTEX_POINT('',#13240);
#5629=VERTEX_POINT('',#13241);
#5630=VERTEX_POINT('',#13243);
#5631=VERTEX_POINT('',#13245);
#5632=VERTEX_POINT('',#13247);
#5633=VERTEX_POINT('',#13249);
#5634=VERTEX_POINT('',#13251);
#5635=VERTEX_POINT('',#13253);
#5636=VERTEX_POINT('',#13255);
#5637=VERTEX_POINT('',#13257);
#5638=VERTEX_POINT('',#13259);
#5639=VERTEX_POINT('',#13261);
#5640=VERTEX_POINT('',#13263);
#5641=VERTEX_POINT('',#13265);
#5642=VERTEX_POINT('',#13267);
#5643=VERTEX_POINT('',#13269);
#5644=VERTEX_POINT('',#13271);
#5645=VERTEX_POINT('',#13273);
#5646=VERTEX_POINT('',#13275);
#5647=VERTEX_POINT('',#13277);
#5648=VERTEX_POINT('',#13279);
#5649=VERTEX_POINT('',#13281);
#5650=VERTEX_POINT('',#13283);
#5651=VERTEX_POINT('',#13285);
#5652=VERTEX_POINT('',#13288);
#5653=VERTEX_POINT('',#13290);
#5654=VERTEX_POINT('',#13292);
#5655=VERTEX_POINT('',#13294);
#5656=VERTEX_POINT('',#13296);
#5657=VERTEX_POINT('',#13298);
#5658=VERTEX_POINT('',#13300);
#5659=VERTEX_POINT('',#13302);
#5660=VERTEX_POINT('',#13304);
#5661=VERTEX_POINT('',#13305);
#5662=VERTEX_POINT('',#13307);
#5663=VERTEX_POINT('',#13309);
#5664=VERTEX_POINT('',#13313);
#5665=VERTEX_POINT('',#13314);
#5666=VERTEX_POINT('',#13316);
#5667=VERTEX_POINT('',#13318);
#5668=VERTEX_POINT('',#13320);
#5669=VERTEX_POINT('',#13322);
#5670=VERTEX_POINT('',#13324);
#5671=VERTEX_POINT('',#13326);
#5672=VERTEX_POINT('',#13328);
#5673=VERTEX_POINT('',#13330);
#5674=VERTEX_POINT('',#13332);
#5675=VERTEX_POINT('',#13334);
#5676=VERTEX_POINT('',#13336);
#5677=VERTEX_POINT('',#13338);
#5678=VERTEX_POINT('',#13340);
#5679=VERTEX_POINT('',#13342);
#5680=VERTEX_POINT('',#13344);
#5681=VERTEX_POINT('',#13346);
#5682=VERTEX_POINT('',#13348);
#5683=VERTEX_POINT('',#13350);
#5684=VERTEX_POINT('',#13352);
#5685=VERTEX_POINT('',#13354);
#5686=VERTEX_POINT('',#13356);
#5687=VERTEX_POINT('',#13358);
#5688=VERTEX_POINT('',#13361);
#5689=VERTEX_POINT('',#13363);
#5690=VERTEX_POINT('',#13365);
#5691=VERTEX_POINT('',#13367);
#5692=VERTEX_POINT('',#13369);
#5693=VERTEX_POINT('',#13371);
#5694=VERTEX_POINT('',#13373);
#5695=VERTEX_POINT('',#13375);
#5696=VERTEX_POINT('',#13377);
#5697=VERTEX_POINT('',#13378);
#5698=VERTEX_POINT('',#13380);
#5699=VERTEX_POINT('',#13382);
#5700=VERTEX_POINT('',#13384);
#5701=VERTEX_POINT('',#13386);
#5702=VERTEX_POINT('',#13388);
#5703=VERTEX_POINT('',#13390);
#5704=VERTEX_POINT('',#13573);
#5705=VERTEX_POINT('',#13574);
#5706=VERTEX_POINT('',#13580);
#5707=VERTEX_POINT('',#13582);
#5708=VERTEX_POINT('',#13586);
#5709=VERTEX_POINT('',#13587);
#5710=VERTEX_POINT('',#13589);
#5711=VERTEX_POINT('',#13591);
#5712=VERTEX_POINT('',#13593);
#5713=VERTEX_POINT('',#13595);
#5714=VERTEX_POINT('',#13598);
#5715=VERTEX_POINT('',#13599);
#5716=VERTEX_POINT('',#13601);
#5717=VERTEX_POINT('',#13603);
#5718=VERTEX_POINT('',#13605);
#5719=VERTEX_POINT('',#13607);
#5720=VERTEX_POINT('',#13610);
#5721=VERTEX_POINT('',#13611);
#5722=VERTEX_POINT('',#13613);
#5723=VERTEX_POINT('',#13615);
#5724=VERTEX_POINT('',#13617);
#5725=VERTEX_POINT('',#13619);
#5726=VERTEX_POINT('',#13622);
#5727=VERTEX_POINT('',#13623);
#5728=VERTEX_POINT('',#13625);
#5729=VERTEX_POINT('',#13627);
#5730=VERTEX_POINT('',#13629);
#5731=VERTEX_POINT('',#13631);
#5732=VERTEX_POINT('',#13634);
#5733=VERTEX_POINT('',#13635);
#5734=VERTEX_POINT('',#13637);
#5735=VERTEX_POINT('',#13639);
#5736=VERTEX_POINT('',#13641);
#5737=VERTEX_POINT('',#13643);
#5738=VERTEX_POINT('',#13646);
#5739=VERTEX_POINT('',#13647);
#5740=VERTEX_POINT('',#13649);
#5741=VERTEX_POINT('',#13651);
#5742=VERTEX_POINT('',#13653);
#5743=VERTEX_POINT('',#13655);
#5744=VERTEX_POINT('',#13658);
#5745=VERTEX_POINT('',#13659);
#5746=VERTEX_POINT('',#13661);
#5747=VERTEX_POINT('',#13663);
#5748=VERTEX_POINT('',#13665);
#5749=VERTEX_POINT('',#13667);
#5750=VERTEX_POINT('',#13670);
#5751=VERTEX_POINT('',#13671);
#5752=VERTEX_POINT('',#13673);
#5753=VERTEX_POINT('',#13675);
#5754=VERTEX_POINT('',#13677);
#5755=VERTEX_POINT('',#13679);
#5756=VERTEX_POINT('',#13682);
#5757=VERTEX_POINT('',#13683);
#5758=VERTEX_POINT('',#13685);
#5759=VERTEX_POINT('',#13687);
#5760=VERTEX_POINT('',#13689);
#5761=VERTEX_POINT('',#13692);
#5762=VERTEX_POINT('',#13693);
#5763=VERTEX_POINT('',#13695);
#5764=VERTEX_POINT('',#13697);
#5765=VERTEX_POINT('',#13699);
#5766=VERTEX_POINT('',#13701);
#5767=VERTEX_POINT('',#13703);
#5768=VERTEX_POINT('',#13705);
#5769=VERTEX_POINT('',#13707);
#5770=VERTEX_POINT('',#13709);
#5771=VERTEX_POINT('',#13711);
#5772=VERTEX_POINT('',#13713);
#5773=VERTEX_POINT('',#13715);
#5774=VERTEX_POINT('',#13717);
#5775=VERTEX_POINT('',#13719);
#5776=VERTEX_POINT('',#13721);
#5777=VERTEX_POINT('',#13725);
#5778=VERTEX_POINT('',#13726);
#5779=VERTEX_POINT('',#13729);
#5780=VERTEX_POINT('',#13731);
#5781=VERTEX_POINT('',#13733);
#5782=VERTEX_POINT('',#13735);
#5783=VERTEX_POINT('',#13739);
#5784=VERTEX_POINT('',#13741);
#5785=VERTEX_POINT('',#13743);
#5786=VERTEX_POINT('',#13745);
#5787=VERTEX_POINT('',#13748);
#5788=VERTEX_POINT('',#13749);
#5789=VERTEX_POINT('',#13751);
#5790=VERTEX_POINT('',#13753);
#5791=VERTEX_POINT('',#13755);
#5792=VERTEX_POINT('',#13757);
#5793=VERTEX_POINT('',#13760);
#5794=VERTEX_POINT('',#13761);
#5795=VERTEX_POINT('',#13763);
#5796=VERTEX_POINT('',#13765);
#5797=VERTEX_POINT('',#13767);
#5798=VERTEX_POINT('',#13769);
#5799=VERTEX_POINT('',#13772);
#5800=VERTEX_POINT('',#13773);
#5801=VERTEX_POINT('',#13775);
#5802=VERTEX_POINT('',#13777);
#5803=VERTEX_POINT('',#13779);
#5804=VERTEX_POINT('',#13781);
#5805=VERTEX_POINT('',#13784);
#5806=VERTEX_POINT('',#13785);
#5807=VERTEX_POINT('',#13787);
#5808=VERTEX_POINT('',#13789);
#5809=VERTEX_POINT('',#13791);
#5810=VERTEX_POINT('',#13793);
#5811=VERTEX_POINT('',#13796);
#5812=VERTEX_POINT('',#13797);
#5813=VERTEX_POINT('',#13800);
#5814=VERTEX_POINT('',#13802);
#5815=VERTEX_POINT('',#13804);
#5816=VERTEX_POINT('',#13806);
#5817=VERTEX_POINT('',#13808);
#5818=VERTEX_POINT('',#13810);
#5819=VERTEX_POINT('',#13812);
#5820=VERTEX_POINT('',#13814);
#5821=VERTEX_POINT('',#13816);
#5822=VERTEX_POINT('',#13818);
#5823=VERTEX_POINT('',#13820);
#5824=VERTEX_POINT('',#13822);
#5825=VERTEX_POINT('',#13824);
#5826=VERTEX_POINT('',#13826);
#5827=VERTEX_POINT('',#13828);
#5828=VERTEX_POINT('',#13830);
#5829=VERTEX_POINT('',#13832);
#5830=VERTEX_POINT('',#13834);
#5831=VERTEX_POINT('',#13836);
#5832=VERTEX_POINT('',#13838);
#5833=VERTEX_POINT('',#13840);
#5834=VERTEX_POINT('',#13842);
#5835=VERTEX_POINT('',#13844);
#5836=VERTEX_POINT('',#13846);
#5837=VERTEX_POINT('',#13848);
#5838=VERTEX_POINT('',#13850);
#5839=VERTEX_POINT('',#13854);
#5840=VERTEX_POINT('',#13856);
#5841=VERTEX_POINT('',#13858);
#5842=VERTEX_POINT('',#13860);
#5843=VERTEX_POINT('',#13863);
#5844=VERTEX_POINT('',#13867);
#5845=VERTEX_POINT('',#13868);
#5846=VERTEX_POINT('',#13870);
#5847=VERTEX_POINT('',#13872);
#5848=VERTEX_POINT('',#13876);
#5849=VERTEX_POINT('',#13878);
#5850=VERTEX_POINT('',#13881);
#5851=VERTEX_POINT('',#13883);
#5852=VERTEX_POINT('',#13886);
#5853=VERTEX_POINT('',#13888);
#5854=VERTEX_POINT('',#13891);
#5855=VERTEX_POINT('',#13893);
#5856=VERTEX_POINT('',#13897);
#5857=VERTEX_POINT('',#13899);
#5858=VERTEX_POINT('',#13902);
#5859=VERTEX_POINT('',#13903);
#5860=VERTEX_POINT('',#13905);
#5861=VERTEX_POINT('',#13907);
#5862=VERTEX_POINT('',#13911);
#5863=VERTEX_POINT('',#13913);
#5864=VERTEX_POINT('',#13917);
#5865=VERTEX_POINT('',#13918);
#5866=VERTEX_POINT('',#13920);
#5867=VERTEX_POINT('',#13922);
#5868=VERTEX_POINT('',#13924);
#5869=VERTEX_POINT('',#13931);
#5870=VERTEX_POINT('',#13932);
#5871=VERTEX_POINT('',#13934);
#5872=VERTEX_POINT('',#13936);
#5873=VERTEX_POINT('',#13938);
#5874=VERTEX_POINT('',#13957);
#5875=VERTEX_POINT('',#13959);
#5876=VERTEX_POINT('',#13969);
#5877=VERTEX_POINT('',#13974);
#5878=VERTEX_POINT('',#13976);
#5879=VERTEX_POINT('',#13980);
#5880=VERTEX_POINT('',#13982);
#5881=VERTEX_POINT('',#13999);
#5882=VERTEX_POINT('',#14000);
#5883=VERTEX_POINT('',#14002);
#5884=VERTEX_POINT('',#14014);
#5885=VERTEX_POINT('',#14017);
#5886=VERTEX_POINT('',#14019);
#5887=VERTEX_POINT('',#14022);
#5888=VERTEX_POINT('',#14023);
#5889=VERTEX_POINT('',#14035);
#5890=VERTEX_POINT('',#14037);
#5891=VERTEX_POINT('',#14050);
#5892=VERTEX_POINT('',#14052);
#5893=VERTEX_POINT('',#14055);
#5894=VERTEX_POINT('',#14057);
#5895=VERTEX_POINT('',#14060);
#5896=VERTEX_POINT('',#14120);
#5897=VERTEX_POINT('',#14125);
#5898=VERTEX_POINT('',#14182);
#5899=VERTEX_POINT('',#14184);
#5900=VERTEX_POINT('',#14191);
#5901=VERTEX_POINT('',#14194);
#5902=VERTEX_POINT('',#14201);
#5903=VERTEX_POINT('',#14205);
#5904=VERTEX_POINT('',#14222);
#5905=VERTEX_POINT('',#14223);
#5906=VERTEX_POINT('',#14225);
#5907=VERTEX_POINT('',#14227);
#5908=VERTEX_POINT('',#14231);
#5909=VERTEX_POINT('',#14233);
#5910=VERTEX_POINT('',#14237);
#5911=VERTEX_POINT('',#14239);
#5912=VERTEX_POINT('',#14250);
#5913=VERTEX_POINT('',#14252);
#5914=VERTEX_POINT('',#14255);
#5915=VERTEX_POINT('',#14258);
#5916=VERTEX_POINT('',#14261);
#5917=VERTEX_POINT('',#14263);
#5918=VERTEX_POINT('',#14266);
#5919=VERTEX_POINT('',#14269);
#5920=VERTEX_POINT('',#14272);
#5921=VERTEX_POINT('',#14274);
#5922=VERTEX_POINT('',#14277);
#5923=VERTEX_POINT('',#14280);
#5924=VERTEX_POINT('',#14283);
#5925=VERTEX_POINT('',#14284);
#5926=VERTEX_POINT('',#14286);
#5927=VERTEX_POINT('',#14288);
#5928=VERTEX_POINT('',#14290);
#5929=VERTEX_POINT('',#14292);
#5930=VERTEX_POINT('',#14294);
#5931=VERTEX_POINT('',#14296);
#5932=VERTEX_POINT('',#14298);
#5933=VERTEX_POINT('',#14300);
#5934=VERTEX_POINT('',#14302);
#5935=VERTEX_POINT('',#14304);
#5936=VERTEX_POINT('',#14306);
#5937=VERTEX_POINT('',#14308);
#5938=VERTEX_POINT('',#14310);
#5939=VERTEX_POINT('',#14312);
#5940=VERTEX_POINT('',#14315);
#5941=VERTEX_POINT('',#14317);
#5942=VERTEX_POINT('',#14319);
#5943=VERTEX_POINT('',#14321);
#5944=VERTEX_POINT('',#14323);
#5945=VERTEX_POINT('',#14325);
#5946=VERTEX_POINT('',#14327);
#5947=VERTEX_POINT('',#14329);
#5948=VERTEX_POINT('',#14331);
#5949=VERTEX_POINT('',#14332);
#5950=VERTEX_POINT('',#14334);
#5951=VERTEX_POINT('',#14336);
#5952=VERTEX_POINT('',#14338);
#5953=VERTEX_POINT('',#14340);
#5954=VERTEX_POINT('',#14342);
#5955=VERTEX_POINT('',#14344);
#5956=VERTEX_POINT('',#14348);
#5957=VERTEX_POINT('',#14349);
#5958=VERTEX_POINT('',#14354);
#5959=VERTEX_POINT('',#14358);
#5960=VERTEX_POINT('',#14362);
#5961=VERTEX_POINT('',#14366);
#5962=VERTEX_POINT('',#14370);
#5963=VERTEX_POINT('',#14374);
#5964=VERTEX_POINT('',#14378);
#5965=VERTEX_POINT('',#14382);
#5966=VERTEX_POINT('',#14386);
#5967=VERTEX_POINT('',#14390);
#5968=VERTEX_POINT('',#14394);
#5969=VERTEX_POINT('',#14398);
#5970=VERTEX_POINT('',#14402);
#5971=VERTEX_POINT('',#14406);
#5972=VERTEX_POINT('',#14410);
#5973=VERTEX_POINT('',#14413);
#5974=VERTEX_POINT('',#14416);
#5975=VERTEX_POINT('',#14419);
#5976=VERTEX_POINT('',#14422);
#5977=VERTEX_POINT('',#14425);
#5978=VERTEX_POINT('',#14428);
#5979=VERTEX_POINT('',#14433);
#5980=VERTEX_POINT('',#14436);
#5981=VERTEX_POINT('',#14439);
#5982=VERTEX_POINT('',#14441);
#5983=VERTEX_POINT('',#14443);
#5984=VERTEX_POINT('',#14445);
#5985=VERTEX_POINT('',#14447);
#5986=VERTEX_POINT('',#14449);
#5987=VERTEX_POINT('',#14453);
#5988=VERTEX_POINT('',#14457);
#5989=VERTEX_POINT('',#14459);
#5990=VERTEX_POINT('',#14461);
#5991=VERTEX_POINT('',#14463);
#5992=VERTEX_POINT('',#14465);
#5993=VERTEX_POINT('',#14469);
#5994=VERTEX_POINT('',#14473);
#5995=VERTEX_POINT('',#14475);
#5996=VERTEX_POINT('',#14477);
#5997=VERTEX_POINT('',#14479);
#5998=VERTEX_POINT('',#14481);
#5999=VERTEX_POINT('',#14485);
#6000=VERTEX_POINT('',#14489);
#6001=VERTEX_POINT('',#14491);
#6002=VERTEX_POINT('',#14493);
#6003=VERTEX_POINT('',#14495);
#6004=VERTEX_POINT('',#14497);
#6005=VERTEX_POINT('',#14503);
#6006=VERTEX_POINT('',#14505);
#6007=VERTEX_POINT('',#14507);
#6008=VERTEX_POINT('',#14509);
#6009=VERTEX_POINT('',#14511);
#6010=VERTEX_POINT('',#14513);
#6011=VERTEX_POINT('',#14515);
#6012=VERTEX_POINT('',#14517);
#6013=VERTEX_POINT('',#14520);
#6014=VERTEX_POINT('',#14522);
#6015=VERTEX_POINT('',#14524);
#6016=VERTEX_POINT('',#14526);
#6017=VERTEX_POINT('',#14528);
#6018=VERTEX_POINT('',#14530);
#6019=VERTEX_POINT('',#14533);
#6020=VERTEX_POINT('',#14535);
#6021=VERTEX_POINT('',#14537);
#6022=VERTEX_POINT('',#14539);
#6023=VERTEX_POINT('',#14541);
#6024=VERTEX_POINT('',#14543);
#6025=VERTEX_POINT('',#14546);
#6026=VERTEX_POINT('',#14548);
#6027=VERTEX_POINT('',#14550);
#6028=VERTEX_POINT('',#14552);
#6029=VERTEX_POINT('',#14554);
#6030=VERTEX_POINT('',#14558);
#6031=VERTEX_POINT('',#14562);
#6032=VERTEX_POINT('',#14566);
#6033=VERTEX_POINT('',#14570);
#6034=VERTEX_POINT('',#14574);
#6035=VERTEX_POINT('',#14578);
#6036=VERTEX_POINT('',#14585);
#6037=VERTEX_POINT('',#14589);
#6038=VERTEX_POINT('',#14593);
#6039=VERTEX_POINT('',#14597);
#6040=VERTEX_POINT('',#14601);
#6041=VERTEX_POINT('',#14605);
#6042=VERTEX_POINT('',#14612);
#6043=VERTEX_POINT('',#14616);
#6044=VERTEX_POINT('',#14620);
#6045=VERTEX_POINT('',#14624);
#6046=VERTEX_POINT('',#14628);
#6047=VERTEX_POINT('',#14632);
#6048=VERTEX_POINT('',#14639);
#6049=VERTEX_POINT('',#14643);
#6050=VERTEX_POINT('',#14647);
#6051=VERTEX_POINT('',#14651);
#6052=VERTEX_POINT('',#14655);
#6053=VERTEX_POINT('',#14659);
#6054=VERTEX_POINT('',#14666);
#6055=VERTEX_POINT('',#14669);
#6056=CIRCLE('',#8589,0.0012);
#6057=CIRCLE('',#8590,0.0012);
#6058=CIRCLE('',#8591,0.0012);
#6059=CIRCLE('',#8592,0.0012);
#6060=CIRCLE('',#8593,0.008);
#6061=CIRCLE('',#8595,0.008);
#6062=CIRCLE('',#8597,0.002);
#6063=CIRCLE('',#8598,0.002);
#6064=CIRCLE('',#8599,0.002);
#6065=CIRCLE('',#8600,0.002);
#6066=CIRCLE('',#8601,0.002);
#6067=CIRCLE('',#8603,0.002);
#6068=CIRCLE('',#8606,0.0012);
#6069=CIRCLE('',#8608,0.002);
#6070=CIRCLE('',#8611,0.0012);
#6071=CIRCLE('',#8613,0.002);
#6072=CIRCLE('',#8616,0.0012);
#6073=CIRCLE('',#8618,0.002);
#6074=CIRCLE('',#8621,0.0012);
#6075=CIRCLE('',#8623,0.002);
#6076=CIRCLE('',#8628,0.002);
#6077=CIRCLE('',#8629,0.002);
#6078=CIRCLE('',#8632,0.002);
#6079=CIRCLE('',#8633,0.002);
#6080=CIRCLE('',#8636,0.002);
#6081=CIRCLE('',#8637,0.002);
#6082=CIRCLE('',#8639,0.000199999999999997);
#6083=CIRCLE('',#8640,0.000199999999999997);
#6084=CIRCLE('',#8641,0.000199999999999998);
#6085=CIRCLE('',#8642,0.0002);
#6086=CIRCLE('',#8643,0.0002);
#6087=CIRCLE('',#8644,0.0002);
#6088=CIRCLE('',#8645,9.9999999999997E-5);
#6089=CIRCLE('',#8646,0.0001);
#6090=CIRCLE('',#8647,0.0003);
#6091=CIRCLE('',#8648,0.000100000000000002);
#6092=CIRCLE('',#8649,9.9999999999997E-5);
#6093=CIRCLE('',#8650,0.000299999999999997);
#6094=CIRCLE('',#8652,0.0015);
#6095=CIRCLE('',#8653,0.0015);
#6096=CIRCLE('',#8655,0.0015);
#6097=CIRCLE('',#8656,0.0015);
#6098=CIRCLE('',#8658,0.0015);
#6099=CIRCLE('',#8659,0.0015);
#6100=CIRCLE('',#8661,0.0015);
#6101=CIRCLE('',#8662,0.0015);
#6102=CIRCLE('',#8664,0.002);
#6103=CIRCLE('',#8665,0.002);
#6104=CIRCLE('',#8670,9.9999999999997E-5);
#6105=CIRCLE('',#8675,0.0001);
#6106=CIRCLE('',#8678,0.0003);
#6107=CIRCLE('',#8681,0.000100000000000002);
#6108=CIRCLE('',#8684,9.9999999999997E-5);
#6109=CIRCLE('',#8689,0.000199999999999997);
#6110=CIRCLE('',#8692,0.000199999999999997);
#6111=CIRCLE('',#8695,0.000199999999999998);
#6112=CIRCLE('',#8698,0.0002);
#6113=CIRCLE('',#8701,0.0002);
#6114=CIRCLE('',#8704,0.0002);
#6115=CIRCLE('',#8706,0.000299999999999997);
#6116=CIRCLE('',#8708,0.00025);
#6117=CIRCLE('',#8709,0.00025);
#6118=CIRCLE('',#8710,0.00025);
#6119=CIRCLE('',#8712,0.00025);
#6120=CIRCLE('',#8713,0.00025);
#6121=CIRCLE('',#8714,0.00025);
#6122=CIRCLE('',#8720,0.0075);
#6123=CIRCLE('',#8721,0.0115);
#6124=CIRCLE('',#8723,0.0115);
#6125=CIRCLE('',#8724,0.0075);
#6126=CIRCLE('',#8726,0.0075);
#6127=CIRCLE('',#8727,0.0115);
#6128=CIRCLE('',#8729,0.0075);
#6129=CIRCLE('',#8730,0.0115);
#6130=CIRCLE('',#8732,0.0075);
#6131=CIRCLE('',#8733,0.0115);
#6132=CIRCLE('',#8735,0.0075);
#6133=CIRCLE('',#8736,0.0115);
#6134=CIRCLE('',#8738,0.001);
#6135=CIRCLE('',#8739,0.001);
#6136=CIRCLE('',#8740,0.001);
#6137=CIRCLE('',#8741,0.001);
#6138=CIRCLE('',#8742,0.001);
#6139=CIRCLE('',#8743,0.003);
#6140=CIRCLE('',#8744,0.003);
#6141=CIRCLE('',#8745,0.003);
#6142=CIRCLE('',#8746,0.003);
#6143=CIRCLE('',#8747,0.003);
#6144=CIRCLE('',#8748,0.003);
#6145=CIRCLE('',#8750,0.0115);
#6146=CIRCLE('',#8751,0.0095);
#6147=CIRCLE('',#8753,0.0115);
#6148=CIRCLE('',#8754,0.0115);
#6149=CIRCLE('',#8755,0.0115);
#6150=CIRCLE('',#8756,0.0115);
#6151=CIRCLE('',#8757,0.0115);
#6152=CIRCLE('',#8758,0.0115);
#6153=CIRCLE('',#8760,0.001);
#6154=CIRCLE('',#8763,0.001);
#6155=CIRCLE('',#8765,0.001);
#6156=CIRCLE('',#8767,0.001);
#6157=CIRCLE('',#8768,0.001);
#6158=CIRCLE('',#8769,0.001);
#6159=CIRCLE('',#8770,0.001);
#6160=CIRCLE('',#8771,0.0095);
#6161=CIRCLE('',#8773,0.0115);
#6162=CIRCLE('',#8775,0.0115);
#6163=CIRCLE('',#8777,0.011);
#6164=CIRCLE('',#8779,0.011);
#6165=CIRCLE('',#8781,0.0115);
#6166=CIRCLE('',#8783,0.0115);
#6167=CIRCLE('',#8785,0.0095);
#6168=CIRCLE('',#8789,0.003);
#6169=CIRCLE('',#8792,0.0100857864376269);
#6170=CIRCLE('',#8794,0.003);
#6171=CIRCLE('',#8798,0.0100857864376269);
#6172=CIRCLE('',#8800,0.003);
#6173=CIRCLE('',#8804,0.0100857864376269);
#6174=CIRCLE('',#8806,0.003);
#6175=CIRCLE('',#8810,0.0100857864376269);
#6176=CIRCLE('',#8813,0.003);
#6177=CIRCLE('',#8816,0.0100857864376269);
#6178=CIRCLE('',#8818,0.003);
#6179=CIRCLE('',#8822,0.0100857864376269);
#6180=CIRCLE('',#8824,0.001);
#6181=CIRCLE('',#8826,0.001);
#6182=CIRCLE('',#8828,0.001);
#6183=CIRCLE('',#8830,0.001);
#6184=CIRCLE('',#8832,0.002);
#6185=CIRCLE('',#8833,0.002);
#6186=CIRCLE('',#8835,0.0070857864376269);
#6187=CIRCLE('',#8836,0.0070857864376269);
#6188=CIRCLE('',#8837,0.0070857864376269);
#6189=CIRCLE('',#8838,0.0070857864376269);
#6190=CIRCLE('',#8839,0.0070857864376269);
#6191=CIRCLE('',#8840,0.0070857864376269);
#6192=CIRCLE('',#8842,0.0105);
#6193=CIRCLE('',#8844,0.0105);
#6194=CIRCLE('',#8846,0.001);
#6195=CIRCLE('',#8848,0.001);
#6196=CIRCLE('',#8851,0.001);
#6197=CIRCLE('',#8854,0.001);
#6198=CIRCLE('',#8857,0.001);
#6199=CIRCLE('',#8860,0.001);
#6200=CIRCLE('',#8864,0.0015);
#6201=CIRCLE('',#8865,0.0015);
#6202=CIRCLE('',#8867,0.0025);
#6203=CIRCLE('',#8868,0.0025);
#6204=CIRCLE('',#8873,0.00125);
#6205=CIRCLE('',#8874,0.00125);
#6206=CIRCLE('',#8876,0.00095);
#6207=CIRCLE('',#8884,0.00125);
#6208=CIRCLE('',#8887,0.00125);
#6209=CIRCLE('',#8893,0.003);
#6210=CIRCLE('',#8894,0.005);
#6211=CIRCLE('',#8900,0.005);
#6212=CIRCLE('',#8901,0.003);
#6213=CIRCLE('',#8904,0.003);
#6214=CIRCLE('',#8905,0.005);
#6215=CIRCLE('',#8911,0.005);
#6216=CIRCLE('',#8912,0.003);
#6217=CIRCLE('',#8916,0.00575);
#6218=CIRCLE('',#8923,0.00575);
#6219=CIRCLE('',#8925,0.0035);
#6220=CIRCLE('',#8927,0.0035);
#6221=CIRCLE('',#8934,0.0025);
#6222=CIRCLE('',#8935,0.0025);
#6223=CIRCLE('',#8946,0.0008);
#6224=CIRCLE('',#8947,0.0008);
#6225=CIRCLE('',#8948,0.0008);
#6226=CIRCLE('',#8949,0.0008);
#6227=CIRCLE('',#8950,0.0008);
#6228=CIRCLE('',#8951,0.0008);
#6229=CIRCLE('',#8952,0.0008);
#6230=CIRCLE('',#8953,0.0008);
#6231=CIRCLE('',#8954,0.0008);
#6232=CIRCLE('',#8955,0.0008);
#6233=CIRCLE('',#8956,0.0008);
#6234=CIRCLE('',#8957,0.0008);
#6235=CIRCLE('',#8958,0.0008);
#6236=CIRCLE('',#8959,0.0008);
#6237=CIRCLE('',#8960,0.0008);
#6238=CIRCLE('',#8961,0.0008);
#6239=CIRCLE('',#8962,0.0008);
#6240=CIRCLE('',#8963,0.0008);
#6241=CIRCLE('',#8964,0.0008);
#6242=CIRCLE('',#8965,0.0008);
#6243=CIRCLE('',#8966,0.0008);
#6244=CIRCLE('',#8967,0.0008);
#6245=CIRCLE('',#8968,0.0008);
#6246=CIRCLE('',#8969,0.0008);
#6247=CIRCLE('',#8971,0.0008);
#6248=CIRCLE('',#8972,0.0008);
#6249=CIRCLE('',#8973,0.0008);
#6250=CIRCLE('',#8974,0.0008);
#6251=CIRCLE('',#8975,0.0008);
#6252=CIRCLE('',#8976,0.0008);
#6253=CIRCLE('',#8977,0.0008);
#6254=CIRCLE('',#8978,0.0008);
#6255=CIRCLE('',#8979,0.0008);
#6256=CIRCLE('',#8980,0.0008);
#6257=CIRCLE('',#8981,0.0008);
#6258=CIRCLE('',#8982,0.0008);
#6259=CIRCLE('',#8983,0.0008);
#6260=CIRCLE('',#8984,0.0008);
#6261=CIRCLE('',#8985,0.0008);
#6262=CIRCLE('',#8986,0.0008);
#6263=CIRCLE('',#8987,0.0008);
#6264=CIRCLE('',#8988,0.0008);
#6265=CIRCLE('',#8989,0.0008);
#6266=CIRCLE('',#8990,0.0008);
#6267=CIRCLE('',#8991,0.0008);
#6268=CIRCLE('',#8992,0.0008);
#6269=CIRCLE('',#8993,0.0008);
#6270=CIRCLE('',#8994,0.0008);
#6271=CIRCLE('',#8995,0.03);
#6272=CIRCLE('',#8996,0.03);
#6273=CIRCLE('',#8997,0.03);
#6274=CIRCLE('',#8998,0.03);
#6275=CIRCLE('',#8999,0.03);
#6276=CIRCLE('',#9000,0.03);
#6277=CIRCLE('',#9001,0.03);
#6278=CIRCLE('',#9002,0.03);
#6279=CIRCLE('',#9003,0.0016);
#6280=CIRCLE('',#9004,0.0016);
#6281=CIRCLE('',#9005,0.0016);
#6282=CIRCLE('',#9006,0.0016);
#6283=CIRCLE('',#9007,0.0016);
#6284=CIRCLE('',#9008,0.0016);
#6285=CIRCLE('',#9009,0.0016);
#6286=CIRCLE('',#9010,0.0016);
#6287=CIRCLE('',#9012,0.03);
#6288=CIRCLE('',#9013,0.03);
#6289=CIRCLE('',#9014,0.03);
#6290=CIRCLE('',#9015,0.03);
#6291=CIRCLE('',#9016,0.03);
#6292=CIRCLE('',#9017,0.03);
#6293=CIRCLE('',#9018,0.03);
#6294=CIRCLE('',#9019,0.03);
#6295=CIRCLE('',#9020,0.0016);
#6296=CIRCLE('',#9021,0.0016);
#6297=CIRCLE('',#9022,0.0016);
#6298=CIRCLE('',#9023,0.0016);
#6299=CIRCLE('',#9024,0.0016);
#6300=CIRCLE('',#9025,0.0016);
#6301=CIRCLE('',#9026,0.0016);
#6302=CIRCLE('',#9027,0.0016);
#6303=CIRCLE('',#9124,0.0005);
#6304=CIRCLE('',#9126,0.0005);
#6305=CIRCLE('',#9127,0.0005);
#6306=CIRCLE('',#9128,0.0005);
#6307=CIRCLE('',#9129,0.0005);
#6308=CIRCLE('',#9130,0.0005);
#6309=CIRCLE('',#9131,0.0005);
#6310=CIRCLE('',#9132,0.0005);
#6311=CIRCLE('',#9133,0.0005);
#6312=CIRCLE('',#9134,0.0005);
#6313=CIRCLE('',#9135,0.0005);
#6314=CIRCLE('',#9136,0.0005);
#6315=CIRCLE('',#9137,0.0005);
#6316=CIRCLE('',#9138,0.0005);
#6317=CIRCLE('',#9139,0.0005);
#6318=CIRCLE('',#9140,0.0005);
#6319=CIRCLE('',#9141,0.0005);
#6320=CIRCLE('',#9142,0.0005);
#6321=CIRCLE('',#9143,0.0005);
#6322=CIRCLE('',#9144,0.0005);
#6323=CIRCLE('',#9145,0.0005);
#6324=CIRCLE('',#9146,0.0005);
#6325=CIRCLE('',#9147,0.0005);
#6326=CIRCLE('',#9148,0.0005);
#6327=CIRCLE('',#9149,0.0005);
#6328=CIRCLE('',#9150,0.0005);
#6329=CIRCLE('',#9151,0.0005);
#6330=CIRCLE('',#9152,0.003);
#6331=CIRCLE('',#9153,0.003);
#6332=CIRCLE('',#9154,0.002);
#6333=CIRCLE('',#9155,0.002);
#6334=CIRCLE('',#9157,0.01);
#6335=CIRCLE('',#9159,0.0005);
#6336=CIRCLE('',#9160,0.0005);
#6337=CIRCLE('',#9161,0.0005);
#6338=CIRCLE('',#9162,0.0005);
#6339=CIRCLE('',#9163,0.0005);
#6340=CIRCLE('',#9164,0.0005);
#6341=CIRCLE('',#9165,0.0005);
#6342=CIRCLE('',#9166,0.0005);
#6343=CIRCLE('',#9167,0.0005);
#6344=CIRCLE('',#9168,0.0005);
#6345=CIRCLE('',#9169,0.0005);
#6346=CIRCLE('',#9170,0.0005);
#6347=CIRCLE('',#9171,0.0005);
#6348=CIRCLE('',#9172,0.0005);
#6349=CIRCLE('',#9173,0.003);
#6350=CIRCLE('',#9174,0.0005);
#6351=CIRCLE('',#9175,0.0005);
#6352=CIRCLE('',#9176,0.0005);
#6353=CIRCLE('',#9177,0.0005);
#6354=CIRCLE('',#9178,0.0005);
#6355=CIRCLE('',#9179,0.0005);
#6356=CIRCLE('',#9180,0.0005);
#6357=CIRCLE('',#9181,0.0005);
#6358=CIRCLE('',#9182,0.0005);
#6359=CIRCLE('',#9183,0.0005);
#6360=CIRCLE('',#9189,0.0011);
#6361=CIRCLE('',#9190,0.0011);
#6362=CIRCLE('',#9192,0.0011);
#6363=CIRCLE('',#9193,0.0011);
#6364=CIRCLE('',#9195,0.0011);
#6365=CIRCLE('',#9196,0.0011);
#6366=CIRCLE('',#9199,0.002);
#6367=CIRCLE('',#9200,0.002);
#6368=CIRCLE('',#9204,0.003);
#6369=CIRCLE('',#9205,0.003);
#6370=CIRCLE('',#9209,0.01);
#6371=CIRCLE('',#9210,0.01);
#6372=CIRCLE('',#9218,0.01);
#6373=CIRCLE('',#9221,0.003);
#6374=CIRCLE('',#9222,0.003);
#6375=CIRCLE('',#9224,0.002);
#6376=CIRCLE('',#9225,0.002);
#6377=CIRCLE('',#9227,0.0015);
#6378=CIRCLE('',#9228,0.0015);
#6379=CIRCLE('',#9230,0.0015);
#6380=CIRCLE('',#9231,0.0015);
#6381=CIRCLE('',#9233,0.00125);
#6382=CIRCLE('',#9234,0.005);
#6383=CIRCLE('',#9235,0.005);
#6384=CIRCLE('',#9236,0.005);
#6385=CIRCLE('',#9237,0.005);
#6386=CIRCLE('',#9299,0.005);
#6387=CIRCLE('',#9300,0.005);
#6388=CIRCLE('',#9301,0.005);
#6389=CIRCLE('',#9302,0.005);
#6390=CIRCLE('',#9329,0.006);
#6391=CIRCLE('',#9330,0.00406350832689629);
#6392=CIRCLE('',#9332,0.0015);
#6393=CIRCLE('',#9334,0.0015);
#6394=CIRCLE('',#9336,0.006);
#6395=CIRCLE('',#9337,0.00406350832689629);
#6396=CIRCLE('',#9339,0.0015);
#6397=CIRCLE('',#9341,0.0015);
#6398=CIRCLE('',#9343,0.006);
#6399=CIRCLE('',#9344,0.00406350832689629);
#6400=CIRCLE('',#9346,0.0015);
#6401=CIRCLE('',#9348,0.0015);
#6402=CIRCLE('',#9350,0.0016);
#6403=CIRCLE('',#9351,0.0016);
#6404=CIRCLE('',#9352,0.0016);
#6405=CIRCLE('',#9353,0.0016);
#6406=CIRCLE('',#9354,0.0016);
#6407=CIRCLE('',#9355,0.0016);
#6408=CIRCLE('',#9356,0.0016);
#6409=CIRCLE('',#9357,0.0016);
#6410=CIRCLE('',#9374,0.0016);
#6411=CIRCLE('',#9376,0.0016);
#6412=CIRCLE('',#9378,0.0016);
#6413=CIRCLE('',#9380,0.0016);
#6414=CIRCLE('',#9382,0.0016);
#6415=CIRCLE('',#9384,0.0016);
#6416=CIRCLE('',#9386,0.0016);
#6417=CIRCLE('',#9389,0.0016);
#6418=CIRCLE('',#9391,0.0015);
#6419=CIRCLE('',#9401,0.006);
#6420=CIRCLE('',#9402,0.003);
#6421=CIRCLE('',#9403,0.003);
#6422=CIRCLE('',#9404,0.003);
#6423=CIRCLE('',#9405,0.003);
#6424=CIRCLE('',#9406,0.003);
#6425=CIRCLE('',#9407,0.003);
#6426=CIRCLE('',#9408,0.003);
#6427=CIRCLE('',#9409,0.003);
#6428=CIRCLE('',#9410,0.003);
#6429=CIRCLE('',#9411,0.003);
#6430=CIRCLE('',#9412,0.003);
#6431=CIRCLE('',#9413,0.003);
#6432=CIRCLE('',#9414,0.003);
#6433=CIRCLE('',#9415,0.003);
#6434=CIRCLE('',#9416,0.003);
#6435=CIRCLE('',#9417,0.003);
#6436=CIRCLE('',#9419,0.003);
#6437=CIRCLE('',#9422,0.003);
#6438=CIRCLE('',#9425,0.003);
#6439=CIRCLE('',#9428,0.003);
#6440=CIRCLE('',#9431,0.003);
#6441=CIRCLE('',#9434,0.003);
#6442=CIRCLE('',#9437,0.003);
#6443=CIRCLE('',#9440,0.003);
#6444=CIRCLE('',#9443,0.003);
#6445=CIRCLE('',#9446,0.003);
#6446=CIRCLE('',#9449,0.003);
#6447=CIRCLE('',#9452,0.003);
#6448=CIRCLE('',#9455,0.003);
#6449=CIRCLE('',#9458,0.003);
#6450=CIRCLE('',#9461,0.003);
#6451=CIRCLE('',#9464,0.003);
#6452=CIRCLE('',#9467,0.0015);
#6453=CIRCLE('',#9469,0.00406350832689629);
#6454=EDGE_LOOP('',(#1778));
#6455=EDGE_LOOP('',(#1779));
#6456=EDGE_LOOP('',(#1780));
#6457=EDGE_LOOP('',(#1781));
#6458=EDGE_LOOP('',(#1782));
#6459=EDGE_LOOP('',(#1783));
#6460=EDGE_LOOP('',(#1784));
#6461=EDGE_LOOP('',(#1785));
#6462=EDGE_LOOP('',(#1786));
#6463=EDGE_LOOP('',(#1787));
#6464=EDGE_LOOP('',(#1788));
#6465=EDGE_LOOP('',(#1789));
#6466=EDGE_LOOP('',(#1790));
#6467=EDGE_LOOP('',(#1791));
#6468=EDGE_LOOP('',(#1792));
#6469=EDGE_LOOP('',(#1793));
#6470=EDGE_LOOP('',(#1794));
#6471=EDGE_LOOP('',(#1795));
#6472=EDGE_LOOP('',(#1796));
#6473=EDGE_LOOP('',(#1797));
#6474=EDGE_LOOP('',(#1798));
#6475=EDGE_LOOP('',(#1799));
#6476=EDGE_LOOP('',(#1800));
#6477=EDGE_LOOP('',(#1801));
#6478=EDGE_LOOP('',(#1802));
#6479=EDGE_LOOP('',(#1803));
#6480=EDGE_LOOP('',(#1804));
#6481=EDGE_LOOP('',(#1805));
#6482=EDGE_LOOP('',(#1806));
#6483=EDGE_LOOP('',(#1807));
#6484=EDGE_LOOP('',(#1808));
#6485=EDGE_LOOP('',(#1809));
#6486=EDGE_LOOP('',(#1810));
#6487=EDGE_LOOP('',(#1811));
#6488=EDGE_LOOP('',(#1812));
#6489=EDGE_LOOP('',(#1813));
#6490=EDGE_LOOP('',(#1814));
#6491=EDGE_LOOP('',(#1815));
#6492=EDGE_LOOP('',(#1816));
#6493=EDGE_LOOP('',(#1817));
#6494=EDGE_LOOP('',(#1818,#1819,#1820,#1821));
#6495=EDGE_LOOP('',(#1822,#1823,#1824,#1825));
#6496=EDGE_LOOP('',(#1826,#1827,#1828,#1829));
#6497=EDGE_LOOP('',(#1830,#1831,#1832,#1833));
#6498=EDGE_LOOP('',(#1834,#1835,#1836,#1837));
#6499=EDGE_LOOP('',(#1838,#1839,#1840,#1841));
#6500=EDGE_LOOP('',(#1842,#1843,#1844,#1845,#1846,#1847,#1848,#1849,#1850,
#1851,#1852,#1853,#1854,#1855,#1856,#1857,#1858,#1859));
#6501=EDGE_LOOP('',(#1860,#1861,#1862,#1863,#1864,#1865,#1866,#1867,#1868,
#1869,#1870,#1871,#1872,#1873));
#6502=EDGE_LOOP('',(#1874));
#6503=EDGE_LOOP('',(#1875));
#6504=EDGE_LOOP('',(#1876));
#6505=EDGE_LOOP('',(#1877));
#6506=EDGE_LOOP('',(#1878));
#6507=EDGE_LOOP('',(#1879));
#6508=EDGE_LOOP('',(#1880));
#6509=EDGE_LOOP('',(#1881));
#6510=EDGE_LOOP('',(#1882,#1883,#1884,#1885));
#6511=EDGE_LOOP('',(#1886,#1887,#1888,#1889,#1890,#1891,#1892,#1893,#1894,
#1895,#1896,#1897));
#6512=EDGE_LOOP('',(#1898));
#6513=EDGE_LOOP('',(#1899));
#6514=EDGE_LOOP('',(#1900));
#6515=EDGE_LOOP('',(#1901));
#6516=EDGE_LOOP('',(#1902));
#6517=EDGE_LOOP('',(#1903));
#6518=EDGE_LOOP('',(#1904));
#6519=EDGE_LOOP('',(#1905));
#6520=EDGE_LOOP('',(#1906,#1907,#1908,#1909,#1910,#1911,#1912,#1913));
#6521=EDGE_LOOP('',(#1914,#1915,#1916,#1917));
#6522=EDGE_LOOP('',(#1918,#1919,#1920,#1921));
#6523=EDGE_LOOP('',(#1922,#1923,#1924,#1925));
#6524=EDGE_LOOP('',(#1926,#1927,#1928,#1929));
#6525=EDGE_LOOP('',(#1930,#1931,#1932,#1933));
#6526=EDGE_LOOP('',(#1934,#1935,#1936,#1937));
#6527=EDGE_LOOP('',(#1938,#1939,#1940,#1941));
#6528=EDGE_LOOP('',(#1942,#1943,#1944,#1945));
#6529=EDGE_LOOP('',(#1946,#1947,#1948,#1949));
#6530=EDGE_LOOP('',(#1950,#1951,#1952,#1953));
#6531=EDGE_LOOP('',(#1954,#1955,#1956,#1957));
#6532=EDGE_LOOP('',(#1958,#1959,#1960,#1961));
#6533=EDGE_LOOP('',(#1962,#1963,#1964,#1965));
#6534=EDGE_LOOP('',(#1966,#1967,#1968,#1969));
#6535=EDGE_LOOP('',(#1970,#1971,#1972,#1973));
#6536=EDGE_LOOP('',(#1974,#1975,#1976,#1977));
#6537=EDGE_LOOP('',(#1978,#1979,#1980,#1981));
#6538=EDGE_LOOP('',(#1982,#1983,#1984,#1985));
#6539=EDGE_LOOP('',(#1986,#1987,#1988,#1989));
#6540=EDGE_LOOP('',(#1990,#1991,#1992,#1993));
#6541=EDGE_LOOP('',(#1994,#1995,#1996,#1997));
#6542=EDGE_LOOP('',(#1998,#1999,#2000,#2001));
#6543=EDGE_LOOP('',(#2002,#2003,#2004,#2005));
#6544=EDGE_LOOP('',(#2006,#2007,#2008,#2009));
#6545=EDGE_LOOP('',(#2010,#2011,#2012,#2013));
#6546=EDGE_LOOP('',(#2014,#2015,#2016,#2017));
#6547=EDGE_LOOP('',(#2018,#2019,#2020,#2021));
#6548=EDGE_LOOP('',(#2022));
#6549=EDGE_LOOP('',(#2023));
#6550=EDGE_LOOP('',(#2024));
#6551=EDGE_LOOP('',(#2025,#2026,#2027,#2028,#2029,#2030,#2031,#2032,#2033,
#2034,#2035,#2036,#2037,#2038));
#6552=EDGE_LOOP('',(#2039));
#6553=EDGE_LOOP('',(#2040));
#6554=EDGE_LOOP('',(#2041));
#6555=EDGE_LOOP('',(#2042,#2043,#2044,#2045,#2046,#2047,#2048,#2049,#2050,
#2051,#2052,#2053,#2054,#2055));
#6556=EDGE_LOOP('',(#2056));
#6557=EDGE_LOOP('',(#2057));
#6558=EDGE_LOOP('',(#2058));
#6559=EDGE_LOOP('',(#2059));
#6560=EDGE_LOOP('',(#2060));
#6561=EDGE_LOOP('',(#2061));
#6562=EDGE_LOOP('',(#2062,#2063,#2064,#2065,#2066,#2067));
#6563=EDGE_LOOP('',(#2068,#2069,#2070,#2071,#2072,#2073));
#6564=EDGE_LOOP('',(#2074,#2075,#2076,#2077,#2078,#2079));
#6565=EDGE_LOOP('',(#2080,#2081,#2082,#2083,#2084,#2085));
#6566=EDGE_LOOP('',(#2086,#2087,#2088,#2089,#2090,#2091));
#6567=EDGE_LOOP('',(#2092,#2093,#2094,#2095,#2096,#2097));
#6568=EDGE_LOOP('',(#2098));
#6569=EDGE_LOOP('',(#2099));
#6570=EDGE_LOOP('',(#2100));
#6571=EDGE_LOOP('',(#2101));
#6572=EDGE_LOOP('',(#2102));
#6573=EDGE_LOOP('',(#2103,#2104,#2105,#2106,#2107,#2108,#2109,#2110,#2111,
#2112,#2113,#2114));
#6574=EDGE_LOOP('',(#2115));
#6575=EDGE_LOOP('',(#2116));
#6576=EDGE_LOOP('',(#2117,#2118,#2119,#2120,#2121,#2122,#2123,#2124,#2125,
#2126,#2127,#2128));
#6577=EDGE_LOOP('',(#2129));
#6578=EDGE_LOOP('',(#2130));
#6579=EDGE_LOOP('',(#2131));
#6580=EDGE_LOOP('',(#2132));
#6581=EDGE_LOOP('',(#2133));
#6582=EDGE_LOOP('',(#2134));
#6583=EDGE_LOOP('',(#2135));
#6584=EDGE_LOOP('',(#2136));
#6585=EDGE_LOOP('',(#2137));
#6586=EDGE_LOOP('',(#2138));
#6587=EDGE_LOOP('',(#2139));
#6588=EDGE_LOOP('',(#2140));
#6589=EDGE_LOOP('',(#2141));
#6590=EDGE_LOOP('',(#2142));
#6591=EDGE_LOOP('',(#2143));
#6592=EDGE_LOOP('',(#2144));
#6593=EDGE_LOOP('',(#2145));
#6594=EDGE_LOOP('',(#2146));
#6595=EDGE_LOOP('',(#2147));
#6596=EDGE_LOOP('',(#2148));
#6597=EDGE_LOOP('',(#2149));
#6598=EDGE_LOOP('',(#2150));
#6599=EDGE_LOOP('',(#2151));
#6600=EDGE_LOOP('',(#2152));
#6601=EDGE_LOOP('',(#2153));
#6602=EDGE_LOOP('',(#2154));
#6603=EDGE_LOOP('',(#2155));
#6604=EDGE_LOOP('',(#2156));
#6605=EDGE_LOOP('',(#2157));
#6606=EDGE_LOOP('',(#2158,#2159,#2160,#2161));
#6607=EDGE_LOOP('',(#2162,#2163,#2164,#2165,#2166,#2167,#2168,#2169));
#6608=EDGE_LOOP('',(#2170,#2171,#2172,#2173));
#6609=EDGE_LOOP('',(#2174,#2175,#2176,#2177));
#6610=EDGE_LOOP('',(#2178,#2179,#2180,#2181,#2182,#2183,#2184,#2185));
#6611=EDGE_LOOP('',(#2186,#2187,#2188,#2189));
#6612=EDGE_LOOP('',(#2190,#2191,#2192,#2193));
#6613=EDGE_LOOP('',(#2194,#2195,#2196,#2197));
#6614=EDGE_LOOP('',(#2198,#2199,#2200,#2201,#2202,#2203,#2204,#2205));
#6615=EDGE_LOOP('',(#2206,#2207,#2208,#2209));
#6616=EDGE_LOOP('',(#2210,#2211,#2212,#2213));
#6617=EDGE_LOOP('',(#2214,#2215,#2216,#2217));
#6618=EDGE_LOOP('',(#2218,#2219,#2220,#2221,#2222,#2223,#2224,#2225));
#6619=EDGE_LOOP('',(#2226,#2227,#2228,#2229));
#6620=EDGE_LOOP('',(#2230,#2231,#2232,#2233));
#6621=EDGE_LOOP('',(#2234,#2235,#2236,#2237));
#6622=EDGE_LOOP('',(#2238,#2239,#2240,#2241));
#6623=EDGE_LOOP('',(#2242,#2243,#2244,#2245,#2246,#2247,#2248,#2249));
#6624=EDGE_LOOP('',(#2250,#2251,#2252,#2253));
#6625=EDGE_LOOP('',(#2254,#2255,#2256,#2257));
#6626=EDGE_LOOP('',(#2258,#2259,#2260,#2261,#2262,#2263,#2264,#2265));
#6627=EDGE_LOOP('',(#2266,#2267,#2268,#2269));
#6628=EDGE_LOOP('',(#2270,#2271,#2272,#2273));
#6629=EDGE_LOOP('',(#2274,#2275,#2276,#2277));
#6630=EDGE_LOOP('',(#2278));
#6631=EDGE_LOOP('',(#2279));
#6632=EDGE_LOOP('',(#2280));
#6633=EDGE_LOOP('',(#2281));
#6634=EDGE_LOOP('',(#2282));
#6635=EDGE_LOOP('',(#2283));
#6636=EDGE_LOOP('',(#2284));
#6637=EDGE_LOOP('',(#2285));
#6638=EDGE_LOOP('',(#2286));
#6639=EDGE_LOOP('',(#2287));
#6640=EDGE_LOOP('',(#2288));
#6641=EDGE_LOOP('',(#2289));
#6642=EDGE_LOOP('',(#2290));
#6643=EDGE_LOOP('',(#2291));
#6644=EDGE_LOOP('',(#2292,#2293,#2294,#2295,#2296,#2297,#2298,#2299,#2300,
#2301,#2302,#2303));
#6645=EDGE_LOOP('',(#2304));
#6646=EDGE_LOOP('',(#2305,#2306,#2307,#2308,#2309,#2310,#2311,#2312,#2313,
#2314,#2315,#2316,#2317,#2318,#2319,#2320,#2321,#2322,#2323,#2324,#2325,
#2326,#2327,#2328,#2329,#2330,#2331,#2332,#2333,#2334,#2335,#2336,#2337,
#2338,#2339,#2340));
#6647=EDGE_LOOP('',(#2341));
#6648=EDGE_LOOP('',(#2342));
#6649=EDGE_LOOP('',(#2343));
#6650=EDGE_LOOP('',(#2344));
#6651=EDGE_LOOP('',(#2345));
#6652=EDGE_LOOP('',(#2346));
#6653=EDGE_LOOP('',(#2347));
#6654=EDGE_LOOP('',(#2348));
#6655=EDGE_LOOP('',(#2349));
#6656=EDGE_LOOP('',(#2350));
#6657=EDGE_LOOP('',(#2351));
#6658=EDGE_LOOP('',(#2352));
#6659=EDGE_LOOP('',(#2353));
#6660=EDGE_LOOP('',(#2354));
#6661=EDGE_LOOP('',(#2355));
#6662=EDGE_LOOP('',(#2356));
#6663=EDGE_LOOP('',(#2357));
#6664=EDGE_LOOP('',(#2358));
#6665=EDGE_LOOP('',(#2359));
#6666=EDGE_LOOP('',(#2360));
#6667=EDGE_LOOP('',(#2361));
#6668=EDGE_LOOP('',(#2362));
#6669=EDGE_LOOP('',(#2363));
#6670=EDGE_LOOP('',(#2364));
#6671=EDGE_LOOP('',(#2365));
#6672=EDGE_LOOP('',(#2366));
#6673=EDGE_LOOP('',(#2367));
#6674=EDGE_LOOP('',(#2368));
#6675=EDGE_LOOP('',(#2369));
#6676=EDGE_LOOP('',(#2370));
#6677=EDGE_LOOP('',(#2371));
#6678=EDGE_LOOP('',(#2372));
#6679=EDGE_LOOP('',(#2373,#2374,#2375,#2376));
#6680=EDGE_LOOP('',(#2377,#2378,#2379,#2380));
#6681=EDGE_LOOP('',(#2381,#2382,#2383,#2384));
#6682=EDGE_LOOP('',(#2385,#2386,#2387,#2388));
#6683=EDGE_LOOP('',(#2389,#2390,#2391,#2392));
#6684=EDGE_LOOP('',(#2393,#2394,#2395,#2396));
#6685=EDGE_LOOP('',(#2397));
#6686=EDGE_LOOP('',(#2398,#2399,#2400,#2401,#2402,#2403));
#6687=EDGE_LOOP('',(#2404));
#6688=EDGE_LOOP('',(#2405,#2406,#2407,#2408,#2409,#2410));
#6689=EDGE_LOOP('',(#2411));
#6690=EDGE_LOOP('',(#2412));
#6691=EDGE_LOOP('',(#2413));
#6692=EDGE_LOOP('',(#2414));
#6693=EDGE_LOOP('',(#2415));
#6694=EDGE_LOOP('',(#2416,#2417,#2418,#2419,#2420,#2421,#2422,#2423,#2424));
#6695=EDGE_LOOP('',(#2425,#2426,#2427,#2428,#2429,#2430,#2431,#2432,#2433,
#2434,#2435));
#6696=EDGE_LOOP('',(#2436,#2437,#2438,#2439,#2440,#2441,#2442,#2443,#2444));
#6697=EDGE_LOOP('',(#2445,#2446,#2447,#2448,#2449,#2450,#2451,#2452,#2453,
#2454,#2455));
#6698=EDGE_LOOP('',(#2456,#2457,#2458,#2459,#2460));
#6699=EDGE_LOOP('',(#2461,#2462,#2463,#2464,#2465));
#6700=EDGE_LOOP('',(#2466,#2467,#2468,#2469,#2470,#2471));
#6701=EDGE_LOOP('',(#2472));
#6702=EDGE_LOOP('',(#2473,#2474,#2475,#2476));
#6703=EDGE_LOOP('',(#2477,#2478,#2479,#2480));
#6704=EDGE_LOOP('',(#2481,#2482,#2483,#2484));
#6705=EDGE_LOOP('',(#2485,#2486,#2487,#2488));
#6706=EDGE_LOOP('',(#2489,#2490,#2491,#2492));
#6707=EDGE_LOOP('',(#2493,#2494,#2495,#2496));
#6708=EDGE_LOOP('',(#2497));
#6709=EDGE_LOOP('',(#2498,#2499,#2500,#2501));
#6710=EDGE_LOOP('',(#2502));
#6711=EDGE_LOOP('',(#2503));
#6712=EDGE_LOOP('',(#2504));
#6713=EDGE_LOOP('',(#2505));
#6714=EDGE_LOOP('',(#2506,#2507,#2508,#2509));
#6715=EDGE_LOOP('',(#2510,#2511,#2512,#2513));
#6716=EDGE_LOOP('',(#2514,#2515,#2516,#2517));
#6717=EDGE_LOOP('',(#2518,#2519,#2520,#2521));
#6718=EDGE_LOOP('',(#2522,#2523,#2524,#2525));
#6719=EDGE_LOOP('',(#2526,#2527,#2528,#2529));
#6720=EDGE_LOOP('',(#2530));
#6721=EDGE_LOOP('',(#2531));
#6722=EDGE_LOOP('',(#2532));
#6723=EDGE_LOOP('',(#2533));
#6724=EDGE_LOOP('',(#2534));
#6725=EDGE_LOOP('',(#2535));
#6726=EDGE_LOOP('',(#2536,#2537,#2538,#2539,#2540,#2541,#2542,#2543,#2544,
#2545,#2546,#2547,#2548,#2549,#2550,#2551,#2552,#2553,#2554,#2555,#2556,
#2557,#2558,#2559));
#6727=EDGE_LOOP('',(#2560,#2561,#2562,#2563,#2564,#2565,#2566,#2567));
#6728=EDGE_LOOP('',(#2568,#2569,#2570,#2571,#2572,#2573,#2574,#2575,#2576,
#2577,#2578,#2579,#2580,#2581,#2582,#2583,#2584,#2585,#2586,#2587,#2588,
#2589,#2590,#2591));
#6729=EDGE_LOOP('',(#2592,#2593,#2594,#2595));
#6730=EDGE_LOOP('',(#2596,#2597,#2598,#2599,#2600,#2601,#2602,#2603,#2604,
#2605,#2606,#2607,#2608,#2609,#2610,#2611,#2612,#2613,#2614,#2615,#2616,
#2617,#2618,#2619));
#6731=EDGE_LOOP('',(#2620,#2621,#2622,#2623,#2624,#2625,#2626,#2627,#2628,
#2629,#2630,#2631,#2632,#2633,#2634,#2635,#2636,#2637,#2638,#2639,#2640,
#2641,#2642,#2643));
#6732=EDGE_LOOP('',(#2644,#2645,#2646,#2647,#2648,#2649,#2650,#2651,#2652,
#2653,#2654,#2655,#2656,#2657,#2658,#2659,#2660,#2661,#2662,#2663,#2664,
#2665,#2666,#2667));
#6733=EDGE_LOOP('',(#2668));
#6734=EDGE_LOOP('',(#2669));
#6735=EDGE_LOOP('',(#2670));
#6736=EDGE_LOOP('',(#2671));
#6737=EDGE_LOOP('',(#2672));
#6738=EDGE_LOOP('',(#2673));
#6739=EDGE_LOOP('',(#2674));
#6740=EDGE_LOOP('',(#2675));
#6741=EDGE_LOOP('',(#2676,#2677,#2678,#2679));
#6742=EDGE_LOOP('',(#2680,#2681,#2682,#2683,#2684,#2685,#2686,#2687,#2688,
#2689,#2690,#2691,#2692,#2693,#2694,#2695,#2696,#2697,#2698,#2699,#2700,
#2701,#2702,#2703));
#6743=EDGE_LOOP('',(#2704));
#6744=EDGE_LOOP('',(#2705));
#6745=EDGE_LOOP('',(#2706));
#6746=EDGE_LOOP('',(#2707));
#6747=EDGE_LOOP('',(#2708));
#6748=EDGE_LOOP('',(#2709));
#6749=EDGE_LOOP('',(#2710));
#6750=EDGE_LOOP('',(#2711));
#6751=EDGE_LOOP('',(#2712,#2713,#2714,#2715,#2716,#2717,#2718,#2719));
#6752=EDGE_LOOP('',(#2720,#2721,#2722,#2723));
#6753=EDGE_LOOP('',(#2724,#2725,#2726,#2727));
#6754=EDGE_LOOP('',(#2728,#2729,#2730,#2731));
#6755=EDGE_LOOP('',(#2732,#2733,#2734,#2735));
#6756=EDGE_LOOP('',(#2736,#2737,#2738,#2739));
#6757=EDGE_LOOP('',(#2740,#2741,#2742,#2743));
#6758=EDGE_LOOP('',(#2744,#2745,#2746,#2747));
#6759=EDGE_LOOP('',(#2748,#2749,#2750,#2751));
#6760=EDGE_LOOP('',(#2752,#2753,#2754,#2755));
#6761=EDGE_LOOP('',(#2756,#2757,#2758,#2759));
#6762=EDGE_LOOP('',(#2760,#2761,#2762,#2763));
#6763=EDGE_LOOP('',(#2764,#2765,#2766,#2767));
#6764=EDGE_LOOP('',(#2768,#2769,#2770,#2771));
#6765=EDGE_LOOP('',(#2772,#2773,#2774,#2775));
#6766=EDGE_LOOP('',(#2776,#2777,#2778,#2779));
#6767=EDGE_LOOP('',(#2780));
#6768=EDGE_LOOP('',(#2781));
#6769=EDGE_LOOP('',(#2782));
#6770=EDGE_LOOP('',(#2783));
#6771=EDGE_LOOP('',(#2784));
#6772=EDGE_LOOP('',(#2785));
#6773=EDGE_LOOP('',(#2786));
#6774=EDGE_LOOP('',(#2787));
#6775=EDGE_LOOP('',(#2788));
#6776=EDGE_LOOP('',(#2789));
#6777=EDGE_LOOP('',(#2790));
#6778=EDGE_LOOP('',(#2791));
#6779=EDGE_LOOP('',(#2792));
#6780=EDGE_LOOP('',(#2793));
#6781=EDGE_LOOP('',(#2794,#2795,#2796,#2797));
#6782=EDGE_LOOP('',(#2798));
#6783=EDGE_LOOP('',(#2799));
#6784=EDGE_LOOP('',(#2800,#2801,#2802,#2803));
#6785=EDGE_LOOP('',(#2804,#2805,#2806,#2807));
#6786=EDGE_LOOP('',(#2808,#2809,#2810,#2811));
#6787=EDGE_LOOP('',(#2812,#2813,#2814,#2815));
#6788=EDGE_LOOP('',(#2816,#2817,#2818,#2819));
#6789=EDGE_LOOP('',(#2820,#2821,#2822,#2823));
#6790=EDGE_LOOP('',(#2824,#2825,#2826,#2827));
#6791=EDGE_LOOP('',(#2828,#2829,#2830,#2831));
#6792=EDGE_LOOP('',(#2832,#2833,#2834,#2835));
#6793=EDGE_LOOP('',(#2836,#2837,#2838,#2839));
#6794=EDGE_LOOP('',(#2840,#2841,#2842,#2843));
#6795=EDGE_LOOP('',(#2844,#2845,#2846,#2847));
#6796=EDGE_LOOP('',(#2848,#2849,#2850,#2851));
#6797=EDGE_LOOP('',(#2852,#2853,#2854,#2855));
#6798=EDGE_LOOP('',(#2856,#2857,#2858,#2859));
#6799=EDGE_LOOP('',(#2860,#2861,#2862,#2863));
#6800=EDGE_LOOP('',(#2864,#2865,#2866,#2867));
#6801=EDGE_LOOP('',(#2868,#2869,#2870,#2871));
#6802=EDGE_LOOP('',(#2872,#2873,#2874,#2875));
#6803=EDGE_LOOP('',(#2876,#2877,#2878,#2879));
#6804=EDGE_LOOP('',(#2880,#2881,#2882,#2883));
#6805=EDGE_LOOP('',(#2884,#2885,#2886,#2887));
#6806=EDGE_LOOP('',(#2888,#2889,#2890,#2891));
#6807=EDGE_LOOP('',(#2892,#2893,#2894,#2895));
#6808=EDGE_LOOP('',(#2896,#2897,#2898,#2899));
#6809=EDGE_LOOP('',(#2900,#2901,#2902,#2903));
#6810=EDGE_LOOP('',(#2904,#2905,#2906,#2907));
#6811=EDGE_LOOP('',(#2908,#2909,#2910,#2911));
#6812=EDGE_LOOP('',(#2912,#2913,#2914,#2915));
#6813=EDGE_LOOP('',(#2916,#2917,#2918,#2919));
#6814=EDGE_LOOP('',(#2920,#2921,#2922,#2923));
#6815=EDGE_LOOP('',(#2924,#2925,#2926,#2927));
#6816=EDGE_LOOP('',(#2928,#2929,#2930,#2931));
#6817=EDGE_LOOP('',(#2932,#2933,#2934,#2935));
#6818=EDGE_LOOP('',(#2936,#2937,#2938,#2939));
#6819=EDGE_LOOP('',(#2940,#2941,#2942,#2943));
#6820=EDGE_LOOP('',(#2944,#2945,#2946,#2947));
#6821=EDGE_LOOP('',(#2948,#2949,#2950,#2951));
#6822=EDGE_LOOP('',(#2952,#2953,#2954,#2955));
#6823=EDGE_LOOP('',(#2956,#2957,#2958,#2959));
#6824=EDGE_LOOP('',(#2960,#2961,#2962,#2963));
#6825=EDGE_LOOP('',(#2964,#2965,#2966,#2967));
#6826=EDGE_LOOP('',(#2968,#2969,#2970,#2971));
#6827=EDGE_LOOP('',(#2972,#2973,#2974,#2975));
#6828=EDGE_LOOP('',(#2976,#2977,#2978,#2979));
#6829=EDGE_LOOP('',(#2980,#2981,#2982,#2983));
#6830=EDGE_LOOP('',(#2984,#2985,#2986,#2987));
#6831=EDGE_LOOP('',(#2988,#2989,#2990,#2991));
#6832=EDGE_LOOP('',(#2992,#2993,#2994,#2995));
#6833=EDGE_LOOP('',(#2996,#2997,#2998,#2999));
#6834=EDGE_LOOP('',(#3000,#3001,#3002,#3003));
#6835=EDGE_LOOP('',(#3004,#3005,#3006,#3007));
#6836=EDGE_LOOP('',(#3008,#3009,#3010,#3011));
#6837=EDGE_LOOP('',(#3012,#3013,#3014,#3015));
#6838=EDGE_LOOP('',(#3016,#3017,#3018,#3019));
#6839=EDGE_LOOP('',(#3020,#3021,#3022,#3023));
#6840=EDGE_LOOP('',(#3024,#3025,#3026,#3027));
#6841=EDGE_LOOP('',(#3028,#3029,#3030,#3031));
#6842=EDGE_LOOP('',(#3032,#3033,#3034,#3035));
#6843=EDGE_LOOP('',(#3036,#3037,#3038,#3039));
#6844=EDGE_LOOP('',(#3040,#3041,#3042,#3043));
#6845=EDGE_LOOP('',(#3044,#3045,#3046,#3047));
#6846=EDGE_LOOP('',(#3048,#3049,#3050,#3051));
#6847=EDGE_LOOP('',(#3052,#3053,#3054,#3055));
#6848=EDGE_LOOP('',(#3056,#3057,#3058,#3059));
#6849=EDGE_LOOP('',(#3060,#3061,#3062,#3063));
#6850=EDGE_LOOP('',(#3064,#3065,#3066,#3067));
#6851=EDGE_LOOP('',(#3068,#3069,#3070,#3071));
#6852=EDGE_LOOP('',(#3072,#3073,#3074,#3075));
#6853=EDGE_LOOP('',(#3076,#3077,#3078,#3079,#3080,#3081));
#6854=EDGE_LOOP('',(#3082,#3083,#3084,#3085,#3086,#3087));
#6855=EDGE_LOOP('',(#3088,#3089,#3090,#3091,#3092,#3093));
#6856=EDGE_LOOP('',(#3094,#3095,#3096,#3097,#3098,#3099));
#6857=EDGE_LOOP('',(#3100,#3101,#3102,#3103,#3104,#3105));
#6858=EDGE_LOOP('',(#3106,#3107,#3108,#3109,#3110,#3111));
#6859=EDGE_LOOP('',(#3112,#3113,#3114,#3115,#3116,#3117));
#6860=EDGE_LOOP('',(#3118,#3119,#3120,#3121,#3122,#3123));
#6861=EDGE_LOOP('',(#3124,#3125,#3126,#3127,#3128));
#6862=EDGE_LOOP('',(#3129,#3130,#3131,#3132,#3133,#3134,#3135,#3136,#3137,
#3138,#3139,#3140,#3141,#3142,#3143,#3144));
#6863=EDGE_LOOP('',(#3145,#3146,#3147,#3148,#3149,#3150,#3151,#3152));
#6864=EDGE_LOOP('',(#3153,#3154,#3155,#3156,#3157,#3158));
#6865=EDGE_LOOP('',(#3159,#3160,#3161,#3162,#3163,#3164));
#6866=EDGE_LOOP('',(#3165,#3166,#3167,#3168,#3169,#3170));
#6867=EDGE_LOOP('',(#3171,#3172,#3173,#3174,#3175,#3176));
#6868=EDGE_LOOP('',(#3177,#3178,#3179,#3180,#3181,#3182));
#6869=EDGE_LOOP('',(#3183,#3184,#3185,#3186,#3187,#3188,#3189,#3190,#3191,
#3192,#3193,#3194,#3195,#3196,#3197,#3198,#3199,#3200,#3201,#3202,#3203,
#3204,#3205,#3206,#3207,#3208,#3209,#3210,#3211,#3212));
#6870=EDGE_LOOP('',(#3213,#3214,#3215,#3216,#3217,#3218,#3219,#3220,#3221));
#6871=EDGE_LOOP('',(#3222,#3223,#3224,#3225));
#6872=EDGE_LOOP('',(#3226));
#6873=EDGE_LOOP('',(#3227));
#6874=EDGE_LOOP('',(#3228));
#6875=EDGE_LOOP('',(#3229));
#6876=EDGE_LOOP('',(#3230));
#6877=EDGE_LOOP('',(#3231));
#6878=EDGE_LOOP('',(#3232,#3233,#3234,#3235));
#6879=EDGE_LOOP('',(#3236));
#6880=EDGE_LOOP('',(#3237));
#6881=EDGE_LOOP('',(#3238,#3239,#3240,#3241));
#6882=EDGE_LOOP('',(#3242,#3243,#3244,#3245));
#6883=EDGE_LOOP('',(#3246,#3247,#3248,#3249,#3250));
#6884=EDGE_LOOP('',(#3251,#3252,#3253,#3254,#3255));
#6885=EDGE_LOOP('',(#3256,#3257,#3258,#3259));
#6886=EDGE_LOOP('',(#3260,#3261,#3262,#3263));
#6887=EDGE_LOOP('',(#3264,#3265,#3266,#3267));
#6888=EDGE_LOOP('',(#3268,#3269,#3270,#3271));
#6889=EDGE_LOOP('',(#3272,#3273,#3274,#3275));
#6890=EDGE_LOOP('',(#3276,#3277,#3278,#3279,#3280));
#6891=EDGE_LOOP('',(#3281,#3282,#3283,#3284));
#6892=EDGE_LOOP('',(#3285,#3286,#3287,#3288));
#6893=EDGE_LOOP('',(#3289,#3290,#3291,#3292,#3293));
#6894=EDGE_LOOP('',(#3294,#3295,#3296,#3297,#3298,#3299,#3300,#3301,#3302,
#3303,#3304));
#6895=EDGE_LOOP('',(#3305,#3306,#3307,#3308));
#6896=EDGE_LOOP('',(#3309));
#6897=EDGE_LOOP('',(#3310));
#6898=EDGE_LOOP('',(#3311,#3312,#3313,#3314));
#6899=EDGE_LOOP('',(#3315));
#6900=EDGE_LOOP('',(#3316));
#6901=EDGE_LOOP('',(#3317));
#6902=EDGE_LOOP('',(#3318,#3319,#3320,#3321,#3322,#3323,#3324,#3325,#3326,
#3327,#3328,#3329,#3330,#3331));
#6903=EDGE_LOOP('',(#3332));
#6904=EDGE_LOOP('',(#3333));
#6905=EDGE_LOOP('',(#3334));
#6906=EDGE_LOOP('',(#3335));
#6907=EDGE_LOOP('',(#3336));
#6908=EDGE_LOOP('',(#3337));
#6909=EDGE_LOOP('',(#3338,#3339,#3340,#3341));
#6910=EDGE_LOOP('',(#3342,#3343,#3344,#3345,#3346));
#6911=EDGE_LOOP('',(#3347,#3348,#3349,#3350));
#6912=EDGE_LOOP('',(#3351,#3352,#3353,#3354));
#6913=EDGE_LOOP('',(#3355,#3356,#3357,#3358));
#6914=EDGE_LOOP('',(#3359,#3360,#3361,#3362));
#6915=EDGE_LOOP('',(#3363,#3364,#3365,#3366));
#6916=EDGE_LOOP('',(#3367,#3368,#3369,#3370));
#6917=EDGE_LOOP('',(#3371,#3372,#3373,#3374));
#6918=EDGE_LOOP('',(#3375,#3376,#3377,#3378,#3379,#3380,#3381,#3382,#3383,
#3384));
#6919=EDGE_LOOP('',(#3385,#3386,#3387,#3388));
#6920=EDGE_LOOP('',(#3389,#3390,#3391,#3392));
#6921=EDGE_LOOP('',(#3393,#3394,#3395,#3396));
#6922=EDGE_LOOP('',(#3397,#3398,#3399,#3400));
#6923=EDGE_LOOP('',(#3401,#3402,#3403,#3404));
#6924=EDGE_LOOP('',(#3405,#3406,#3407,#3408));
#6925=EDGE_LOOP('',(#3409,#3410,#3411,#3412));
#6926=EDGE_LOOP('',(#3413,#3414,#3415,#3416));
#6927=EDGE_LOOP('',(#3417,#3418,#3419,#3420,#3421,#3422));
#6928=EDGE_LOOP('',(#3423,#3424,#3425,#3426,#3427,#3428));
#6929=EDGE_LOOP('',(#3429,#3430,#3431,#3432,#3433,#3434,#3435,#3436));
#6930=EDGE_LOOP('',(#3437,#3438,#3439,#3440,#3441));
#6931=EDGE_LOOP('',(#3442,#3443,#3444,#3445));
#6932=EDGE_LOOP('',(#3446,#3447,#3448,#3449,#3450));
#6933=EDGE_LOOP('',(#3451,#3452,#3453,#3454));
#6934=EDGE_LOOP('',(#3455,#3456,#3457,#3458));
#6935=EDGE_LOOP('',(#3459,#3460,#3461,#3462));
#6936=EDGE_LOOP('',(#3463,#3464,#3465,#3466));
#6937=EDGE_LOOP('',(#3467,#3468,#3469,#3470));
#6938=EDGE_LOOP('',(#3471,#3472,#3473,#3474));
#6939=EDGE_LOOP('',(#3475,#3476,#3477,#3478));
#6940=EDGE_LOOP('',(#3479,#3480,#3481,#3482));
#6941=EDGE_LOOP('',(#3483,#3484,#3485,#3486));
#6942=EDGE_LOOP('',(#3487,#3488,#3489,#3490));
#6943=EDGE_LOOP('',(#3491,#3492,#3493,#3494));
#6944=EDGE_LOOP('',(#3495,#3496,#3497,#3498));
#6945=EDGE_LOOP('',(#3499,#3500,#3501,#3502));
#6946=EDGE_LOOP('',(#3503,#3504,#3505,#3506));
#6947=EDGE_LOOP('',(#3507,#3508,#3509,#3510));
#6948=EDGE_LOOP('',(#3511,#3512,#3513,#3514));
#6949=EDGE_LOOP('',(#3515,#3516,#3517,#3518));
#6950=EDGE_LOOP('',(#3519,#3520,#3521,#3522));
#6951=EDGE_LOOP('',(#3523,#3524,#3525,#3526));
#6952=EDGE_LOOP('',(#3527,#3528,#3529,#3530));
#6953=EDGE_LOOP('',(#3531,#3532,#3533,#3534));
#6954=EDGE_LOOP('',(#3535,#3536,#3537,#3538));
#6955=EDGE_LOOP('',(#3539,#3540,#3541,#3542));
#6956=EDGE_LOOP('',(#3543,#3544,#3545,#3546));
#6957=EDGE_LOOP('',(#3547));
#6958=EDGE_LOOP('',(#3548));
#6959=EDGE_LOOP('',(#3549,#3550,#3551,#3552,#3553,#3554));
#6960=EDGE_LOOP('',(#3555,#3556,#3557,#3558));
#6961=EDGE_LOOP('',(#3559,#3560,#3561,#3562));
#6962=EDGE_LOOP('',(#3563,#3564,#3565,#3566));
#6963=EDGE_LOOP('',(#3567,#3568,#3569,#3570));
#6964=EDGE_LOOP('',(#3571,#3572,#3573,#3574));
#6965=EDGE_LOOP('',(#3575,#3576,#3577,#3578,#3579,#3580));
#6966=EDGE_LOOP('',(#3581,#3582,#3583,#3584,#3585));
#6967=EDGE_LOOP('',(#3586));
#6968=EDGE_LOOP('',(#3587));
#6969=EDGE_LOOP('',(#3588));
#6970=EDGE_LOOP('',(#3589));
#6971=EDGE_LOOP('',(#3590,#3591,#3592,#3593,#3594,#3595,#3596,#3597,#3598));
#6972=EDGE_LOOP('',(#3599,#3600,#3601,#3602,#3603,#3604,#3605,#3606,#3607));
#6973=EDGE_LOOP('',(#3608,#3609,#3610,#3611,#3612,#3613,#3614,#3615,#3616));
#6974=EDGE_LOOP('',(#3617,#3618,#3619));
#6975=EDGE_LOOP('',(#3620,#3621,#3622,#3623,#3624));
#6976=EDGE_LOOP('',(#3625,#3626,#3627,#3628,#3629));
#6977=EDGE_LOOP('',(#3630,#3631,#3632,#3633,#3634));
#6978=EDGE_LOOP('',(#3635,#3636,#3637,#3638));
#6979=EDGE_LOOP('',(#3639,#3640,#3641,#3642));
#6980=EDGE_LOOP('',(#3643,#3644,#3645,#3646));
#6981=EDGE_LOOP('',(#3647,#3648,#3649,#3650));
#6982=EDGE_LOOP('',(#3651,#3652,#3653,#3654));
#6983=EDGE_LOOP('',(#3655,#3656,#3657,#3658));
#6984=EDGE_LOOP('',(#3659));
#6985=EDGE_LOOP('',(#3660,#3661,#3662,#3663));
#6986=EDGE_LOOP('',(#3664,#3665,#3666,#3667));
#6987=EDGE_LOOP('',(#3668,#3669,#3670,#3671));
#6988=EDGE_LOOP('',(#3672,#3673,#3674,#3675));
#6989=EDGE_LOOP('',(#3676,#3677,#3678,#3679));
#6990=EDGE_LOOP('',(#3680,#3681,#3682,#3683));
#6991=EDGE_LOOP('',(#3684,#3685,#3686,#3687));
#6992=EDGE_LOOP('',(#3688));
#6993=EDGE_LOOP('',(#3689));
#6994=EDGE_LOOP('',(#3690));
#6995=EDGE_LOOP('',(#3691));
#6996=EDGE_LOOP('',(#3692));
#6997=EDGE_LOOP('',(#3693));
#6998=EDGE_LOOP('',(#3694));
#6999=EDGE_LOOP('',(#3695));
#7000=EDGE_LOOP('',(#3696));
#7001=EDGE_LOOP('',(#3697));
#7002=EDGE_LOOP('',(#3698));
#7003=EDGE_LOOP('',(#3699));
#7004=EDGE_LOOP('',(#3700));
#7005=EDGE_LOOP('',(#3701));
#7006=EDGE_LOOP('',(#3702));
#7007=EDGE_LOOP('',(#3703));
#7008=EDGE_LOOP('',(#3704));
#7009=EDGE_LOOP('',(#3705));
#7010=EDGE_LOOP('',(#3706,#3707,#3708,#3709,#3710,#3711,#3712,#3713,#3714,
#3715,#3716,#3717,#3718,#3719,#3720,#3721));
#7011=EDGE_LOOP('',(#3722));
#7012=EDGE_LOOP('',(#3723));
#7013=EDGE_LOOP('',(#3724));
#7014=EDGE_LOOP('',(#3725));
#7015=EDGE_LOOP('',(#3726));
#7016=EDGE_LOOP('',(#3727));
#7017=EDGE_LOOP('',(#3728));
#7018=EDGE_LOOP('',(#3729));
#7019=EDGE_LOOP('',(#3730,#3731,#3732,#3733,#3734,#3735,#3736,#3737));
#7020=EDGE_LOOP('',(#3738,#3739,#3740,#3741));
#7021=EDGE_LOOP('',(#3742,#3743,#3744,#3745));
#7022=EDGE_LOOP('',(#3746,#3747,#3748,#3749));
#7023=EDGE_LOOP('',(#3750,#3751,#3752,#3753));
#7024=EDGE_LOOP('',(#3754,#3755,#3756,#3757));
#7025=EDGE_LOOP('',(#3758,#3759,#3760,#3761));
#7026=EDGE_LOOP('',(#3762,#3763,#3764,#3765));
#7027=EDGE_LOOP('',(#3766,#3767,#3768,#3769));
#7028=EDGE_LOOP('',(#3770,#3771,#3772,#3773));
#7029=EDGE_LOOP('',(#3774,#3775,#3776,#3777));
#7030=EDGE_LOOP('',(#3778,#3779,#3780,#3781));
#7031=EDGE_LOOP('',(#3782,#3783,#3784,#3785));
#7032=EDGE_LOOP('',(#3786,#3787,#3788,#3789));
#7033=EDGE_LOOP('',(#3790,#3791,#3792,#3793));
#7034=EDGE_LOOP('',(#3794,#3795,#3796,#3797));
#7035=EDGE_LOOP('',(#3798));
#7036=EDGE_LOOP('',(#3799));
#7037=EDGE_LOOP('',(#3800));
#7038=EDGE_LOOP('',(#3801));
#7039=EDGE_LOOP('',(#3802));
#7040=EDGE_LOOP('',(#3803));
#7041=EDGE_LOOP('',(#3804));
#7042=EDGE_LOOP('',(#3805));
#7043=EDGE_LOOP('',(#3806));
#7044=EDGE_LOOP('',(#3807));
#7045=EDGE_LOOP('',(#3808));
#7046=EDGE_LOOP('',(#3809));
#7047=EDGE_LOOP('',(#3810));
#7048=EDGE_LOOP('',(#3811));
#7049=EDGE_LOOP('',(#3812,#3813,#3814,#3815));
#7050=EDGE_LOOP('',(#3816));
#7051=EDGE_LOOP('',(#3817));
#7052=EDGE_LOOP('',(#3818));
#7053=EDGE_LOOP('',(#3819));
#7054=EDGE_LOOP('',(#3820));
#7055=EDGE_LOOP('',(#3821));
#7056=EDGE_LOOP('',(#3822,#3823,#3824,#3825,#3826,#3827,#3828,#3829,#3830,
#3831,#3832,#3833,#3834,#3835,#3836,#3837));
#7057=EDGE_LOOP('',(#3838));
#7058=EDGE_LOOP('',(#3839));
#7059=EDGE_LOOP('',(#3840));
#7060=EDGE_LOOP('',(#3841));
#7061=EDGE_LOOP('',(#3842));
#7062=EDGE_LOOP('',(#3843));
#7063=EDGE_LOOP('',(#3844));
#7064=EDGE_LOOP('',(#3845));
#7065=EDGE_LOOP('',(#3846,#3847,#3848,#3849,#3850,#3851,#3852,#3853));
#7066=EDGE_LOOP('',(#3854,#3855,#3856,#3857));
#7067=EDGE_LOOP('',(#3858,#3859,#3860,#3861,#3862,#3863,#3864,#3865));
#7068=EDGE_LOOP('',(#3866,#3867,#3868,#3869));
#7069=EDGE_LOOP('',(#3870,#3871,#3872,#3873,#3874,#3875,#3876,#3877));
#7070=EDGE_LOOP('',(#3878,#3879,#3880,#3881));
#7071=EDGE_LOOP('',(#3882,#3883,#3884,#3885,#3886,#3887,#3888,#3889));
#7072=EDGE_LOOP('',(#3890,#3891,#3892,#3893));
#7073=EDGE_LOOP('',(#3894));
#7074=EDGE_LOOP('',(#3895));
#7075=EDGE_LOOP('',(#3896));
#7076=EDGE_LOOP('',(#3897));
#7077=EDGE_LOOP('',(#3898,#3899,#3900,#3901,#3902,#3903,#3904,#3905,#3906,
#3907,#3908,#3909,#3910,#3911,#3912,#3913,#3914,#3915,#3916,#3917,#3918,
#3919,#3920,#3921,#3922,#3923,#3924,#3925,#3926,#3927,#3928,#3929,#3930,
#3931,#3932,#3933,#3934,#3935,#3936,#3937));
#7078=EDGE_LOOP('',(#3938,#3939,#3940,#3941));
#7079=EDGE_LOOP('',(#3942,#3943,#3944,#3945));
#7080=EDGE_LOOP('',(#3946,#3947,#3948,#3949));
#7081=EDGE_LOOP('',(#3950,#3951,#3952,#3953));
#7082=EDGE_LOOP('',(#3954,#3955,#3956,#3957));
#7083=EDGE_LOOP('',(#3958,#3959,#3960,#3961));
#7084=EDGE_LOOP('',(#3962,#3963,#3964,#3965));
#7085=EDGE_LOOP('',(#3966,#3967,#3968,#3969,#3970,#3971,#3972,#3973));
#7086=EDGE_LOOP('',(#3974,#3975,#3976,#3977));
#7087=EDGE_LOOP('',(#3978,#3979,#3980,#3981));
#7088=EDGE_LOOP('',(#3982,#3983,#3984,#3985));
#7089=EDGE_LOOP('',(#3986,#3987,#3988,#3989));
#7090=EDGE_LOOP('',(#3990,#3991,#3992,#3993));
#7091=EDGE_LOOP('',(#3994,#3995,#3996,#3997));
#7092=EDGE_LOOP('',(#3998,#3999,#4000,#4001));
#7093=EDGE_LOOP('',(#4002,#4003,#4004,#4005,#4006,#4007,#4008,#4009));
#7094=EDGE_LOOP('',(#4010,#4011,#4012,#4013));
#7095=EDGE_LOOP('',(#4014,#4015,#4016,#4017));
#7096=EDGE_LOOP('',(#4018,#4019,#4020,#4021));
#7097=EDGE_LOOP('',(#4022,#4023,#4024,#4025));
#7098=EDGE_LOOP('',(#4026,#4027,#4028,#4029));
#7099=EDGE_LOOP('',(#4030,#4031,#4032,#4033));
#7100=EDGE_LOOP('',(#4034,#4035,#4036,#4037));
#7101=EDGE_LOOP('',(#4038,#4039,#4040,#4041,#4042,#4043,#4044,#4045));
#7102=EDGE_LOOP('',(#4046,#4047,#4048,#4049));
#7103=EDGE_LOOP('',(#4050,#4051,#4052,#4053));
#7104=EDGE_LOOP('',(#4054,#4055,#4056,#4057));
#7105=EDGE_LOOP('',(#4058,#4059,#4060,#4061));
#7106=EDGE_LOOP('',(#4062,#4063,#4064,#4065));
#7107=EDGE_LOOP('',(#4066,#4067,#4068,#4069));
#7108=EDGE_LOOP('',(#4070,#4071,#4072,#4073));
#7109=EDGE_LOOP('',(#4074,#4075,#4076,#4077,#4078,#4079,#4080,#4081));
#7110=EDGE_LOOP('',(#4082));
#7111=EDGE_LOOP('',(#4083));
#7112=EDGE_LOOP('',(#4084));
#7113=EDGE_LOOP('',(#4085));
#7114=EDGE_LOOP('',(#4086));
#7115=EDGE_LOOP('',(#4087));
#7116=FACE_BOUND('',#6454,.T.);
#7117=FACE_BOUND('',#6455,.T.);
#7118=FACE_BOUND('',#6456,.T.);
#7119=FACE_BOUND('',#6457,.T.);
#7120=FACE_BOUND('',#6458,.T.);
#7121=FACE_BOUND('',#6459,.T.);
#7122=FACE_BOUND('',#6460,.T.);
#7123=FACE_BOUND('',#6461,.T.);
#7124=FACE_BOUND('',#6462,.T.);
#7125=FACE_BOUND('',#6463,.T.);
#7126=FACE_BOUND('',#6464,.T.);
#7127=FACE_BOUND('',#6465,.T.);
#7128=FACE_BOUND('',#6466,.T.);
#7129=FACE_BOUND('',#6467,.T.);
#7130=FACE_BOUND('',#6468,.T.);
#7131=FACE_BOUND('',#6469,.T.);
#7132=FACE_BOUND('',#6470,.T.);
#7133=FACE_BOUND('',#6471,.T.);
#7134=FACE_BOUND('',#6472,.T.);
#7135=FACE_BOUND('',#6473,.T.);
#7136=FACE_BOUND('',#6474,.T.);
#7137=FACE_BOUND('',#6475,.T.);
#7138=FACE_BOUND('',#6476,.T.);
#7139=FACE_BOUND('',#6477,.T.);
#7140=FACE_BOUND('',#6478,.T.);
#7141=FACE_BOUND('',#6479,.T.);
#7142=FACE_BOUND('',#6480,.T.);
#7143=FACE_BOUND('',#6481,.T.);
#7144=FACE_BOUND('',#6482,.T.);
#7145=FACE_BOUND('',#6483,.T.);
#7146=FACE_BOUND('',#6484,.T.);
#7147=FACE_BOUND('',#6485,.T.);
#7148=FACE_BOUND('',#6486,.T.);
#7149=FACE_BOUND('',#6487,.T.);
#7150=FACE_BOUND('',#6488,.T.);
#7151=FACE_BOUND('',#6489,.T.);
#7152=FACE_BOUND('',#6490,.T.);
#7153=FACE_BOUND('',#6491,.T.);
#7154=FACE_BOUND('',#6492,.T.);
#7155=FACE_BOUND('',#6493,.T.);
#7156=FACE_BOUND('',#6494,.T.);
#7157=FACE_BOUND('',#6495,.T.);
#7158=FACE_BOUND('',#6496,.T.);
#7159=FACE_BOUND('',#6497,.T.);
#7160=FACE_BOUND('',#6498,.T.);
#7161=FACE_BOUND('',#6499,.T.);
#7162=FACE_BOUND('',#6500,.T.);
#7163=FACE_BOUND('',#6501,.T.);
#7164=FACE_BOUND('',#6502,.T.);
#7165=FACE_BOUND('',#6503,.T.);
#7166=FACE_BOUND('',#6504,.T.);
#7167=FACE_BOUND('',#6505,.T.);
#7168=FACE_BOUND('',#6506,.T.);
#7169=FACE_BOUND('',#6507,.T.);
#7170=FACE_BOUND('',#6508,.T.);
#7171=FACE_BOUND('',#6509,.T.);
#7172=FACE_BOUND('',#6510,.T.);
#7173=FACE_BOUND('',#6511,.T.);
#7174=FACE_BOUND('',#6512,.T.);
#7175=FACE_BOUND('',#6513,.T.);
#7176=FACE_BOUND('',#6514,.T.);
#7177=FACE_BOUND('',#6515,.T.);
#7178=FACE_BOUND('',#6516,.T.);
#7179=FACE_BOUND('',#6517,.T.);
#7180=FACE_BOUND('',#6518,.T.);
#7181=FACE_BOUND('',#6519,.T.);
#7182=FACE_BOUND('',#6520,.T.);
#7183=FACE_BOUND('',#6521,.T.);
#7184=FACE_BOUND('',#6522,.T.);
#7185=FACE_BOUND('',#6523,.T.);
#7186=FACE_BOUND('',#6524,.T.);
#7187=FACE_BOUND('',#6525,.T.);
#7188=FACE_BOUND('',#6526,.T.);
#7189=FACE_BOUND('',#6527,.T.);
#7190=FACE_BOUND('',#6528,.T.);
#7191=FACE_BOUND('',#6529,.T.);
#7192=FACE_BOUND('',#6530,.T.);
#7193=FACE_BOUND('',#6531,.T.);
#7194=FACE_BOUND('',#6532,.T.);
#7195=FACE_BOUND('',#6533,.T.);
#7196=FACE_BOUND('',#6534,.T.);
#7197=FACE_BOUND('',#6535,.T.);
#7198=FACE_BOUND('',#6536,.T.);
#7199=FACE_BOUND('',#6537,.T.);
#7200=FACE_BOUND('',#6538,.T.);
#7201=FACE_BOUND('',#6539,.T.);
#7202=FACE_BOUND('',#6540,.T.);
#7203=FACE_BOUND('',#6541,.T.);
#7204=FACE_BOUND('',#6542,.T.);
#7205=FACE_BOUND('',#6543,.T.);
#7206=FACE_BOUND('',#6544,.T.);
#7207=FACE_BOUND('',#6545,.T.);
#7208=FACE_BOUND('',#6546,.T.);
#7209=FACE_BOUND('',#6547,.T.);
#7210=FACE_BOUND('',#6548,.T.);
#7211=FACE_BOUND('',#6549,.T.);
#7212=FACE_BOUND('',#6550,.T.);
#7213=FACE_BOUND('',#6551,.T.);
#7214=FACE_BOUND('',#6552,.T.);
#7215=FACE_BOUND('',#6553,.T.);
#7216=FACE_BOUND('',#6554,.T.);
#7217=FACE_BOUND('',#6555,.T.);
#7218=FACE_BOUND('',#6556,.T.);
#7219=FACE_BOUND('',#6557,.T.);
#7220=FACE_BOUND('',#6558,.T.);
#7221=FACE_BOUND('',#6559,.T.);
#7222=FACE_BOUND('',#6560,.T.);
#7223=FACE_BOUND('',#6561,.T.);
#7224=FACE_BOUND('',#6562,.T.);
#7225=FACE_BOUND('',#6563,.T.);
#7226=FACE_BOUND('',#6564,.T.);
#7227=FACE_BOUND('',#6565,.T.);
#7228=FACE_BOUND('',#6566,.T.);
#7229=FACE_BOUND('',#6567,.T.);
#7230=FACE_BOUND('',#6568,.T.);
#7231=FACE_BOUND('',#6569,.T.);
#7232=FACE_BOUND('',#6570,.T.);
#7233=FACE_BOUND('',#6571,.T.);
#7234=FACE_BOUND('',#6572,.T.);
#7235=FACE_BOUND('',#6573,.T.);
#7236=FACE_BOUND('',#6574,.T.);
#7237=FACE_BOUND('',#6575,.T.);
#7238=FACE_BOUND('',#6576,.T.);
#7239=FACE_BOUND('',#6577,.T.);
#7240=FACE_BOUND('',#6578,.T.);
#7241=FACE_BOUND('',#6579,.T.);
#7242=FACE_BOUND('',#6580,.T.);
#7243=FACE_BOUND('',#6581,.T.);
#7244=FACE_BOUND('',#6582,.T.);
#7245=FACE_BOUND('',#6583,.T.);
#7246=FACE_BOUND('',#6584,.T.);
#7247=FACE_BOUND('',#6585,.T.);
#7248=FACE_BOUND('',#6586,.T.);
#7249=FACE_BOUND('',#6587,.T.);
#7250=FACE_BOUND('',#6588,.T.);
#7251=FACE_BOUND('',#6589,.T.);
#7252=FACE_BOUND('',#6590,.T.);
#7253=FACE_BOUND('',#6591,.T.);
#7254=FACE_BOUND('',#6592,.T.);
#7255=FACE_BOUND('',#6593,.T.);
#7256=FACE_BOUND('',#6594,.T.);
#7257=FACE_BOUND('',#6595,.T.);
#7258=FACE_BOUND('',#6596,.T.);
#7259=FACE_BOUND('',#6597,.T.);
#7260=FACE_BOUND('',#6598,.T.);
#7261=FACE_BOUND('',#6599,.T.);
#7262=FACE_BOUND('',#6600,.T.);
#7263=FACE_BOUND('',#6601,.T.);
#7264=FACE_BOUND('',#6602,.T.);
#7265=FACE_BOUND('',#6603,.T.);
#7266=FACE_BOUND('',#6604,.T.);
#7267=FACE_BOUND('',#6605,.T.);
#7268=FACE_BOUND('',#6606,.T.);
#7269=FACE_BOUND('',#6607,.T.);
#7270=FACE_BOUND('',#6608,.T.);
#7271=FACE_BOUND('',#6609,.T.);
#7272=FACE_BOUND('',#6610,.T.);
#7273=FACE_BOUND('',#6611,.T.);
#7274=FACE_BOUND('',#6612,.T.);
#7275=FACE_BOUND('',#6613,.T.);
#7276=FACE_BOUND('',#6614,.T.);
#7277=FACE_BOUND('',#6615,.T.);
#7278=FACE_BOUND('',#6616,.T.);
#7279=FACE_BOUND('',#6617,.T.);
#7280=FACE_BOUND('',#6618,.T.);
#7281=FACE_BOUND('',#6619,.T.);
#7282=FACE_BOUND('',#6620,.T.);
#7283=FACE_BOUND('',#6621,.T.);
#7284=FACE_BOUND('',#6622,.T.);
#7285=FACE_BOUND('',#6623,.T.);
#7286=FACE_BOUND('',#6624,.T.);
#7287=FACE_BOUND('',#6625,.T.);
#7288=FACE_BOUND('',#6626,.T.);
#7289=FACE_BOUND('',#6627,.T.);
#7290=FACE_BOUND('',#6628,.T.);
#7291=FACE_BOUND('',#6629,.T.);
#7292=FACE_BOUND('',#6630,.T.);
#7293=FACE_BOUND('',#6631,.T.);
#7294=FACE_BOUND('',#6632,.T.);
#7295=FACE_BOUND('',#6633,.T.);
#7296=FACE_BOUND('',#6634,.T.);
#7297=FACE_BOUND('',#6635,.T.);
#7298=FACE_BOUND('',#6636,.T.);
#7299=FACE_BOUND('',#6637,.T.);
#7300=FACE_BOUND('',#6638,.T.);
#7301=FACE_BOUND('',#6639,.T.);
#7302=FACE_BOUND('',#6640,.T.);
#7303=FACE_BOUND('',#6641,.T.);
#7304=FACE_BOUND('',#6642,.T.);
#7305=FACE_BOUND('',#6643,.T.);
#7306=FACE_BOUND('',#6644,.T.);
#7307=FACE_BOUND('',#6645,.T.);
#7308=FACE_BOUND('',#6646,.T.);
#7309=FACE_BOUND('',#6647,.T.);
#7310=FACE_BOUND('',#6648,.T.);
#7311=FACE_BOUND('',#6649,.T.);
#7312=FACE_BOUND('',#6650,.T.);
#7313=FACE_BOUND('',#6651,.T.);
#7314=FACE_BOUND('',#6652,.T.);
#7315=FACE_BOUND('',#6653,.T.);
#7316=FACE_BOUND('',#6654,.T.);
#7317=FACE_BOUND('',#6655,.T.);
#7318=FACE_BOUND('',#6656,.T.);
#7319=FACE_BOUND('',#6657,.T.);
#7320=FACE_BOUND('',#6658,.T.);
#7321=FACE_BOUND('',#6659,.T.);
#7322=FACE_BOUND('',#6660,.T.);
#7323=FACE_BOUND('',#6661,.T.);
#7324=FACE_BOUND('',#6662,.T.);
#7325=FACE_BOUND('',#6663,.T.);
#7326=FACE_BOUND('',#6664,.T.);
#7327=FACE_BOUND('',#6665,.T.);
#7328=FACE_BOUND('',#6666,.T.);
#7329=FACE_BOUND('',#6667,.T.);
#7330=FACE_BOUND('',#6668,.T.);
#7331=FACE_BOUND('',#6669,.T.);
#7332=FACE_BOUND('',#6670,.T.);
#7333=FACE_BOUND('',#6671,.T.);
#7334=FACE_BOUND('',#6672,.T.);
#7335=FACE_BOUND('',#6673,.T.);
#7336=FACE_BOUND('',#6674,.T.);
#7337=FACE_BOUND('',#6675,.T.);
#7338=FACE_BOUND('',#6676,.T.);
#7339=FACE_BOUND('',#6677,.T.);
#7340=FACE_BOUND('',#6678,.T.);
#7341=FACE_BOUND('',#6679,.T.);
#7342=FACE_BOUND('',#6680,.T.);
#7343=FACE_BOUND('',#6681,.T.);
#7344=FACE_BOUND('',#6682,.T.);
#7345=FACE_BOUND('',#6683,.T.);
#7346=FACE_BOUND('',#6684,.T.);
#7347=FACE_BOUND('',#6685,.T.);
#7348=FACE_BOUND('',#6686,.T.);
#7349=FACE_BOUND('',#6687,.T.);
#7350=FACE_BOUND('',#6688,.T.);
#7351=FACE_BOUND('',#6689,.T.);
#7352=FACE_BOUND('',#6690,.T.);
#7353=FACE_BOUND('',#6691,.T.);
#7354=FACE_BOUND('',#6692,.T.);
#7355=FACE_BOUND('',#6693,.T.);
#7356=FACE_BOUND('',#6694,.T.);
#7357=FACE_BOUND('',#6695,.T.);
#7358=FACE_BOUND('',#6696,.T.);
#7359=FACE_BOUND('',#6697,.T.);
#7360=FACE_BOUND('',#6698,.T.);
#7361=FACE_BOUND('',#6699,.T.);
#7362=FACE_BOUND('',#6700,.T.);
#7363=FACE_BOUND('',#6701,.T.);
#7364=FACE_BOUND('',#6702,.T.);
#7365=FACE_BOUND('',#6703,.T.);
#7366=FACE_BOUND('',#6704,.T.);
#7367=FACE_BOUND('',#6705,.T.);
#7368=FACE_BOUND('',#6706,.T.);
#7369=FACE_BOUND('',#6707,.T.);
#7370=FACE_BOUND('',#6708,.T.);
#7371=FACE_BOUND('',#6709,.T.);
#7372=FACE_BOUND('',#6710,.T.);
#7373=FACE_BOUND('',#6711,.T.);
#7374=FACE_BOUND('',#6712,.T.);
#7375=FACE_BOUND('',#6713,.T.);
#7376=FACE_BOUND('',#6714,.T.);
#7377=FACE_BOUND('',#6715,.T.);
#7378=FACE_BOUND('',#6716,.T.);
#7379=FACE_BOUND('',#6717,.T.);
#7380=FACE_BOUND('',#6718,.T.);
#7381=FACE_BOUND('',#6719,.T.);
#7382=FACE_BOUND('',#6720,.T.);
#7383=FACE_BOUND('',#6721,.T.);
#7384=FACE_BOUND('',#6722,.T.);
#7385=FACE_BOUND('',#6723,.T.);
#7386=FACE_BOUND('',#6724,.T.);
#7387=FACE_BOUND('',#6725,.T.);
#7388=FACE_BOUND('',#6726,.T.);
#7389=FACE_BOUND('',#6727,.T.);
#7390=FACE_BOUND('',#6728,.T.);
#7391=FACE_BOUND('',#6729,.T.);
#7392=FACE_BOUND('',#6730,.T.);
#7393=FACE_BOUND('',#6731,.T.);
#7394=FACE_BOUND('',#6732,.T.);
#7395=FACE_BOUND('',#6733,.T.);
#7396=FACE_BOUND('',#6734,.T.);
#7397=FACE_BOUND('',#6735,.T.);
#7398=FACE_BOUND('',#6736,.T.);
#7399=FACE_BOUND('',#6737,.T.);
#7400=FACE_BOUND('',#6738,.T.);
#7401=FACE_BOUND('',#6739,.T.);
#7402=FACE_BOUND('',#6740,.T.);
#7403=FACE_BOUND('',#6741,.T.);
#7404=FACE_BOUND('',#6742,.T.);
#7405=FACE_BOUND('',#6743,.T.);
#7406=FACE_BOUND('',#6744,.T.);
#7407=FACE_BOUND('',#6745,.T.);
#7408=FACE_BOUND('',#6746,.T.);
#7409=FACE_BOUND('',#6747,.T.);
#7410=FACE_BOUND('',#6748,.T.);
#7411=FACE_BOUND('',#6749,.T.);
#7412=FACE_BOUND('',#6750,.T.);
#7413=FACE_BOUND('',#6751,.T.);
#7414=FACE_BOUND('',#6752,.T.);
#7415=FACE_BOUND('',#6753,.T.);
#7416=FACE_BOUND('',#6754,.T.);
#7417=FACE_BOUND('',#6755,.T.);
#7418=FACE_BOUND('',#6756,.T.);
#7419=FACE_BOUND('',#6757,.T.);
#7420=FACE_BOUND('',#6758,.T.);
#7421=FACE_BOUND('',#6759,.T.);
#7422=FACE_BOUND('',#6760,.T.);
#7423=FACE_BOUND('',#6761,.T.);
#7424=FACE_BOUND('',#6762,.T.);
#7425=FACE_BOUND('',#6763,.T.);
#7426=FACE_BOUND('',#6764,.T.);
#7427=FACE_BOUND('',#6765,.T.);
#7428=FACE_BOUND('',#6766,.T.);
#7429=FACE_BOUND('',#6767,.T.);
#7430=FACE_BOUND('',#6768,.T.);
#7431=FACE_BOUND('',#6769,.T.);
#7432=FACE_BOUND('',#6770,.T.);
#7433=FACE_BOUND('',#6771,.T.);
#7434=FACE_BOUND('',#6772,.T.);
#7435=FACE_BOUND('',#6773,.T.);
#7436=FACE_BOUND('',#6774,.T.);
#7437=FACE_BOUND('',#6775,.T.);
#7438=FACE_BOUND('',#6776,.T.);
#7439=FACE_BOUND('',#6777,.T.);
#7440=FACE_BOUND('',#6778,.T.);
#7441=FACE_BOUND('',#6779,.T.);
#7442=FACE_BOUND('',#6780,.T.);
#7443=FACE_BOUND('',#6781,.T.);
#7444=FACE_BOUND('',#6782,.T.);
#7445=FACE_BOUND('',#6783,.T.);
#7446=FACE_BOUND('',#6784,.T.);
#7447=FACE_BOUND('',#6785,.T.);
#7448=FACE_BOUND('',#6786,.T.);
#7449=FACE_BOUND('',#6787,.T.);
#7450=FACE_BOUND('',#6788,.T.);
#7451=FACE_BOUND('',#6789,.T.);
#7452=FACE_BOUND('',#6790,.T.);
#7453=FACE_BOUND('',#6791,.T.);
#7454=FACE_BOUND('',#6792,.T.);
#7455=FACE_BOUND('',#6793,.T.);
#7456=FACE_BOUND('',#6794,.T.);
#7457=FACE_BOUND('',#6795,.T.);
#7458=FACE_BOUND('',#6796,.T.);
#7459=FACE_BOUND('',#6797,.T.);
#7460=FACE_BOUND('',#6798,.T.);
#7461=FACE_BOUND('',#6799,.T.);
#7462=FACE_BOUND('',#6800,.T.);
#7463=FACE_BOUND('',#6801,.T.);
#7464=FACE_BOUND('',#6802,.T.);
#7465=FACE_BOUND('',#6803,.T.);
#7466=FACE_BOUND('',#6804,.T.);
#7467=FACE_BOUND('',#6805,.T.);
#7468=FACE_BOUND('',#6806,.T.);
#7469=FACE_BOUND('',#6807,.T.);
#7470=FACE_BOUND('',#6808,.T.);
#7471=FACE_BOUND('',#6809,.T.);
#7472=FACE_BOUND('',#6810,.T.);
#7473=FACE_BOUND('',#6811,.T.);
#7474=FACE_BOUND('',#6812,.T.);
#7475=FACE_BOUND('',#6813,.T.);
#7476=FACE_BOUND('',#6814,.T.);
#7477=FACE_BOUND('',#6815,.T.);
#7478=FACE_BOUND('',#6816,.T.);
#7479=FACE_BOUND('',#6817,.T.);
#7480=FACE_BOUND('',#6818,.T.);
#7481=FACE_BOUND('',#6819,.T.);
#7482=FACE_BOUND('',#6820,.T.);
#7483=FACE_BOUND('',#6821,.T.);
#7484=FACE_BOUND('',#6822,.T.);
#7485=FACE_BOUND('',#6823,.T.);
#7486=FACE_BOUND('',#6824,.T.);
#7487=FACE_BOUND('',#6825,.T.);
#7488=FACE_BOUND('',#6826,.T.);
#7489=FACE_BOUND('',#6827,.T.);
#7490=FACE_BOUND('',#6828,.T.);
#7491=FACE_BOUND('',#6829,.T.);
#7492=FACE_BOUND('',#6830,.T.);
#7493=FACE_BOUND('',#6831,.T.);
#7494=FACE_BOUND('',#6832,.T.);
#7495=FACE_BOUND('',#6833,.T.);
#7496=FACE_BOUND('',#6834,.T.);
#7497=FACE_BOUND('',#6835,.T.);
#7498=FACE_BOUND('',#6836,.T.);
#7499=FACE_BOUND('',#6837,.T.);
#7500=FACE_BOUND('',#6838,.T.);
#7501=FACE_BOUND('',#6839,.T.);
#7502=FACE_BOUND('',#6840,.T.);
#7503=FACE_BOUND('',#6841,.T.);
#7504=FACE_BOUND('',#6842,.T.);
#7505=FACE_BOUND('',#6843,.T.);
#7506=FACE_BOUND('',#6844,.T.);
#7507=FACE_BOUND('',#6845,.T.);
#7508=FACE_BOUND('',#6846,.T.);
#7509=FACE_BOUND('',#6847,.T.);
#7510=FACE_BOUND('',#6848,.T.);
#7511=FACE_BOUND('',#6849,.T.);
#7512=FACE_BOUND('',#6850,.T.);
#7513=FACE_BOUND('',#6851,.T.);
#7514=FACE_BOUND('',#6852,.T.);
#7515=FACE_BOUND('',#6853,.T.);
#7516=FACE_BOUND('',#6854,.T.);
#7517=FACE_BOUND('',#6855,.T.);
#7518=FACE_BOUND('',#6856,.T.);
#7519=FACE_BOUND('',#6857,.T.);
#7520=FACE_BOUND('',#6858,.T.);
#7521=FACE_BOUND('',#6859,.T.);
#7522=FACE_BOUND('',#6860,.T.);
#7523=FACE_BOUND('',#6861,.T.);
#7524=FACE_BOUND('',#6862,.T.);
#7525=FACE_BOUND('',#6863,.T.);
#7526=FACE_BOUND('',#6864,.T.);
#7527=FACE_BOUND('',#6865,.T.);
#7528=FACE_BOUND('',#6866,.T.);
#7529=FACE_BOUND('',#6867,.T.);
#7530=FACE_BOUND('',#6868,.T.);
#7531=FACE_BOUND('',#6869,.T.);
#7532=FACE_BOUND('',#6870,.T.);
#7533=FACE_BOUND('',#6871,.T.);
#7534=FACE_BOUND('',#6872,.T.);
#7535=FACE_BOUND('',#6873,.T.);
#7536=FACE_BOUND('',#6874,.T.);
#7537=FACE_BOUND('',#6875,.T.);
#7538=FACE_BOUND('',#6876,.T.);
#7539=FACE_BOUND('',#6877,.T.);
#7540=FACE_BOUND('',#6878,.T.);
#7541=FACE_BOUND('',#6879,.T.);
#7542=FACE_BOUND('',#6880,.T.);
#7543=FACE_BOUND('',#6881,.T.);
#7544=FACE_BOUND('',#6882,.T.);
#7545=FACE_BOUND('',#6883,.T.);
#7546=FACE_BOUND('',#6884,.T.);
#7547=FACE_BOUND('',#6885,.T.);
#7548=FACE_BOUND('',#6886,.T.);
#7549=FACE_BOUND('',#6887,.T.);
#7550=FACE_BOUND('',#6888,.T.);
#7551=FACE_BOUND('',#6889,.T.);
#7552=FACE_BOUND('',#6890,.T.);
#7553=FACE_BOUND('',#6891,.T.);
#7554=FACE_BOUND('',#6892,.T.);
#7555=FACE_BOUND('',#6893,.T.);
#7556=FACE_BOUND('',#6894,.T.);
#7557=FACE_BOUND('',#6895,.T.);
#7558=FACE_BOUND('',#6896,.T.);
#7559=FACE_BOUND('',#6897,.T.);
#7560=FACE_BOUND('',#6898,.T.);
#7561=FACE_BOUND('',#6899,.T.);
#7562=FACE_BOUND('',#6900,.T.);
#7563=FACE_BOUND('',#6901,.T.);
#7564=FACE_BOUND('',#6902,.T.);
#7565=FACE_BOUND('',#6903,.T.);
#7566=FACE_BOUND('',#6904,.T.);
#7567=FACE_BOUND('',#6905,.T.);
#7568=FACE_BOUND('',#6906,.T.);
#7569=FACE_BOUND('',#6907,.T.);
#7570=FACE_BOUND('',#6908,.T.);
#7571=FACE_BOUND('',#6909,.T.);
#7572=FACE_BOUND('',#6910,.T.);
#7573=FACE_BOUND('',#6911,.T.);
#7574=FACE_BOUND('',#6912,.T.);
#7575=FACE_BOUND('',#6913,.T.);
#7576=FACE_BOUND('',#6914,.T.);
#7577=FACE_BOUND('',#6915,.T.);
#7578=FACE_BOUND('',#6916,.T.);
#7579=FACE_BOUND('',#6917,.T.);
#7580=FACE_BOUND('',#6918,.T.);
#7581=FACE_BOUND('',#6919,.T.);
#7582=FACE_BOUND('',#6920,.T.);
#7583=FACE_BOUND('',#6921,.T.);
#7584=FACE_BOUND('',#6922,.T.);
#7585=FACE_BOUND('',#6923,.T.);
#7586=FACE_BOUND('',#6924,.T.);
#7587=FACE_BOUND('',#6925,.T.);
#7588=FACE_BOUND('',#6926,.T.);
#7589=FACE_BOUND('',#6927,.T.);
#7590=FACE_BOUND('',#6928,.T.);
#7591=FACE_BOUND('',#6929,.T.);
#7592=FACE_BOUND('',#6930,.T.);
#7593=FACE_BOUND('',#6931,.T.);
#7594=FACE_BOUND('',#6932,.T.);
#7595=FACE_BOUND('',#6933,.T.);
#7596=FACE_BOUND('',#6934,.T.);
#7597=FACE_BOUND('',#6935,.T.);
#7598=FACE_BOUND('',#6936,.T.);
#7599=FACE_BOUND('',#6937,.T.);
#7600=FACE_BOUND('',#6938,.T.);
#7601=FACE_BOUND('',#6939,.T.);
#7602=FACE_BOUND('',#6940,.T.);
#7603=FACE_BOUND('',#6941,.T.);
#7604=FACE_BOUND('',#6942,.T.);
#7605=FACE_BOUND('',#6943,.T.);
#7606=FACE_BOUND('',#6944,.T.);
#7607=FACE_BOUND('',#6945,.T.);
#7608=FACE_BOUND('',#6946,.T.);
#7609=FACE_BOUND('',#6947,.T.);
#7610=FACE_BOUND('',#6948,.T.);
#7611=FACE_BOUND('',#6949,.T.);
#7612=FACE_BOUND('',#6950,.T.);
#7613=FACE_BOUND('',#6951,.T.);
#7614=FACE_BOUND('',#6952,.T.);
#7615=FACE_BOUND('',#6953,.T.);
#7616=FACE_BOUND('',#6954,.T.);
#7617=FACE_BOUND('',#6955,.T.);
#7618=FACE_BOUND('',#6956,.T.);
#7619=FACE_BOUND('',#6957,.T.);
#7620=FACE_BOUND('',#6958,.T.);
#7621=FACE_BOUND('',#6959,.T.);
#7622=FACE_BOUND('',#6960,.T.);
#7623=FACE_BOUND('',#6961,.T.);
#7624=FACE_BOUND('',#6962,.T.);
#7625=FACE_BOUND('',#6963,.T.);
#7626=FACE_BOUND('',#6964,.T.);
#7627=FACE_BOUND('',#6965,.T.);
#7628=FACE_BOUND('',#6966,.T.);
#7629=FACE_BOUND('',#6967,.T.);
#7630=FACE_BOUND('',#6968,.T.);
#7631=FACE_BOUND('',#6969,.T.);
#7632=FACE_BOUND('',#6970,.T.);
#7633=FACE_BOUND('',#6971,.T.);
#7634=FACE_BOUND('',#6972,.T.);
#7635=FACE_BOUND('',#6973,.T.);
#7636=FACE_BOUND('',#6974,.T.);
#7637=FACE_BOUND('',#6975,.T.);
#7638=FACE_BOUND('',#6976,.T.);
#7639=FACE_BOUND('',#6977,.T.);
#7640=FACE_BOUND('',#6978,.T.);
#7641=FACE_BOUND('',#6979,.T.);
#7642=FACE_BOUND('',#6980,.T.);
#7643=FACE_BOUND('',#6981,.T.);
#7644=FACE_BOUND('',#6982,.T.);
#7645=FACE_BOUND('',#6983,.T.);
#7646=FACE_BOUND('',#6984,.T.);
#7647=FACE_BOUND('',#6985,.T.);
#7648=FACE_BOUND('',#6986,.T.);
#7649=FACE_BOUND('',#6987,.T.);
#7650=FACE_BOUND('',#6988,.T.);
#7651=FACE_BOUND('',#6989,.T.);
#7652=FACE_BOUND('',#6990,.T.);
#7653=FACE_BOUND('',#6991,.T.);
#7654=FACE_BOUND('',#6992,.T.);
#7655=FACE_BOUND('',#6993,.T.);
#7656=FACE_BOUND('',#6994,.T.);
#7657=FACE_BOUND('',#6995,.T.);
#7658=FACE_BOUND('',#6996,.T.);
#7659=FACE_BOUND('',#6997,.T.);
#7660=FACE_BOUND('',#6998,.T.);
#7661=FACE_BOUND('',#6999,.T.);
#7662=FACE_BOUND('',#7000,.T.);
#7663=FACE_BOUND('',#7001,.T.);
#7664=FACE_BOUND('',#7002,.T.);
#7665=FACE_BOUND('',#7003,.T.);
#7666=FACE_BOUND('',#7004,.T.);
#7667=FACE_BOUND('',#7005,.T.);
#7668=FACE_BOUND('',#7006,.T.);
#7669=FACE_BOUND('',#7007,.T.);
#7670=FACE_BOUND('',#7008,.T.);
#7671=FACE_BOUND('',#7009,.T.);
#7672=FACE_BOUND('',#7010,.T.);
#7673=FACE_BOUND('',#7011,.T.);
#7674=FACE_BOUND('',#7012,.T.);
#7675=FACE_BOUND('',#7013,.T.);
#7676=FACE_BOUND('',#7014,.T.);
#7677=FACE_BOUND('',#7015,.T.);
#7678=FACE_BOUND('',#7016,.T.);
#7679=FACE_BOUND('',#7017,.T.);
#7680=FACE_BOUND('',#7018,.T.);
#7681=FACE_BOUND('',#7019,.T.);
#7682=FACE_BOUND('',#7020,.T.);
#7683=FACE_BOUND('',#7021,.T.);
#7684=FACE_BOUND('',#7022,.T.);
#7685=FACE_BOUND('',#7023,.T.);
#7686=FACE_BOUND('',#7024,.T.);
#7687=FACE_BOUND('',#7025,.T.);
#7688=FACE_BOUND('',#7026,.T.);
#7689=FACE_BOUND('',#7027,.T.);
#7690=FACE_BOUND('',#7028,.T.);
#7691=FACE_BOUND('',#7029,.T.);
#7692=FACE_BOUND('',#7030,.T.);
#7693=FACE_BOUND('',#7031,.T.);
#7694=FACE_BOUND('',#7032,.T.);
#7695=FACE_BOUND('',#7033,.T.);
#7696=FACE_BOUND('',#7034,.T.);
#7697=FACE_BOUND('',#7035,.T.);
#7698=FACE_BOUND('',#7036,.T.);
#7699=FACE_BOUND('',#7037,.T.);
#7700=FACE_BOUND('',#7038,.T.);
#7701=FACE_BOUND('',#7039,.T.);
#7702=FACE_BOUND('',#7040,.T.);
#7703=FACE_BOUND('',#7041,.T.);
#7704=FACE_BOUND('',#7042,.T.);
#7705=FACE_BOUND('',#7043,.T.);
#7706=FACE_BOUND('',#7044,.T.);
#7707=FACE_BOUND('',#7045,.T.);
#7708=FACE_BOUND('',#7046,.T.);
#7709=FACE_BOUND('',#7047,.T.);
#7710=FACE_BOUND('',#7048,.T.);
#7711=FACE_BOUND('',#7049,.T.);
#7712=FACE_BOUND('',#7050,.T.);
#7713=FACE_BOUND('',#7051,.T.);
#7714=FACE_BOUND('',#7052,.T.);
#7715=FACE_BOUND('',#7053,.T.);
#7716=FACE_BOUND('',#7054,.T.);
#7717=FACE_BOUND('',#7055,.T.);
#7718=FACE_BOUND('',#7056,.T.);
#7719=FACE_BOUND('',#7057,.T.);
#7720=FACE_BOUND('',#7058,.T.);
#7721=FACE_BOUND('',#7059,.T.);
#7722=FACE_BOUND('',#7060,.T.);
#7723=FACE_BOUND('',#7061,.T.);
#7724=FACE_BOUND('',#7062,.T.);
#7725=FACE_BOUND('',#7063,.T.);
#7726=FACE_BOUND('',#7064,.T.);
#7727=FACE_BOUND('',#7065,.T.);
#7728=FACE_BOUND('',#7066,.T.);
#7729=FACE_BOUND('',#7067,.T.);
#7730=FACE_BOUND('',#7068,.T.);
#7731=FACE_BOUND('',#7069,.T.);
#7732=FACE_BOUND('',#7070,.T.);
#7733=FACE_BOUND('',#7071,.T.);
#7734=FACE_BOUND('',#7072,.T.);
#7735=FACE_BOUND('',#7073,.T.);
#7736=FACE_BOUND('',#7074,.T.);
#7737=FACE_BOUND('',#7075,.T.);
#7738=FACE_BOUND('',#7076,.T.);
#7739=FACE_BOUND('',#7077,.T.);
#7740=FACE_BOUND('',#7078,.T.);
#7741=FACE_BOUND('',#7079,.T.);
#7742=FACE_BOUND('',#7080,.T.);
#7743=FACE_BOUND('',#7081,.T.);
#7744=FACE_BOUND('',#7082,.T.);
#7745=FACE_BOUND('',#7083,.T.);
#7746=FACE_BOUND('',#7084,.T.);
#7747=FACE_BOUND('',#7085,.T.);
#7748=FACE_BOUND('',#7086,.T.);
#7749=FACE_BOUND('',#7087,.T.);
#7750=FACE_BOUND('',#7088,.T.);
#7751=FACE_BOUND('',#7089,.T.);
#7752=FACE_BOUND('',#7090,.T.);
#7753=FACE_BOUND('',#7091,.T.);
#7754=FACE_BOUND('',#7092,.T.);
#7755=FACE_BOUND('',#7093,.T.);
#7756=FACE_BOUND('',#7094,.T.);
#7757=FACE_BOUND('',#7095,.T.);
#7758=FACE_BOUND('',#7096,.T.);
#7759=FACE_BOUND('',#7097,.T.);
#7760=FACE_BOUND('',#7098,.T.);
#7761=FACE_BOUND('',#7099,.T.);
#7762=FACE_BOUND('',#7100,.T.);
#7763=FACE_BOUND('',#7101,.T.);
#7764=FACE_BOUND('',#7102,.T.);
#7765=FACE_BOUND('',#7103,.T.);
#7766=FACE_BOUND('',#7104,.T.);
#7767=FACE_BOUND('',#7105,.T.);
#7768=FACE_BOUND('',#7106,.T.);
#7769=FACE_BOUND('',#7107,.T.);
#7770=FACE_BOUND('',#7108,.T.);
#7771=FACE_BOUND('',#7109,.T.);
#7772=FACE_BOUND('',#7110,.T.);
#7773=FACE_BOUND('',#7111,.T.);
#7774=FACE_BOUND('',#7112,.T.);
#7775=FACE_BOUND('',#7113,.T.);
#7776=FACE_BOUND('',#7114,.T.);
#7777=FACE_BOUND('',#7115,.T.);
#7778=PLANE('',#8588);
#7779=PLANE('',#8596);
#7780=PLANE('',#8604);
#7781=PLANE('',#8607);
#7782=PLANE('',#8612);
#7783=PLANE('',#8617);
#7784=PLANE('',#8622);
#7785=PLANE('',#8626);
#7786=PLANE('',#8630);
#7787=PLANE('',#8634);
#7788=PLANE('',#8638);
#7789=PLANE('',#8666);
#7790=PLANE('',#8667);
#7791=PLANE('',#8668);
#7792=PLANE('',#8671);
#7793=PLANE('',#8672);
#7794=PLANE('',#8673);
#7795=PLANE('',#8676);
#7796=PLANE('',#8679);
#7797=PLANE('',#8682);
#7798=PLANE('',#8685);
#7799=PLANE('',#8686);
#7800=PLANE('',#8687);
#7801=PLANE('',#8690);
#7802=PLANE('',#8693);
#7803=PLANE('',#8696);
#7804=PLANE('',#8699);
#7805=PLANE('',#8702);
#7806=PLANE('',#8707);
#7807=PLANE('',#8711);
#7808=PLANE('',#8737);
#7809=PLANE('',#8749);
#7810=PLANE('',#8761);
#7811=PLANE('',#8762);
#7812=PLANE('',#8766);
#7813=PLANE('',#8776);
#7814=PLANE('',#8780);
#7815=PLANE('',#8784);
#7816=PLANE('',#8787);
#7817=PLANE('',#8790);
#7818=PLANE('',#8791);
#7819=PLANE('',#8795);
#7820=PLANE('',#8796);
#7821=PLANE('',#8797);
#7822=PLANE('',#8801);
#7823=PLANE('',#8802);
#7824=PLANE('',#8803);
#7825=PLANE('',#8807);
#7826=PLANE('',#8808);
#7827=PLANE('',#8809);
#7828=PLANE('',#8811);
#7829=PLANE('',#8814);
#7830=PLANE('',#8815);
#7831=PLANE('',#8819);
#7832=PLANE('',#8820);
#7833=PLANE('',#8821);
#7834=PLANE('',#8834);
#7835=PLANE('',#8845);
#7836=PLANE('',#8849);
#7837=PLANE('',#8852);
#7838=PLANE('',#8855);
#7839=PLANE('',#8858);
#7840=PLANE('',#8861);
#7841=PLANE('',#8869);
#7842=PLANE('',#8870);
#7843=PLANE('',#8875);
#7844=PLANE('',#8877);
#7845=PLANE('',#8878);
#7846=PLANE('',#8879);
#7847=PLANE('',#8880);
#7848=PLANE('',#8881);
#7849=PLANE('',#8882);
#7850=PLANE('',#8883);
#7851=PLANE('',#8885);
#7852=PLANE('',#8888);
#7853=PLANE('',#8891);
#7854=PLANE('',#8896);
#7855=PLANE('',#8902);
#7856=PLANE('',#8907);
#7857=PLANE('',#8917);
#7858=PLANE('',#8920);
#7859=PLANE('',#8921);
#7860=PLANE('',#8924);
#7861=PLANE('',#8926);
#7862=PLANE('',#8929);
#7863=PLANE('',#8931);
#7864=PLANE('',#8932);
#7865=PLANE('',#8945);
#7866=PLANE('',#8970);
#7867=PLANE('',#9011);
#7868=PLANE('',#9028);
#7869=PLANE('',#9029);
#7870=PLANE('',#9030);
#7871=PLANE('',#9031);
#7872=PLANE('',#9032);
#7873=PLANE('',#9033);
#7874=PLANE('',#9034);
#7875=PLANE('',#9035);
#7876=PLANE('',#9036);
#7877=PLANE('',#9037);
#7878=PLANE('',#9038);
#7879=PLANE('',#9039);
#7880=PLANE('',#9040);
#7881=PLANE('',#9041);
#7882=PLANE('',#9042);
#7883=PLANE('',#9050);
#7884=PLANE('',#9052);
#7885=PLANE('',#9053);
#7886=PLANE('',#9054);
#7887=PLANE('',#9055);
#7888=PLANE('',#9056);
#7889=PLANE('',#9057);
#7890=PLANE('',#9058);
#7891=PLANE('',#9059);
#7892=PLANE('',#9069);
#7893=PLANE('',#9071);
#7894=PLANE('',#9073);
#7895=PLANE('',#9075);
#7896=PLANE('',#9077);
#7897=PLANE('',#9079);
#7898=PLANE('',#9081);
#7899=PLANE('',#9083);
#7900=PLANE('',#9085);
#7901=PLANE('',#9087);
#7902=PLANE('',#9089);
#7903=PLANE('',#9091);
#7904=PLANE('',#9093);
#7905=PLANE('',#9095);
#7906=PLANE('',#9097);
#7907=PLANE('',#9099);
#7908=PLANE('',#9101);
#7909=PLANE('',#9103);
#7910=PLANE('',#9105);
#7911=PLANE('',#9107);
#7912=PLANE('',#9109);
#7913=PLANE('',#9111);
#7914=PLANE('',#9113);
#7915=PLANE('',#9115);
#7916=PLANE('',#9116);
#7917=PLANE('',#9117);
#7918=PLANE('',#9118);
#7919=PLANE('',#9119);
#7920=PLANE('',#9125);
#7921=PLANE('',#9156);
#7922=PLANE('',#9158);
#7923=PLANE('',#9184);
#7924=PLANE('',#9187);
#7925=PLANE('',#9197);
#7926=PLANE('',#9201);
#7927=PLANE('',#9202);
#7928=PLANE('',#9206);
#7929=PLANE('',#9211);
#7930=PLANE('',#9212);
#7931=PLANE('',#9213);
#7932=PLANE('',#9214);
#7933=PLANE('',#9215);
#7934=PLANE('',#9219);
#7935=PLANE('',#9223);
#7936=PLANE('',#9232);
#7937=PLANE('',#9238);
#7938=PLANE('',#9239);
#7939=PLANE('',#9240);
#7940=PLANE('',#9241);
#7941=PLANE('',#9242);
#7942=PLANE('',#9243);
#7943=PLANE('',#9244);
#7944=PLANE('',#9245);
#7945=PLANE('',#9246);
#7946=PLANE('',#9247);
#7947=PLANE('',#9248);
#7948=PLANE('',#9249);
#7949=PLANE('',#9250);
#7950=PLANE('',#9251);
#7951=PLANE('',#9252);
#7952=PLANE('',#9253);
#7953=PLANE('',#9254);
#7954=PLANE('',#9255);
#7955=PLANE('',#9256);
#7956=PLANE('',#9258);
#7957=PLANE('',#9260);
#7958=PLANE('',#9261);
#7959=PLANE('',#9288);
#7960=PLANE('',#9289);
#7961=PLANE('',#9290);
#7962=PLANE('',#9291);
#7963=PLANE('',#9292);
#7964=PLANE('',#9293);
#7965=PLANE('',#9294);
#7966=PLANE('',#9297);
#7967=PLANE('',#9298);
#7968=PLANE('',#9305);
#7969=PLANE('',#9320);
#7970=PLANE('',#9321);
#7971=PLANE('',#9322);
#7972=PLANE('',#9323);
#7973=PLANE('',#9324);
#7974=PLANE('',#9325);
#7975=PLANE('',#9331);
#7976=PLANE('',#9338);
#7977=PLANE('',#9345);
#7978=PLANE('',#9349);
#7979=PLANE('',#9358);
#7980=PLANE('',#9359);
#7981=PLANE('',#9360);
#7982=PLANE('',#9361);
#7983=PLANE('',#9362);
#7984=PLANE('',#9363);
#7985=PLANE('',#9364);
#7986=PLANE('',#9365);
#7987=PLANE('',#9366);
#7988=PLANE('',#9367);
#7989=PLANE('',#9368);
#7990=PLANE('',#9369);
#7991=PLANE('',#9370);
#7992=PLANE('',#9371);
#7993=PLANE('',#9372);
#7994=PLANE('',#9387);
#7995=PLANE('',#9390);
#7996=PLANE('',#9392);
#7997=PLANE('',#9393);
#7998=PLANE('',#9394);
#7999=PLANE('',#9395);
#8000=PLANE('',#9396);
#8001=PLANE('',#9397);
#8002=PLANE('',#9398);
#8003=PLANE('',#9399);
#8004=PLANE('',#9400);
#8005=PLANE('',#9420);
#8006=PLANE('',#9423);
#8007=PLANE('',#9426);
#8008=PLANE('',#9429);
#8009=PLANE('',#9432);
#8010=PLANE('',#9435);
#8011=PLANE('',#9438);
#8012=PLANE('',#9441);
#8013=PLANE('',#9444);
#8014=PLANE('',#9447);
#8015=PLANE('',#9450);
#8016=PLANE('',#9453);
#8017=PLANE('',#9456);
#8018=PLANE('',#9459);
#8019=PLANE('',#9462);
#8020=PLANE('',#9465);
#8021=PLANE('',#9468);
#8022=ADVANCED_FACE('',(#7116,#7117,#7118,#7119,#7120),#7778,.F.);
#8023=ADVANCED_FACE('',(#7121,#7122),#1593,.T.);
#8024=ADVANCED_FACE('',(#7123,#7124,#7125,#7126,#7127,#7128),#7779,.F.);
#8025=ADVANCED_FACE('',(#7129,#7130),#1594,.T.);
#8026=ADVANCED_FACE('',(#7131),#7780,.F.);
#8027=ADVANCED_FACE('',(#7132,#7133),#1595,.F.);
#8028=ADVANCED_FACE('',(#7134,#7135),#7781,.T.);
#8029=ADVANCED_FACE('',(#7136,#7137),#1596,.F.);
#8030=ADVANCED_FACE('',(#7138,#7139),#1597,.F.);
#8031=ADVANCED_FACE('',(#7140,#7141),#7782,.T.);
#8032=ADVANCED_FACE('',(#7142,#7143),#1598,.F.);
#8033=ADVANCED_FACE('',(#7144,#7145),#1599,.F.);
#8034=ADVANCED_FACE('',(#7146,#7147),#7783,.T.);
#8035=ADVANCED_FACE('',(#7148,#7149),#1600,.F.);
#8036=ADVANCED_FACE('',(#7150,#7151),#1601,.F.);
#8037=ADVANCED_FACE('',(#7152,#7153),#7784,.T.);
#8038=ADVANCED_FACE('',(#7154,#7155),#1602,.F.);
#8039=ADVANCED_FACE('',(#7156),#7785,.F.);
#8040=ADVANCED_FACE('',(#7157),#1603,.T.);
#8041=ADVANCED_FACE('',(#7158),#7786,.F.);
#8042=ADVANCED_FACE('',(#7159),#1604,.T.);
#8043=ADVANCED_FACE('',(#7160),#7787,.T.);
#8044=ADVANCED_FACE('',(#7161),#1605,.T.);
#8045=ADVANCED_FACE('',(#7162,#7163),#7788,.T.);
#8046=ADVANCED_FACE('',(#7164,#7165),#1606,.F.);
#8047=ADVANCED_FACE('',(#7166,#7167),#1607,.F.);
#8048=ADVANCED_FACE('',(#7168,#7169),#1608,.F.);
#8049=ADVANCED_FACE('',(#7170,#7171),#1609,.F.);
#8050=ADVANCED_FACE('',(#7172),#1610,.T.);
#8051=ADVANCED_FACE('',(#7173,#7174,#7175,#7176,#7177),#7789,.T.);
#8052=ADVANCED_FACE('',(#7178,#7179,#7180,#7181,#7182),#7790,.F.);
#8053=ADVANCED_FACE('',(#7183),#7791,.F.);
#8054=ADVANCED_FACE('',(#7184),#1611,.F.);
#8055=ADVANCED_FACE('',(#7185),#7792,.F.);
#8056=ADVANCED_FACE('',(#7186),#7793,.F.);
#8057=ADVANCED_FACE('',(#7187),#7794,.T.);
#8058=ADVANCED_FACE('',(#7188),#1612,.F.);
#8059=ADVANCED_FACE('',(#7189),#7795,.T.);
#8060=ADVANCED_FACE('',(#7190),#1613,.T.);
#8061=ADVANCED_FACE('',(#7191),#7796,.T.);
#8062=ADVANCED_FACE('',(#7192),#1614,.F.);
#8063=ADVANCED_FACE('',(#7193),#7797,.T.);
#8064=ADVANCED_FACE('',(#7194),#1615,.F.);
#8065=ADVANCED_FACE('',(#7195),#7798,.F.);
#8066=ADVANCED_FACE('',(#7196),#7799,.F.);
#8067=ADVANCED_FACE('',(#7197),#7800,.T.);
#8068=ADVANCED_FACE('',(#7198),#1616,.T.);
#8069=ADVANCED_FACE('',(#7199),#7801,.T.);
#8070=ADVANCED_FACE('',(#7200),#1617,.F.);
#8071=ADVANCED_FACE('',(#7201),#7802,.T.);
#8072=ADVANCED_FACE('',(#7202),#1618,.T.);
#8073=ADVANCED_FACE('',(#7203),#7803,.F.);
#8074=ADVANCED_FACE('',(#7204),#1619,.T.);
#8075=ADVANCED_FACE('',(#7205),#7804,.F.);
#8076=ADVANCED_FACE('',(#7206),#1620,.F.);
#8077=ADVANCED_FACE('',(#7207),#7805,.F.);
#8078=ADVANCED_FACE('',(#7208),#1621,.T.);
#8079=ADVANCED_FACE('',(#7209),#1622,.T.);
#8080=ADVANCED_FACE('',(#7210,#7211,#7212,#7213),#7806,.F.);
#8081=ADVANCED_FACE('',(#7214,#7215,#7216,#7217),#7807,.T.);
#8082=ADVANCED_FACE('',(#7218,#7219),#1623,.F.);
#8083=ADVANCED_FACE('',(#7220,#7221),#1624,.F.);
#8084=ADVANCED_FACE('',(#7222,#7223),#1625,.F.);
#8085=ADVANCED_FACE('',(#7224),#106,.T.);
#8086=ADVANCED_FACE('',(#7225),#107,.T.);
#8087=ADVANCED_FACE('',(#7226),#108,.T.);
#8088=ADVANCED_FACE('',(#7227),#109,.T.);
#8089=ADVANCED_FACE('',(#7228),#110,.T.);
#8090=ADVANCED_FACE('',(#7229),#111,.T.);
#8091=ADVANCED_FACE('',(#7230,#7231,#7232,#7233,#7234,#7235),#7808,.F.);
#8092=ADVANCED_FACE('',(#7236,#7237),#7809,.F.);
#8093=ADVANCED_FACE('',(#7238,#7239),#1626,.T.);
#8094=ADVANCED_FACE('',(#7240,#7241),#1627,.T.);
#8095=ADVANCED_FACE('',(#7242),#7810,.F.);
#8096=ADVANCED_FACE('',(#7243),#7811,.F.);
#8097=ADVANCED_FACE('',(#7244,#7245),#1628,.T.);
#8098=ADVANCED_FACE('',(#7246,#7247,#7248,#7249,#7250,#7251),#7812,.F.);
#8099=ADVANCED_FACE('',(#7252,#7253),#112,.T.);
#8100=ADVANCED_FACE('',(#7254,#7255),#1629,.T.);
#8101=ADVANCED_FACE('',(#7256,#7257),#7813,.F.);
#8102=ADVANCED_FACE('',(#7258,#7259),#1630,.T.);
#8103=ADVANCED_FACE('',(#7260,#7261),#7814,.F.);
#8104=ADVANCED_FACE('',(#7262,#7263),#1631,.T.);
#8105=ADVANCED_FACE('',(#7264,#7265),#7815,.F.);
#8106=ADVANCED_FACE('',(#7266,#7267),#1632,.T.);
#8107=ADVANCED_FACE('',(#7268),#7816,.T.);
#8108=ADVANCED_FACE('',(#7269),#1633,.F.);
#8109=ADVANCED_FACE('',(#7270),#7817,.T.);
#8110=ADVANCED_FACE('',(#7271),#7818,.T.);
#8111=ADVANCED_FACE('',(#7272),#1634,.F.);
#8112=ADVANCED_FACE('',(#7273),#7819,.T.);
#8113=ADVANCED_FACE('',(#7274),#7820,.T.);
#8114=ADVANCED_FACE('',(#7275),#7821,.T.);
#8115=ADVANCED_FACE('',(#7276),#1635,.F.);
#8116=ADVANCED_FACE('',(#7277),#7822,.T.);
#8117=ADVANCED_FACE('',(#7278),#7823,.T.);
#8118=ADVANCED_FACE('',(#7279),#7824,.T.);
#8119=ADVANCED_FACE('',(#7280),#1636,.F.);
#8120=ADVANCED_FACE('',(#7281),#7825,.T.);
#8121=ADVANCED_FACE('',(#7282),#7826,.T.);
#8122=ADVANCED_FACE('',(#7283),#7827,.T.);
#8123=ADVANCED_FACE('',(#7284),#7828,.T.);
#8124=ADVANCED_FACE('',(#7285),#1637,.F.);
#8125=ADVANCED_FACE('',(#7286),#7829,.T.);
#8126=ADVANCED_FACE('',(#7287),#7830,.T.);
#8127=ADVANCED_FACE('',(#7288),#1638,.F.);
#8128=ADVANCED_FACE('',(#7289),#7831,.T.);
#8129=ADVANCED_FACE('',(#7290),#7832,.T.);
#8130=ADVANCED_FACE('',(#7291),#7833,.T.);
#8131=ADVANCED_FACE('',(#7292,#7293),#1639,.F.);
#8132=ADVANCED_FACE('',(#7294,#7295),#1640,.F.);
#8133=ADVANCED_FACE('',(#7296,#7297),#1641,.F.);
#8134=ADVANCED_FACE('',(#7298,#7299),#1642,.F.);
#8135=ADVANCED_FACE('',(#7300,#7301),#1643,.T.);
#8136=ADVANCED_FACE('',(#7302,#7303,#7304,#7305,#7306,#7307),#7834,.F.);
#8137=ADVANCED_FACE('',(#7308,#7309),#113,.F.);
#8138=ADVANCED_FACE('',(#7310,#7311),#1644,.F.);
#8139=ADVANCED_FACE('',(#7312,#7313),#7835,.F.);
#8140=ADVANCED_FACE('',(#7314,#7315),#1645,.T.);
#8141=ADVANCED_FACE('',(#7316,#7317),#7836,.F.);
#8142=ADVANCED_FACE('',(#7318,#7319),#1646,.F.);
#8143=ADVANCED_FACE('',(#7320),#7837,.T.);
#8144=ADVANCED_FACE('',(#7321,#7322),#1647,.F.);
#8145=ADVANCED_FACE('',(#7323),#7838,.T.);
#8146=ADVANCED_FACE('',(#7324,#7325),#1648,.F.);
#8147=ADVANCED_FACE('',(#7326),#7839,.T.);
#8148=ADVANCED_FACE('',(#7327,#7328),#1649,.F.);
#8149=ADVANCED_FACE('',(#7329),#7840,.T.);
#8150=ADVANCED_FACE('',(#7330,#7331),#1650,.F.);
#8151=ADVANCED_FACE('',(#7332,#7333),#1651,.T.);
#8152=ADVANCED_FACE('',(#7334,#7335),#7841,.T.);
#8153=ADVANCED_FACE('',(#7336,#7337),#7842,.F.);
#8154=ADVANCED_FACE('',(#7338,#7339),#1652,.T.);
#8155=ADVANCED_FACE('',(#7340),#7843,.F.);
#8156=ADVANCED_FACE('',(#7341),#7844,.F.);
#8157=ADVANCED_FACE('',(#7342),#7845,.F.);
#8158=ADVANCED_FACE('',(#7343),#7846,.F.);
#8159=ADVANCED_FACE('',(#7344),#7847,.F.);
#8160=ADVANCED_FACE('',(#7345),#7848,.F.);
#8161=ADVANCED_FACE('',(#7346),#7849,.F.);
#8162=ADVANCED_FACE('',(#7347,#7348),#7850,.T.);
#8163=ADVANCED_FACE('',(#7349,#7350),#7851,.F.);
#8164=ADVANCED_FACE('',(#7351,#7352),#1653,.F.);
#8165=ADVANCED_FACE('',(#7353),#7852,.T.);
#8166=ADVANCED_FACE('',(#7354,#7355),#114,.T.);
#8167=ADVANCED_FACE('',(#7356),#7853,.F.);
#8168=ADVANCED_FACE('',(#7357),#7854,.T.);
#8169=ADVANCED_FACE('',(#7358),#7855,.F.);
#8170=ADVANCED_FACE('',(#7359),#7856,.T.);
#8171=ADVANCED_FACE('',(#7360),#15,.F.);
#8172=ADVANCED_FACE('',(#7361),#16,.F.);
#8173=ADVANCED_FACE('',(#7362,#7363),#1654,.T.);
#8174=ADVANCED_FACE('',(#7364),#7857,.T.);
#8175=ADVANCED_FACE('',(#7365),#1655,.T.);
#8176=ADVANCED_FACE('',(#7366),#1656,.T.);
#8177=ADVANCED_FACE('',(#7367),#7858,.T.);
#8178=ADVANCED_FACE('',(#7368),#7859,.T.);
#8179=ADVANCED_FACE('',(#7369),#17,.F.);
#8180=ADVANCED_FACE('',(#7370,#7371),#1657,.T.);
#8181=ADVANCED_FACE('',(#7372,#7373),#7860,.T.);
#8182=ADVANCED_FACE('',(#7374,#7375),#7861,.F.);
#8183=ADVANCED_FACE('',(#7376),#18,.F.);
#8184=ADVANCED_FACE('',(#7377),#1658,.T.);
#8185=ADVANCED_FACE('',(#7378),#7862,.T.);
#8186=ADVANCED_FACE('',(#7379),#1659,.T.);
#8187=ADVANCED_FACE('',(#7380),#7863,.T.);
#8188=ADVANCED_FACE('',(#7381),#7864,.T.);
#8189=ADVANCED_FACE('',(#7382,#7383),#1660,.F.);
#8190=ADVANCED_FACE('',(#7384,#7385),#115,.F.);
#8191=ADVANCED_FACE('',(#7386,#7387),#116,.F.);
#8192=ADVANCED_FACE('',(#7388,#7389,#7390,#7391),#7865,.T.);
#8193=ADVANCED_FACE('',(#7392,#7393,#7394,#7395,#7396,#7397,#7398,#7399,
#7400,#7401,#7402,#7403),#7866,.F.);
#8194=ADVANCED_FACE('',(#7404,#7405,#7406,#7407,#7408,#7409,#7410,#7411,
#7412,#7413),#7867,.T.);
#8195=ADVANCED_FACE('',(#7414),#7868,.T.);
#8196=ADVANCED_FACE('',(#7415),#7869,.T.);
#8197=ADVANCED_FACE('',(#7416),#7870,.F.);
#8198=ADVANCED_FACE('',(#7417),#7871,.F.);
#8199=ADVANCED_FACE('',(#7418),#7872,.T.);
#8200=ADVANCED_FACE('',(#7419),#7873,.T.);
#8201=ADVANCED_FACE('',(#7420),#7874,.T.);
#8202=ADVANCED_FACE('',(#7421),#7875,.F.);
#8203=ADVANCED_FACE('',(#7422),#7876,.T.);
#8204=ADVANCED_FACE('',(#7423),#7877,.T.);
#8205=ADVANCED_FACE('',(#7424),#7878,.T.);
#8206=ADVANCED_FACE('',(#7425),#7879,.F.);
#8207=ADVANCED_FACE('',(#7426),#7880,.T.);
#8208=ADVANCED_FACE('',(#7427),#7881,.T.);
#8209=ADVANCED_FACE('',(#7428),#7882,.F.);
#8210=ADVANCED_FACE('',(#7429,#7430),#1661,.F.);
#8211=ADVANCED_FACE('',(#7431,#7432),#1662,.F.);
#8212=ADVANCED_FACE('',(#7433,#7434),#1663,.F.);
#8213=ADVANCED_FACE('',(#7435,#7436),#1664,.F.);
#8214=ADVANCED_FACE('',(#7437,#7438),#1665,.F.);
#8215=ADVANCED_FACE('',(#7439,#7440),#1666,.F.);
#8216=ADVANCED_FACE('',(#7441,#7442),#1667,.F.);
#8217=ADVANCED_FACE('',(#7443),#7883,.F.);
#8218=ADVANCED_FACE('',(#7444,#7445),#1668,.F.);
#8219=ADVANCED_FACE('',(#7446),#7884,.T.);
#8220=ADVANCED_FACE('',(#7447),#7885,.F.);
#8221=ADVANCED_FACE('',(#7448),#7886,.F.);
#8222=ADVANCED_FACE('',(#7449),#7887,.F.);
#8223=ADVANCED_FACE('',(#7450),#7888,.F.);
#8224=ADVANCED_FACE('',(#7451),#7889,.T.);
#8225=ADVANCED_FACE('',(#7452),#7890,.T.);
#8226=ADVANCED_FACE('',(#7453),#7891,.T.);
#8227=ADVANCED_FACE('',(#7454),#1669,.F.);
#8228=ADVANCED_FACE('',(#7455),#1670,.F.);
#8229=ADVANCED_FACE('',(#7456),#1671,.F.);
#8230=ADVANCED_FACE('',(#7457),#1672,.F.);
#8231=ADVANCED_FACE('',(#7458),#1673,.F.);
#8232=ADVANCED_FACE('',(#7459),#1674,.F.);
#8233=ADVANCED_FACE('',(#7460),#1675,.F.);
#8234=ADVANCED_FACE('',(#7461),#1676,.F.);
#8235=ADVANCED_FACE('',(#7462),#1677,.T.);
#8236=ADVANCED_FACE('',(#7463),#7892,.F.);
#8237=ADVANCED_FACE('',(#7464),#1678,.T.);
#8238=ADVANCED_FACE('',(#7465),#7893,.F.);
#8239=ADVANCED_FACE('',(#7466),#1679,.T.);
#8240=ADVANCED_FACE('',(#7467),#7894,.T.);
#8241=ADVANCED_FACE('',(#7468),#1680,.T.);
#8242=ADVANCED_FACE('',(#7469),#7895,.T.);
#8243=ADVANCED_FACE('',(#7470),#1681,.F.);
#8244=ADVANCED_FACE('',(#7471),#7896,.F.);
#8245=ADVANCED_FACE('',(#7472),#1682,.F.);
#8246=ADVANCED_FACE('',(#7473),#7897,.F.);
#8247=ADVANCED_FACE('',(#7474),#1683,.F.);
#8248=ADVANCED_FACE('',(#7475),#7898,.F.);
#8249=ADVANCED_FACE('',(#7476),#1684,.F.);
#8250=ADVANCED_FACE('',(#7477),#7899,.T.);
#8251=ADVANCED_FACE('',(#7478),#1685,.F.);
#8252=ADVANCED_FACE('',(#7479),#7900,.T.);
#8253=ADVANCED_FACE('',(#7480),#1686,.F.);
#8254=ADVANCED_FACE('',(#7481),#7901,.F.);
#8255=ADVANCED_FACE('',(#7482),#1687,.F.);
#8256=ADVANCED_FACE('',(#7483),#7902,.T.);
#8257=ADVANCED_FACE('',(#7484),#1688,.F.);
#8258=ADVANCED_FACE('',(#7485),#7903,.T.);
#8259=ADVANCED_FACE('',(#7486),#1689,.T.);
#8260=ADVANCED_FACE('',(#7487),#7904,.F.);
#8261=ADVANCED_FACE('',(#7488),#1690,.F.);
#8262=ADVANCED_FACE('',(#7489),#7905,.F.);
#8263=ADVANCED_FACE('',(#7490),#1691,.F.);
#8264=ADVANCED_FACE('',(#7491),#7906,.T.);
#8265=ADVANCED_FACE('',(#7492),#1692,.F.);
#8266=ADVANCED_FACE('',(#7493),#7907,.F.);
#8267=ADVANCED_FACE('',(#7494),#1693,.F.);
#8268=ADVANCED_FACE('',(#7495),#7908,.F.);
#8269=ADVANCED_FACE('',(#7496),#1694,.F.);
#8270=ADVANCED_FACE('',(#7497),#7909,.T.);
#8271=ADVANCED_FACE('',(#7498),#1695,.F.);
#8272=ADVANCED_FACE('',(#7499),#7910,.T.);
#8273=ADVANCED_FACE('',(#7500),#1696,.F.);
#8274=ADVANCED_FACE('',(#7501),#7911,.T.);
#8275=ADVANCED_FACE('',(#7502),#1697,.F.);
#8276=ADVANCED_FACE('',(#7503),#7912,.F.);
#8277=ADVANCED_FACE('',(#7504),#1698,.T.);
#8278=ADVANCED_FACE('',(#7505),#7913,.F.);
#8279=ADVANCED_FACE('',(#7506),#1699,.T.);
#8280=ADVANCED_FACE('',(#7507),#7914,.T.);
#8281=ADVANCED_FACE('',(#7508),#1700,.T.);
#8282=ADVANCED_FACE('',(#7509),#7915,.T.);
#8283=ADVANCED_FACE('',(#7510),#7916,.T.);
#8284=ADVANCED_FACE('',(#7511),#7917,.F.);
#8285=ADVANCED_FACE('',(#7512),#7918,.F.);
#8286=ADVANCED_FACE('',(#7513),#7919,.T.);
#8287=ADVANCED_FACE('',(#7514),#1701,.F.);
#8288=ADVANCED_FACE('',(#7515,#7516,#7517,#7518,#7519,#7520,#7521,#7522,
#7523,#7524),#7920,.T.);
#8289=ADVANCED_FACE('',(#7525),#7921,.T.);
#8290=ADVANCED_FACE('',(#7526,#7527,#7528,#7529,#7530,#7531),#7922,.F.);
#8291=ADVANCED_FACE('',(#7532),#7923,.T.);
#8292=ADVANCED_FACE('',(#7533),#7924,.T.);
#8293=ADVANCED_FACE('',(#7534,#7535),#1702,.F.);
#8294=ADVANCED_FACE('',(#7536,#7537),#1703,.F.);
#8295=ADVANCED_FACE('',(#7538,#7539),#1704,.F.);
#8296=ADVANCED_FACE('',(#7540),#7925,.T.);
#8297=ADVANCED_FACE('',(#7541,#7542),#1705,.F.);
#8298=ADVANCED_FACE('',(#7543),#7926,.F.);
#8299=ADVANCED_FACE('',(#7544),#7927,.F.);
#8300=ADVANCED_FACE('',(#7545),#1706,.T.);
#8301=ADVANCED_FACE('',(#7546),#7928,.F.);
#8302=ADVANCED_FACE('',(#7547),#1707,.F.);
#8303=ADVANCED_FACE('',(#7548),#7929,.F.);
#8304=ADVANCED_FACE('',(#7549),#7930,.F.);
#8305=ADVANCED_FACE('',(#7550),#7931,.F.);
#8306=ADVANCED_FACE('',(#7551),#7932,.T.);
#8307=ADVANCED_FACE('',(#7552),#7933,.F.);
#8308=ADVANCED_FACE('',(#7553),#1708,.F.);
#8309=ADVANCED_FACE('',(#7554),#7934,.F.);
#8310=ADVANCED_FACE('',(#7555),#1709,.T.);
#8311=ADVANCED_FACE('',(#7556),#7935,.F.);
#8312=ADVANCED_FACE('',(#7557,#7558,#7559),#1710,.F.);
#8313=ADVANCED_FACE('',(#7560,#7561,#7562),#1711,.F.);
#8314=ADVANCED_FACE('',(#7563,#7564,#7565,#7566,#7567,#7568,#7569,#7570),
#7936,.F.);
#8315=ADVANCED_FACE('',(#7571),#7937,.F.);
#8316=ADVANCED_FACE('',(#7572),#7938,.F.);
#8317=ADVANCED_FACE('',(#7573),#7939,.F.);
#8318=ADVANCED_FACE('',(#7574),#7940,.F.);
#8319=ADVANCED_FACE('',(#7575),#7941,.F.);
#8320=ADVANCED_FACE('',(#7576),#7942,.F.);
#8321=ADVANCED_FACE('',(#7577),#7943,.F.);
#8322=ADVANCED_FACE('',(#7578),#7944,.F.);
#8323=ADVANCED_FACE('',(#7579),#7945,.F.);
#8324=ADVANCED_FACE('',(#7580),#7946,.F.);
#8325=ADVANCED_FACE('',(#7581),#7947,.F.);
#8326=ADVANCED_FACE('',(#7582),#7948,.F.);
#8327=ADVANCED_FACE('',(#7583),#7949,.F.);
#8328=ADVANCED_FACE('',(#7584),#7950,.F.);
#8329=ADVANCED_FACE('',(#7585),#7951,.F.);
#8330=ADVANCED_FACE('',(#7586),#7952,.F.);
#8331=ADVANCED_FACE('',(#7587),#7953,.F.);
#8332=ADVANCED_FACE('',(#7588),#7954,.F.);
#8333=ADVANCED_FACE('',(#7589),#7955,.F.);
#8334=ADVANCED_FACE('',(#7590),#7956,.F.);
#8335=ADVANCED_FACE('',(#7591),#7957,.F.);
#8336=ADVANCED_FACE('',(#7592),#7958,.T.);
#8337=ADVANCED_FACE('',(#7593),#1712,.F.);
#8338=ADVANCED_FACE('',(#7594),#1713,.F.);
#8339=ADVANCED_FACE('',(#7595),#1714,.F.);
#8340=ADVANCED_FACE('',(#7596),#1715,.F.);
#8341=ADVANCED_FACE('',(#7597),#1716,.F.);
#8342=ADVANCED_FACE('',(#7598),#1717,.F.);
#8343=ADVANCED_FACE('',(#7599),#1718,.F.);
#8344=ADVANCED_FACE('',(#7600),#1719,.F.);
#8345=ADVANCED_FACE('',(#7601),#1720,.F.);
#8346=ADVANCED_FACE('',(#7602),#1721,.F.);
#8347=ADVANCED_FACE('',(#7603),#1722,.F.);
#8348=ADVANCED_FACE('',(#7604),#1723,.F.);
#8349=ADVANCED_FACE('',(#7605),#1724,.F.);
#8350=ADVANCED_FACE('',(#7606),#1725,.F.);
#8351=ADVANCED_FACE('',(#7607),#1726,.F.);
#8352=ADVANCED_FACE('',(#7608),#1727,.F.);
#8353=ADVANCED_FACE('',(#7609),#1728,.F.);
#8354=ADVANCED_FACE('',(#7610),#1729,.F.);
#8355=ADVANCED_FACE('',(#7611),#1730,.F.);
#8356=ADVANCED_FACE('',(#7612),#1731,.F.);
#8357=ADVANCED_FACE('',(#7613),#1732,.F.);
#8358=ADVANCED_FACE('',(#7614),#1733,.F.);
#8359=ADVANCED_FACE('',(#7615),#1734,.F.);
#8360=ADVANCED_FACE('',(#7616),#1735,.F.);
#8361=ADVANCED_FACE('',(#7617),#1736,.F.);
#8362=ADVANCED_FACE('',(#7618),#1737,.F.);
#8363=ADVANCED_FACE('',(#7619,#7620,#7621),#7959,.T.);
#8364=ADVANCED_FACE('',(#7622),#7960,.F.);
#8365=ADVANCED_FACE('',(#7623),#7961,.F.);
#8366=ADVANCED_FACE('',(#7624),#7962,.F.);
#8367=ADVANCED_FACE('',(#7625),#7963,.T.);
#8368=ADVANCED_FACE('',(#7626),#7964,.F.);
#8369=ADVANCED_FACE('',(#7627),#7965,.F.);
#8370=ADVANCED_FACE('',(#7628),#7966,.T.);
#8371=ADVANCED_FACE('',(#7629,#7630,#7631,#7632,#7633),#7967,.T.);
#8372=ADVANCED_FACE('',(#7634),#1738,.F.);
#8373=ADVANCED_FACE('',(#7635),#1739,.F.);
#8374=ADVANCED_FACE('',(#7636),#7968,.F.);
#8375=ADVANCED_FACE('',(#7637),#1740,.F.);
#8376=ADVANCED_FACE('',(#7638),#1741,.F.);
#8377=ADVANCED_FACE('',(#7639),#1742,.F.);
#8378=ADVANCED_FACE('',(#7640),#1743,.T.);
#8379=ADVANCED_FACE('',(#7641),#1744,.F.);
#8380=ADVANCED_FACE('',(#7642),#1745,.T.);
#8381=ADVANCED_FACE('',(#7643),#1746,.T.);
#8382=ADVANCED_FACE('',(#7644),#1747,.T.);
#8383=ADVANCED_FACE('',(#7645),#1748,.T.);
#8384=ADVANCED_FACE('',(#7646,#7647),#1749,.F.);
#8385=ADVANCED_FACE('',(#7648),#7969,.T.);
#8386=ADVANCED_FACE('',(#7649),#7970,.F.);
#8387=ADVANCED_FACE('',(#7650),#7971,.F.);
#8388=ADVANCED_FACE('',(#7651),#7972,.T.);
#8389=ADVANCED_FACE('',(#7652),#7973,.T.);
#8390=ADVANCED_FACE('',(#7653),#7974,.F.);
#8391=ADVANCED_FACE('',(#7654,#7655),#10,.F.);
#8392=ADVANCED_FACE('',(#7656,#7657),#7975,.T.);
#8393=ADVANCED_FACE('',(#7658,#7659),#1750,.F.);
#8394=ADVANCED_FACE('',(#7660,#7661),#11,.F.);
#8395=ADVANCED_FACE('',(#7662,#7663),#7976,.T.);
#8396=ADVANCED_FACE('',(#7664,#7665),#1751,.F.);
#8397=ADVANCED_FACE('',(#7666,#7667),#12,.F.);
#8398=ADVANCED_FACE('',(#7668,#7669),#7977,.T.);
#8399=ADVANCED_FACE('',(#7670,#7671),#1752,.F.);
#8400=ADVANCED_FACE('',(#7672,#7673,#7674,#7675,#7676,#7677,#7678,#7679,
#7680,#7681),#7978,.T.);
#8401=ADVANCED_FACE('',(#7682),#7979,.T.);
#8402=ADVANCED_FACE('',(#7683),#7980,.T.);
#8403=ADVANCED_FACE('',(#7684),#7981,.F.);
#8404=ADVANCED_FACE('',(#7685),#7982,.F.);
#8405=ADVANCED_FACE('',(#7686),#7983,.T.);
#8406=ADVANCED_FACE('',(#7687),#7984,.T.);
#8407=ADVANCED_FACE('',(#7688),#7985,.T.);
#8408=ADVANCED_FACE('',(#7689),#7986,.F.);
#8409=ADVANCED_FACE('',(#7690),#7987,.T.);
#8410=ADVANCED_FACE('',(#7691),#7988,.T.);
#8411=ADVANCED_FACE('',(#7692),#7989,.T.);
#8412=ADVANCED_FACE('',(#7693),#7990,.F.);
#8413=ADVANCED_FACE('',(#7694),#7991,.T.);
#8414=ADVANCED_FACE('',(#7695),#7992,.T.);
#8415=ADVANCED_FACE('',(#7696),#7993,.F.);
#8416=ADVANCED_FACE('',(#7697,#7698),#1753,.F.);
#8417=ADVANCED_FACE('',(#7699,#7700),#1754,.F.);
#8418=ADVANCED_FACE('',(#7701,#7702),#1755,.F.);
#8419=ADVANCED_FACE('',(#7703,#7704),#1756,.F.);
#8420=ADVANCED_FACE('',(#7705,#7706),#1757,.F.);
#8421=ADVANCED_FACE('',(#7707,#7708),#1758,.F.);
#8422=ADVANCED_FACE('',(#7709,#7710),#1759,.F.);
#8423=ADVANCED_FACE('',(#7711),#7994,.F.);
#8424=ADVANCED_FACE('',(#7712,#7713),#1760,.F.);
#8425=ADVANCED_FACE('',(#7714,#7715,#7716,#7717,#7718,#7719,#7720,#7721,
#7722,#7723,#7724,#7725,#7726),#7995,.F.);
#8426=ADVANCED_FACE('',(#7727),#7996,.T.);
#8427=ADVANCED_FACE('',(#7728),#7997,.F.);
#8428=ADVANCED_FACE('',(#7729),#7998,.F.);
#8429=ADVANCED_FACE('',(#7730),#7999,.F.);
#8430=ADVANCED_FACE('',(#7731),#8000,.F.);
#8431=ADVANCED_FACE('',(#7732),#8001,.T.);
#8432=ADVANCED_FACE('',(#7733),#8002,.T.);
#8433=ADVANCED_FACE('',(#7734),#8003,.T.);
#8434=ADVANCED_FACE('',(#7735,#7736,#7737,#7738,#7739),#8004,.T.);
#8435=ADVANCED_FACE('',(#7740),#1761,.F.);
#8436=ADVANCED_FACE('',(#7741),#8005,.T.);
#8437=ADVANCED_FACE('',(#7742),#1762,.F.);
#8438=ADVANCED_FACE('',(#7743),#8006,.T.);
#8439=ADVANCED_FACE('',(#7744),#1763,.F.);
#8440=ADVANCED_FACE('',(#7745),#8007,.T.);
#8441=ADVANCED_FACE('',(#7746),#1764,.F.);
#8442=ADVANCED_FACE('',(#7747),#8008,.T.);
#8443=ADVANCED_FACE('',(#7748),#1765,.F.);
#8444=ADVANCED_FACE('',(#7749),#8009,.T.);
#8445=ADVANCED_FACE('',(#7750),#1766,.F.);
#8446=ADVANCED_FACE('',(#7751),#8010,.T.);
#8447=ADVANCED_FACE('',(#7752),#1767,.F.);
#8448=ADVANCED_FACE('',(#7753),#8011,.T.);
#8449=ADVANCED_FACE('',(#7754),#1768,.F.);
#8450=ADVANCED_FACE('',(#7755),#8012,.T.);
#8451=ADVANCED_FACE('',(#7756),#1769,.F.);
#8452=ADVANCED_FACE('',(#7757),#8013,.T.);
#8453=ADVANCED_FACE('',(#7758),#1770,.F.);
#8454=ADVANCED_FACE('',(#7759),#8014,.T.);
#8455=ADVANCED_FACE('',(#7760),#1771,.F.);
#8456=ADVANCED_FACE('',(#7761),#8015,.T.);
#8457=ADVANCED_FACE('',(#7762),#1772,.F.);
#8458=ADVANCED_FACE('',(#7763),#8016,.T.);
#8459=ADVANCED_FACE('',(#7764),#1773,.F.);
#8460=ADVANCED_FACE('',(#7765),#8017,.T.);
#8461=ADVANCED_FACE('',(#7766),#1774,.F.);
#8462=ADVANCED_FACE('',(#7767),#8018,.T.);
#8463=ADVANCED_FACE('',(#7768),#1775,.F.);
#8464=ADVANCED_FACE('',(#7769),#8019,.T.);
#8465=ADVANCED_FACE('',(#7770),#1776,.F.);
#8466=ADVANCED_FACE('',(#7771),#8020,.T.);
#8467=ADVANCED_FACE('',(#7772,#7773),#1777,.F.);
#8468=ADVANCED_FACE('',(#7774,#7775),#8021,.T.);
#8469=ADVANCED_FACE('',(#7776,#7777),#13,.F.);
#8470=CLOSED_SHELL('',(#8022,#8023,#8024,#8025,#8026,#8027,#8028,#8029,
#8030,#8031,#8032,#8033,#8034,#8035,#8036,#8037,#8038));
#8471=CLOSED_SHELL('',(#8039,#8040,#8041,#8042,#8043,#8044,#8045,#8046,
#8047,#8048,#8049,#8050,#8051,#8052,#8053,#8054,#8055,#8056,#8057,#8058,
#8059,#8060,#8061,#8062,#8063,#8064,#8065,#8066,#8067,#8068,#8069,#8070,
#8071,#8072,#8073,#8074,#8075,#8076,#8077,#8078,#8079,#8080,#8081,#8082,
#8083,#8084));
#8472=CLOSED_SHELL('',(#8085,#8086,#8087,#8088,#8089,#8090,#8091,#8092,
#8093,#8094,#8095,#8096,#8097,#8098,#8099,#8100,#8101,#8102,#8103,#8104,
#8105,#8106,#8107,#8108,#8109,#8110,#8111,#8112,#8113,#8114,#8115,#8116,
#8117,#8118,#8119,#8120,#8121,#8122,#8123,#8124,#8125,#8126,#8127,#8128,
#8129,#8130,#8131,#8132,#8133,#8134,#8135,#8136,#8137,#8138,#8139,#8140,
#8141,#8142,#8143,#8144,#8145,#8146,#8147,#8148,#8149));
#8473=CLOSED_SHELL('',(#8150,#8151,#8152,#8153));
#8474=CLOSED_SHELL('',(#8154,#8155,#8156,#8157,#8158,#8159,#8160,#8161,
#8162,#8163,#8164,#8165,#8166));
#8475=CLOSED_SHELL('',(#8167,#8168,#8169,#8170,#8171,#8172,#8173,#8174,
#8175,#8176,#8177,#8178,#8179,#8180,#8181,#8182,#8183,#8184,#8185,#8186,
#8187,#8188,#8189,#8190,#8191));
#8476=CLOSED_SHELL('',(#8192,#8193,#8194,#8195,#8196,#8197,#8198,#8199,
#8200,#8201,#8202,#8203,#8204,#8205,#8206,#8207,#8208,#8209,#8210,#8211,
#8212,#8213,#8214,#8215,#8216,#8217,#8218,#8219,#8220,#8221,#8222,#8223,
#8224,#8225,#8226,#8227,#8228,#8229,#8230,#8231,#8232,#8233,#8234,#8235,
#8236,#8237,#8238,#8239,#8240,#8241,#8242,#8243,#8244,#8245,#8246,#8247,
#8248,#8249,#8250,#8251,#8252,#8253,#8254,#8255,#8256,#8257,#8258,#8259,
#8260,#8261,#8262,#8263,#8264,#8265,#8266,#8267,#8268,#8269,#8270,#8271,
#8272,#8273,#8274,#8275,#8276,#8277,#8278,#8279,#8280,#8281,#8282,#8283,
#8284,#8285,#8286));
#8477=CLOSED_SHELL('',(#8287,#8288,#8289,#8290,#8291,#8292,#8293,#8294,
#8295,#8296,#8297,#8298,#8299,#8300,#8301,#8302,#8303,#8304,#8305,#8306,
#8307,#8308,#8309,#8310,#8311,#8312,#8313,#8314,#8315,#8316,#8317,#8318,
#8319,#8320,#8321,#8322,#8323,#8324,#8325,#8326,#8327,#8328,#8329,#8330,
#8331,#8332,#8333,#8334,#8335,#8336,#8337,#8338,#8339,#8340,#8341,#8342,
#8343,#8344,#8345,#8346,#8347,#8348,#8349,#8350,#8351,#8352,#8353,#8354,
#8355,#8356,#8357,#8358,#8359,#8360,#8361,#8362,#8363,#8364,#8365,#8366,
#8367,#8368,#8369,#8370,#8371,#8372,#8373,#8374,#8375,#8376,#8377,#8378,
#8379,#8380,#8381,#8382,#8383,#8384));
#8478=CLOSED_SHELL('',(#8385,#8386,#8387,#8388,#8389,#8390));
#8479=CLOSED_SHELL('',(#8391,#8392,#8393,#8394,#8395,#8396,#8397,#8398,
#8399,#8400,#8401,#8402,#8403,#8404,#8405,#8406,#8407,#8408,#8409,#8410,
#8411,#8412,#8413,#8414,#8415,#8416,#8417,#8418,#8419,#8420,#8421,#8422,
#8423,#8424,#8425,#8426,#8427,#8428,#8429,#8430,#8431,#8432,#8433,#8434,
#8435,#8436,#8437,#8438,#8439,#8440,#8441,#8442,#8443,#8444,#8445,#8446,
#8447,#8448,#8449,#8450,#8451,#8452,#8453,#8454,#8455,#8456,#8457,#8458,
#8459,#8460,#8461,#8462,#8463,#8464,#8465,#8466,#8467,#8468,#8469));
#8480=STYLED_ITEM('',(#8490),#8555);
#8481=STYLED_ITEM('',(#8491),#8556);
#8482=STYLED_ITEM('',(#8492),#8557);
#8483=STYLED_ITEM('',(#8493),#8558);
#8484=STYLED_ITEM('',(#8494),#8559);
#8485=STYLED_ITEM('',(#8495),#8560);
#8486=STYLED_ITEM('',(#8496),#8561);
#8487=STYLED_ITEM('',(#8497),#8562);
#8488=STYLED_ITEM('',(#8498),#8563);
#8489=STYLED_ITEM('',(#8499),#8564);
#8490=PRESENTATION_STYLE_ASSIGNMENT((#8500));
#8491=PRESENTATION_STYLE_ASSIGNMENT((#8501));
#8492=PRESENTATION_STYLE_ASSIGNMENT((#8502));
#8493=PRESENTATION_STYLE_ASSIGNMENT((#8503));
#8494=PRESENTATION_STYLE_ASSIGNMENT((#8504));
#8495=PRESENTATION_STYLE_ASSIGNMENT((#8505));
#8496=PRESENTATION_STYLE_ASSIGNMENT((#8506));
#8497=PRESENTATION_STYLE_ASSIGNMENT((#8507));
#8498=PRESENTATION_STYLE_ASSIGNMENT((#8508));
#8499=PRESENTATION_STYLE_ASSIGNMENT((#8509));
#8500=SURFACE_STYLE_USAGE(.BOTH.,#8510);
#8501=SURFACE_STYLE_USAGE(.BOTH.,#8511);
#8502=SURFACE_STYLE_USAGE(.BOTH.,#8512);
#8503=SURFACE_STYLE_USAGE(.BOTH.,#8513);
#8504=SURFACE_STYLE_USAGE(.BOTH.,#8514);
#8505=SURFACE_STYLE_USAGE(.BOTH.,#8515);
#8506=SURFACE_STYLE_USAGE(.BOTH.,#8516);
#8507=SURFACE_STYLE_USAGE(.BOTH.,#8517);
#8508=SURFACE_STYLE_USAGE(.BOTH.,#8518);
#8509=SURFACE_STYLE_USAGE(.BOTH.,#8519);
#8510=SURFACE_SIDE_STYLE('',(#8520));
#8511=SURFACE_SIDE_STYLE('',(#8521));
#8512=SURFACE_SIDE_STYLE('',(#8522));
#8513=SURFACE_SIDE_STYLE('',(#8523));
#8514=SURFACE_SIDE_STYLE('',(#8524));
#8515=SURFACE_SIDE_STYLE('',(#8525));
#8516=SURFACE_SIDE_STYLE('',(#8526));
#8517=SURFACE_SIDE_STYLE('',(#8527));
#8518=SURFACE_SIDE_STYLE('',(#8528));
#8519=SURFACE_SIDE_STYLE('',(#8529));
#8520=SURFACE_STYLE_FILL_AREA(#8530);
#8521=SURFACE_STYLE_FILL_AREA(#8531);
#8522=SURFACE_STYLE_FILL_AREA(#8532);
#8523=SURFACE_STYLE_FILL_AREA(#8533);
#8524=SURFACE_STYLE_FILL_AREA(#8534);
#8525=SURFACE_STYLE_FILL_AREA(#8535);
#8526=SURFACE_STYLE_FILL_AREA(#8536);
#8527=SURFACE_STYLE_FILL_AREA(#8537);
#8528=SURFACE_STYLE_FILL_AREA(#8538);
#8529=SURFACE_STYLE_FILL_AREA(#8539);
#8530=FILL_AREA_STYLE('',(#8540));
#8531=FILL_AREA_STYLE('',(#8541));
#8532=FILL_AREA_STYLE('',(#8542));
#8533=FILL_AREA_STYLE('',(#8543));
#8534=FILL_AREA_STYLE('',(#8544));
#8535=FILL_AREA_STYLE('',(#8545));
#8536=FILL_AREA_STYLE('',(#8546));
#8537=FILL_AREA_STYLE('',(#8547));
#8538=FILL_AREA_STYLE('',(#8548));
#8539=FILL_AREA_STYLE('',(#8549));
#8540=FILL_AREA_STYLE_COLOUR('',#8550);
#8541=FILL_AREA_STYLE_COLOUR('',#8551);
#8542=FILL_AREA_STYLE_COLOUR('',#8552);
#8543=FILL_AREA_STYLE_COLOUR('',#8551);
#8544=FILL_AREA_STYLE_COLOUR('',#8551);
#8545=FILL_AREA_STYLE_COLOUR('',#8553);
#8546=FILL_AREA_STYLE_COLOUR('',#8554);
#8547=FILL_AREA_STYLE_COLOUR('',#8554);
#8548=FILL_AREA_STYLE_COLOUR('',#14);
#8549=FILL_AREA_STYLE_COLOUR('',#8554);
#8550=COLOUR_RGB('',0.647058823529412,0.647058823529412,0.647058823529412);
#8551=COLOUR_RGB('',0.498039215686275,0.498039215686275,0.498039215686275);
#8552=COLOUR_RGB('',0.623529411764706,0.615686274509804,0.615686274509804);
#8553=COLOUR_RGB('',0.282352941176471,0.549019607843137,0.16078431372549);
#8554=COLOUR_RGB('',0.972549019607843,0.529411764705882,0.00392156862745098);
#8555=MANIFOLD_SOLID_BREP('Spinner_link',#8470);
#8556=MANIFOLD_SOLID_BREP('Board_link',#8471);
#8557=MANIFOLD_SOLID_BREP('Motor_link',#8472);
#8558=MANIFOLD_SOLID_BREP('Spacer_link',#8473);
#8559=MANIFOLD_SOLID_BREP('Pillar_link',#8474);
#8560=MANIFOLD_SOLID_BREP('Propeller_link',#8475);
#8561=MANIFOLD_SOLID_BREP('Top_link',#8476);
#8562=MANIFOLD_SOLID_BREP('Arm_link',#8477);
#8563=MANIFOLD_SOLID_BREP('imu_link',#8478);
#8564=MANIFOLD_SOLID_BREP('base_link',#8479);
#8565=SHAPE_DEFINITION_REPRESENTATION(#14708,#8576);
#8566=SHAPE_DEFINITION_REPRESENTATION(#14709,#8577);
#8567=SHAPE_DEFINITION_REPRESENTATION(#14711,#8578);
#8568=SHAPE_DEFINITION_REPRESENTATION(#14713,#8579);
#8569=SHAPE_DEFINITION_REPRESENTATION(#14715,#8580);
#8570=SHAPE_DEFINITION_REPRESENTATION(#14717,#8581);
#8571=SHAPE_DEFINITION_REPRESENTATION(#14719,#8582);
#8572=SHAPE_DEFINITION_REPRESENTATION(#14727,#8583);
#8573=SHAPE_DEFINITION_REPRESENTATION(#14731,#8584);
#8574=SHAPE_DEFINITION_REPRESENTATION(#14733,#8585);
#8575=SHAPE_DEFINITION_REPRESENTATION(#14736,#8586);
#8576=SHAPE_REPRESENTATION('Assembly 1',(#8587,#8625,#8718,#8862,#8871,
#8890,#8938,#8939,#8940,#8941,#8942,#8943,#8944,#9120,#9121,#9122,#9319,
#9326,#9327,#9471,#9472,#9473,#9474,#9475,#9476,#9477,#9478,#9479,#9480,
#9481),#14683);
#8577=SHAPE_REPRESENTATION('Spinner_link',(#8587),#14684);
#8578=SHAPE_REPRESENTATION('Board_link',(#8587),#14685);
#8579=SHAPE_REPRESENTATION('Motor_link',(#8587),#14686);
#8580=SHAPE_REPRESENTATION('Spacer_link',(#8587),#14687);
#8581=SHAPE_REPRESENTATION('Pillar_link',(#8587),#14688);
#8582=SHAPE_REPRESENTATION('Propeller_link',(#8587),#14689);
#8583=SHAPE_REPRESENTATION('Top_link',(#8587),#14690);
#8584=SHAPE_REPRESENTATION('Arm_link',(#8587),#14691);
#8585=SHAPE_REPRESENTATION('imu_link',(#8587),#14692);
#8586=SHAPE_REPRESENTATION('base_link',(#8587),#14693);
#8587=AXIS2_PLACEMENT_3D('',#11942,#9482,#9483);
#8588=AXIS2_PLACEMENT_3D('',#11943,#9484,#9485);
#8589=AXIS2_PLACEMENT_3D('',#11944,#9486,#9487);
#8590=AXIS2_PLACEMENT_3D('',#11946,#9488,#9489);
#8591=AXIS2_PLACEMENT_3D('',#11948,#9490,#9491);
#8592=AXIS2_PLACEMENT_3D('',#11950,#9492,#9493);
#8593=AXIS2_PLACEMENT_3D('',#11952,#9494,#9495);
#8594=AXIS2_PLACEMENT_3D('',#11954,#9496,#9497);
#8595=AXIS2_PLACEMENT_3D('',#11955,#9498,#9499);
#8596=AXIS2_PLACEMENT_3D('',#11957,#9500,#9501);
#8597=AXIS2_PLACEMENT_3D('',#11958,#9502,#9503);
#8598=AXIS2_PLACEMENT_3D('',#11960,#9504,#9505);
#8599=AXIS2_PLACEMENT_3D('',#11962,#9506,#9507);
#8600=AXIS2_PLACEMENT_3D('',#11964,#9508,#9509);
#8601=AXIS2_PLACEMENT_3D('',#11966,#9510,#9511);
#8602=AXIS2_PLACEMENT_3D('',#11968,#9512,#9513);
#8603=AXIS2_PLACEMENT_3D('',#11969,#9514,#9515);
#8604=AXIS2_PLACEMENT_3D('',#11971,#9516,#9517);
#8605=AXIS2_PLACEMENT_3D('',#11972,#9518,#9519);
#8606=AXIS2_PLACEMENT_3D('',#11973,#9520,#9521);
#8607=AXIS2_PLACEMENT_3D('',#11975,#9522,#9523);
#8608=AXIS2_PLACEMENT_3D('',#11976,#9524,#9525);
#8609=AXIS2_PLACEMENT_3D('',#11978,#9526,#9527);
#8610=AXIS2_PLACEMENT_3D('',#11979,#9528,#9529);
#8611=AXIS2_PLACEMENT_3D('',#11980,#9530,#9531);
#8612=AXIS2_PLACEMENT_3D('',#11982,#9532,#9533);
#8613=AXIS2_PLACEMENT_3D('',#11983,#9534,#9535);
#8614=AXIS2_PLACEMENT_3D('',#11985,#9536,#9537);
#8615=AXIS2_PLACEMENT_3D('',#11986,#9538,#9539);
#8616=AXIS2_PLACEMENT_3D('',#11987,#9540,#9541);
#8617=AXIS2_PLACEMENT_3D('',#11989,#9542,#9543);
#8618=AXIS2_PLACEMENT_3D('',#11990,#9544,#9545);
#8619=AXIS2_PLACEMENT_3D('',#11992,#9546,#9547);
#8620=AXIS2_PLACEMENT_3D('',#11993,#9548,#9549);
#8621=AXIS2_PLACEMENT_3D('',#11994,#9550,#9551);
#8622=AXIS2_PLACEMENT_3D('',#11996,#9552,#9553);
#8623=AXIS2_PLACEMENT_3D('',#11997,#9554,#9555);
#8624=AXIS2_PLACEMENT_3D('',#11999,#9556,#9557);
#8625=AXIS2_PLACEMENT_3D('',#12000,#9558,#9559);
#8626=AXIS2_PLACEMENT_3D('',#12001,#9560,#9561);
#8627=AXIS2_PLACEMENT_3D('',#12010,#9566,#9567);
#8628=AXIS2_PLACEMENT_3D('',#12011,#9568,#9569);
#8629=AXIS2_PLACEMENT_3D('',#12015,#9571,#9572);
#8630=AXIS2_PLACEMENT_3D('',#12016,#9573,#9574);
#8631=AXIS2_PLACEMENT_3D('',#12022,#9578,#9579);
#8632=AXIS2_PLACEMENT_3D('',#12023,#9580,#9581);
#8633=AXIS2_PLACEMENT_3D('',#12027,#9583,#9584);
#8634=AXIS2_PLACEMENT_3D('',#12028,#9585,#9586);
#8635=AXIS2_PLACEMENT_3D('',#12034,#9590,#9591);
#8636=AXIS2_PLACEMENT_3D('',#12035,#9592,#9593);
#8637=AXIS2_PLACEMENT_3D('',#12039,#9595,#9596);
#8638=AXIS2_PLACEMENT_3D('',#12040,#9597,#9598);
#8639=AXIS2_PLACEMENT_3D('',#12049,#9603,#9604);
#8640=AXIS2_PLACEMENT_3D('',#12053,#9606,#9607);
#8641=AXIS2_PLACEMENT_3D('',#12057,#9609,#9610);
#8642=AXIS2_PLACEMENT_3D('',#12061,#9612,#9613);
#8643=AXIS2_PLACEMENT_3D('',#12065,#9615,#9616);
#8644=AXIS2_PLACEMENT_3D('',#12069,#9618,#9619);
#8645=AXIS2_PLACEMENT_3D('',#12077,#9623,#9624);
#8646=AXIS2_PLACEMENT_3D('',#12085,#9628,#9629);
#8647=AXIS2_PLACEMENT_3D('',#12089,#9631,#9632);
#8648=AXIS2_PLACEMENT_3D('',#12093,#9634,#9635);
#8649=AXIS2_PLACEMENT_3D('',#12097,#9637,#9638);
#8650=AXIS2_PLACEMENT_3D('',#12101,#9640,#9641);
#8651=AXIS2_PLACEMENT_3D('',#12102,#9642,#9643);
#8652=AXIS2_PLACEMENT_3D('',#12103,#9644,#9645);
#8653=AXIS2_PLACEMENT_3D('',#12105,#9646,#9647);
#8654=AXIS2_PLACEMENT_3D('',#12107,#9648,#9649);
#8655=AXIS2_PLACEMENT_3D('',#12108,#9650,#9651);
#8656=AXIS2_PLACEMENT_3D('',#12110,#9652,#9653);
#8657=AXIS2_PLACEMENT_3D('',#12112,#9654,#9655);
#8658=AXIS2_PLACEMENT_3D('',#12113,#9656,#9657);
#8659=AXIS2_PLACEMENT_3D('',#12115,#9658,#9659);
#8660=AXIS2_PLACEMENT_3D('',#12117,#9660,#9661);
#8661=AXIS2_PLACEMENT_3D('',#12118,#9662,#9663);
#8662=AXIS2_PLACEMENT_3D('',#12120,#9664,#9665);
#8663=AXIS2_PLACEMENT_3D('',#12122,#9666,#9667);
#8664=AXIS2_PLACEMENT_3D('',#12123,#9668,#9669);
#8665=AXIS2_PLACEMENT_3D('',#12124,#9670,#9671);
#8666=AXIS2_PLACEMENT_3D('',#12125,#9672,#9673);
#8667=AXIS2_PLACEMENT_3D('',#12131,#9677,#9678);
#8668=AXIS2_PLACEMENT_3D('',#12132,#9679,#9680);
#8669=AXIS2_PLACEMENT_3D('',#12138,#9684,#9685);
#8670=AXIS2_PLACEMENT_3D('',#12139,#9686,#9687);
#8671=AXIS2_PLACEMENT_3D('',#12142,#9689,#9690);
#8672=AXIS2_PLACEMENT_3D('',#12146,#9693,#9694);
#8673=AXIS2_PLACEMENT_3D('',#12150,#9697,#9698);
#8674=AXIS2_PLACEMENT_3D('',#12154,#9701,#9702);
#8675=AXIS2_PLACEMENT_3D('',#12155,#9703,#9704);
#8676=AXIS2_PLACEMENT_3D('',#12158,#9706,#9707);
#8677=AXIS2_PLACEMENT_3D('',#12162,#9710,#9711);
#8678=AXIS2_PLACEMENT_3D('',#12163,#9712,#9713);
#8679=AXIS2_PLACEMENT_3D('',#12166,#9715,#9716);
#8680=AXIS2_PLACEMENT_3D('',#12170,#9719,#9720);
#8681=AXIS2_PLACEMENT_3D('',#12171,#9721,#9722);
#8682=AXIS2_PLACEMENT_3D('',#12174,#9724,#9725);
#8683=AXIS2_PLACEMENT_3D('',#12178,#9728,#9729);
#8684=AXIS2_PLACEMENT_3D('',#12179,#9730,#9731);
#8685=AXIS2_PLACEMENT_3D('',#12182,#9733,#9734);
#8686=AXIS2_PLACEMENT_3D('',#12186,#9737,#9738);
#8687=AXIS2_PLACEMENT_3D('',#12190,#9741,#9742);
#8688=AXIS2_PLACEMENT_3D('',#12194,#9745,#9746);
#8689=AXIS2_PLACEMENT_3D('',#12195,#9747,#9748);
#8690=AXIS2_PLACEMENT_3D('',#12198,#9750,#9751);
#8691=AXIS2_PLACEMENT_3D('',#12202,#9754,#9755);
#8692=AXIS2_PLACEMENT_3D('',#12203,#9756,#9757);
#8693=AXIS2_PLACEMENT_3D('',#12206,#9759,#9760);
#8694=AXIS2_PLACEMENT_3D('',#12210,#9763,#9764);
#8695=AXIS2_PLACEMENT_3D('',#12211,#9765,#9766);
#8696=AXIS2_PLACEMENT_3D('',#12214,#9768,#9769);
#8697=AXIS2_PLACEMENT_3D('',#12218,#9772,#9773);
#8698=AXIS2_PLACEMENT_3D('',#12219,#9774,#9775);
#8699=AXIS2_PLACEMENT_3D('',#12222,#9777,#9778);
#8700=AXIS2_PLACEMENT_3D('',#12226,#9781,#9782);
#8701=AXIS2_PLACEMENT_3D('',#12227,#9783,#9784);
#8702=AXIS2_PLACEMENT_3D('',#12230,#9786,#9787);
#8703=AXIS2_PLACEMENT_3D('',#12234,#9790,#9791);
#8704=AXIS2_PLACEMENT_3D('',#12235,#9792,#9793);
#8705=AXIS2_PLACEMENT_3D('',#12236,#9794,#9795);
#8706=AXIS2_PLACEMENT_3D('',#12237,#9796,#9797);
#8707=AXIS2_PLACEMENT_3D('',#12238,#9798,#9799);
#8708=AXIS2_PLACEMENT_3D('',#12239,#9800,#9801);
#8709=AXIS2_PLACEMENT_3D('',#12241,#9802,#9803);
#8710=AXIS2_PLACEMENT_3D('',#12243,#9804,#9805);
#8711=AXIS2_PLACEMENT_3D('',#12245,#9806,#9807);
#8712=AXIS2_PLACEMENT_3D('',#12246,#9808,#9809);
#8713=AXIS2_PLACEMENT_3D('',#12248,#9810,#9811);
#8714=AXIS2_PLACEMENT_3D('',#12250,#9812,#9813);
#8715=AXIS2_PLACEMENT_3D('',#12252,#9814,#9815);
#8716=AXIS2_PLACEMENT_3D('',#12253,#9816,#9817);
#8717=AXIS2_PLACEMENT_3D('',#12254,#9818,#9819);
#8718=AXIS2_PLACEMENT_3D('',#12255,#9820,#9821);
#8719=AXIS2_PLACEMENT_3D('',#12256,#9822,#9823);
#8720=AXIS2_PLACEMENT_3D('',#12268,#9824,#9825);
#8721=AXIS2_PLACEMENT_3D('',#12280,#9826,#9827);
#8722=AXIS2_PLACEMENT_3D('',#12281,#9828,#9829);
#8723=AXIS2_PLACEMENT_3D('',#12288,#9830,#9831);
#8724=AXIS2_PLACEMENT_3D('',#12300,#9832,#9833);
#8725=AXIS2_PLACEMENT_3D('',#12306,#9834,#9835);
#8726=AXIS2_PLACEMENT_3D('',#12307,#9836,#9837);
#8727=AXIS2_PLACEMENT_3D('',#12320,#9838,#9839);
#8728=AXIS2_PLACEMENT_3D('',#12331,#9840,#9841);
#8729=AXIS2_PLACEMENT_3D('',#12332,#9842,#9843);
#8730=AXIS2_PLACEMENT_3D('',#12345,#9844,#9845);
#8731=AXIS2_PLACEMENT_3D('',#12356,#9846,#9847);
#8732=AXIS2_PLACEMENT_3D('',#12357,#9848,#9849);
#8733=AXIS2_PLACEMENT_3D('',#12370,#9850,#9851);
#8734=AXIS2_PLACEMENT_3D('',#12381,#9852,#9853);
#8735=AXIS2_PLACEMENT_3D('',#12382,#9854,#9855);
#8736=AXIS2_PLACEMENT_3D('',#12395,#9856,#9857);
#8737=AXIS2_PLACEMENT_3D('',#12406,#9858,#9859);
#8738=AXIS2_PLACEMENT_3D('',#12407,#9860,#9861);
#8739=AXIS2_PLACEMENT_3D('',#12409,#9862,#9863);
#8740=AXIS2_PLACEMENT_3D('',#12411,#9864,#9865);
#8741=AXIS2_PLACEMENT_3D('',#12413,#9866,#9867);
#8742=AXIS2_PLACEMENT_3D('',#12415,#9868,#9869);
#8743=AXIS2_PLACEMENT_3D('',#12417,#9870,#9871);
#8744=AXIS2_PLACEMENT_3D('',#12418,#9872,#9873);
#8745=AXIS2_PLACEMENT_3D('',#12419,#9874,#9875);
#8746=AXIS2_PLACEMENT_3D('',#12420,#9876,#9877);
#8747=AXIS2_PLACEMENT_3D('',#12421,#9878,#9879);
#8748=AXIS2_PLACEMENT_3D('',#12422,#9880,#9881);
#8749=AXIS2_PLACEMENT_3D('',#12423,#9882,#9883);
#8750=AXIS2_PLACEMENT_3D('',#12424,#9884,#9885);
#8751=AXIS2_PLACEMENT_3D('',#12426,#9886,#9887);
#8752=AXIS2_PLACEMENT_3D('',#12428,#9888,#9889);
#8753=AXIS2_PLACEMENT_3D('',#12429,#9890,#9891);
#8754=AXIS2_PLACEMENT_3D('',#12430,#9892,#9893);
#8755=AXIS2_PLACEMENT_3D('',#12431,#9894,#9895);
#8756=AXIS2_PLACEMENT_3D('',#12432,#9896,#9897);
#8757=AXIS2_PLACEMENT_3D('',#12433,#9898,#9899);
#8758=AXIS2_PLACEMENT_3D('',#12434,#9900,#9901);
#8759=AXIS2_PLACEMENT_3D('',#12435,#9902,#9903);
#8760=AXIS2_PLACEMENT_3D('',#12436,#9904,#9905);
#8761=AXIS2_PLACEMENT_3D('',#12438,#9906,#9907);
#8762=AXIS2_PLACEMENT_3D('',#12439,#9908,#9909);
#8763=AXIS2_PLACEMENT_3D('',#12440,#9910,#9911);
#8764=AXIS2_PLACEMENT_3D('',#12442,#9912,#9913);
#8765=AXIS2_PLACEMENT_3D('',#12443,#9914,#9915);
#8766=AXIS2_PLACEMENT_3D('',#12445,#9916,#9917);
#8767=AXIS2_PLACEMENT_3D('',#12446,#9918,#9919);
#8768=AXIS2_PLACEMENT_3D('',#12448,#9920,#9921);
#8769=AXIS2_PLACEMENT_3D('',#12450,#9922,#9923);
#8770=AXIS2_PLACEMENT_3D('',#12452,#9924,#9925);
#8771=AXIS2_PLACEMENT_3D('',#12454,#9926,#9927);
#8772=AXIS2_PLACEMENT_3D('',#12456,#9928,#9929);
#8773=AXIS2_PLACEMENT_3D('',#12457,#9930,#9931);
#8774=AXIS2_PLACEMENT_3D('',#12459,#9932,#9933);
#8775=AXIS2_PLACEMENT_3D('',#12460,#9934,#9935);
#8776=AXIS2_PLACEMENT_3D('',#12462,#9936,#9937);
#8777=AXIS2_PLACEMENT_3D('',#12463,#9938,#9939);
#8778=AXIS2_PLACEMENT_3D('',#12465,#9940,#9941);
#8779=AXIS2_PLACEMENT_3D('',#12466,#9942,#9943);
#8780=AXIS2_PLACEMENT_3D('',#12468,#9944,#9945);
#8781=AXIS2_PLACEMENT_3D('',#12469,#9946,#9947);
#8782=AXIS2_PLACEMENT_3D('',#12471,#9948,#9949);
#8783=AXIS2_PLACEMENT_3D('',#12472,#9950,#9951);
#8784=AXIS2_PLACEMENT_3D('',#12474,#9952,#9953);
#8785=AXIS2_PLACEMENT_3D('',#12475,#9954,#9955);
#8786=AXIS2_PLACEMENT_3D('',#12477,#9956,#9957);
#8787=AXIS2_PLACEMENT_3D('',#12478,#9958,#9959);
#8788=AXIS2_PLACEMENT_3D('',#12487,#9962,#9963);
#8789=AXIS2_PLACEMENT_3D('',#12495,#9965,#9966);
#8790=AXIS2_PLACEMENT_3D('',#12501,#9967,#9968);
#8791=AXIS2_PLACEMENT_3D('',#12508,#9970,#9971);
#8792=AXIS2_PLACEMENT_3D('',#12509,#9972,#9973);
#8793=AXIS2_PLACEMENT_3D('',#12510,#9974,#9975);
#8794=AXIS2_PLACEMENT_3D('',#12518,#9977,#9978);
#8795=AXIS2_PLACEMENT_3D('',#12526,#9980,#9981);
#8796=AXIS2_PLACEMENT_3D('',#12533,#9983,#9984);
#8797=AXIS2_PLACEMENT_3D('',#12540,#9986,#9987);
#8798=AXIS2_PLACEMENT_3D('',#12541,#9988,#9989);
#8799=AXIS2_PLACEMENT_3D('',#12542,#9990,#9991);
#8800=AXIS2_PLACEMENT_3D('',#12550,#9993,#9994);
#8801=AXIS2_PLACEMENT_3D('',#12558,#9996,#9997);
#8802=AXIS2_PLACEMENT_3D('',#12565,#9999,#10000);
#8803=AXIS2_PLACEMENT_3D('',#12572,#10002,#10003);
#8804=AXIS2_PLACEMENT_3D('',#12573,#10004,#10005);
#8805=AXIS2_PLACEMENT_3D('',#12574,#10006,#10007);
#8806=AXIS2_PLACEMENT_3D('',#12582,#10009,#10010);
#8807=AXIS2_PLACEMENT_3D('',#12590,#10012,#10013);
#8808=AXIS2_PLACEMENT_3D('',#12597,#10015,#10016);
#8809=AXIS2_PLACEMENT_3D('',#12604,#10018,#10019);
#8810=AXIS2_PLACEMENT_3D('',#12605,#10020,#10021);
#8811=AXIS2_PLACEMENT_3D('',#12606,#10022,#10023);
#8812=AXIS2_PLACEMENT_3D('',#12615,#10026,#10027);
#8813=AXIS2_PLACEMENT_3D('',#12623,#10029,#10030);
#8814=AXIS2_PLACEMENT_3D('',#12629,#10031,#10032);
#8815=AXIS2_PLACEMENT_3D('',#12636,#10034,#10035);
#8816=AXIS2_PLACEMENT_3D('',#12637,#10036,#10037);
#8817=AXIS2_PLACEMENT_3D('',#12638,#10038,#10039);
#8818=AXIS2_PLACEMENT_3D('',#12646,#10041,#10042);
#8819=AXIS2_PLACEMENT_3D('',#12654,#10044,#10045);
#8820=AXIS2_PLACEMENT_3D('',#12661,#10047,#10048);
#8821=AXIS2_PLACEMENT_3D('',#12668,#10050,#10051);
#8822=AXIS2_PLACEMENT_3D('',#12669,#10052,#10053);
#8823=AXIS2_PLACEMENT_3D('',#12670,#10054,#10055);
#8824=AXIS2_PLACEMENT_3D('',#12671,#10056,#10057);
#8825=AXIS2_PLACEMENT_3D('',#12673,#10058,#10059);
#8826=AXIS2_PLACEMENT_3D('',#12674,#10060,#10061);
#8827=AXIS2_PLACEMENT_3D('',#12676,#10062,#10063);
#8828=AXIS2_PLACEMENT_3D('',#12677,#10064,#10065);
#8829=AXIS2_PLACEMENT_3D('',#12679,#10066,#10067);
#8830=AXIS2_PLACEMENT_3D('',#12680,#10068,#10069);
#8831=AXIS2_PLACEMENT_3D('',#12682,#10070,#10071);
#8832=AXIS2_PLACEMENT_3D('',#12683,#10072,#10073);
#8833=AXIS2_PLACEMENT_3D('',#12685,#10074,#10075);
#8834=AXIS2_PLACEMENT_3D('',#12687,#10076,#10077);
#8835=AXIS2_PLACEMENT_3D('',#12688,#10078,#10079);
#8836=AXIS2_PLACEMENT_3D('',#12689,#10080,#10081);
#8837=AXIS2_PLACEMENT_3D('',#12690,#10082,#10083);
#8838=AXIS2_PLACEMENT_3D('',#12691,#10084,#10085);
#8839=AXIS2_PLACEMENT_3D('',#12692,#10086,#10087);
#8840=AXIS2_PLACEMENT_3D('',#12693,#10088,#10089);
#8841=AXIS2_PLACEMENT_3D('',#12694,#10090,#10091);
#8842=AXIS2_PLACEMENT_3D('',#12695,#10092,#10093);
#8843=AXIS2_PLACEMENT_3D('',#12697,#10094,#10095);
#8844=AXIS2_PLACEMENT_3D('',#12698,#10096,#10097);
#8845=AXIS2_PLACEMENT_3D('',#12700,#10098,#10099);
#8846=AXIS2_PLACEMENT_3D('',#12701,#10100,#10101);
#8847=AXIS2_PLACEMENT_3D('',#12703,#10102,#10103);
#8848=AXIS2_PLACEMENT_3D('',#12704,#10104,#10105);
#8849=AXIS2_PLACEMENT_3D('',#12706,#10106,#10107);
#8850=AXIS2_PLACEMENT_3D('',#12707,#10108,#10109);
#8851=AXIS2_PLACEMENT_3D('',#12708,#10110,#10111);
#8852=AXIS2_PLACEMENT_3D('',#12710,#10112,#10113);
#8853=AXIS2_PLACEMENT_3D('',#12711,#10114,#10115);
#8854=AXIS2_PLACEMENT_3D('',#12712,#10116,#10117);
#8855=AXIS2_PLACEMENT_3D('',#12714,#10118,#10119);
#8856=AXIS2_PLACEMENT_3D('',#12715,#10120,#10121);
#8857=AXIS2_PLACEMENT_3D('',#12716,#10122,#10123);
#8858=AXIS2_PLACEMENT_3D('',#12718,#10124,#10125);
#8859=AXIS2_PLACEMENT_3D('',#12719,#10126,#10127);
#8860=AXIS2_PLACEMENT_3D('',#12720,#10128,#10129);
#8861=AXIS2_PLACEMENT_3D('',#12722,#10130,#10131);
#8862=AXIS2_PLACEMENT_3D('',#12723,#10132,#10133);
#8863=AXIS2_PLACEMENT_3D('',#12724,#10134,#10135);
#8864=AXIS2_PLACEMENT_3D('',#12725,#10136,#10137);
#8865=AXIS2_PLACEMENT_3D('',#12727,#10138,#10139);
#8866=AXIS2_PLACEMENT_3D('',#12729,#10140,#10141);
#8867=AXIS2_PLACEMENT_3D('',#12730,#10142,#10143);
#8868=AXIS2_PLACEMENT_3D('',#12732,#10144,#10145);
#8869=AXIS2_PLACEMENT_3D('',#12734,#10146,#10147);
#8870=AXIS2_PLACEMENT_3D('',#12735,#10148,#10149);
#8871=AXIS2_PLACEMENT_3D('',#12736,#10150,#10151);
#8872=AXIS2_PLACEMENT_3D('',#12737,#10152,#10153);
#8873=AXIS2_PLACEMENT_3D('',#12738,#10154,#10155);
#8874=AXIS2_PLACEMENT_3D('',#12740,#10156,#10157);
#8875=AXIS2_PLACEMENT_3D('',#12742,#10158,#10159);
#8876=AXIS2_PLACEMENT_3D('',#12743,#10160,#10161);
#8877=AXIS2_PLACEMENT_3D('',#12745,#10162,#10163);
#8878=AXIS2_PLACEMENT_3D('',#12754,#10168,#10169);
#8879=AXIS2_PLACEMENT_3D('',#12760,#10173,#10174);
#8880=AXIS2_PLACEMENT_3D('',#12766,#10178,#10179);
#8881=AXIS2_PLACEMENT_3D('',#12772,#10183,#10184);
#8882=AXIS2_PLACEMENT_3D('',#12778,#10188,#10189);
#8883=AXIS2_PLACEMENT_3D('',#12781,#10192,#10193);
#8884=AXIS2_PLACEMENT_3D('',#12782,#10194,#10195);
#8885=AXIS2_PLACEMENT_3D('',#12784,#10196,#10197);
#8886=AXIS2_PLACEMENT_3D('',#12785,#10198,#10199);
#8887=AXIS2_PLACEMENT_3D('',#12786,#10200,#10201);
#8888=AXIS2_PLACEMENT_3D('',#12788,#10202,#10203);
#8889=AXIS2_PLACEMENT_3D('',#12789,#10204,#10205);
#8890=AXIS2_PLACEMENT_3D('',#12790,#10206,#10207);
#8891=AXIS2_PLACEMENT_3D('',#12791,#10208,#10209);
#8892=AXIS2_PLACEMENT_3D('',#12795,#10211,#10212);
#8893=AXIS2_PLACEMENT_3D('',#12801,#10215,#10216);
#8894=AXIS2_PLACEMENT_3D('',#12805,#10218,#10219);
#8895=AXIS2_PLACEMENT_3D('',#12813,#10220,#10221);
#8896=AXIS2_PLACEMENT_3D('',#12814,#10222,#10223);
#8897=AXIS2_PLACEMENT_3D('',#12815,#10224,#10225);
#8898=AXIS2_PLACEMENT_3D('',#12822,#10226,#10227);
#8899=AXIS2_PLACEMENT_3D('',#12824,#10228,#10229);
#8900=AXIS2_PLACEMENT_3D('',#12832,#10230,#10231);
#8901=AXIS2_PLACEMENT_3D('',#12836,#10233,#10234);
#8902=AXIS2_PLACEMENT_3D('',#12841,#10237,#10238);
#8903=AXIS2_PLACEMENT_3D('',#12845,#10240,#10241);
#8904=AXIS2_PLACEMENT_3D('',#12851,#10244,#10245);
#8905=AXIS2_PLACEMENT_3D('',#12855,#10247,#10248);
#8906=AXIS2_PLACEMENT_3D('',#12863,#10249,#10250);
#8907=AXIS2_PLACEMENT_3D('',#12864,#10251,#10252);
#8908=AXIS2_PLACEMENT_3D('',#12865,#10253,#10254);
#8909=AXIS2_PLACEMENT_3D('',#12872,#10255,#10256);
#8910=AXIS2_PLACEMENT_3D('',#12874,#10257,#10258);
#8911=AXIS2_PLACEMENT_3D('',#12882,#10259,#10260);
#8912=AXIS2_PLACEMENT_3D('',#12886,#10262,#10263);
#8913=AXIS2_PLACEMENT_3D('',#12929,#10268,#10269);
#8914=AXIS2_PLACEMENT_3D('',#12930,#10270,#10271);
#8915=AXIS2_PLACEMENT_3D('',#12931,#10272,#10273);
#8916=AXIS2_PLACEMENT_3D('',#12932,#10274,#10275);
#8917=AXIS2_PLACEMENT_3D('',#12934,#10276,#10277);
#8918=AXIS2_PLACEMENT_3D('',#12936,#10279,#10280);
#8919=AXIS2_PLACEMENT_3D('',#12939,#10283,#10284);
#8920=AXIS2_PLACEMENT_3D('',#12942,#10287,#10288);
#8921=AXIS2_PLACEMENT_3D('',#12943,#10289,#10290);
#8922=AXIS2_PLACEMENT_3D('',#12966,#10291,#10292);
#8923=AXIS2_PLACEMENT_3D('',#12967,#10293,#10294);
#8924=AXIS2_PLACEMENT_3D('',#12969,#10295,#10296);
#8925=AXIS2_PLACEMENT_3D('',#12970,#10297,#10298);
#8926=AXIS2_PLACEMENT_3D('',#12972,#10299,#10300);
#8927=AXIS2_PLACEMENT_3D('',#12973,#10301,#10302);
#8928=AXIS2_PLACEMENT_3D('',#12998,#10304,#10305);
#8929=AXIS2_PLACEMENT_3D('',#13000,#10307,#10308);
#8930=AXIS2_PLACEMENT_3D('',#13002,#10310,#10311);
#8931=AXIS2_PLACEMENT_3D('',#13004,#10313,#10314);
#8932=AXIS2_PLACEMENT_3D('',#13006,#10316,#10317);
#8933=AXIS2_PLACEMENT_3D('',#13007,#10318,#10319);
#8934=AXIS2_PLACEMENT_3D('',#13008,#10320,#10321);
#8935=AXIS2_PLACEMENT_3D('',#13010,#10322,#10323);
#8936=AXIS2_PLACEMENT_3D('',#13012,#10324,#10325);
#8937=AXIS2_PLACEMENT_3D('',#13013,#10326,#10327);
#8938=AXIS2_PLACEMENT_3D('',#13014,#10328,#10329);
#8939=AXIS2_PLACEMENT_3D('',#13015,#10330,#10331);
#8940=AXIS2_PLACEMENT_3D('',#13016,#10332,#10333);
#8941=AXIS2_PLACEMENT_3D('',#13017,#10334,#10335);
#8942=AXIS2_PLACEMENT_3D('',#13018,#10336,#10337);
#8943=AXIS2_PLACEMENT_3D('',#13019,#10338,#10339);
#8944=AXIS2_PLACEMENT_3D('',#13020,#10340,#10341);
#8945=AXIS2_PLACEMENT_3D('',#13021,#10342,#10343);
#8946=AXIS2_PLACEMENT_3D('',#13022,#10344,#10345);
#8947=AXIS2_PLACEMENT_3D('',#13027,#10347,#10348);
#8948=AXIS2_PLACEMENT_3D('',#13031,#10350,#10351);
#8949=AXIS2_PLACEMENT_3D('',#13035,#10353,#10354);
#8950=AXIS2_PLACEMENT_3D('',#13039,#10356,#10357);
#8951=AXIS2_PLACEMENT_3D('',#13043,#10359,#10360);
#8952=AXIS2_PLACEMENT_3D('',#13047,#10362,#10363);
#8953=AXIS2_PLACEMENT_3D('',#13051,#10365,#10366);
#8954=AXIS2_PLACEMENT_3D('',#13055,#10368,#10369);
#8955=AXIS2_PLACEMENT_3D('',#13059,#10371,#10372);
#8956=AXIS2_PLACEMENT_3D('',#13063,#10374,#10375);
#8957=AXIS2_PLACEMENT_3D('',#13067,#10377,#10378);
#8958=AXIS2_PLACEMENT_3D('',#13089,#10389,#10390);
#8959=AXIS2_PLACEMENT_3D('',#13093,#10392,#10393);
#8960=AXIS2_PLACEMENT_3D('',#13097,#10395,#10396);
#8961=AXIS2_PLACEMENT_3D('',#13101,#10398,#10399);
#8962=AXIS2_PLACEMENT_3D('',#13105,#10401,#10402);
#8963=AXIS2_PLACEMENT_3D('',#13109,#10404,#10405);
#8964=AXIS2_PLACEMENT_3D('',#13113,#10407,#10408);
#8965=AXIS2_PLACEMENT_3D('',#13117,#10410,#10411);
#8966=AXIS2_PLACEMENT_3D('',#13121,#10413,#10414);
#8967=AXIS2_PLACEMENT_3D('',#13125,#10416,#10417);
#8968=AXIS2_PLACEMENT_3D('',#13129,#10419,#10420);
#8969=AXIS2_PLACEMENT_3D('',#13133,#10422,#10423);
#8970=AXIS2_PLACEMENT_3D('',#13142,#10428,#10429);
#8971=AXIS2_PLACEMENT_3D('',#13143,#10430,#10431);
#8972=AXIS2_PLACEMENT_3D('',#13148,#10433,#10434);
#8973=AXIS2_PLACEMENT_3D('',#13152,#10436,#10437);
#8974=AXIS2_PLACEMENT_3D('',#13156,#10439,#10440);
#8975=AXIS2_PLACEMENT_3D('',#13160,#10442,#10443);
#8976=AXIS2_PLACEMENT_3D('',#13164,#10445,#10446);
#8977=AXIS2_PLACEMENT_3D('',#13168,#10448,#10449);
#8978=AXIS2_PLACEMENT_3D('',#13172,#10451,#10452);
#8979=AXIS2_PLACEMENT_3D('',#13176,#10454,#10455);
#8980=AXIS2_PLACEMENT_3D('',#13180,#10457,#10458);
#8981=AXIS2_PLACEMENT_3D('',#13184,#10460,#10461);
#8982=AXIS2_PLACEMENT_3D('',#13188,#10463,#10464);
#8983=AXIS2_PLACEMENT_3D('',#13194,#10467,#10468);
#8984=AXIS2_PLACEMENT_3D('',#13198,#10470,#10471);
#8985=AXIS2_PLACEMENT_3D('',#13202,#10473,#10474);
#8986=AXIS2_PLACEMENT_3D('',#13206,#10476,#10477);
#8987=AXIS2_PLACEMENT_3D('',#13210,#10479,#10480);
#8988=AXIS2_PLACEMENT_3D('',#13214,#10482,#10483);
#8989=AXIS2_PLACEMENT_3D('',#13218,#10485,#10486);
#8990=AXIS2_PLACEMENT_3D('',#13222,#10488,#10489);
#8991=AXIS2_PLACEMENT_3D('',#13226,#10491,#10492);
#8992=AXIS2_PLACEMENT_3D('',#13230,#10494,#10495);
#8993=AXIS2_PLACEMENT_3D('',#13234,#10497,#10498);
#8994=AXIS2_PLACEMENT_3D('',#13238,#10500,#10501);
#8995=AXIS2_PLACEMENT_3D('',#13244,#10504,#10505);
#8996=AXIS2_PLACEMENT_3D('',#13248,#10507,#10508);
#8997=AXIS2_PLACEMENT_3D('',#13256,#10512,#10513);
#8998=AXIS2_PLACEMENT_3D('',#13260,#10515,#10516);
#8999=AXIS2_PLACEMENT_3D('',#13268,#10520,#10521);
#9000=AXIS2_PLACEMENT_3D('',#13272,#10523,#10524);
#9001=AXIS2_PLACEMENT_3D('',#13280,#10528,#10529);
#9002=AXIS2_PLACEMENT_3D('',#13284,#10531,#10532);
#9003=AXIS2_PLACEMENT_3D('',#13287,#10534,#10535);
#9004=AXIS2_PLACEMENT_3D('',#13289,#10536,#10537);
#9005=AXIS2_PLACEMENT_3D('',#13291,#10538,#10539);
#9006=AXIS2_PLACEMENT_3D('',#13293,#10540,#10541);
#9007=AXIS2_PLACEMENT_3D('',#13295,#10542,#10543);
#9008=AXIS2_PLACEMENT_3D('',#13297,#10544,#10545);
#9009=AXIS2_PLACEMENT_3D('',#13299,#10546,#10547);
#9010=AXIS2_PLACEMENT_3D('',#13301,#10548,#10549);
#9011=AXIS2_PLACEMENT_3D('',#13311,#10554,#10555);
#9012=AXIS2_PLACEMENT_3D('',#13317,#10558,#10559);
#9013=AXIS2_PLACEMENT_3D('',#13321,#10561,#10562);
#9014=AXIS2_PLACEMENT_3D('',#13329,#10566,#10567);
#9015=AXIS2_PLACEMENT_3D('',#13333,#10569,#10570);
#9016=AXIS2_PLACEMENT_3D('',#13341,#10574,#10575);
#9017=AXIS2_PLACEMENT_3D('',#13345,#10577,#10578);
#9018=AXIS2_PLACEMENT_3D('',#13353,#10582,#10583);
#9019=AXIS2_PLACEMENT_3D('',#13357,#10585,#10586);
#9020=AXIS2_PLACEMENT_3D('',#13360,#10588,#10589);
#9021=AXIS2_PLACEMENT_3D('',#13362,#10590,#10591);
#9022=AXIS2_PLACEMENT_3D('',#13364,#10592,#10593);
#9023=AXIS2_PLACEMENT_3D('',#13366,#10594,#10595);
#9024=AXIS2_PLACEMENT_3D('',#13368,#10596,#10597);
#9025=AXIS2_PLACEMENT_3D('',#13370,#10598,#10599);
#9026=AXIS2_PLACEMENT_3D('',#13372,#10600,#10601);
#9027=AXIS2_PLACEMENT_3D('',#13374,#10602,#10603);
#9028=AXIS2_PLACEMENT_3D('',#13392,#10612,#10613);
#9029=AXIS2_PLACEMENT_3D('',#13395,#10616,#10617);
#9030=AXIS2_PLACEMENT_3D('',#13397,#10619,#10620);
#9031=AXIS2_PLACEMENT_3D('',#13400,#10623,#10624);
#9032=AXIS2_PLACEMENT_3D('',#13403,#10627,#10628);
#9033=AXIS2_PLACEMENT_3D('',#13405,#10630,#10631);
#9034=AXIS2_PLACEMENT_3D('',#13407,#10633,#10634);
#9035=AXIS2_PLACEMENT_3D('',#13410,#10637,#10638);
#9036=AXIS2_PLACEMENT_3D('',#13413,#10641,#10642);
#9037=AXIS2_PLACEMENT_3D('',#13415,#10644,#10645);
#9038=AXIS2_PLACEMENT_3D('',#13417,#10647,#10648);
#9039=AXIS2_PLACEMENT_3D('',#13420,#10651,#10652);
#9040=AXIS2_PLACEMENT_3D('',#13423,#10655,#10656);
#9041=AXIS2_PLACEMENT_3D('',#13425,#10658,#10659);
#9042=AXIS2_PLACEMENT_3D('',#13427,#10661,#10662);
#9043=AXIS2_PLACEMENT_3D('',#13430,#10665,#10666);
#9044=AXIS2_PLACEMENT_3D('',#13431,#10667,#10668);
#9045=AXIS2_PLACEMENT_3D('',#13432,#10669,#10670);
#9046=AXIS2_PLACEMENT_3D('',#13433,#10671,#10672);
#9047=AXIS2_PLACEMENT_3D('',#13434,#10673,#10674);
#9048=AXIS2_PLACEMENT_3D('',#13435,#10675,#10676);
#9049=AXIS2_PLACEMENT_3D('',#13436,#10677,#10678);
#9050=AXIS2_PLACEMENT_3D('',#13437,#10679,#10680);
#9051=AXIS2_PLACEMENT_3D('',#13439,#10682,#10683);
#9052=AXIS2_PLACEMENT_3D('',#13440,#10684,#10685);
#9053=AXIS2_PLACEMENT_3D('',#13443,#10688,#10689);
#9054=AXIS2_PLACEMENT_3D('',#13445,#10691,#10692);
#9055=AXIS2_PLACEMENT_3D('',#13447,#10694,#10695);
#9056=AXIS2_PLACEMENT_3D('',#13449,#10697,#10698);
#9057=AXIS2_PLACEMENT_3D('',#13451,#10700,#10701);
#9058=AXIS2_PLACEMENT_3D('',#13453,#10703,#10704);
#9059=AXIS2_PLACEMENT_3D('',#13455,#10706,#10707);
#9060=AXIS2_PLACEMENT_3D('',#13456,#10708,#10709);
#9061=AXIS2_PLACEMENT_3D('',#13457,#10710,#10711);
#9062=AXIS2_PLACEMENT_3D('',#13458,#10712,#10713);
#9063=AXIS2_PLACEMENT_3D('',#13459,#10714,#10715);
#9064=AXIS2_PLACEMENT_3D('',#13460,#10716,#10717);
#9065=AXIS2_PLACEMENT_3D('',#13461,#10718,#10719);
#9066=AXIS2_PLACEMENT_3D('',#13462,#10720,#10721);
#9067=AXIS2_PLACEMENT_3D('',#13463,#10722,#10723);
#9068=AXIS2_PLACEMENT_3D('',#13464,#10724,#10725);
#9069=AXIS2_PLACEMENT_3D('',#13467,#10728,#10729);
#9070=AXIS2_PLACEMENT_3D('',#13469,#10731,#10732);
#9071=AXIS2_PLACEMENT_3D('',#13471,#10734,#10735);
#9072=AXIS2_PLACEMENT_3D('',#13473,#10737,#10738);
#9073=AXIS2_PLACEMENT_3D('',#13475,#10740,#10741);
#9074=AXIS2_PLACEMENT_3D('',#13477,#10743,#10744);
#9075=AXIS2_PLACEMENT_3D('',#13479,#10746,#10747);
#9076=AXIS2_PLACEMENT_3D('',#13481,#10749,#10750);
#9077=AXIS2_PLACEMENT_3D('',#13483,#10752,#10753);
#9078=AXIS2_PLACEMENT_3D('',#13485,#10755,#10756);
#9079=AXIS2_PLACEMENT_3D('',#13487,#10758,#10759);
#9080=AXIS2_PLACEMENT_3D('',#13489,#10761,#10762);
#9081=AXIS2_PLACEMENT_3D('',#13491,#10764,#10765);
#9082=AXIS2_PLACEMENT_3D('',#13493,#10767,#10768);
#9083=AXIS2_PLACEMENT_3D('',#13495,#10770,#10771);
#9084=AXIS2_PLACEMENT_3D('',#13497,#10773,#10774);
#9085=AXIS2_PLACEMENT_3D('',#13499,#10776,#10777);
#9086=AXIS2_PLACEMENT_3D('',#13501,#10779,#10780);
#9087=AXIS2_PLACEMENT_3D('',#13503,#10782,#10783);
#9088=AXIS2_PLACEMENT_3D('',#13505,#10785,#10786);
#9089=AXIS2_PLACEMENT_3D('',#13507,#10788,#10789);
#9090=AXIS2_PLACEMENT_3D('',#13509,#10791,#10792);
#9091=AXIS2_PLACEMENT_3D('',#13511,#10794,#10795);
#9092=AXIS2_PLACEMENT_3D('',#13512,#10796,#10797);
#9093=AXIS2_PLACEMENT_3D('',#13515,#10800,#10801);
#9094=AXIS2_PLACEMENT_3D('',#13517,#10803,#10804);
#9095=AXIS2_PLACEMENT_3D('',#13519,#10806,#10807);
#9096=AXIS2_PLACEMENT_3D('',#13521,#10809,#10810);
#9097=AXIS2_PLACEMENT_3D('',#13523,#10812,#10813);
#9098=AXIS2_PLACEMENT_3D('',#13525,#10815,#10816);
#9099=AXIS2_PLACEMENT_3D('',#13527,#10818,#10819);
#9100=AXIS2_PLACEMENT_3D('',#13529,#10821,#10822);
#9101=AXIS2_PLACEMENT_3D('',#13531,#10824,#10825);
#9102=AXIS2_PLACEMENT_3D('',#13533,#10827,#10828);
#9103=AXIS2_PLACEMENT_3D('',#13535,#10830,#10831);
#9104=AXIS2_PLACEMENT_3D('',#13537,#10833,#10834);
#9105=AXIS2_PLACEMENT_3D('',#13539,#10836,#10837);
#9106=AXIS2_PLACEMENT_3D('',#13541,#10839,#10840);
#9107=AXIS2_PLACEMENT_3D('',#13543,#10842,#10843);
#9108=AXIS2_PLACEMENT_3D('',#13545,#10845,#10846);
#9109=AXIS2_PLACEMENT_3D('',#13547,#10848,#10849);
#9110=AXIS2_PLACEMENT_3D('',#13549,#10851,#10852);
#9111=AXIS2_PLACEMENT_3D('',#13551,#10854,#10855);
#9112=AXIS2_PLACEMENT_3D('',#13553,#10857,#10858);
#9113=AXIS2_PLACEMENT_3D('',#13555,#10860,#10861);
#9114=AXIS2_PLACEMENT_3D('',#13557,#10863,#10864);
#9115=AXIS2_PLACEMENT_3D('',#13559,#10866,#10867);
#9116=AXIS2_PLACEMENT_3D('',#13560,#10868,#10869);
#9117=AXIS2_PLACEMENT_3D('',#13563,#10872,#10873);
#9118=AXIS2_PLACEMENT_3D('',#13565,#10875,#10876);
#9119=AXIS2_PLACEMENT_3D('',#13567,#10878,#10879);
#9120=AXIS2_PLACEMENT_3D('',#13568,#10880,#10881);
#9121=AXIS2_PLACEMENT_3D('',#13569,#10882,#10883);
#9122=AXIS2_PLACEMENT_3D('',#13570,#10884,#10885);
#9123=AXIS2_PLACEMENT_3D('',#13571,#10886,#10887);
#9124=AXIS2_PLACEMENT_3D('',#13583,#10890,#10891);
#9125=AXIS2_PLACEMENT_3D('',#13584,#10892,#10893);
#9126=AXIS2_PLACEMENT_3D('',#13588,#10895,#10896);
#9127=AXIS2_PLACEMENT_3D('',#13592,#10898,#10899);
#9128=AXIS2_PLACEMENT_3D('',#13596,#10901,#10902);
#9129=AXIS2_PLACEMENT_3D('',#13600,#10904,#10905);
#9130=AXIS2_PLACEMENT_3D('',#13604,#10907,#10908);
#9131=AXIS2_PLACEMENT_3D('',#13608,#10910,#10911);
#9132=AXIS2_PLACEMENT_3D('',#13612,#10913,#10914);
#9133=AXIS2_PLACEMENT_3D('',#13616,#10916,#10917);
#9134=AXIS2_PLACEMENT_3D('',#13620,#10919,#10920);
#9135=AXIS2_PLACEMENT_3D('',#13624,#10922,#10923);
#9136=AXIS2_PLACEMENT_3D('',#13628,#10925,#10926);
#9137=AXIS2_PLACEMENT_3D('',#13632,#10928,#10929);
#9138=AXIS2_PLACEMENT_3D('',#13636,#10931,#10932);
#9139=AXIS2_PLACEMENT_3D('',#13640,#10934,#10935);
#9140=AXIS2_PLACEMENT_3D('',#13644,#10937,#10938);
#9141=AXIS2_PLACEMENT_3D('',#13648,#10940,#10941);
#9142=AXIS2_PLACEMENT_3D('',#13652,#10943,#10944);
#9143=AXIS2_PLACEMENT_3D('',#13656,#10946,#10947);
#9144=AXIS2_PLACEMENT_3D('',#13660,#10949,#10950);
#9145=AXIS2_PLACEMENT_3D('',#13664,#10952,#10953);
#9146=AXIS2_PLACEMENT_3D('',#13668,#10955,#10956);
#9147=AXIS2_PLACEMENT_3D('',#13672,#10958,#10959);
#9148=AXIS2_PLACEMENT_3D('',#13676,#10961,#10962);
#9149=AXIS2_PLACEMENT_3D('',#13680,#10964,#10965);
#9150=AXIS2_PLACEMENT_3D('',#13684,#10967,#10968);
#9151=AXIS2_PLACEMENT_3D('',#13690,#10971,#10972);
#9152=AXIS2_PLACEMENT_3D('',#13694,#10974,#10975);
#9153=AXIS2_PLACEMENT_3D('',#13698,#10977,#10978);
#9154=AXIS2_PLACEMENT_3D('',#13710,#10984,#10985);
#9155=AXIS2_PLACEMENT_3D('',#13714,#10987,#10988);
#9156=AXIS2_PLACEMENT_3D('',#13723,#10993,#10994);
#9157=AXIS2_PLACEMENT_3D('',#13736,#11001,#11002);
#9158=AXIS2_PLACEMENT_3D('',#13737,#11003,#11004);
#9159=AXIS2_PLACEMENT_3D('',#13740,#11006,#11007);
#9160=AXIS2_PLACEMENT_3D('',#13744,#11009,#11010);
#9161=AXIS2_PLACEMENT_3D('',#13750,#11013,#11014);
#9162=AXIS2_PLACEMENT_3D('',#13754,#11016,#11017);
#9163=AXIS2_PLACEMENT_3D('',#13758,#11019,#11020);
#9164=AXIS2_PLACEMENT_3D('',#13762,#11022,#11023);
#9165=AXIS2_PLACEMENT_3D('',#13766,#11025,#11026);
#9166=AXIS2_PLACEMENT_3D('',#13770,#11028,#11029);
#9167=AXIS2_PLACEMENT_3D('',#13774,#11031,#11032);
#9168=AXIS2_PLACEMENT_3D('',#13778,#11034,#11035);
#9169=AXIS2_PLACEMENT_3D('',#13782,#11037,#11038);
#9170=AXIS2_PLACEMENT_3D('',#13786,#11040,#11041);
#9171=AXIS2_PLACEMENT_3D('',#13790,#11043,#11044);
#9172=AXIS2_PLACEMENT_3D('',#13794,#11046,#11047);
#9173=AXIS2_PLACEMENT_3D('',#13798,#11049,#11050);
#9174=AXIS2_PLACEMENT_3D('',#13803,#11053,#11054);
#9175=AXIS2_PLACEMENT_3D('',#13807,#11056,#11057);
#9176=AXIS2_PLACEMENT_3D('',#13811,#11059,#11060);
#9177=AXIS2_PLACEMENT_3D('',#13817,#11063,#11064);
#9178=AXIS2_PLACEMENT_3D('',#13821,#11066,#11067);
#9179=AXIS2_PLACEMENT_3D('',#13825,#11069,#11070);
#9180=AXIS2_PLACEMENT_3D('',#13829,#11072,#11073);
#9181=AXIS2_PLACEMENT_3D('',#13839,#11078,#11079);
#9182=AXIS2_PLACEMENT_3D('',#13843,#11081,#11082);
#9183=AXIS2_PLACEMENT_3D('',#13847,#11084,#11085);
#9184=AXIS2_PLACEMENT_3D('',#13852,#11088,#11089);
#9185=AXIS2_PLACEMENT_3D('',#13859,#11093,#11094);
#9186=AXIS2_PLACEMENT_3D('',#13864,#11097,#11098);
#9187=AXIS2_PLACEMENT_3D('',#13865,#11099,#11100);
#9188=AXIS2_PLACEMENT_3D('',#13874,#11105,#11106);
#9189=AXIS2_PLACEMENT_3D('',#13875,#11107,#11108);
#9190=AXIS2_PLACEMENT_3D('',#13877,#11109,#11110);
#9191=AXIS2_PLACEMENT_3D('',#13879,#11111,#11112);
#9192=AXIS2_PLACEMENT_3D('',#13880,#11113,#11114);
#9193=AXIS2_PLACEMENT_3D('',#13882,#11115,#11116);
#9194=AXIS2_PLACEMENT_3D('',#13884,#11117,#11118);
#9195=AXIS2_PLACEMENT_3D('',#13885,#11119,#11120);
#9196=AXIS2_PLACEMENT_3D('',#13887,#11121,#11122);
#9197=AXIS2_PLACEMENT_3D('',#13889,#11123,#11124);
#9198=AXIS2_PLACEMENT_3D('',#13895,#11128,#11129);
#9199=AXIS2_PLACEMENT_3D('',#13896,#11130,#11131);
#9200=AXIS2_PLACEMENT_3D('',#13898,#11132,#11133);
#9201=AXIS2_PLACEMENT_3D('',#13900,#11134,#11135);
#9202=AXIS2_PLACEMENT_3D('',#13909,#11140,#11141);
#9203=AXIS2_PLACEMENT_3D('',#13915,#11145,#11146);
#9204=AXIS2_PLACEMENT_3D('',#13916,#11147,#11148);
#9205=AXIS2_PLACEMENT_3D('',#13921,#11150,#11151);
#9206=AXIS2_PLACEMENT_3D('',#13929,#11153,#11154);
#9207=AXIS2_PLACEMENT_3D('',#13935,#11157,#11158);
#9208=AXIS2_PLACEMENT_3D('',#13940,#11161,#11162);
#9209=AXIS2_PLACEMENT_3D('',#13941,#11163,#11164);
#9210=AXIS2_PLACEMENT_3D('',#13942,#11165,#11166);
#9211=AXIS2_PLACEMENT_3D('',#13943,#11167,#11168);
#9212=AXIS2_PLACEMENT_3D('',#13946,#11171,#11172);
#9213=AXIS2_PLACEMENT_3D('',#13949,#11175,#11176);
#9214=AXIS2_PLACEMENT_3D('',#13952,#11179,#11180);
#9215=AXIS2_PLACEMENT_3D('',#13955,#11183,#11184);
#9216=AXIS2_PLACEMENT_3D('',#13961,#11188,#11189);
#9217=AXIS2_PLACEMENT_3D('',#13962,#11190,#11191);
#9218=AXIS2_PLACEMENT_3D('',#13963,#11192,#11193);
#9219=AXIS2_PLACEMENT_3D('',#13964,#11194,#11195);
#9220=AXIS2_PLACEMENT_3D('',#13967,#11198,#11199);
#9221=AXIS2_PLACEMENT_3D('',#13968,#11200,#11201);
#9222=AXIS2_PLACEMENT_3D('',#13977,#11203,#11204);
#9223=AXIS2_PLACEMENT_3D('',#13978,#11205,#11206);
#9224=AXIS2_PLACEMENT_3D('',#13979,#11207,#11208);
#9225=AXIS2_PLACEMENT_3D('',#13983,#11210,#11211);
#9226=AXIS2_PLACEMENT_3D('',#13987,#11215,#11216);
#9227=AXIS2_PLACEMENT_3D('',#14016,#11219,#11220);
#9228=AXIS2_PLACEMENT_3D('',#14018,#11221,#11222);
#9229=AXIS2_PLACEMENT_3D('',#14020,#11223,#11224);
#9230=AXIS2_PLACEMENT_3D('',#14049,#11227,#11228);
#9231=AXIS2_PLACEMENT_3D('',#14051,#11229,#11230);
#9232=AXIS2_PLACEMENT_3D('',#14053,#11231,#11232);
#9233=AXIS2_PLACEMENT_3D('',#14054,#11233,#11234);
#9234=AXIS2_PLACEMENT_3D('',#14056,#11235,#11236);
#9235=AXIS2_PLACEMENT_3D('',#14058,#11237,#11238);
#9236=AXIS2_PLACEMENT_3D('',#14059,#11239,#11240);
#9237=AXIS2_PLACEMENT_3D('',#14061,#11241,#11242);
#9238=AXIS2_PLACEMENT_3D('',#14062,#11243,#11244);
#9239=AXIS2_PLACEMENT_3D('',#14065,#11247,#11248);
#9240=AXIS2_PLACEMENT_3D('',#14068,#11251,#11252);
#9241=AXIS2_PLACEMENT_3D('',#14071,#11255,#11256);
#9242=AXIS2_PLACEMENT_3D('',#14074,#11259,#11260);
#9243=AXIS2_PLACEMENT_3D('',#14077,#11263,#11264);
#9244=AXIS2_PLACEMENT_3D('',#14080,#11267,#11268);
#9245=AXIS2_PLACEMENT_3D('',#14083,#11271,#11272);
#9246=AXIS2_PLACEMENT_3D('',#14086,#11275,#11276);
#9247=AXIS2_PLACEMENT_3D('',#14089,#11279,#11280);
#9248=AXIS2_PLACEMENT_3D('',#14094,#11285,#11286);
#9249=AXIS2_PLACEMENT_3D('',#14097,#11289,#11290);
#9250=AXIS2_PLACEMENT_3D('',#14100,#11293,#11294);
#9251=AXIS2_PLACEMENT_3D('',#14103,#11297,#11298);
#9252=AXIS2_PLACEMENT_3D('',#14106,#11301,#11302);
#9253=AXIS2_PLACEMENT_3D('',#14109,#11305,#11306);
#9254=AXIS2_PLACEMENT_3D('',#14112,#11309,#11310);
#9255=AXIS2_PLACEMENT_3D('',#14115,#11313,#11314);
#9256=AXIS2_PLACEMENT_3D('',#14118,#11317,#11318);
#9257=AXIS2_PLACEMENT_3D('',#14119,#11319,#11320);
#9258=AXIS2_PLACEMENT_3D('',#14123,#11323,#11324);
#9259=AXIS2_PLACEMENT_3D('',#14126,#11326,#11327);
#9260=AXIS2_PLACEMENT_3D('',#14128,#11329,#11330);
#9261=AXIS2_PLACEMENT_3D('',#14132,#11334,#11335);
#9262=AXIS2_PLACEMENT_3D('',#14134,#11337,#11338);
#9263=AXIS2_PLACEMENT_3D('',#14135,#11339,#11340);
#9264=AXIS2_PLACEMENT_3D('',#14136,#11341,#11342);
#9265=AXIS2_PLACEMENT_3D('',#14137,#11343,#11344);
#9266=AXIS2_PLACEMENT_3D('',#14138,#11345,#11346);
#9267=AXIS2_PLACEMENT_3D('',#14139,#11347,#11348);
#9268=AXIS2_PLACEMENT_3D('',#14145,#11349,#11350);
#9269=AXIS2_PLACEMENT_3D('',#14146,#11351,#11352);
#9270=AXIS2_PLACEMENT_3D('',#14147,#11353,#11354);
#9271=AXIS2_PLACEMENT_3D('',#14148,#11355,#11356);
#9272=AXIS2_PLACEMENT_3D('',#14149,#11357,#11358);
#9273=AXIS2_PLACEMENT_3D('',#14150,#11359,#11360);
#9274=AXIS2_PLACEMENT_3D('',#14151,#11361,#11362);
#9275=AXIS2_PLACEMENT_3D('',#14152,#11363,#11364);
#9276=AXIS2_PLACEMENT_3D('',#14153,#11365,#11366);
#9277=AXIS2_PLACEMENT_3D('',#14154,#11367,#11368);
#9278=AXIS2_PLACEMENT_3D('',#14155,#11369,#11370);
#9279=AXIS2_PLACEMENT_3D('',#14156,#11371,#11372);
#9280=AXIS2_PLACEMENT_3D('',#14157,#11373,#11374);
#9281=AXIS2_PLACEMENT_3D('',#14158,#11375,#11376);
#9282=AXIS2_PLACEMENT_3D('',#14159,#11377,#11378);
#9283=AXIS2_PLACEMENT_3D('',#14160,#11379,#11380);
#9284=AXIS2_PLACEMENT_3D('',#14161,#11381,#11382);
#9285=AXIS2_PLACEMENT_3D('',#14162,#11383,#11384);
#9286=AXIS2_PLACEMENT_3D('',#14163,#11385,#11386);
#9287=AXIS2_PLACEMENT_3D('',#14164,#11387,#11388);
#9288=AXIS2_PLACEMENT_3D('',#14165,#11389,#11390);
#9289=AXIS2_PLACEMENT_3D('',#14167,#11392,#11393);
#9290=AXIS2_PLACEMENT_3D('',#14169,#11395,#11396);
#9291=AXIS2_PLACEMENT_3D('',#14172,#11399,#11400);
#9292=AXIS2_PLACEMENT_3D('',#14175,#11403,#11404);
#9293=AXIS2_PLACEMENT_3D('',#14177,#11406,#11407);
#9294=AXIS2_PLACEMENT_3D('',#14180,#11410,#11411);
#9295=AXIS2_PLACEMENT_3D('',#14181,#11412,#11413);
#9296=AXIS2_PLACEMENT_3D('',#14185,#11415,#11416);
#9297=AXIS2_PLACEMENT_3D('',#14186,#11417,#11418);
#9298=AXIS2_PLACEMENT_3D('',#14189,#11421,#11422);
#9299=AXIS2_PLACEMENT_3D('',#14190,#11423,#11424);
#9300=AXIS2_PLACEMENT_3D('',#14192,#11425,#11426);
#9301=AXIS2_PLACEMENT_3D('',#14193,#11427,#11428);
#9302=AXIS2_PLACEMENT_3D('',#14195,#11429,#11430);
#9303=AXIS2_PLACEMENT_3D('',#14197,#11432,#11433);
#9304=AXIS2_PLACEMENT_3D('',#14198,#11434,#11435);
#9305=AXIS2_PLACEMENT_3D('',#14199,#11436,#11437);
#9306=AXIS2_PLACEMENT_3D('',#14203,#11440,#11441);
#9307=AXIS2_PLACEMENT_3D('',#14204,#11442,#11443);
#9308=AXIS2_PLACEMENT_3D('',#14206,#11444,#11445);
#9309=AXIS2_PLACEMENT_3D('',#14207,#11446,#11447);
#9310=AXIS2_PLACEMENT_3D('',#14208,#11448,#11449);
#9311=AXIS2_PLACEMENT_3D('',#14209,#11450,#11451);
#9312=AXIS2_PLACEMENT_3D('',#14210,#11452,#11453);
#9313=AXIS2_PLACEMENT_3D('',#14211,#11454,#11455);
#9314=AXIS2_PLACEMENT_3D('',#14212,#11456,#11457);
#9315=AXIS2_PLACEMENT_3D('',#14214,#11459,#11460);
#9316=AXIS2_PLACEMENT_3D('',#14215,#11461,#11462);
#9317=AXIS2_PLACEMENT_3D('',#14217,#11464,#11465);
#9318=AXIS2_PLACEMENT_3D('',#14218,#11466,#11467);
#9319=AXIS2_PLACEMENT_3D('',#14219,#11468,#11469);
#9320=AXIS2_PLACEMENT_3D('',#14220,#11470,#11471);
#9321=AXIS2_PLACEMENT_3D('',#14229,#11476,#11477);
#9322=AXIS2_PLACEMENT_3D('',#14235,#11481,#11482);
#9323=AXIS2_PLACEMENT_3D('',#14241,#11486,#11487);
#9324=AXIS2_PLACEMENT_3D('',#14244,#11490,#11491);
#9325=AXIS2_PLACEMENT_3D('',#14245,#11492,#11493);
#9326=AXIS2_PLACEMENT_3D('',#14246,#11494,#11495);
#9327=AXIS2_PLACEMENT_3D('',#14247,#11496,#11497);
#9328=AXIS2_PLACEMENT_3D('',#14248,#11498,#11499);
#9329=AXIS2_PLACEMENT_3D('',#14249,#11500,#11501);
#9330=AXIS2_PLACEMENT_3D('',#14251,#11502,#11503);
#9331=AXIS2_PLACEMENT_3D('',#14253,#11504,#11505);
#9332=AXIS2_PLACEMENT_3D('',#14254,#11506,#11507);
#9333=AXIS2_PLACEMENT_3D('',#14256,#11508,#11509);
#9334=AXIS2_PLACEMENT_3D('',#14257,#11510,#11511);
#9335=AXIS2_PLACEMENT_3D('',#14259,#11512,#11513);
#9336=AXIS2_PLACEMENT_3D('',#14260,#11514,#11515);
#9337=AXIS2_PLACEMENT_3D('',#14262,#11516,#11517);
#9338=AXIS2_PLACEMENT_3D('',#14264,#11518,#11519);
#9339=AXIS2_PLACEMENT_3D('',#14265,#11520,#11521);
#9340=AXIS2_PLACEMENT_3D('',#14267,#11522,#11523);
#9341=AXIS2_PLACEMENT_3D('',#14268,#11524,#11525);
#9342=AXIS2_PLACEMENT_3D('',#14270,#11526,#11527);
#9343=AXIS2_PLACEMENT_3D('',#14271,#11528,#11529);
#9344=AXIS2_PLACEMENT_3D('',#14273,#11530,#11531);
#9345=AXIS2_PLACEMENT_3D('',#14275,#11532,#11533);
#9346=AXIS2_PLACEMENT_3D('',#14276,#11534,#11535);
#9347=AXIS2_PLACEMENT_3D('',#14278,#11536,#11537);
#9348=AXIS2_PLACEMENT_3D('',#14279,#11538,#11539);
#9349=AXIS2_PLACEMENT_3D('',#14281,#11540,#11541);
#9350=AXIS2_PLACEMENT_3D('',#14314,#11558,#11559);
#9351=AXIS2_PLACEMENT_3D('',#14316,#11560,#11561);
#9352=AXIS2_PLACEMENT_3D('',#14318,#11562,#11563);
#9353=AXIS2_PLACEMENT_3D('',#14320,#11564,#11565);
#9354=AXIS2_PLACEMENT_3D('',#14322,#11566,#11567);
#9355=AXIS2_PLACEMENT_3D('',#14324,#11568,#11569);
#9356=AXIS2_PLACEMENT_3D('',#14326,#11570,#11571);
#9357=AXIS2_PLACEMENT_3D('',#14328,#11572,#11573);
#9358=AXIS2_PLACEMENT_3D('',#14346,#11582,#11583);
#9359=AXIS2_PLACEMENT_3D('',#14352,#11587,#11588);
#9360=AXIS2_PLACEMENT_3D('',#14356,#11591,#11592);
#9361=AXIS2_PLACEMENT_3D('',#14360,#11595,#11596);
#9362=AXIS2_PLACEMENT_3D('',#14364,#11599,#11600);
#9363=AXIS2_PLACEMENT_3D('',#14368,#11603,#11604);
#9364=AXIS2_PLACEMENT_3D('',#14372,#11607,#11608);
#9365=AXIS2_PLACEMENT_3D('',#14376,#11611,#11612);
#9366=AXIS2_PLACEMENT_3D('',#14380,#11615,#11616);
#9367=AXIS2_PLACEMENT_3D('',#14384,#11619,#11620);
#9368=AXIS2_PLACEMENT_3D('',#14388,#11623,#11624);
#9369=AXIS2_PLACEMENT_3D('',#14392,#11627,#11628);
#9370=AXIS2_PLACEMENT_3D('',#14396,#11631,#11632);
#9371=AXIS2_PLACEMENT_3D('',#14400,#11635,#11636);
#9372=AXIS2_PLACEMENT_3D('',#14404,#11639,#11640);
#9373=AXIS2_PLACEMENT_3D('',#14408,#11643,#11644);
#9374=AXIS2_PLACEMENT_3D('',#14409,#11645,#11646);
#9375=AXIS2_PLACEMENT_3D('',#14411,#11647,#11648);
#9376=AXIS2_PLACEMENT_3D('',#14412,#11649,#11650);
#9377=AXIS2_PLACEMENT_3D('',#14414,#11651,#11652);
#9378=AXIS2_PLACEMENT_3D('',#14415,#11653,#11654);
#9379=AXIS2_PLACEMENT_3D('',#14417,#11655,#11656);
#9380=AXIS2_PLACEMENT_3D('',#14418,#11657,#11658);
#9381=AXIS2_PLACEMENT_3D('',#14420,#11659,#11660);
#9382=AXIS2_PLACEMENT_3D('',#14421,#11661,#11662);
#9383=AXIS2_PLACEMENT_3D('',#14423,#11663,#11664);
#9384=AXIS2_PLACEMENT_3D('',#14424,#11665,#11666);
#9385=AXIS2_PLACEMENT_3D('',#14426,#11667,#11668);
#9386=AXIS2_PLACEMENT_3D('',#14427,#11669,#11670);
#9387=AXIS2_PLACEMENT_3D('',#14429,#11671,#11672);
#9388=AXIS2_PLACEMENT_3D('',#14431,#11674,#11675);
#9389=AXIS2_PLACEMENT_3D('',#14432,#11676,#11677);
#9390=AXIS2_PLACEMENT_3D('',#14434,#11678,#11679);
#9391=AXIS2_PLACEMENT_3D('',#14435,#11680,#11681);
#9392=AXIS2_PLACEMENT_3D('',#14437,#11682,#11683);
#9393=AXIS2_PLACEMENT_3D('',#14451,#11691,#11692);
#9394=AXIS2_PLACEMENT_3D('',#14455,#11695,#11696);
#9395=AXIS2_PLACEMENT_3D('',#14467,#11703,#11704);
#9396=AXIS2_PLACEMENT_3D('',#14471,#11707,#11708);
#9397=AXIS2_PLACEMENT_3D('',#14483,#11715,#11716);
#9398=AXIS2_PLACEMENT_3D('',#14487,#11719,#11720);
#9399=AXIS2_PLACEMENT_3D('',#14499,#11727,#11728);
#9400=AXIS2_PLACEMENT_3D('',#14501,#11730,#11731);
#9401=AXIS2_PLACEMENT_3D('',#14502,#11732,#11733);
#9402=AXIS2_PLACEMENT_3D('',#14504,#11734,#11735);
#9403=AXIS2_PLACEMENT_3D('',#14506,#11736,#11737);
#9404=AXIS2_PLACEMENT_3D('',#14510,#11739,#11740);
#9405=AXIS2_PLACEMENT_3D('',#14514,#11742,#11743);
#9406=AXIS2_PLACEMENT_3D('',#14518,#11745,#11746);
#9407=AXIS2_PLACEMENT_3D('',#14519,#11747,#11748);
#9408=AXIS2_PLACEMENT_3D('',#14523,#11750,#11751);
#9409=AXIS2_PLACEMENT_3D('',#14527,#11753,#11754);
#9410=AXIS2_PLACEMENT_3D('',#14531,#11756,#11757);
#9411=AXIS2_PLACEMENT_3D('',#14532,#11758,#11759);
#9412=AXIS2_PLACEMENT_3D('',#14536,#11761,#11762);
#9413=AXIS2_PLACEMENT_3D('',#14540,#11764,#11765);
#9414=AXIS2_PLACEMENT_3D('',#14544,#11767,#11768);
#9415=AXIS2_PLACEMENT_3D('',#14545,#11769,#11770);
#9416=AXIS2_PLACEMENT_3D('',#14549,#11772,#11773);
#9417=AXIS2_PLACEMENT_3D('',#14553,#11775,#11776);
#9418=AXIS2_PLACEMENT_3D('',#14556,#11778,#11779);
#9419=AXIS2_PLACEMENT_3D('',#14559,#11781,#11782);
#9420=AXIS2_PLACEMENT_3D('',#14560,#11783,#11784);
#9421=AXIS2_PLACEMENT_3D('',#14564,#11787,#11788);
#9422=AXIS2_PLACEMENT_3D('',#14567,#11790,#11791);
#9423=AXIS2_PLACEMENT_3D('',#14568,#11792,#11793);
#9424=AXIS2_PLACEMENT_3D('',#14572,#11796,#11797);
#9425=AXIS2_PLACEMENT_3D('',#14575,#11799,#11800);
#9426=AXIS2_PLACEMENT_3D('',#14576,#11801,#11802);
#9427=AXIS2_PLACEMENT_3D('',#14580,#11805,#11806);
#9428=AXIS2_PLACEMENT_3D('',#14581,#11807,#11808);
#9429=AXIS2_PLACEMENT_3D('',#14582,#11809,#11810);
#9430=AXIS2_PLACEMENT_3D('',#14583,#11811,#11812);
#9431=AXIS2_PLACEMENT_3D('',#14586,#11814,#11815);
#9432=AXIS2_PLACEMENT_3D('',#14587,#11816,#11817);
#9433=AXIS2_PLACEMENT_3D('',#14591,#11820,#11821);
#9434=AXIS2_PLACEMENT_3D('',#14594,#11823,#11824);
#9435=AXIS2_PLACEMENT_3D('',#14595,#11825,#11826);
#9436=AXIS2_PLACEMENT_3D('',#14599,#11829,#11830);
#9437=AXIS2_PLACEMENT_3D('',#14602,#11832,#11833);
#9438=AXIS2_PLACEMENT_3D('',#14603,#11834,#11835);
#9439=AXIS2_PLACEMENT_3D('',#14607,#11838,#11839);
#9440=AXIS2_PLACEMENT_3D('',#14608,#11840,#11841);
#9441=AXIS2_PLACEMENT_3D('',#14609,#11842,#11843);
#9442=AXIS2_PLACEMENT_3D('',#14610,#11844,#11845);
#9443=AXIS2_PLACEMENT_3D('',#14613,#11847,#11848);
#9444=AXIS2_PLACEMENT_3D('',#14614,#11849,#11850);
#9445=AXIS2_PLACEMENT_3D('',#14618,#11853,#11854);
#9446=AXIS2_PLACEMENT_3D('',#14621,#11856,#11857);
#9447=AXIS2_PLACEMENT_3D('',#14622,#11858,#11859);
#9448=AXIS2_PLACEMENT_3D('',#14626,#11862,#11863);
#9449=AXIS2_PLACEMENT_3D('',#14629,#11865,#11866);
#9450=AXIS2_PLACEMENT_3D('',#14630,#11867,#11868);
#9451=AXIS2_PLACEMENT_3D('',#14634,#11871,#11872);
#9452=AXIS2_PLACEMENT_3D('',#14635,#11873,#11874);
#9453=AXIS2_PLACEMENT_3D('',#14636,#11875,#11876);
#9454=AXIS2_PLACEMENT_3D('',#14637,#11877,#11878);
#9455=AXIS2_PLACEMENT_3D('',#14640,#11880,#11881);
#9456=AXIS2_PLACEMENT_3D('',#14641,#11882,#11883);
#9457=AXIS2_PLACEMENT_3D('',#14645,#11886,#11887);
#9458=AXIS2_PLACEMENT_3D('',#14648,#11889,#11890);
#9459=AXIS2_PLACEMENT_3D('',#14649,#11891,#11892);
#9460=AXIS2_PLACEMENT_3D('',#14653,#11895,#11896);
#9461=AXIS2_PLACEMENT_3D('',#14656,#11898,#11899);
#9462=AXIS2_PLACEMENT_3D('',#14657,#11900,#11901);
#9463=AXIS2_PLACEMENT_3D('',#14661,#11904,#11905);
#9464=AXIS2_PLACEMENT_3D('',#14662,#11906,#11907);
#9465=AXIS2_PLACEMENT_3D('',#14663,#11908,#11909);
#9466=AXIS2_PLACEMENT_3D('',#14664,#11910,#11911);
#9467=AXIS2_PLACEMENT_3D('',#14665,#11912,#11913);
#9468=AXIS2_PLACEMENT_3D('',#14667,#11914,#11915);
#9469=AXIS2_PLACEMENT_3D('',#14668,#11916,#11917);
#9470=AXIS2_PLACEMENT_3D('',#14670,#11918,#11919);
#9471=AXIS2_PLACEMENT_3D('',#14671,#11920,#11921);
#9472=AXIS2_PLACEMENT_3D('',#14672,#11922,#11923);
#9473=AXIS2_PLACEMENT_3D('',#14673,#11924,#11925);
#9474=AXIS2_PLACEMENT_3D('',#14674,#11926,#11927);
#9475=AXIS2_PLACEMENT_3D('',#14675,#11928,#11929);
#9476=AXIS2_PLACEMENT_3D('',#14676,#11930,#11931);
#9477=AXIS2_PLACEMENT_3D('',#14677,#11932,#11933);
#9478=AXIS2_PLACEMENT_3D('',#14678,#11934,#11935);
#9479=AXIS2_PLACEMENT_3D('',#14679,#11936,#11937);
#9480=AXIS2_PLACEMENT_3D('',#14680,#11938,#11939);
#9481=AXIS2_PLACEMENT_3D('',#14681,#11940,#11941);
#9482=DIRECTION('',(0.,0.,1.));
#9483=DIRECTION('',(1.,0.,0.));
#9484=DIRECTION('',(0.,0.,1.));
#9485=DIRECTION('',(1.,0.,0.));
#9486=DIRECTION('',(0.,0.,1.));
#9487=DIRECTION('',(1.,0.,0.));
#9488=DIRECTION('',(0.,0.,1.));
#9489=DIRECTION('',(1.,0.,0.));
#9490=DIRECTION('',(0.,0.,1.));
#9491=DIRECTION('',(1.,0.,0.));
#9492=DIRECTION('',(0.,0.,1.));
#9493=DIRECTION('',(1.,0.,0.));
#9494=DIRECTION('',(0.,0.,1.));
#9495=DIRECTION('',(1.,0.,0.));
#9496=DIRECTION('',(0.,0.,1.));
#9497=DIRECTION('',(1.,0.,0.));
#9498=DIRECTION('',(0.,0.,1.));
#9499=DIRECTION('',(1.,0.,0.));
#9500=DIRECTION('',(0.,0.,-1.));
#9501=DIRECTION('',(-1.,0.,0.));
#9502=DIRECTION('',(0.,0.,-1.));
#9503=DIRECTION('',(-1.,0.,0.));
#9504=DIRECTION('',(0.,0.,-1.));
#9505=DIRECTION('',(-1.,0.,0.));
#9506=DIRECTION('',(0.,0.,-1.));
#9507=DIRECTION('',(-1.,0.,0.));
#9508=DIRECTION('',(0.,0.,-1.));
#9509=DIRECTION('',(-1.,0.,0.));
#9510=DIRECTION('',(0.,0.,1.));
#9511=DIRECTION('',(1.,0.,0.));
#9512=DIRECTION('',(0.,0.,1.));
#9513=DIRECTION('',(1.,0.,0.));
#9514=DIRECTION('',(0.,0.,1.));
#9515=DIRECTION('',(1.,0.,0.));
#9516=DIRECTION('',(0.,0.,-1.));
#9517=DIRECTION('',(-1.,0.,0.));
#9518=DIRECTION('',(0.,0.,-1.));
#9519=DIRECTION('',(-1.,0.,0.));
#9520=DIRECTION('',(0.,0.,-1.));
#9521=DIRECTION('',(-1.,0.,0.));
#9522=DIRECTION('',(0.,0.,1.));
#9523=DIRECTION('',(1.,0.,0.));
#9524=DIRECTION('',(0.,0.,-1.));
#9525=DIRECTION('',(-1.,0.,0.));
#9526=DIRECTION('',(0.,0.,-1.));
#9527=DIRECTION('',(-1.,0.,0.));
#9528=DIRECTION('',(0.,0.,-1.));
#9529=DIRECTION('',(-1.,0.,0.));
#9530=DIRECTION('',(0.,0.,-1.));
#9531=DIRECTION('',(-1.,0.,0.));
#9532=DIRECTION('',(0.,0.,1.));
#9533=DIRECTION('',(1.,0.,0.));
#9534=DIRECTION('',(0.,0.,-1.));
#9535=DIRECTION('',(-1.,0.,0.));
#9536=DIRECTION('',(0.,0.,-1.));
#9537=DIRECTION('',(-1.,0.,0.));
#9538=DIRECTION('',(0.,0.,-1.));
#9539=DIRECTION('',(-1.,0.,0.));
#9540=DIRECTION('',(0.,0.,-1.));
#9541=DIRECTION('',(-1.,0.,0.));
#9542=DIRECTION('',(0.,0.,1.));
#9543=DIRECTION('',(1.,0.,0.));
#9544=DIRECTION('',(0.,0.,-1.));
#9545=DIRECTION('',(-1.,0.,0.));
#9546=DIRECTION('',(0.,0.,-1.));
#9547=DIRECTION('',(-1.,0.,0.));
#9548=DIRECTION('',(0.,0.,-1.));
#9549=DIRECTION('',(-1.,0.,0.));
#9550=DIRECTION('',(0.,0.,-1.));
#9551=DIRECTION('',(-1.,0.,0.));
#9552=DIRECTION('',(0.,0.,1.));
#9553=DIRECTION('',(1.,0.,0.));
#9554=DIRECTION('',(0.,0.,-1.));
#9555=DIRECTION('',(-1.,0.,0.));
#9556=DIRECTION('',(0.,0.,-1.));
#9557=DIRECTION('',(-1.,0.,0.));
#9558=DIRECTION('',(-3.30181172137267E-16,2.09085151429128E-16,1.));
#9559=DIRECTION('',(0.999077407932277,-0.0429456977975923,3.38855857334181E-16));
#9560=DIRECTION('',(-1.,0.,0.));
#9561=DIRECTION('',(0.,0.,1.));
#9562=DIRECTION('',(0.,1.,0.));
#9563=DIRECTION('',(0.,0.,-1.));
#9564=DIRECTION('',(0.,1.,0.));
#9565=DIRECTION('',(0.,0.,-1.));
#9566=DIRECTION('',(0.,0.,-1.));
#9567=DIRECTION('',(-1.,0.,0.));
#9568=DIRECTION('',(0.,0.,1.));
#9569=DIRECTION('',(1.,0.,0.));
#9570=DIRECTION('',(0.,0.,-1.));
#9571=DIRECTION('',(0.,0.,1.));
#9572=DIRECTION('',(1.,0.,0.));
#9573=DIRECTION('',(0.,-1.,0.));
#9574=DIRECTION('',(0.,0.,-1.));
#9575=DIRECTION('',(-1.,0.,0.));
#9576=DIRECTION('',(0.,0.,-1.));
#9577=DIRECTION('',(-1.,0.,0.));
#9578=DIRECTION('',(0.,0.,-1.));
#9579=DIRECTION('',(-1.,0.,0.));
#9580=DIRECTION('',(0.,0.,1.));
#9581=DIRECTION('',(1.,0.,0.));
#9582=DIRECTION('',(0.,0.,-1.));
#9583=DIRECTION('',(0.,0.,1.));
#9584=DIRECTION('',(1.,0.,0.));
#9585=DIRECTION('',(-1.,0.,0.));
#9586=DIRECTION('',(0.,0.,1.));
#9587=DIRECTION('',(0.,1.,0.));
#9588=DIRECTION('',(0.,0.,-1.));
#9589=DIRECTION('',(0.,1.,0.));
#9590=DIRECTION('',(0.,0.,-1.));
#9591=DIRECTION('',(-1.,0.,0.));
#9592=DIRECTION('',(0.,0.,1.));
#9593=DIRECTION('',(1.,0.,0.));
#9594=DIRECTION('',(0.,0.,-1.));
#9595=DIRECTION('',(0.,0.,1.));
#9596=DIRECTION('',(1.,0.,0.));
#9597=DIRECTION('',(1.0842021724855E-16,-1.,0.));
#9598=DIRECTION('',(1.,1.0842021724855E-16,0.));
#9599=DIRECTION('',(-1.,-1.0842021724855E-16,0.));
#9600=DIRECTION('',(0.,0.,-1.));
#9601=DIRECTION('',(-1.,-1.0842021724855E-16,0.));
#9602=DIRECTION('',(0.,0.,1.));
#9603=DIRECTION('',(1.0842021724855E-16,-1.,0.));
#9604=DIRECTION('',(1.,1.0842021724855E-16,0.));
#9605=DIRECTION('',(-1.,-1.0842021724855E-16,0.));
#9606=DIRECTION('',(1.0842021724855E-16,-1.,0.));
#9607=DIRECTION('',(1.,1.0842021724855E-16,0.));
#9608=DIRECTION('',(0.,0.,1.));
#9609=DIRECTION('',(1.0842021724855E-16,-1.,0.));
#9610=DIRECTION('',(1.,1.0842021724855E-16,0.));
#9611=DIRECTION('',(1.,1.0842021724855E-16,0.));
#9612=DIRECTION('',(1.0842021724855E-16,-1.,0.));
#9613=DIRECTION('',(1.,1.0842021724855E-16,0.));
#9614=DIRECTION('',(0.,0.,1.));
#9615=DIRECTION('',(1.0842021724855E-16,-1.,0.));
#9616=DIRECTION('',(1.,1.0842021724855E-16,0.));
#9617=DIRECTION('',(1.,1.0842021724855E-16,0.));
#9618=DIRECTION('',(1.0842021724855E-16,-1.,0.));
#9619=DIRECTION('',(1.,1.0842021724855E-16,0.));
#9620=DIRECTION('',(0.,0.,1.));
#9621=DIRECTION('',(-1.,-1.0842021724855E-16,0.));
#9622=DIRECTION('',(-1.,-1.0842021724855E-16,0.));
#9623=DIRECTION('',(1.0842021724855E-16,-1.,0.));
#9624=DIRECTION('',(1.,1.0842021724855E-16,0.));
#9625=DIRECTION('',(0.,0.,1.));
#9626=DIRECTION('',(1.,1.0842021724855E-16,0.));
#9627=DIRECTION('',(0.,0.,1.));
#9628=DIRECTION('',(1.0842021724855E-16,-1.,0.));
#9629=DIRECTION('',(1.,1.0842021724855E-16,0.));
#9630=DIRECTION('',(1.,1.0842021724855E-16,0.));
#9631=DIRECTION('',(1.0842021724855E-16,-1.,0.));
#9632=DIRECTION('',(1.,1.0842021724855E-16,0.));
#9633=DIRECTION('',(0.,0.,1.));
#9634=DIRECTION('',(1.0842021724855E-16,-1.,0.));
#9635=DIRECTION('',(1.,1.0842021724855E-16,0.));
#9636=DIRECTION('',(1.,1.0842021724855E-16,0.));
#9637=DIRECTION('',(1.0842021724855E-16,-1.,0.));
#9638=DIRECTION('',(1.,1.0842021724855E-16,0.));
#9639=DIRECTION('',(0.,0.,1.));
#9640=DIRECTION('',(1.0842021724855E-16,-1.,0.));
#9641=DIRECTION('',(1.,1.0842021724855E-16,0.));
#9642=DIRECTION('',(0.,0.,-1.));
#9643=DIRECTION('',(-1.,0.,0.));
#9644=DIRECTION('',(0.,0.,1.));
#9645=DIRECTION('',(1.,0.,0.));
#9646=DIRECTION('',(0.,0.,1.));
#9647=DIRECTION('',(1.,0.,0.));
#9648=DIRECTION('',(0.,0.,-1.));
#9649=DIRECTION('',(-1.,0.,0.));
#9650=DIRECTION('',(0.,0.,1.));
#9651=DIRECTION('',(1.,0.,0.));
#9652=DIRECTION('',(0.,0.,1.));
#9653=DIRECTION('',(1.,0.,0.));
#9654=DIRECTION('',(0.,0.,-1.));
#9655=DIRECTION('',(-1.,0.,0.));
#9656=DIRECTION('',(0.,0.,1.));
#9657=DIRECTION('',(1.,0.,0.));
#9658=DIRECTION('',(0.,0.,1.));
#9659=DIRECTION('',(1.,0.,0.));
#9660=DIRECTION('',(0.,0.,-1.));
#9661=DIRECTION('',(-1.,0.,0.));
#9662=DIRECTION('',(0.,0.,1.));
#9663=DIRECTION('',(1.,0.,0.));
#9664=DIRECTION('',(0.,0.,1.));
#9665=DIRECTION('',(1.,0.,0.));
#9666=DIRECTION('',(0.,0.,-1.));
#9667=DIRECTION('',(-1.,0.,0.));
#9668=DIRECTION('',(0.,0.,1.));
#9669=DIRECTION('',(1.,0.,0.));
#9670=DIRECTION('',(0.,0.,1.));
#9671=DIRECTION('',(1.,0.,0.));
#9672=DIRECTION('',(0.,0.,1.));
#9673=DIRECTION('',(1.,0.,0.));
#9674=DIRECTION('',(1.0842021724855E-16,-1.,0.));
#9675=DIRECTION('',(-1.,-1.0842021724855E-16,0.));
#9676=DIRECTION('',(1.0842021724855E-16,-1.,0.));
#9677=DIRECTION('',(0.,0.,1.));
#9678=DIRECTION('',(1.,0.,0.));
#9679=DIRECTION('',(0.,0.,1.));
#9680=DIRECTION('',(1.,0.,0.));
#9681=DIRECTION('',(1.0842021724855E-16,-1.,0.));
#9682=DIRECTION('',(-1.,-1.0842021724855E-16,0.));
#9683=DIRECTION('',(1.0842021724855E-16,-1.,0.));
#9684=DIRECTION('',(1.0842021724855E-16,-1.,0.));
#9685=DIRECTION('',(1.,1.0842021724855E-16,0.));
#9686=DIRECTION('',(1.0842021724855E-16,-1.,0.));
#9687=DIRECTION('',(1.,1.0842021724855E-16,0.));
#9688=DIRECTION('',(1.0842021724855E-16,-1.,0.));
#9689=DIRECTION('',(1.,1.0842021724855E-16,0.));
#9690=DIRECTION('',(-1.0842021724855E-16,1.,0.));
#9691=DIRECTION('',(0.,0.,1.));
#9692=DIRECTION('',(1.0842021724855E-16,-1.,0.));
#9693=DIRECTION('',(0.,0.,-1.));
#9694=DIRECTION('',(-1.,0.,0.));
#9695=DIRECTION('',(1.,1.0842021724855E-16,0.));
#9696=DIRECTION('',(1.0842021724855E-16,-1.,0.));
#9697=DIRECTION('',(1.,1.0842021724855E-16,0.));
#9698=DIRECTION('',(-1.0842021724855E-16,1.,0.));
#9699=DIRECTION('',(0.,0.,1.));
#9700=DIRECTION('',(1.0842021724855E-16,-1.,0.));
#9701=DIRECTION('',(1.0842021724855E-16,-1.,0.));
#9702=DIRECTION('',(1.,1.0842021724855E-16,0.));
#9703=DIRECTION('',(1.0842021724855E-16,-1.,0.));
#9704=DIRECTION('',(1.,1.0842021724855E-16,0.));
#9705=DIRECTION('',(1.0842021724855E-16,-1.,0.));
#9706=DIRECTION('',(0.,0.,-1.));
#9707=DIRECTION('',(-1.,0.,0.));
#9708=DIRECTION('',(1.,1.0842021724855E-16,0.));
#9709=DIRECTION('',(1.0842021724855E-16,-1.,0.));
#9710=DIRECTION('',(1.0842021724855E-16,-1.,0.));
#9711=DIRECTION('',(1.,1.0842021724855E-16,0.));
#9712=DIRECTION('',(1.0842021724855E-16,-1.,0.));
#9713=DIRECTION('',(1.,1.0842021724855E-16,0.));
#9714=DIRECTION('',(1.0842021724855E-16,-1.,0.));
#9715=DIRECTION('',(1.,1.0842021724855E-16,0.));
#9716=DIRECTION('',(-1.0842021724855E-16,1.,0.));
#9717=DIRECTION('',(0.,0.,1.));
#9718=DIRECTION('',(1.0842021724855E-16,-1.,0.));
#9719=DIRECTION('',(1.0842021724855E-16,-1.,0.));
#9720=DIRECTION('',(1.,1.0842021724855E-16,0.));
#9721=DIRECTION('',(1.0842021724855E-16,-1.,0.));
#9722=DIRECTION('',(1.,1.0842021724855E-16,0.));
#9723=DIRECTION('',(1.0842021724855E-16,-1.,0.));
#9724=DIRECTION('',(0.,0.,-1.));
#9725=DIRECTION('',(-1.,0.,0.));
#9726=DIRECTION('',(1.,1.0842021724855E-16,0.));
#9727=DIRECTION('',(1.0842021724855E-16,-1.,0.));
#9728=DIRECTION('',(1.0842021724855E-16,-1.,0.));
#9729=DIRECTION('',(1.,1.0842021724855E-16,0.));
#9730=DIRECTION('',(1.0842021724855E-16,-1.,0.));
#9731=DIRECTION('',(1.,1.0842021724855E-16,0.));
#9732=DIRECTION('',(1.0842021724855E-16,-1.,0.));
#9733=DIRECTION('',(1.,1.0842021724855E-16,0.));
#9734=DIRECTION('',(-1.0842021724855E-16,1.,0.));
#9735=DIRECTION('',(0.,0.,1.));
#9736=DIRECTION('',(1.0842021724855E-16,-1.,0.));
#9737=DIRECTION('',(1.,1.0842021724855E-16,0.));
#9738=DIRECTION('',(-1.0842021724855E-16,1.,0.));
#9739=DIRECTION('',(1.0842021724855E-16,-1.,0.));
#9740=DIRECTION('',(0.,0.,1.));
#9741=DIRECTION('',(1.,1.0842021724855E-16,0.));
#9742=DIRECTION('',(-1.0842021724855E-16,1.,0.));
#9743=DIRECTION('',(0.,0.,1.));
#9744=DIRECTION('',(1.0842021724855E-16,-1.,0.));
#9745=DIRECTION('',(1.0842021724855E-16,-1.,0.));
#9746=DIRECTION('',(1.,1.0842021724855E-16,0.));
#9747=DIRECTION('',(1.0842021724855E-16,-1.,0.));
#9748=DIRECTION('',(1.,1.0842021724855E-16,0.));
#9749=DIRECTION('',(1.0842021724855E-16,-1.,0.));
#9750=DIRECTION('',(0.,0.,1.));
#9751=DIRECTION('',(1.,0.,0.));
#9752=DIRECTION('',(-1.,-1.0842021724855E-16,0.));
#9753=DIRECTION('',(1.0842021724855E-16,-1.,0.));
#9754=DIRECTION('',(1.0842021724855E-16,-1.,0.));
#9755=DIRECTION('',(1.,1.0842021724855E-16,0.));
#9756=DIRECTION('',(1.0842021724855E-16,-1.,0.));
#9757=DIRECTION('',(1.,1.0842021724855E-16,0.));
#9758=DIRECTION('',(1.0842021724855E-16,-1.,0.));
#9759=DIRECTION('',(1.,1.0842021724855E-16,0.));
#9760=DIRECTION('',(-1.0842021724855E-16,1.,0.));
#9761=DIRECTION('',(0.,0.,1.));
#9762=DIRECTION('',(1.0842021724855E-16,-1.,0.));
#9763=DIRECTION('',(1.0842021724855E-16,-1.,0.));
#9764=DIRECTION('',(1.,1.0842021724855E-16,0.));
#9765=DIRECTION('',(1.0842021724855E-16,-1.,0.));
#9766=DIRECTION('',(1.,1.0842021724855E-16,0.));
#9767=DIRECTION('',(1.0842021724855E-16,-1.,0.));
#9768=DIRECTION('',(0.,0.,-1.));
#9769=DIRECTION('',(-1.,0.,0.));
#9770=DIRECTION('',(1.,1.0842021724855E-16,0.));
#9771=DIRECTION('',(1.0842021724855E-16,-1.,0.));
#9772=DIRECTION('',(1.0842021724855E-16,-1.,0.));
#9773=DIRECTION('',(1.,1.0842021724855E-16,0.));
#9774=DIRECTION('',(1.0842021724855E-16,-1.,0.));
#9775=DIRECTION('',(1.,1.0842021724855E-16,0.));
#9776=DIRECTION('',(1.0842021724855E-16,-1.,0.));
#9777=DIRECTION('',(1.,1.0842021724855E-16,0.));
#9778=DIRECTION('',(-1.0842021724855E-16,1.,0.));
#9779=DIRECTION('',(0.,0.,1.));
#9780=DIRECTION('',(1.0842021724855E-16,-1.,0.));
#9781=DIRECTION('',(1.0842021724855E-16,-1.,0.));
#9782=DIRECTION('',(1.,1.0842021724855E-16,0.));
#9783=DIRECTION('',(1.0842021724855E-16,-1.,0.));
#9784=DIRECTION('',(1.,1.0842021724855E-16,0.));
#9785=DIRECTION('',(1.0842021724855E-16,-1.,0.));
#9786=DIRECTION('',(0.,0.,-1.));
#9787=DIRECTION('',(-1.,0.,0.));
#9788=DIRECTION('',(1.,1.0842021724855E-16,0.));
#9789=DIRECTION('',(1.0842021724855E-16,-1.,0.));
#9790=DIRECTION('',(1.0842021724855E-16,-1.,0.));
#9791=DIRECTION('',(1.,1.0842021724855E-16,0.));
#9792=DIRECTION('',(1.0842021724855E-16,-1.,0.));
#9793=DIRECTION('',(1.,1.0842021724855E-16,0.));
#9794=DIRECTION('',(1.0842021724855E-16,-1.,0.));
#9795=DIRECTION('',(1.,1.0842021724855E-16,0.));
#9796=DIRECTION('',(1.0842021724855E-16,-1.,0.));
#9797=DIRECTION('',(1.,1.0842021724855E-16,0.));
#9798=DIRECTION('',(-1.0842021724855E-16,1.,0.));
#9799=DIRECTION('',(-1.,-1.0842021724855E-16,0.));
#9800=DIRECTION('',(-1.0842021724855E-16,1.,0.));
#9801=DIRECTION('',(-1.,-1.0842021724855E-16,0.));
#9802=DIRECTION('',(-1.0842021724855E-16,1.,0.));
#9803=DIRECTION('',(-1.,-1.0842021724855E-16,0.));
#9804=DIRECTION('',(-1.0842021724855E-16,1.,0.));
#9805=DIRECTION('',(-1.,-1.0842021724855E-16,0.));
#9806=DIRECTION('',(-1.0842021724855E-16,1.,0.));
#9807=DIRECTION('',(-1.,-1.0842021724855E-16,0.));
#9808=DIRECTION('',(-1.0842021724855E-16,1.,0.));
#9809=DIRECTION('',(-1.,-1.0842021724855E-16,0.));
#9810=DIRECTION('',(-1.0842021724855E-16,1.,0.));
#9811=DIRECTION('',(-1.,-1.0842021724855E-16,0.));
#9812=DIRECTION('',(-1.0842021724855E-16,1.,0.));
#9813=DIRECTION('',(-1.,-1.0842021724855E-16,0.));
#9814=DIRECTION('',(-1.0842021724855E-16,1.,0.));
#9815=DIRECTION('',(-1.,-1.0842021724855E-16,0.));
#9816=DIRECTION('',(-1.0842021724855E-16,1.,0.));
#9817=DIRECTION('',(-1.,-1.0842021724855E-16,0.));
#9818=DIRECTION('',(-1.0842021724855E-16,1.,0.));
#9819=DIRECTION('',(-1.,-1.0842021724855E-16,0.));
#9820=DIRECTION('',(0.,0.,1.));
#9821=DIRECTION('',(1.,0.,0.));
#9822=DIRECTION('',(0.,0.,-1.));
#9823=DIRECTION('',(-1.,0.,0.));
#9824=DIRECTION('',(0.,0.,1.));
#9825=DIRECTION('',(1.,0.,0.));
#9826=DIRECTION('',(0.,0.,1.));
#9827=DIRECTION('',(1.,0.,0.));
#9828=DIRECTION('',(0.,0.,-1.));
#9829=DIRECTION('',(-1.,0.,0.));
#9830=DIRECTION('',(0.,0.,1.));
#9831=DIRECTION('',(1.,0.,0.));
#9832=DIRECTION('',(0.,0.,1.));
#9833=DIRECTION('',(1.,0.,0.));
#9834=DIRECTION('',(0.,0.,-1.));
#9835=DIRECTION('',(-1.,0.,0.));
#9836=DIRECTION('',(0.,0.,1.));
#9837=DIRECTION('',(1.,0.,0.));
#9838=DIRECTION('',(0.,0.,1.));
#9839=DIRECTION('',(1.,0.,0.));
#9840=DIRECTION('',(0.,0.,-1.));
#9841=DIRECTION('',(-1.,0.,0.));
#9842=DIRECTION('',(0.,0.,1.));
#9843=DIRECTION('',(1.,0.,0.));
#9844=DIRECTION('',(0.,0.,1.));
#9845=DIRECTION('',(1.,0.,0.));
#9846=DIRECTION('',(0.,0.,-1.));
#9847=DIRECTION('',(-1.,0.,0.));
#9848=DIRECTION('',(0.,0.,1.));
#9849=DIRECTION('',(1.,0.,0.));
#9850=DIRECTION('',(0.,0.,1.));
#9851=DIRECTION('',(1.,0.,0.));
#9852=DIRECTION('',(0.,0.,-1.));
#9853=DIRECTION('',(-1.,0.,0.));
#9854=DIRECTION('',(0.,0.,1.));
#9855=DIRECTION('',(1.,0.,0.));
#9856=DIRECTION('',(0.,0.,1.));
#9857=DIRECTION('',(1.,0.,0.));
#9858=DIRECTION('',(0.,0.,-1.));
#9859=DIRECTION('',(-1.,0.,0.));
#9860=DIRECTION('',(0.,0.,1.));
#9861=DIRECTION('',(1.,0.,0.));
#9862=DIRECTION('',(0.,0.,1.));
#9863=DIRECTION('',(1.,0.,0.));
#9864=DIRECTION('',(0.,0.,1.));
#9865=DIRECTION('',(1.,0.,0.));
#9866=DIRECTION('',(0.,0.,1.));
#9867=DIRECTION('',(1.,0.,0.));
#9868=DIRECTION('',(0.,0.,1.));
#9869=DIRECTION('',(1.,0.,0.));
#9870=DIRECTION('',(0.,0.,1.));
#9871=DIRECTION('',(1.,0.,0.));
#9872=DIRECTION('',(0.,0.,1.));
#9873=DIRECTION('',(1.,0.,0.));
#9874=DIRECTION('',(0.,0.,1.));
#9875=DIRECTION('',(1.,0.,0.));
#9876=DIRECTION('',(0.,0.,1.));
#9877=DIRECTION('',(1.,0.,0.));
#9878=DIRECTION('',(0.,0.,1.));
#9879=DIRECTION('',(1.,0.,0.));
#9880=DIRECTION('',(0.,0.,1.));
#9881=DIRECTION('',(1.,0.,0.));
#9882=DIRECTION('',(0.,0.,1.));
#9883=DIRECTION('',(1.,0.,0.));
#9884=DIRECTION('',(0.,0.,1.));
#9885=DIRECTION('',(1.,0.,0.));
#9886=DIRECTION('',(0.,0.,1.));
#9887=DIRECTION('',(1.,0.,0.));
#9888=DIRECTION('',(0.,0.,1.));
#9889=DIRECTION('',(1.,0.,0.));
#9890=DIRECTION('',(0.,0.,1.));
#9891=DIRECTION('',(1.,0.,0.));
#9892=DIRECTION('',(0.,0.,1.));
#9893=DIRECTION('',(1.,0.,0.));
#9894=DIRECTION('',(0.,0.,1.));
#9895=DIRECTION('',(1.,0.,0.));
#9896=DIRECTION('',(0.,0.,1.));
#9897=DIRECTION('',(1.,0.,0.));
#9898=DIRECTION('',(0.,0.,1.));
#9899=DIRECTION('',(1.,0.,0.));
#9900=DIRECTION('',(0.,0.,1.));
#9901=DIRECTION('',(1.,0.,0.));
#9902=DIRECTION('',(0.,0.,1.));
#9903=DIRECTION('',(1.,0.,0.));
#9904=DIRECTION('',(0.,0.,1.));
#9905=DIRECTION('',(1.,0.,0.));
#9906=DIRECTION('',(0.,0.,-1.));
#9907=DIRECTION('',(-1.,0.,0.));
#9908=DIRECTION('',(0.,0.,1.));
#9909=DIRECTION('',(1.,0.,0.));
#9910=DIRECTION('',(0.,0.,1.));
#9911=DIRECTION('',(1.,0.,0.));
#9912=DIRECTION('',(0.,0.,1.));
#9913=DIRECTION('',(1.,0.,0.));
#9914=DIRECTION('',(0.,0.,1.));
#9915=DIRECTION('',(1.,0.,0.));
#9916=DIRECTION('',(0.,0.,1.));
#9917=DIRECTION('',(1.,0.,0.));
#9918=DIRECTION('',(0.,0.,-1.));
#9919=DIRECTION('',(-1.,0.,0.));
#9920=DIRECTION('',(0.,0.,-1.));
#9921=DIRECTION('',(-1.,0.,0.));
#9922=DIRECTION('',(0.,0.,-1.));
#9923=DIRECTION('',(-1.,0.,0.));
#9924=DIRECTION('',(0.,0.,-1.));
#9925=DIRECTION('',(-1.,0.,0.));
#9926=DIRECTION('',(0.,0.,1.));
#9927=DIRECTION('',(1.,0.,0.));
#9928=DIRECTION('',(0.,0.,1.));
#9929=DIRECTION('',(1.,0.,0.));
#9930=DIRECTION('',(0.,0.,1.));
#9931=DIRECTION('',(1.,0.,0.));
#9932=DIRECTION('',(0.,0.,1.));
#9933=DIRECTION('',(1.,0.,0.));
#9934=DIRECTION('',(0.,0.,1.));
#9935=DIRECTION('',(1.,0.,0.));
#9936=DIRECTION('',(0.,0.,-1.));
#9937=DIRECTION('',(-1.,0.,0.));
#9938=DIRECTION('',(0.,0.,1.));
#9939=DIRECTION('',(1.,0.,0.));
#9940=DIRECTION('',(0.,0.,1.));
#9941=DIRECTION('',(1.,0.,0.));
#9942=DIRECTION('',(0.,0.,1.));
#9943=DIRECTION('',(1.,0.,0.));
#9944=DIRECTION('',(0.,0.,1.));
#9945=DIRECTION('',(1.,0.,0.));
#9946=DIRECTION('',(0.,0.,1.));
#9947=DIRECTION('',(1.,0.,0.));
#9948=DIRECTION('',(0.,0.,1.));
#9949=DIRECTION('',(1.,0.,0.));
#9950=DIRECTION('',(0.,0.,1.));
#9951=DIRECTION('',(1.,0.,0.));
#9952=DIRECTION('',(0.,0.,-1.));
#9953=DIRECTION('',(-1.,0.,0.));
#9954=DIRECTION('',(0.,0.,1.));
#9955=DIRECTION('',(1.,0.,0.));
#9956=DIRECTION('',(0.,0.,1.));
#9957=DIRECTION('',(1.,0.,0.));
#9958=DIRECTION('',(0.5,0.866025403784439,0.));
#9959=DIRECTION('',(-0.866025403784439,0.5,0.));
#9960=DIRECTION('',(0.,0.,1.));
#9961=DIRECTION('',(-0.866025403784439,0.5,0.));
#9962=DIRECTION('',(0.,0.,1.));
#9963=DIRECTION('',(1.,0.,0.));
#9964=DIRECTION('',(0.,0.,1.));
#9965=DIRECTION('',(0.,0.,1.));
#9966=DIRECTION('',(1.,0.,0.));
#9967=DIRECTION('',(-0.5,-0.866025403784439,0.));
#9968=DIRECTION('',(0.866025403784439,-0.5,0.));
#9969=DIRECTION('',(0.866025403784439,-0.5,0.));
#9970=DIRECTION('',(0.,0.,1.));
#9971=DIRECTION('',(1.,0.,0.));
#9972=DIRECTION('',(0.,0.,1.));
#9973=DIRECTION('',(1.,0.,0.));
#9974=DIRECTION('',(0.,0.,1.));
#9975=DIRECTION('',(1.,0.,0.));
#9976=DIRECTION('',(0.,0.,1.));
#9977=DIRECTION('',(0.,0.,1.));
#9978=DIRECTION('',(1.,0.,0.));
#9979=DIRECTION('',(0.,0.,1.));
#9980=DIRECTION('',(-1.,-1.29640652102665E-16,0.));
#9981=DIRECTION('',(1.29640652102665E-16,-1.,0.));
#9982=DIRECTION('',(1.29640652102665E-16,-1.,0.));
#9983=DIRECTION('',(1.,0.,0.));
#9984=DIRECTION('',(0.,0.,-1.));
#9985=DIRECTION('',(0.,1.,0.));
#9986=DIRECTION('',(0.,0.,1.));
#9987=DIRECTION('',(1.,0.,0.));
#9988=DIRECTION('',(0.,0.,1.));
#9989=DIRECTION('',(1.,0.,0.));
#9990=DIRECTION('',(0.,0.,1.));
#9991=DIRECTION('',(1.,0.,0.));
#9992=DIRECTION('',(0.,0.,1.));
#9993=DIRECTION('',(0.,0.,1.));
#9994=DIRECTION('',(1.,0.,0.));
#9995=DIRECTION('',(0.,0.,1.));
#9996=DIRECTION('',(-0.5,0.866025403784439,0.));
#9997=DIRECTION('',(-0.866025403784439,-0.5,0.));
#9998=DIRECTION('',(-0.866025403784439,-0.5,0.));
#9999=DIRECTION('',(0.5,-0.866025403784439,0.));
#10000=DIRECTION('',(0.866025403784439,0.5,0.));
#10001=DIRECTION('',(0.866025403784439,0.5,0.));
#10002=DIRECTION('',(0.,0.,1.));
#10003=DIRECTION('',(1.,0.,0.));
#10004=DIRECTION('',(0.,0.,1.));
#10005=DIRECTION('',(1.,0.,0.));
#10006=DIRECTION('',(0.,0.,1.));
#10007=DIRECTION('',(1.,0.,0.));
#10008=DIRECTION('',(0.,0.,1.));
#10009=DIRECTION('',(0.,0.,1.));
#10010=DIRECTION('',(1.,0.,0.));
#10011=DIRECTION('',(0.,0.,1.));
#10012=DIRECTION('',(0.5,0.866025403784439,0.));
#10013=DIRECTION('',(-0.866025403784439,0.5,0.));
#10014=DIRECTION('',(-0.866025403784439,0.5,0.));
#10015=DIRECTION('',(-0.5,-0.866025403784439,0.));
#10016=DIRECTION('',(0.866025403784439,-0.5,0.));
#10017=DIRECTION('',(0.866025403784439,-0.5,0.));
#10018=DIRECTION('',(0.,0.,1.));
#10019=DIRECTION('',(1.,0.,0.));
#10020=DIRECTION('',(0.,0.,1.));
#10021=DIRECTION('',(1.,0.,0.));
#10022=DIRECTION('',(-1.,1.29640652102665E-16,0.));
#10023=DIRECTION('',(-1.29640652102665E-16,-1.,0.));
#10024=DIRECTION('',(0.,0.,1.));
#10025=DIRECTION('',(-1.29640652102665E-16,-1.,0.));
#10026=DIRECTION('',(0.,0.,1.));
#10027=DIRECTION('',(1.,0.,0.));
#10028=DIRECTION('',(0.,0.,1.));
#10029=DIRECTION('',(0.,0.,1.));
#10030=DIRECTION('',(1.,0.,0.));
#10031=DIRECTION('',(1.,0.,0.));
#10032=DIRECTION('',(0.,0.,-1.));
#10033=DIRECTION('',(0.,1.,0.));
#10034=DIRECTION('',(0.,0.,1.));
#10035=DIRECTION('',(1.,0.,0.));
#10036=DIRECTION('',(0.,0.,1.));
#10037=DIRECTION('',(1.,0.,0.));
#10038=DIRECTION('',(0.,0.,1.));
#10039=DIRECTION('',(1.,0.,0.));
#10040=DIRECTION('',(0.,0.,1.));
#10041=DIRECTION('',(0.,0.,1.));
#10042=DIRECTION('',(1.,0.,0.));
#10043=DIRECTION('',(0.,0.,1.));
#10044=DIRECTION('',(0.5,-0.866025403784439,0.));
#10045=DIRECTION('',(0.866025403784439,0.5,0.));
#10046=DIRECTION('',(0.866025403784439,0.5,0.));
#10047=DIRECTION('',(-0.5,0.866025403784439,0.));
#10048=DIRECTION('',(-0.866025403784439,-0.5,0.));
#10049=DIRECTION('',(-0.866025403784439,-0.5,0.));
#10050=DIRECTION('',(0.,0.,1.));
#10051=DIRECTION('',(1.,0.,0.));
#10052=DIRECTION('',(0.,0.,1.));
#10053=DIRECTION('',(1.,0.,0.));
#10054=DIRECTION('',(0.,0.,1.));
#10055=DIRECTION('',(1.,0.,0.));
#10056=DIRECTION('',(0.,0.,1.));
#10057=DIRECTION('',(1.,0.,0.));
#10058=DIRECTION('',(0.,0.,1.));
#10059=DIRECTION('',(1.,0.,0.));
#10060=DIRECTION('',(0.,0.,1.));
#10061=DIRECTION('',(1.,0.,0.));
#10062=DIRECTION('',(0.,0.,1.));
#10063=DIRECTION('',(1.,0.,0.));
#10064=DIRECTION('',(0.,0.,1.));
#10065=DIRECTION('',(1.,0.,0.));
#10066=DIRECTION('',(0.,0.,1.));
#10067=DIRECTION('',(1.,0.,0.));
#10068=DIRECTION('',(0.,0.,1.));
#10069=DIRECTION('',(1.,0.,0.));
#10070=DIRECTION('',(0.,0.,1.));
#10071=DIRECTION('',(1.,0.,0.));
#10072=DIRECTION('',(0.,0.,1.));
#10073=DIRECTION('',(1.,0.,0.));
#10074=DIRECTION('',(0.,0.,1.));
#10075=DIRECTION('',(1.,0.,0.));
#10076=DIRECTION('',(0.,0.,1.));
#10077=DIRECTION('',(1.,0.,0.));
#10078=DIRECTION('',(0.,0.,1.));
#10079=DIRECTION('',(1.,0.,0.));
#10080=DIRECTION('',(0.,0.,1.));
#10081=DIRECTION('',(1.,0.,0.));
#10082=DIRECTION('',(0.,0.,1.));
#10083=DIRECTION('',(1.,0.,0.));
#10084=DIRECTION('',(0.,0.,1.));
#10085=DIRECTION('',(1.,0.,0.));
#10086=DIRECTION('',(0.,0.,1.));
#10087=DIRECTION('',(1.,0.,0.));
#10088=DIRECTION('',(0.,0.,1.));
#10089=DIRECTION('',(1.,0.,0.));
#10090=DIRECTION('',(0.,0.,-1.));
#10091=DIRECTION('',(-1.,0.,0.));
#10092=DIRECTION('',(0.,0.,1.));
#10093=DIRECTION('',(1.,0.,0.));
#10094=DIRECTION('',(0.,0.,1.));
#10095=DIRECTION('',(1.,0.,0.));
#10096=DIRECTION('',(0.,0.,1.));
#10097=DIRECTION('',(1.,0.,0.));
#10098=DIRECTION('',(0.,0.,-1.));
#10099=DIRECTION('',(-1.,0.,0.));
#10100=DIRECTION('',(0.,0.,1.));
#10101=DIRECTION('',(1.,0.,0.));
#10102=DIRECTION('',(0.,0.,1.));
#10103=DIRECTION('',(1.,0.,0.));
#10104=DIRECTION('',(0.,0.,1.));
#10105=DIRECTION('',(1.,0.,0.));
#10106=DIRECTION('',(0.,0.,1.));
#10107=DIRECTION('',(1.,0.,0.));
#10108=DIRECTION('',(0.,0.,-1.));
#10109=DIRECTION('',(-1.,0.,0.));
#10110=DIRECTION('',(0.,0.,-1.));
#10111=DIRECTION('',(-1.,0.,0.));
#10112=DIRECTION('',(0.,0.,-1.));
#10113=DIRECTION('',(1.,0.,0.));
#10114=DIRECTION('',(0.,0.,-1.));
#10115=DIRECTION('',(-1.,0.,0.));
#10116=DIRECTION('',(0.,0.,-1.));
#10117=DIRECTION('',(-1.,0.,0.));
#10118=DIRECTION('',(0.,0.,-1.));
#10119=DIRECTION('',(1.,0.,0.));
#10120=DIRECTION('',(0.,0.,-1.));
#10121=DIRECTION('',(-1.,0.,0.));
#10122=DIRECTION('',(0.,0.,-1.));
#10123=DIRECTION('',(-1.,0.,0.));
#10124=DIRECTION('',(0.,0.,-1.));
#10125=DIRECTION('',(1.,0.,0.));
#10126=DIRECTION('',(0.,0.,-1.));
#10127=DIRECTION('',(-1.,0.,0.));
#10128=DIRECTION('',(0.,0.,-1.));
#10129=DIRECTION('',(-1.,0.,0.));
#10130=DIRECTION('',(0.,0.,-1.));
#10131=DIRECTION('',(1.,0.,0.));
#10132=DIRECTION('',(-3.45247124750947E-16,3.15313239108511E-16,1.));
#10133=DIRECTION('',(0.999077407932277,-0.0429456977975926,3.58469949570582E-16));
#10134=DIRECTION('',(0.,0.,-1.));
#10135=DIRECTION('',(-1.,0.,0.));
#10136=DIRECTION('',(0.,0.,1.));
#10137=DIRECTION('',(1.,0.,0.));
#10138=DIRECTION('',(0.,0.,1.));
#10139=DIRECTION('',(1.,0.,0.));
#10140=DIRECTION('',(0.,0.,-1.));
#10141=DIRECTION('',(-1.,0.,0.));
#10142=DIRECTION('',(0.,0.,1.));
#10143=DIRECTION('',(1.,0.,0.));
#10144=DIRECTION('',(0.,0.,1.));
#10145=DIRECTION('',(1.,0.,0.));
#10146=DIRECTION('',(0.,0.,1.));
#10147=DIRECTION('',(1.,0.,0.));
#10148=DIRECTION('',(0.,0.,1.));
#10149=DIRECTION('',(1.,0.,0.));
#10150=DIRECTION('',(0.,0.,1.));
#10151=DIRECTION('',(1.,0.,0.));
#10152=DIRECTION('',(0.,0.,-1.));
#10153=DIRECTION('',(-1.,0.,0.));
#10154=DIRECTION('',(0.,0.,1.));
#10155=DIRECTION('',(1.,0.,0.));
#10156=DIRECTION('',(0.,0.,1.));
#10157=DIRECTION('',(1.,0.,0.));
#10158=DIRECTION('',(0.,0.,1.));
#10159=DIRECTION('',(1.,0.,0.));
#10160=DIRECTION('',(0.,0.,1.));
#10161=DIRECTION('',(1.,0.,0.));
#10162=DIRECTION('',(0.5,0.866025403784439,0.));
#10163=DIRECTION('',(-0.866025403784439,0.5,0.));
#10164=DIRECTION('',(0.866025403784439,-0.5,0.));
#10165=DIRECTION('',(0.,0.,-1.));
#10166=DIRECTION('',(0.866025403784439,-0.5,0.));
#10167=DIRECTION('',(0.,0.,-1.));
#10168=DIRECTION('',(-0.5,0.866025403784439,0.));
#10169=DIRECTION('',(-0.866025403784439,-0.5,0.));
#10170=DIRECTION('',(0.866025403784439,0.5,0.));
#10171=DIRECTION('',(0.,0.,-1.));
#10172=DIRECTION('',(0.866025403784439,0.5,0.));
#10173=DIRECTION('',(-1.,-3.33847688608258E-16,0.));
#10174=DIRECTION('',(3.33847688608258E-16,-1.,0.));
#10175=DIRECTION('',(-3.33847688608258E-16,1.,0.));
#10176=DIRECTION('',(0.,0.,-1.));
#10177=DIRECTION('',(-3.33847688608258E-16,1.,0.));
#10178=DIRECTION('',(-0.5,-0.866025403784439,0.));
#10179=DIRECTION('',(0.866025403784439,-0.5,0.));
#10180=DIRECTION('',(-0.866025403784439,0.5,0.));
#10181=DIRECTION('',(0.,0.,-1.));
#10182=DIRECTION('',(-0.866025403784439,0.5,0.));
#10183=DIRECTION('',(0.5,-0.866025403784438,0.));
#10184=DIRECTION('',(0.866025403784438,0.5,0.));
#10185=DIRECTION('',(-0.866025403784438,-0.5,0.));
#10186=DIRECTION('',(0.,0.,-1.));
#10187=DIRECTION('',(-0.866025403784438,-0.5,0.));
#10188=DIRECTION('',(1.,0.,0.));
#10189=DIRECTION('',(0.,0.,-1.));
#10190=DIRECTION('',(0.,-1.,0.));
#10191=DIRECTION('',(0.,-1.,0.));
#10192=DIRECTION('',(0.,0.,1.));
#10193=DIRECTION('',(1.,0.,0.));
#10194=DIRECTION('',(0.,0.,1.));
#10195=DIRECTION('',(1.,0.,0.));
#10196=DIRECTION('',(0.,0.,1.));
#10197=DIRECTION('',(1.,0.,0.));
#10198=DIRECTION('',(0.,0.,1.));
#10199=DIRECTION('',(1.,0.,0.));
#10200=DIRECTION('',(0.,0.,1.));
#10201=DIRECTION('',(1.,0.,0.));
#10202=DIRECTION('',(0.,0.,1.));
#10203=DIRECTION('',(1.,0.,0.));
#10204=DIRECTION('',(0.,0.,1.));
#10205=DIRECTION('',(1.,0.,0.));
#10206=DIRECTION('',(2.27472331321102E-16,-5.69190550880883E-16,-1.));
#10207=DIRECTION('',(-0.707106781186547,0.707106781186548,-5.63325726324643E-16));
#10208=DIRECTION('',(-0.224951054343865,0.,-0.974370064785235));
#10209=DIRECTION('',(0.974370064785235,0.,-0.224951054343865));
#10210=DIRECTION('',(6.12323399573677E-17,1.,-1.4136599564343E-17));
#10211=DIRECTION('',(-0.224951054343865,0.,-0.974370064785235));
#10212=DIRECTION('',(0.974370064785235,0.,-0.224951054343865));
#10213=DIRECTION('',(-0.678107999234033,-0.718095064723934,0.156553567170936));
#10214=DIRECTION('',(0.,-1.,0.));
#10215=DIRECTION('',(-0.224951054343865,0.,-0.974370064785235));
#10216=DIRECTION('',(-0.974370064785235,0.,0.224951054343865));
#10217=DIRECTION('',(0.974370064785235,0.,-0.224951054343865));
#10218=DIRECTION('',(-0.224951054343865,0.,-0.974370064785235));
#10219=DIRECTION('',(-0.974370064785235,0.,0.224951054343865));
#10220=DIRECTION('',(-0.224951054343865,0.,-0.974370064785235));
#10221=DIRECTION('',(0.,-1.,0.));
#10222=DIRECTION('',(0.224951054343865,-2.75485588667037E-17,-0.974370064785235));
#10223=DIRECTION('',(-0.974370064785235,1.19325918102424E-16,-0.224951054343865));
#10224=DIRECTION('',(0.224951054343865,-2.75485588667037E-17,-0.974370064785235));
#10225=DIRECTION('',(-0.974370064785235,1.19325918102424E-16,-0.224951054343865));
#10226=DIRECTION('',(0.224951054343865,-2.75485588667037E-17,-0.974370064785235));
#10227=DIRECTION('',(-0.974370064785235,1.19325918102424E-16,-0.224951054343865));
#10228=DIRECTION('',(0.224951054343865,-2.75485588667037E-17,-0.974370064785235));
#10229=DIRECTION('',(1.22464679914735E-16,1.,0.));
#10230=DIRECTION('',(0.224951054343865,-2.75485588667037E-17,-0.974370064785235));
#10231=DIRECTION('',(0.974370064785235,-1.19325918102424E-16,0.224951054343865));
#10232=DIRECTION('',(-0.974370064785235,1.19325918102424E-16,-0.224951054343865));
#10233=DIRECTION('',(0.224951054343865,-2.75485588667037E-17,-0.974370064785235));
#10234=DIRECTION('',(0.974370064785235,-1.19325918102424E-16,0.224951054343865));
#10235=DIRECTION('',(1.22464679914735E-16,1.,0.));
#10236=DIRECTION('',(0.678107999234034,0.718095064723934,0.156553567170936));
#10237=DIRECTION('',(0.224951054343865,-2.75485588667037E-17,-0.974370064785235));
#10238=DIRECTION('',(-0.974370064785235,1.19325918102424E-16,-0.224951054343865));
#10239=DIRECTION('',(-6.12323399573677E-17,-1.,1.4136599564343E-17));
#10240=DIRECTION('',(0.224951054343865,-2.75485588667037E-17,-0.974370064785235));
#10241=DIRECTION('',(-0.974370064785235,1.19325918102424E-16,-0.224951054343865));
#10242=DIRECTION('',(0.678107999234034,0.718095064723934,0.156553567170936));
#10243=DIRECTION('',(1.22464679914735E-16,1.,0.));
#10244=DIRECTION('',(0.224951054343865,-2.75485588667037E-17,-0.974370064785235));
#10245=DIRECTION('',(0.974370064785235,-1.19325918102424E-16,0.224951054343865));
#10246=DIRECTION('',(-0.974370064785235,1.19325918102424E-16,-0.224951054343865));
#10247=DIRECTION('',(0.224951054343865,-2.75485588667037E-17,-0.974370064785235));
#10248=DIRECTION('',(0.974370064785235,-1.19325918102424E-16,0.224951054343865));
#10249=DIRECTION('',(0.224951054343865,-2.75485588667037E-17,-0.974370064785235));
#10250=DIRECTION('',(1.22464679914735E-16,1.,0.));
#10251=DIRECTION('',(-0.224951054343865,0.,-0.974370064785235));
#10252=DIRECTION('',(0.974370064785235,0.,-0.224951054343865));
#10253=DIRECTION('',(-0.224951054343865,0.,-0.974370064785235));
#10254=DIRECTION('',(0.974370064785235,0.,-0.224951054343865));
#10255=DIRECTION('',(-0.224951054343865,0.,-0.974370064785235));
#10256=DIRECTION('',(0.974370064785235,0.,-0.224951054343865));
#10257=DIRECTION('',(-0.224951054343865,0.,-0.974370064785235));
#10258=DIRECTION('',(0.,-1.,0.));
#10259=DIRECTION('',(-0.224951054343865,0.,-0.974370064785235));
#10260=DIRECTION('',(-0.974370064785235,0.,0.224951054343865));
#10261=DIRECTION('',(0.974370064785235,0.,-0.224951054343865));
#10262=DIRECTION('',(-0.224951054343865,0.,-0.974370064785235));
#10263=DIRECTION('',(-0.974370064785235,0.,0.224951054343865));
#10264=DIRECTION('',(0.,-1.,0.));
#10265=DIRECTION('',(-0.678107999234033,-0.718095064723934,0.156553567170936));
#10266=DIRECTION('',(-0.224951054343865,2.75485588667036E-17,0.974370064785235));
#10267=DIRECTION('',(0.224951054343865,0.,0.974370064785235));
#10268=DIRECTION('',(0.,0.,-1.));
#10269=DIRECTION('',(-1.,0.,0.));
#10270=DIRECTION('',(-0.699690334737018,0.695945025141446,0.161536241928775));
#10271=DIRECTION('',(-0.114529488088423,0.113916433470661,-0.986866780545139));
#10272=DIRECTION('',(0.699690334737018,-0.695945025141447,0.161536241928775));
#10273=DIRECTION('',(0.114529488088423,-0.113916433470661,-0.986866780545139));
#10274=DIRECTION('',(0.,0.,1.));
#10275=DIRECTION('',(1.,0.,0.));
#10276=DIRECTION('',(0.699690334737018,-0.695945025141447,0.161536241928775));
#10277=DIRECTION('',(0.705206658954525,0.709001811116302,0.));
#10278=DIRECTION('',(-0.224951054343865,2.75485588667036E-17,0.974370064785235));
#10279=DIRECTION('',(-0.224951054343865,2.75485588667036E-17,0.974370064785235));
#10280=DIRECTION('',(-0.974370064785235,1.19325918102424E-16,-0.224951054343865));
#10281=DIRECTION('',(-0.224951054343865,2.75485588667036E-17,0.974370064785235));
#10282=DIRECTION('',(-0.224951054343865,2.75485588667036E-17,0.974370064785235));
#10283=DIRECTION('',(-0.224951054343865,2.75485588667036E-17,0.974370064785235));
#10284=DIRECTION('',(-0.974370064785235,1.19325918102424E-16,-0.224951054343865));
#10285=DIRECTION('',(-0.224951054343865,2.75485588667036E-17,0.974370064785235));
#10286=DIRECTION('',(-0.224951054343865,2.75485588667036E-17,0.974370064785235));
#10287=DIRECTION('',(1.22464679914735E-16,1.,0.));
#10288=DIRECTION('',(0.,0.,-1.));
#10289=DIRECTION('',(0.974370064785235,-1.19325918102424E-16,0.224951054343865));
#10290=DIRECTION('',(-0.224951054343865,2.75485588667037E-17,0.974370064785235));
#10291=DIRECTION('',(0.,0.,-1.));
#10292=DIRECTION('',(-1.,0.,0.));
#10293=DIRECTION('',(0.,0.,1.));
#10294=DIRECTION('',(1.,0.,0.));
#10295=DIRECTION('',(0.,0.,1.));
#10296=DIRECTION('',(1.,0.,0.));
#10297=DIRECTION('',(0.,0.,1.));
#10298=DIRECTION('',(1.,0.,0.));
#10299=DIRECTION('',(0.,0.,1.));
#10300=DIRECTION('',(1.,0.,0.));
#10301=DIRECTION('',(0.,0.,1.));
#10302=DIRECTION('',(1.,0.,0.));
#10303=DIRECTION('',(0.224951054343865,0.,0.974370064785235));
#10304=DIRECTION('',(0.224951054343865,0.,0.974370064785235));
#10305=DIRECTION('',(0.974370064785235,0.,-0.224951054343865));
#10306=DIRECTION('',(0.224951054343865,0.,0.974370064785235));
#10307=DIRECTION('',(0.,-1.,0.));
#10308=DIRECTION('',(0.,0.,-1.));
#10309=DIRECTION('',(0.224951054343865,0.,0.974370064785235));
#10310=DIRECTION('',(0.224951054343865,0.,0.974370064785235));
#10311=DIRECTION('',(0.974370064785235,0.,-0.224951054343865));
#10312=DIRECTION('',(0.224951054343865,0.,0.974370064785235));
#10313=DIRECTION('',(-0.974370064785235,0.,0.224951054343865));
#10314=DIRECTION('',(0.224951054343865,0.,0.974370064785235));
#10315=DIRECTION('',(0.224951054343865,0.,0.974370064785235));
#10316=DIRECTION('',(-0.699690334737018,0.695945025141446,0.161536241928775));
#10317=DIRECTION('',(-0.705206658954525,-0.709001811116302,0.));
#10318=DIRECTION('',(0.,0.,1.));
#10319=DIRECTION('',(1.,0.,0.));
#10320=DIRECTION('',(0.,0.,1.));
#10321=DIRECTION('',(1.,0.,0.));
#10322=DIRECTION('',(0.,0.,1.));
#10323=DIRECTION('',(1.,0.,0.));
#10324=DIRECTION('',(0.,0.,1.));
#10325=DIRECTION('',(1.,0.,0.));
#10326=DIRECTION('',(0.,0.,-1.));
#10327=DIRECTION('',(-1.,0.,0.));
#10328=DIRECTION('',(-3.30181172137267E-16,2.09085151429128E-16,1.));
#10329=DIRECTION('',(0.999077407932277,-0.0429456977975923,3.38855857334181E-16));
#10330=DIRECTION('',(3.55677378393825E-16,-1.52123852571478E-16,1.));
#10331=DIRECTION('',(1.,3.3445468616833E-15,-3.55677378393824E-16));
#10332=DIRECTION('',(0.,0.,1.));
#10333=DIRECTION('',(1.,0.,0.));
#10334=DIRECTION('',(-1.17724996778503E-16,2.39217056656488E-16,1.));
#10335=DIRECTION('',(0.999077407932277,-0.0429456977975913,1.27889728053502E-16));
#10336=DIRECTION('',(0.,0.,1.));
#10337=DIRECTION('',(1.,0.,0.));
#10338=DIRECTION('',(-3.45247124750947E-16,3.15313239108511E-16,1.));
#10339=DIRECTION('',(0.999077407932277,-0.0429456977975926,3.58469949570582E-16));
#10340=DIRECTION('',(1.22928925397239E-16,-5.93316591128175E-16,-1.));
#10341=DIRECTION('',(-0.70710678118655,0.707106781186546,-5.06462061729581E-16));
#10342=DIRECTION('',(0.,0.,1.));
#10343=DIRECTION('',(1.,0.,0.));
#10344=DIRECTION('',(0.,0.,-1.));
#10345=DIRECTION('',(1.,0.,0.));
#10346=DIRECTION('',(-1.,1.82602471155453E-15,0.));
#10347=DIRECTION('',(0.,0.,-1.));
#10348=DIRECTION('',(1.,0.,0.));
#10349=DIRECTION('',(3.09772049281573E-16,1.,0.));
#10350=DIRECTION('',(0.,0.,-1.));
#10351=DIRECTION('',(1.,0.,0.));
#10352=DIRECTION('',(-1.,7.88510670898548E-16,0.));
#10353=DIRECTION('',(0.,0.,-1.));
#10354=DIRECTION('',(1.,0.,0.));
#10355=DIRECTION('',(-6.19544098563145E-16,-1.,0.));
#10356=DIRECTION('',(0.,0.,-1.));
#10357=DIRECTION('',(1.,0.,0.));
#10358=DIRECTION('',(-1.,5.17827903276659E-16,0.));
#10359=DIRECTION('',(0.,0.,-1.));
#10360=DIRECTION('',(1.,0.,0.));
#10361=DIRECTION('',(-6.19544098563145E-16,-1.,0.));
#10362=DIRECTION('',(0.,0.,-1.));
#10363=DIRECTION('',(1.,0.,0.));
#10364=DIRECTION('',(-1.,7.88510670898548E-16,0.));
#10365=DIRECTION('',(0.,0.,-1.));
#10366=DIRECTION('',(1.,0.,0.));
#10367=DIRECTION('',(9.29316147844717E-16,1.,0.));
#10368=DIRECTION('',(0.,0.,-1.));
#10369=DIRECTION('',(1.,0.,0.));
#10370=DIRECTION('',(-1.,1.82602471155453E-15,0.));
#10371=DIRECTION('',(0.,0.,-1.));
#10372=DIRECTION('',(1.,0.,0.));
#10373=DIRECTION('',(-7.22801448323671E-16,-1.,0.));
#10374=DIRECTION('',(0.,0.,-1.));
#10375=DIRECTION('',(1.,0.,0.));
#10376=DIRECTION('',(-1.,8.26058798084194E-16,0.));
#10377=DIRECTION('',(0.,0.,-1.));
#10378=DIRECTION('',(1.,0.,0.));
#10379=DIRECTION('',(-7.22801448323671E-16,-1.,0.));
#10380=DIRECTION('',(1.,1.9539765562016E-16,0.));
#10381=DIRECTION('',(-0.707106781186548,-0.707106781186547,0.));
#10382=DIRECTION('',(1.9539765562016E-16,-1.,0.));
#10383=DIRECTION('',(0.707106781186547,-0.707106781186548,0.));
#10384=DIRECTION('',(1.,1.9539765562016E-16,0.));
#10385=DIRECTION('',(-0.707106781186548,-0.707106781186547,0.));
#10386=DIRECTION('',(1.9539765562016E-16,-1.,0.));
#10387=DIRECTION('',(0.707106781186548,-0.707106781186548,0.));
#10388=DIRECTION('',(-1.,0.,0.));
#10389=DIRECTION('',(0.,0.,1.));
#10390=DIRECTION('',(1.,0.,0.));
#10391=DIRECTION('',(0.,1.,0.));
#10392=DIRECTION('',(0.,0.,1.));
#10393=DIRECTION('',(1.,0.,0.));
#10394=DIRECTION('',(-1.,0.,0.));
#10395=DIRECTION('',(0.,0.,1.));
#10396=DIRECTION('',(1.,0.,0.));
#10397=DIRECTION('',(0.,1.,0.));
#10398=DIRECTION('',(0.,0.,1.));
#10399=DIRECTION('',(1.,0.,0.));
#10400=DIRECTION('',(-1.,0.,0.));
#10401=DIRECTION('',(0.,0.,1.));
#10402=DIRECTION('',(1.,0.,0.));
#10403=DIRECTION('',(3.09772049281573E-16,-1.,0.));
#10404=DIRECTION('',(0.,0.,1.));
#10405=DIRECTION('',(1.,0.,0.));
#10406=DIRECTION('',(-1.,0.,0.));
#10407=DIRECTION('',(0.,0.,1.));
#10408=DIRECTION('',(1.,0.,0.));
#10409=DIRECTION('',(-2.06514699521048E-16,1.,0.));
#10410=DIRECTION('',(0.,0.,1.));
#10411=DIRECTION('',(1.,0.,0.));
#10412=DIRECTION('',(-1.,0.,0.));
#10413=DIRECTION('',(0.,0.,1.));
#10414=DIRECTION('',(1.,0.,0.));
#10415=DIRECTION('',(-2.06514699521048E-16,1.,0.));
#10416=DIRECTION('',(0.,0.,1.));
#10417=DIRECTION('',(1.,0.,0.));
#10418=DIRECTION('',(-1.,0.,0.));
#10419=DIRECTION('',(0.,0.,1.));
#10420=DIRECTION('',(1.,0.,0.));
#10421=DIRECTION('',(-3.09772049281573E-16,-1.,0.));
#10422=DIRECTION('',(0.,0.,1.));
#10423=DIRECTION('',(1.,0.,0.));
#10424=DIRECTION('',(0.,1.,0.));
#10425=DIRECTION('',(-1.,-9.91270557701033E-17,0.));
#10426=DIRECTION('',(0.,1.,0.));
#10427=DIRECTION('',(-1.,-9.91270557701033E-17,0.));
#10428=DIRECTION('',(0.,0.,1.));
#10429=DIRECTION('',(1.,0.,0.));
#10430=DIRECTION('',(0.,0.,1.));
#10431=DIRECTION('',(1.,0.,0.));
#10432=DIRECTION('',(-1.,0.,0.));
#10433=DIRECTION('',(0.,0.,1.));
#10434=DIRECTION('',(1.,0.,0.));
#10435=DIRECTION('',(-3.09772049281573E-16,-1.,0.));
#10436=DIRECTION('',(0.,0.,1.));
#10437=DIRECTION('',(1.,0.,0.));
#10438=DIRECTION('',(-1.,0.,0.));
#10439=DIRECTION('',(0.,0.,1.));
#10440=DIRECTION('',(1.,0.,0.));
#10441=DIRECTION('',(-2.06514699521048E-16,1.,0.));
#10442=DIRECTION('',(0.,0.,1.));
#10443=DIRECTION('',(1.,0.,0.));
#10444=DIRECTION('',(-1.,0.,0.));
#10445=DIRECTION('',(0.,0.,1.));
#10446=DIRECTION('',(1.,0.,0.));
#10447=DIRECTION('',(-2.06514699521048E-16,1.,0.));
#10448=DIRECTION('',(0.,0.,1.));
#10449=DIRECTION('',(1.,0.,0.));
#10450=DIRECTION('',(-1.,0.,0.));
#10451=DIRECTION('',(0.,0.,1.));
#10452=DIRECTION('',(1.,0.,0.));
#10453=DIRECTION('',(3.09772049281573E-16,-1.,0.));
#10454=DIRECTION('',(0.,0.,1.));
#10455=DIRECTION('',(1.,0.,0.));
#10456=DIRECTION('',(-1.,0.,0.));
#10457=DIRECTION('',(0.,0.,1.));
#10458=DIRECTION('',(1.,0.,0.));
#10459=DIRECTION('',(0.,1.,0.));
#10460=DIRECTION('',(0.,0.,1.));
#10461=DIRECTION('',(1.,0.,0.));
#10462=DIRECTION('',(-1.,0.,0.));
#10463=DIRECTION('',(0.,0.,1.));
#10464=DIRECTION('',(1.,0.,0.));
#10465=DIRECTION('',(0.,1.,0.));
#10466=DIRECTION('',(-1.,1.82602471155453E-15,0.));
#10467=DIRECTION('',(0.,0.,1.));
#10468=DIRECTION('',(1.,0.,0.));
#10469=DIRECTION('',(-7.22801448323671E-16,-1.,0.));
#10470=DIRECTION('',(0.,0.,1.));
#10471=DIRECTION('',(1.,0.,0.));
#10472=DIRECTION('',(-1.,8.26058798084194E-16,0.));
#10473=DIRECTION('',(0.,0.,1.));
#10474=DIRECTION('',(1.,0.,0.));
#10475=DIRECTION('',(-7.22801448323671E-16,-1.,0.));
#10476=DIRECTION('',(0.,0.,1.));
#10477=DIRECTION('',(1.,0.,0.));
#10478=DIRECTION('',(-1.,1.82602471155453E-15,0.));
#10479=DIRECTION('',(0.,0.,1.));
#10480=DIRECTION('',(1.,0.,0.));
#10481=DIRECTION('',(9.29316147844717E-16,1.,0.));
#10482=DIRECTION('',(0.,0.,1.));
#10483=DIRECTION('',(1.,0.,0.));
#10484=DIRECTION('',(-1.,7.88510670898548E-16,0.));
#10485=DIRECTION('',(0.,0.,1.));
#10486=DIRECTION('',(1.,0.,0.));
#10487=DIRECTION('',(-6.19544098563145E-16,-1.,0.));
#10488=DIRECTION('',(0.,0.,1.));
#10489=DIRECTION('',(1.,0.,0.));
#10490=DIRECTION('',(-1.,5.17827903276659E-16,0.));
#10491=DIRECTION('',(0.,0.,1.));
#10492=DIRECTION('',(1.,0.,0.));
#10493=DIRECTION('',(-6.19544098563145E-16,-1.,0.));
#10494=DIRECTION('',(0.,0.,1.));
#10495=DIRECTION('',(1.,0.,0.));
#10496=DIRECTION('',(-1.,7.88510670898548E-16,0.));
#10497=DIRECTION('',(0.,0.,1.));
#10498=DIRECTION('',(1.,0.,0.));
#10499=DIRECTION('',(3.09772049281573E-16,1.,0.));
#10500=DIRECTION('',(0.,0.,1.));
#10501=DIRECTION('',(1.,0.,0.));
#10502=DIRECTION('',(0.707106781186548,-0.707106781186548,0.));
#10503=DIRECTION('',(0.0975930438865608,0.995226405289247,0.));
#10504=DIRECTION('',(0.,0.,1.));
#10505=DIRECTION('',(1.,0.,0.));
#10506=DIRECTION('',(0.,1.,0.));
#10507=DIRECTION('',(0.,0.,1.));
#10508=DIRECTION('',(1.,0.,0.));
#10509=DIRECTION('',(0.0975930438865611,-0.995226405289247,0.));
#10510=DIRECTION('',(-0.707106781186548,-0.707106781186548,0.));
#10511=DIRECTION('',(0.995226405289247,-0.0975930438865608,0.));
#10512=DIRECTION('',(0.,0.,1.));
#10513=DIRECTION('',(1.,0.,0.));
#10514=DIRECTION('',(-1.,0.,0.));
#10515=DIRECTION('',(0.,0.,1.));
#10516=DIRECTION('',(1.,0.,0.));
#10517=DIRECTION('',(-0.995226405289247,-0.0975930438865611,0.));
#10518=DIRECTION('',(-0.707106781186548,0.707106781186548,0.));
#10519=DIRECTION('',(-0.0975930438865608,-0.995226405289247,0.));
#10520=DIRECTION('',(0.,0.,1.));
#10521=DIRECTION('',(1.,0.,0.));
#10522=DIRECTION('',(0.,1.,0.));
#10523=DIRECTION('',(0.,0.,1.));
#10524=DIRECTION('',(1.,0.,0.));
#10525=DIRECTION('',(-0.0975930438865611,0.995226405289247,0.));
#10526=DIRECTION('',(0.707106781186547,0.707106781186548,0.));
#10527=DIRECTION('',(-0.995226405289247,0.0975930438865608,0.));
#10528=DIRECTION('',(0.,0.,1.));
#10529=DIRECTION('',(1.,0.,0.));
#10530=DIRECTION('',(-1.,0.,0.));
#10531=DIRECTION('',(0.,0.,1.));
#10532=DIRECTION('',(1.,0.,0.));
#10533=DIRECTION('',(0.995226405289247,0.0975930438865611,0.));
#10534=DIRECTION('',(0.,0.,1.));
#10535=DIRECTION('',(1.,0.,0.));
#10536=DIRECTION('',(0.,0.,1.));
#10537=DIRECTION('',(1.,0.,0.));
#10538=DIRECTION('',(0.,0.,1.));
#10539=DIRECTION('',(1.,0.,0.));
#10540=DIRECTION('',(0.,0.,1.));
#10541=DIRECTION('',(1.,0.,0.));
#10542=DIRECTION('',(0.,0.,1.));
#10543=DIRECTION('',(1.,0.,0.));
#10544=DIRECTION('',(0.,0.,1.));
#10545=DIRECTION('',(1.,0.,0.));
#10546=DIRECTION('',(0.,0.,1.));
#10547=DIRECTION('',(1.,0.,0.));
#10548=DIRECTION('',(0.,0.,1.));
#10549=DIRECTION('',(1.,0.,0.));
#10550=DIRECTION('',(-1.,-9.91270557701033E-17,0.));
#10551=DIRECTION('',(0.,1.,0.));
#10552=DIRECTION('',(-1.,-9.91270557701033E-17,0.));
#10553=DIRECTION('',(0.,1.,0.));
#10554=DIRECTION('',(0.,0.,1.));
#10555=DIRECTION('',(1.,0.,0.));
#10556=DIRECTION('',(0.707106781186548,-0.707106781186548,0.));
#10557=DIRECTION('',(0.995226405289247,0.0975930438865611,0.));
#10558=DIRECTION('',(0.,0.,1.));
#10559=DIRECTION('',(1.,0.,0.));
#10560=DIRECTION('',(-1.,0.,0.));
#10561=DIRECTION('',(0.,0.,1.));
#10562=DIRECTION('',(1.,0.,0.));
#10563=DIRECTION('',(-0.995226405289247,0.0975930438865608,0.));
#10564=DIRECTION('',(0.707106781186547,0.707106781186548,0.));
#10565=DIRECTION('',(-0.0975930438865611,0.995226405289247,0.));
#10566=DIRECTION('',(0.,0.,1.));
#10567=DIRECTION('',(1.,0.,0.));
#10568=DIRECTION('',(0.,1.,0.));
#10569=DIRECTION('',(0.,0.,1.));
#10570=DIRECTION('',(1.,0.,0.));
#10571=DIRECTION('',(-0.0975930438865608,-0.995226405289247,0.));
#10572=DIRECTION('',(-0.707106781186548,0.707106781186548,0.));
#10573=DIRECTION('',(-0.995226405289247,-0.0975930438865611,0.));
#10574=DIRECTION('',(0.,0.,1.));
#10575=DIRECTION('',(1.,0.,0.));
#10576=DIRECTION('',(-1.,0.,0.));
#10577=DIRECTION('',(0.,0.,1.));
#10578=DIRECTION('',(1.,0.,0.));
#10579=DIRECTION('',(0.995226405289247,-0.0975930438865608,0.));
#10580=DIRECTION('',(-0.707106781186548,-0.707106781186548,0.));
#10581=DIRECTION('',(0.0975930438865611,-0.995226405289247,0.));
#10582=DIRECTION('',(0.,0.,1.));
#10583=DIRECTION('',(1.,0.,0.));
#10584=DIRECTION('',(0.,1.,0.));
#10585=DIRECTION('',(0.,0.,1.));
#10586=DIRECTION('',(1.,0.,0.));
#10587=DIRECTION('',(0.0975930438865608,0.995226405289247,0.));
#10588=DIRECTION('',(0.,0.,1.));
#10589=DIRECTION('',(1.,0.,0.));
#10590=DIRECTION('',(0.,0.,1.));
#10591=DIRECTION('',(1.,0.,0.));
#10592=DIRECTION('',(0.,0.,1.));
#10593=DIRECTION('',(1.,0.,0.));
#10594=DIRECTION('',(0.,0.,1.));
#10595=DIRECTION('',(1.,0.,0.));
#10596=DIRECTION('',(0.,0.,1.));
#10597=DIRECTION('',(1.,0.,0.));
#10598=DIRECTION('',(0.,0.,1.));
#10599=DIRECTION('',(1.,0.,0.));
#10600=DIRECTION('',(0.,0.,1.));
#10601=DIRECTION('',(1.,0.,0.));
#10602=DIRECTION('',(0.,0.,1.));
#10603=DIRECTION('',(1.,0.,0.));
#10604=DIRECTION('',(-0.707106781186548,-0.707106781186547,0.));
#10605=DIRECTION('',(1.,1.9539765562016E-16,0.));
#10606=DIRECTION('',(0.707106781186548,-0.707106781186548,0.));
#10607=DIRECTION('',(1.9539765562016E-16,-1.,0.));
#10608=DIRECTION('',(-0.707106781186548,-0.707106781186547,0.));
#10609=DIRECTION('',(1.,1.9539765562016E-16,0.));
#10610=DIRECTION('',(0.707106781186547,-0.707106781186548,0.));
#10611=DIRECTION('',(1.9539765562016E-16,-1.,0.));
#10612=DIRECTION('',(0.707106781186548,0.707106781186548,0.));
#10613=DIRECTION('',(-0.707106781186548,0.707106781186548,0.));
#10614=DIRECTION('',(0.,0.,-1.));
#10615=DIRECTION('',(0.,0.,-1.));
#10616=DIRECTION('',(-0.0975930438865611,0.995226405289247,0.));
#10617=DIRECTION('',(-0.995226405289247,-0.0975930438865611,0.));
#10618=DIRECTION('',(0.,0.,-1.));
#10619=DIRECTION('',(0.,-1.,0.));
#10620=DIRECTION('',(0.,0.,-1.));
#10621=DIRECTION('',(0.,0.,-1.));
#10622=DIRECTION('',(0.,0.,-1.));
#10623=DIRECTION('',(-0.0975930438865608,-0.995226405289247,0.));
#10624=DIRECTION('',(0.995226405289247,-0.0975930438865608,0.));
#10625=DIRECTION('',(0.,0.,-1.));
#10626=DIRECTION('',(0.,0.,-1.));
#10627=DIRECTION('',(-0.707106781186548,0.707106781186547,0.));
#10628=DIRECTION('',(-0.707106781186547,-0.707106781186548,0.));
#10629=DIRECTION('',(0.,0.,-1.));
#10630=DIRECTION('',(-0.995226405289247,-0.0975930438865611,0.));
#10631=DIRECTION('',(0.0975930438865611,-0.995226405289247,0.));
#10632=DIRECTION('',(0.,0.,-1.));
#10633=DIRECTION('',(-1.,0.,0.));
#10634=DIRECTION('',(0.,0.,1.));
#10635=DIRECTION('',(0.,0.,-1.));
#10636=DIRECTION('',(0.,0.,-1.));
#10637=DIRECTION('',(0.995226405289247,-0.0975930438865608,0.));
#10638=DIRECTION('',(0.0975930438865608,0.995226405289247,0.));
#10639=DIRECTION('',(0.,0.,-1.));
#10640=DIRECTION('',(0.,0.,-1.));
#10641=DIRECTION('',(-0.707106781186548,-0.707106781186548,0.));
#10642=DIRECTION('',(0.707106781186548,-0.707106781186548,0.));
#10643=DIRECTION('',(0.,0.,-1.));
#10644=DIRECTION('',(0.0975930438865611,-0.995226405289247,0.));
#10645=DIRECTION('',(0.995226405289247,0.0975930438865611,0.));
#10646=DIRECTION('',(0.,0.,-1.));
#10647=DIRECTION('',(0.,-1.,0.));
#10648=DIRECTION('',(0.,0.,-1.));
#10649=DIRECTION('',(0.,0.,-1.));
#10650=DIRECTION('',(0.,0.,-1.));
#10651=DIRECTION('',(0.0975930438865608,0.995226405289247,0.));
#10652=DIRECTION('',(-0.995226405289247,0.0975930438865608,0.));
#10653=DIRECTION('',(0.,0.,-1.));
#10654=DIRECTION('',(0.,0.,-1.));
#10655=DIRECTION('',(0.707106781186548,-0.707106781186548,0.));
#10656=DIRECTION('',(0.707106781186548,0.707106781186548,0.));
#10657=DIRECTION('',(0.,0.,-1.));
#10658=DIRECTION('',(0.995226405289247,0.0975930438865611,0.));
#10659=DIRECTION('',(-0.0975930438865611,0.995226405289247,0.));
#10660=DIRECTION('',(0.,0.,-1.));
#10661=DIRECTION('',(-1.,0.,0.));
#10662=DIRECTION('',(0.,0.,1.));
#10663=DIRECTION('',(0.,0.,-1.));
#10664=DIRECTION('',(0.,0.,-1.));
#10665=DIRECTION('',(0.,0.,-1.));
#10666=DIRECTION('',(-1.,0.,0.));
#10667=DIRECTION('',(0.,0.,-1.));
#10668=DIRECTION('',(-1.,0.,0.));
#10669=DIRECTION('',(0.,0.,-1.));
#10670=DIRECTION('',(-1.,0.,0.));
#10671=DIRECTION('',(0.,0.,-1.));
#10672=DIRECTION('',(-1.,0.,0.));
#10673=DIRECTION('',(0.,0.,-1.));
#10674=DIRECTION('',(-1.,0.,0.));
#10675=DIRECTION('',(0.,0.,-1.));
#10676=DIRECTION('',(-1.,0.,0.));
#10677=DIRECTION('',(0.,0.,-1.));
#10678=DIRECTION('',(-1.,0.,0.));
#10679=DIRECTION('',(-0.995226405289247,0.0975930438865608,0.));
#10680=DIRECTION('',(-0.0975930438865608,-0.995226405289247,0.));
#10681=DIRECTION('',(0.,0.,-1.));
#10682=DIRECTION('',(0.,0.,-1.));
#10683=DIRECTION('',(-1.,0.,0.));
#10684=DIRECTION('',(1.9539765562016E-16,-1.,0.));
#10685=DIRECTION('',(1.,1.9539765562016E-16,0.));
#10686=DIRECTION('',(0.,0.,1.));
#10687=DIRECTION('',(0.,0.,1.));
#10688=DIRECTION('',(-0.707106781186547,0.707106781186548,0.));
#10689=DIRECTION('',(-0.707106781186548,-0.707106781186547,0.));
#10690=DIRECTION('',(0.,0.,1.));
#10691=DIRECTION('',(-1.,-1.9539765562016E-16,0.));
#10692=DIRECTION('',(1.9539765562016E-16,-1.,0.));
#10693=DIRECTION('',(0.,0.,1.));
#10694=DIRECTION('',(-0.707106781186548,-0.707106781186547,0.));
#10695=DIRECTION('',(0.707106781186547,-0.707106781186548,0.));
#10696=DIRECTION('',(0.,0.,1.));
#10697=DIRECTION('',(1.9539765562016E-16,-1.,0.));
#10698=DIRECTION('',(1.,1.9539765562016E-16,0.));
#10699=DIRECTION('',(0.,0.,1.));
#10700=DIRECTION('',(-0.707106781186547,0.707106781186548,0.));
#10701=DIRECTION('',(-0.707106781186548,-0.707106781186547,0.));
#10702=DIRECTION('',(0.,0.,1.));
#10703=DIRECTION('',(-1.,-1.9539765562016E-16,0.));
#10704=DIRECTION('',(1.9539765562016E-16,-1.,0.));
#10705=DIRECTION('',(0.,0.,1.));
#10706=DIRECTION('',(-0.707106781186548,-0.707106781186548,0.));
#10707=DIRECTION('',(0.707106781186548,-0.707106781186548,0.));
#10708=DIRECTION('',(0.,0.,-1.));
#10709=DIRECTION('',(-1.,0.,0.));
#10710=DIRECTION('',(0.,0.,1.));
#10711=DIRECTION('',(1.,0.,0.));
#10712=DIRECTION('',(0.,0.,-1.));
#10713=DIRECTION('',(-1.,0.,0.));
#10714=DIRECTION('',(0.,0.,1.));
#10715=DIRECTION('',(1.,0.,0.));
#10716=DIRECTION('',(0.,0.,1.));
#10717=DIRECTION('',(1.,0.,0.));
#10718=DIRECTION('',(0.,0.,-1.));
#10719=DIRECTION('',(-1.,0.,0.));
#10720=DIRECTION('',(0.,0.,-1.));
#10721=DIRECTION('',(-1.,0.,0.));
#10722=DIRECTION('',(0.,0.,1.));
#10723=DIRECTION('',(1.,0.,0.));
#10724=DIRECTION('',(0.,0.,1.));
#10725=DIRECTION('',(1.,0.,0.));
#10726=DIRECTION('',(0.,0.,1.));
#10727=DIRECTION('',(0.,0.,1.));
#10728=DIRECTION('',(-1.,7.22801448323671E-16,0.));
#10729=DIRECTION('',(-7.22801448323671E-16,-1.,0.));
#10730=DIRECTION('',(0.,0.,1.));
#10731=DIRECTION('',(0.,0.,1.));
#10732=DIRECTION('',(1.,0.,0.));
#10733=DIRECTION('',(0.,0.,1.));
#10734=DIRECTION('',(8.26058798084194E-16,1.,0.));
#10735=DIRECTION('',(-1.,8.26058798084194E-16,0.));
#10736=DIRECTION('',(0.,0.,1.));
#10737=DIRECTION('',(0.,0.,1.));
#10738=DIRECTION('',(1.,0.,0.));
#10739=DIRECTION('',(0.,0.,1.));
#10740=DIRECTION('',(-1.,7.22801448323671E-16,0.));
#10741=DIRECTION('',(-7.22801448323671E-16,-1.,0.));
#10742=DIRECTION('',(0.,0.,1.));
#10743=DIRECTION('',(0.,0.,1.));
#10744=DIRECTION('',(1.,0.,0.));
#10745=DIRECTION('',(0.,0.,1.));
#10746=DIRECTION('',(1.82602471155453E-15,1.,0.));
#10747=DIRECTION('',(-1.,1.82602471155453E-15,0.));
#10748=DIRECTION('',(0.,0.,1.));
#10749=DIRECTION('',(0.,0.,1.));
#10750=DIRECTION('',(1.,0.,0.));
#10751=DIRECTION('',(0.,0.,1.));
#10752=DIRECTION('',(1.,-9.29316147844717E-16,0.));
#10753=DIRECTION('',(9.29316147844717E-16,1.,0.));
#10754=DIRECTION('',(0.,0.,1.));
#10755=DIRECTION('',(0.,0.,1.));
#10756=DIRECTION('',(1.,0.,0.));
#10757=DIRECTION('',(0.,0.,1.));
#10758=DIRECTION('',(7.88510670898548E-16,1.,0.));
#10759=DIRECTION('',(-1.,7.88510670898548E-16,0.));
#10760=DIRECTION('',(0.,0.,1.));
#10761=DIRECTION('',(0.,0.,1.));
#10762=DIRECTION('',(1.,0.,0.));
#10763=DIRECTION('',(0.,0.,1.));
#10764=DIRECTION('',(-1.,6.19544098563145E-16,0.));
#10765=DIRECTION('',(-6.19544098563145E-16,-1.,0.));
#10766=DIRECTION('',(0.,0.,1.));
#10767=DIRECTION('',(0.,0.,1.));
#10768=DIRECTION('',(1.,0.,0.));
#10769=DIRECTION('',(0.,0.,1.));
#10770=DIRECTION('',(5.17827903276659E-16,1.,0.));
#10771=DIRECTION('',(-1.,5.17827903276659E-16,0.));
#10772=DIRECTION('',(0.,0.,1.));
#10773=DIRECTION('',(0.,0.,1.));
#10774=DIRECTION('',(1.,0.,0.));
#10775=DIRECTION('',(0.,0.,1.));
#10776=DIRECTION('',(-1.,6.19544098563145E-16,0.));
#10777=DIRECTION('',(-6.19544098563145E-16,-1.,0.));
#10778=DIRECTION('',(0.,0.,1.));
#10779=DIRECTION('',(0.,0.,1.));
#10780=DIRECTION('',(1.,0.,0.));
#10781=DIRECTION('',(0.,0.,1.));
#10782=DIRECTION('',(7.88510670898548E-16,1.,0.));
#10783=DIRECTION('',(-1.,7.88510670898548E-16,0.));
#10784=DIRECTION('',(0.,0.,1.));
#10785=DIRECTION('',(0.,0.,1.));
#10786=DIRECTION('',(1.,0.,0.));
#10787=DIRECTION('',(0.,0.,1.));
#10788=DIRECTION('',(1.,-3.09772049281573E-16,0.));
#10789=DIRECTION('',(3.09772049281573E-16,1.,0.));
#10790=DIRECTION('',(0.,0.,1.));
#10791=DIRECTION('',(0.,0.,1.));
#10792=DIRECTION('',(1.,0.,0.));
#10793=DIRECTION('',(0.,0.,1.));
#10794=DIRECTION('',(1.82602471155453E-15,1.,0.));
#10795=DIRECTION('',(-1.,1.82602471155453E-15,0.));
#10796=DIRECTION('',(0.,0.,1.));
#10797=DIRECTION('',(1.,0.,0.));
#10798=DIRECTION('',(0.,0.,1.));
#10799=DIRECTION('',(0.,0.,1.));
#10800=DIRECTION('',(0.,1.,0.));
#10801=DIRECTION('',(0.,0.,1.));
#10802=DIRECTION('',(0.,0.,1.));
#10803=DIRECTION('',(0.,0.,1.));
#10804=DIRECTION('',(1.,0.,0.));
#10805=DIRECTION('',(0.,0.,1.));
#10806=DIRECTION('',(-1.,3.09772049281573E-16,0.));
#10807=DIRECTION('',(-3.09772049281573E-16,-1.,0.));
#10808=DIRECTION('',(0.,0.,1.));
#10809=DIRECTION('',(0.,0.,1.));
#10810=DIRECTION('',(1.,0.,0.));
#10811=DIRECTION('',(0.,0.,1.));
#10812=DIRECTION('',(0.,1.,0.));
#10813=DIRECTION('',(0.,0.,1.));
#10814=DIRECTION('',(0.,0.,1.));
#10815=DIRECTION('',(0.,0.,1.));
#10816=DIRECTION('',(1.,0.,0.));
#10817=DIRECTION('',(0.,0.,1.));
#10818=DIRECTION('',(1.,2.06514699521048E-16,0.));
#10819=DIRECTION('',(-2.06514699521048E-16,1.,0.));
#10820=DIRECTION('',(0.,0.,1.));
#10821=DIRECTION('',(0.,0.,1.));
#10822=DIRECTION('',(1.,0.,0.));
#10823=DIRECTION('',(0.,0.,1.));
#10824=DIRECTION('',(0.,1.,0.));
#10825=DIRECTION('',(0.,0.,1.));
#10826=DIRECTION('',(0.,0.,1.));
#10827=DIRECTION('',(0.,0.,1.));
#10828=DIRECTION('',(1.,0.,0.));
#10829=DIRECTION('',(0.,0.,1.));
#10830=DIRECTION('',(1.,2.06514699521048E-16,0.));
#10831=DIRECTION('',(-2.06514699521048E-16,1.,0.));
#10832=DIRECTION('',(0.,0.,1.));
#10833=DIRECTION('',(0.,0.,1.));
#10834=DIRECTION('',(1.,0.,0.));
#10835=DIRECTION('',(0.,0.,1.));
#10836=DIRECTION('',(0.,1.,0.));
#10837=DIRECTION('',(0.,0.,1.));
#10838=DIRECTION('',(0.,0.,1.));
#10839=DIRECTION('',(0.,0.,1.));
#10840=DIRECTION('',(1.,0.,0.));
#10841=DIRECTION('',(0.,0.,1.));
#10842=DIRECTION('',(-1.,-3.09772049281573E-16,0.));
#10843=DIRECTION('',(3.09772049281573E-16,-1.,0.));
#10844=DIRECTION('',(0.,0.,1.));
#10845=DIRECTION('',(0.,0.,1.));
#10846=DIRECTION('',(1.,0.,0.));
#10847=DIRECTION('',(0.,0.,1.));
#10848=DIRECTION('',(0.,1.,0.));
#10849=DIRECTION('',(0.,0.,1.));
#10850=DIRECTION('',(0.,0.,1.));
#10851=DIRECTION('',(0.,0.,1.));
#10852=DIRECTION('',(1.,0.,0.));
#10853=DIRECTION('',(0.,0.,1.));
#10854=DIRECTION('',(1.,0.,0.));
#10855=DIRECTION('',(0.,0.,-1.));
#10856=DIRECTION('',(0.,0.,1.));
#10857=DIRECTION('',(0.,0.,1.));
#10858=DIRECTION('',(1.,0.,0.));
#10859=DIRECTION('',(0.,0.,1.));
#10860=DIRECTION('',(0.,1.,0.));
#10861=DIRECTION('',(0.,0.,1.));
#10862=DIRECTION('',(0.,0.,1.));
#10863=DIRECTION('',(0.,0.,1.));
#10864=DIRECTION('',(1.,0.,0.));
#10865=DIRECTION('',(0.,0.,1.));
#10866=DIRECTION('',(1.,0.,0.));
#10867=DIRECTION('',(0.,0.,-1.));
#10868=DIRECTION('',(-9.91270557701033E-17,1.,0.));
#10869=DIRECTION('',(-1.,-9.91270557701033E-17,0.));
#10870=DIRECTION('',(0.,0.,1.));
#10871=DIRECTION('',(0.,0.,1.));
#10872=DIRECTION('',(1.,0.,0.));
#10873=DIRECTION('',(0.,0.,-1.));
#10874=DIRECTION('',(0.,0.,1.));
#10875=DIRECTION('',(-9.91270557701033E-17,1.,0.));
#10876=DIRECTION('',(-1.,-9.91270557701033E-17,0.));
#10877=DIRECTION('',(0.,0.,1.));
#10878=DIRECTION('',(1.,0.,0.));
#10879=DIRECTION('',(0.,0.,-1.));
#10880=DIRECTION('',(2.45310551819816E-15,1.51953633873492E-15,-1.));
#10881=DIRECTION('',(-1.,6.43929354282577E-15,-2.45310551819815E-15));
#10882=DIRECTION('',(4.70542404877482E-16,-2.82841633151083E-16,-1.));
#10883=DIRECTION('',(-0.707106781186549,0.707106781186546,-5.32722962127702E-16));
#10884=DIRECTION('',(-1.24334627353613E-16,-2.33750405451165E-16,-1.));
#10885=DIRECTION('',(-1.,1.83186799063151E-15,1.24334627353612E-16));
#10886=DIRECTION('',(1.,0.,0.));
#10887=DIRECTION('',(0.,0.,-1.));
#10888=DIRECTION('',(-1.,0.,0.));
#10889=DIRECTION('',(-1.,0.,0.));
#10890=DIRECTION('',(-1.,0.,0.));
#10891=DIRECTION('',(0.,0.,1.));
#10892=DIRECTION('',(-1.,0.,0.));
#10893=DIRECTION('',(0.,0.,1.));
#10894=DIRECTION('',(0.,1.,-1.98004204373434E-16));
#10895=DIRECTION('',(-1.,0.,0.));
#10896=DIRECTION('',(0.,0.,1.));
#10897=DIRECTION('',(0.,-0.662034670407334,0.749473211781884));
#10898=DIRECTION('',(-1.,0.,0.));
#10899=DIRECTION('',(0.,0.,1.));
#10900=DIRECTION('',(0.,-0.662034670407334,-0.749473211781884));
#10901=DIRECTION('',(-1.,0.,0.));
#10902=DIRECTION('',(0.,0.,1.));
#10903=DIRECTION('',(0.,0.662034670407334,-0.749473211781884));
#10904=DIRECTION('',(-1.,0.,0.));
#10905=DIRECTION('',(0.,0.,1.));
#10906=DIRECTION('',(0.,0.662034670407334,0.749473211781884));
#10907=DIRECTION('',(-1.,0.,0.));
#10908=DIRECTION('',(0.,0.,1.));
#10909=DIRECTION('',(0.,-1.,0.));
#10910=DIRECTION('',(-1.,0.,0.));
#10911=DIRECTION('',(0.,0.,1.));
#10912=DIRECTION('',(0.,0.662034670407334,-0.749473211781884));
#10913=DIRECTION('',(-1.,0.,0.));
#10914=DIRECTION('',(0.,0.,1.));
#10915=DIRECTION('',(0.,0.662034670407334,0.749473211781884));
#10916=DIRECTION('',(-1.,0.,0.));
#10917=DIRECTION('',(0.,0.,1.));
#10918=DIRECTION('',(0.,-1.,0.));
#10919=DIRECTION('',(-1.,0.,0.));
#10920=DIRECTION('',(0.,0.,1.));
#10921=DIRECTION('',(0.,0.662034670407334,0.749473211781884));
#10922=DIRECTION('',(-1.,0.,0.));
#10923=DIRECTION('',(0.,0.,1.));
#10924=DIRECTION('',(0.,-1.,0.));
#10925=DIRECTION('',(-1.,0.,0.));
#10926=DIRECTION('',(0.,0.,1.));
#10927=DIRECTION('',(0.,0.662034670407334,-0.749473211781884));
#10928=DIRECTION('',(-1.,0.,0.));
#10929=DIRECTION('',(0.,0.,1.));
#10930=DIRECTION('',(0.,0.662034670407334,0.749473211781884));
#10931=DIRECTION('',(-1.,0.,0.));
#10932=DIRECTION('',(0.,0.,1.));
#10933=DIRECTION('',(0.,-1.,0.));
#10934=DIRECTION('',(-1.,0.,0.));
#10935=DIRECTION('',(0.,0.,1.));
#10936=DIRECTION('',(0.,0.662034670407334,-0.749473211781884));
#10937=DIRECTION('',(-1.,0.,0.));
#10938=DIRECTION('',(0.,0.,1.));
#10939=DIRECTION('',(0.,-0.662034670407334,0.749473211781884));
#10940=DIRECTION('',(-1.,0.,0.));
#10941=DIRECTION('',(0.,0.,1.));
#10942=DIRECTION('',(0.,-0.662034670407334,-0.749473211781884));
#10943=DIRECTION('',(-1.,0.,0.));
#10944=DIRECTION('',(0.,0.,1.));
#10945=DIRECTION('',(0.,1.,-1.96383789733222E-16));
#10946=DIRECTION('',(-1.,0.,0.));
#10947=DIRECTION('',(0.,0.,1.));
#10948=DIRECTION('',(0.,1.,-1.98004204373435E-16));
#10949=DIRECTION('',(-1.,0.,0.));
#10950=DIRECTION('',(0.,0.,1.));
#10951=DIRECTION('',(0.,-0.662034670407334,0.749473211781884));
#10952=DIRECTION('',(-1.,0.,0.));
#10953=DIRECTION('',(0.,0.,1.));
#10954=DIRECTION('',(0.,-0.662034670407334,-0.749473211781884));
#10955=DIRECTION('',(-1.,0.,0.));
#10956=DIRECTION('',(0.,0.,1.));
#10957=DIRECTION('',(0.,1.,-1.98004204373435E-16));
#10958=DIRECTION('',(-1.,0.,0.));
#10959=DIRECTION('',(0.,0.,1.));
#10960=DIRECTION('',(0.,-0.662034670407334,0.749473211781884));
#10961=DIRECTION('',(-1.,0.,0.));
#10962=DIRECTION('',(0.,0.,1.));
#10963=DIRECTION('',(0.,-0.662034670407334,-0.749473211781884));
#10964=DIRECTION('',(-1.,0.,0.));
#10965=DIRECTION('',(0.,0.,1.));
#10966=DIRECTION('',(0.,1.,0.));
#10967=DIRECTION('',(-1.,0.,0.));
#10968=DIRECTION('',(0.,0.,1.));
#10969=DIRECTION('',(0.,-0.662034670407334,0.749473211781884));
#10970=DIRECTION('',(0.,0.,-1.));
#10971=DIRECTION('',(-1.,0.,0.));
#10972=DIRECTION('',(0.,0.,1.));
#10973=DIRECTION('',(0.,1.,0.));
#10974=DIRECTION('',(-1.,0.,0.));
#10975=DIRECTION('',(0.,0.,1.));
#10976=DIRECTION('',(0.,0.662034670407334,-0.749473211781884));
#10977=DIRECTION('',(-1.,0.,0.));
#10978=DIRECTION('',(0.,0.,1.));
#10979=DIRECTION('',(0.,1.,0.));
#10980=DIRECTION('',(0.,0.,-1.));
#10981=DIRECTION('',(0.,1.,0.));
#10982=DIRECTION('',(0.,0.,-1.));
#10983=DIRECTION('',(0.,1.,0.));
#10984=DIRECTION('',(-1.,0.,0.));
#10985=DIRECTION('',(0.,0.,1.));
#10986=DIRECTION('',(0.,-2.89120579329468E-16,-1.));
#10987=DIRECTION('',(-1.,0.,0.));
#10988=DIRECTION('',(0.,0.,1.));
#10989=DIRECTION('',(0.,1.,0.));
#10990=DIRECTION('',(0.,0.,-1.));
#10991=DIRECTION('',(0.,1.,0.));
#10992=DIRECTION('',(0.,-0.707106781186548,0.707106781186548));
#10993=DIRECTION('',(0.,0.,1.));
#10994=DIRECTION('',(1.,0.,0.));
#10995=DIRECTION('',(0.,1.,0.));
#10996=DIRECTION('',(-1.,0.,0.));
#10997=DIRECTION('',(-1.,0.,0.));
#10998=DIRECTION('',(-0.644400477571772,0.764688187763661,0.));
#10999=DIRECTION('',(-1.,0.,0.));
#11000=DIRECTION('',(-0.707106781186548,0.707106781186547,0.));
#11001=DIRECTION('',(0.,0.,1.));
#11002=DIRECTION('',(1.,0.,0.));
#11003=DIRECTION('',(-1.,0.,0.));
#11004=DIRECTION('',(0.,0.,1.));
#11005=DIRECTION('',(0.,0.662034670407334,-0.749473211781884));
#11006=DIRECTION('',(-1.,0.,0.));
#11007=DIRECTION('',(0.,0.,1.));
#11008=DIRECTION('',(0.,-1.,1.98004204373434E-16));
#11009=DIRECTION('',(-1.,0.,0.));
#11010=DIRECTION('',(0.,0.,1.));
#11011=DIRECTION('',(0.,0.662034670407334,0.749473211781884));
#11012=DIRECTION('',(0.,-0.662034670407334,-0.749473211781884));
#11013=DIRECTION('',(-1.,0.,0.));
#11014=DIRECTION('',(0.,0.,1.));
#11015=DIRECTION('',(0.,-0.662034670407334,0.749473211781884));
#11016=DIRECTION('',(-1.,0.,0.));
#11017=DIRECTION('',(0.,0.,1.));
#11018=DIRECTION('',(0.,1.,0.));
#11019=DIRECTION('',(-1.,0.,0.));
#11020=DIRECTION('',(0.,0.,1.));
#11021=DIRECTION('',(0.,-0.662034670407334,-0.749473211781884));
#11022=DIRECTION('',(-1.,0.,0.));
#11023=DIRECTION('',(0.,0.,1.));
#11024=DIRECTION('',(0.,-0.662034670407334,0.749473211781884));
#11025=DIRECTION('',(-1.,0.,0.));
#11026=DIRECTION('',(0.,0.,1.));
#11027=DIRECTION('',(0.,1.,0.));
#11028=DIRECTION('',(-1.,0.,0.));
#11029=DIRECTION('',(0.,0.,1.));
#11030=DIRECTION('',(0.,0.662034670407334,-0.749473211781884));
#11031=DIRECTION('',(-1.,0.,0.));
#11032=DIRECTION('',(0.,0.,1.));
#11033=DIRECTION('',(0.,-1.,1.98004204373435E-16));
#11034=DIRECTION('',(-1.,0.,0.));
#11035=DIRECTION('',(0.,0.,1.));
#11036=DIRECTION('',(0.,0.662034670407334,0.749473211781884));
#11037=DIRECTION('',(-1.,0.,0.));
#11038=DIRECTION('',(0.,0.,1.));
#11039=DIRECTION('',(0.,0.662034670407334,-0.749473211781884));
#11040=DIRECTION('',(-1.,0.,0.));
#11041=DIRECTION('',(0.,0.,1.));
#11042=DIRECTION('',(0.,-1.,1.98004204373435E-16));
#11043=DIRECTION('',(-1.,0.,0.));
#11044=DIRECTION('',(0.,0.,1.));
#11045=DIRECTION('',(0.,0.662034670407334,0.749473211781884));
#11046=DIRECTION('',(-1.,0.,0.));
#11047=DIRECTION('',(0.,0.,1.));
#11048=DIRECTION('',(0.,0.662034670407334,-0.749473211781884));
#11049=DIRECTION('',(-1.,0.,0.));
#11050=DIRECTION('',(0.,0.,1.));
#11051=DIRECTION('',(0.,0.,-1.));
#11052=DIRECTION('',(0.,1.,0.));
#11053=DIRECTION('',(-1.,0.,0.));
#11054=DIRECTION('',(0.,0.,1.));
#11055=DIRECTION('',(0.,-0.662034670407334,-0.749473211781884));
#11056=DIRECTION('',(-1.,0.,0.));
#11057=DIRECTION('',(0.,0.,1.));
#11058=DIRECTION('',(0.,-0.662034670407334,0.749473211781884));
#11059=DIRECTION('',(-1.,0.,0.));
#11060=DIRECTION('',(0.,0.,1.));
#11061=DIRECTION('',(0.,1.,0.));
#11062=DIRECTION('',(0.,-0.662034670407334,0.749473211781884));
#11063=DIRECTION('',(-1.,0.,0.));
#11064=DIRECTION('',(0.,0.,1.));
#11065=DIRECTION('',(0.,1.,0.));
#11066=DIRECTION('',(-1.,0.,0.));
#11067=DIRECTION('',(0.,0.,1.));
#11068=DIRECTION('',(0.,-0.662034670407334,-0.749473211781884));
#11069=DIRECTION('',(-1.,0.,0.));
#11070=DIRECTION('',(0.,0.,1.));
#11071=DIRECTION('',(0.,-0.662034670407334,0.749473211781884));
#11072=DIRECTION('',(-1.,0.,0.));
#11073=DIRECTION('',(0.,0.,1.));
#11074=DIRECTION('',(0.,1.,0.));
#11075=DIRECTION('',(0.,0.,-1.));
#11076=DIRECTION('',(0.,1.,0.));
#11077=DIRECTION('',(0.,0.,-1.));
#11078=DIRECTION('',(-1.,0.,0.));
#11079=DIRECTION('',(0.,0.,1.));
#11080=DIRECTION('',(0.,1.,0.));
#11081=DIRECTION('',(-1.,0.,0.));
#11082=DIRECTION('',(0.,0.,1.));
#11083=DIRECTION('',(0.,-0.662034670407334,-0.749473211781884));
#11084=DIRECTION('',(-1.,0.,0.));
#11085=DIRECTION('',(0.,0.,1.));
#11086=DIRECTION('',(0.,-0.662034670407334,0.749473211781884));
#11087=DIRECTION('',(0.,0.,-1.));
#11088=DIRECTION('',(0.707106781186548,-0.707106781186547,0.));
#11089=DIRECTION('',(0.707106781186547,0.707106781186548,0.));
#11090=DIRECTION('',(-0.707106781186547,-0.707106781186548,0.));
#11091=DIRECTION('',(0.,0.,-1.));
#11092=DIRECTION('',(-0.707106781186547,-0.707106781186548,0.));
#11093=DIRECTION('',(0.707106781186548,-0.707106781186547,0.));
#11094=DIRECTION('',(0.707106781186547,0.707106781186548,0.));
#11095=DIRECTION('',(-0.552023438206135,-0.552023438206135,0.624932194195622));
#11096=DIRECTION('',(0.552023438206135,0.552023438206135,-0.624932194195622));
#11097=DIRECTION('',(0.707106781186548,-0.707106781186547,0.));
#11098=DIRECTION('',(0.707106781186547,0.707106781186548,0.));
#11099=DIRECTION('',(0.707106781186547,0.707106781186548,0.));
#11100=DIRECTION('',(-0.707106781186548,0.707106781186547,0.));
#11101=DIRECTION('',(0.707106781186548,-0.707106781186547,0.));
#11102=DIRECTION('',(0.,0.,-1.));
#11103=DIRECTION('',(0.707106781186548,-0.707106781186547,0.));
#11104=DIRECTION('',(0.,0.,-1.));
#11105=DIRECTION('',(0.,0.,-1.));
#11106=DIRECTION('',(-1.,0.,0.));
#11107=DIRECTION('',(0.,0.,1.));
#11108=DIRECTION('',(1.,0.,0.));
#11109=DIRECTION('',(0.,0.,1.));
#11110=DIRECTION('',(1.,0.,0.));
#11111=DIRECTION('',(0.,0.,-1.));
#11112=DIRECTION('',(-1.,0.,0.));
#11113=DIRECTION('',(0.,0.,1.));
#11114=DIRECTION('',(1.,0.,0.));
#11115=DIRECTION('',(0.,0.,1.));
#11116=DIRECTION('',(1.,0.,0.));
#11117=DIRECTION('',(0.,0.,-1.));
#11118=DIRECTION('',(-1.,0.,0.));
#11119=DIRECTION('',(0.,0.,1.));
#11120=DIRECTION('',(1.,0.,0.));
#11121=DIRECTION('',(0.,0.,1.));
#11122=DIRECTION('',(1.,0.,0.));
#11123=DIRECTION('',(-0.707106781186548,0.707106781186548,0.));
#11124=DIRECTION('',(-0.707106781186548,-0.707106781186548,0.));
#11125=DIRECTION('',(0.707106781186548,0.707106781186548,0.));
#11126=DIRECTION('',(0.,0.,-1.));
#11127=DIRECTION('',(0.707106781186548,0.707106781186548,0.));
#11128=DIRECTION('',(0.,0.,-1.));
#11129=DIRECTION('',(-1.,0.,0.));
#11130=DIRECTION('',(0.,0.,1.));
#11131=DIRECTION('',(1.,0.,0.));
#11132=DIRECTION('',(0.,0.,1.));
#11133=DIRECTION('',(1.,0.,0.));
#11134=DIRECTION('',(0.,-1.,0.));
#11135=DIRECTION('',(0.,0.,-1.));
#11136=DIRECTION('',(0.,0.,-1.));
#11137=DIRECTION('',(-1.,0.,0.));
#11138=DIRECTION('',(0.644400477571771,0.,-0.764688187763662));
#11139=DIRECTION('',(-1.,0.,0.));
#11140=DIRECTION('',(0.,1.,0.));
#11141=DIRECTION('',(0.,0.,1.));
#11142=DIRECTION('',(-1.,0.,0.));
#11143=DIRECTION('',(0.,0.,-1.));
#11144=DIRECTION('',(1.,0.,0.));
#11145=DIRECTION('',(0.,0.,-1.));
#11146=DIRECTION('',(-1.,0.,0.));
#11147=DIRECTION('',(0.,0.,1.));
#11148=DIRECTION('',(1.,0.,0.));
#11149=DIRECTION('',(0.,0.,-1.));
#11150=DIRECTION('',(0.,0.,1.));
#11151=DIRECTION('',(1.,0.,0.));
#11152=DIRECTION('',(0.,0.,-1.));
#11153=DIRECTION('',(-0.707106781186547,-0.707106781186548,0.));
#11154=DIRECTION('',(0.707106781186548,-0.707106781186547,0.));
#11155=DIRECTION('',(0.,0.,-1.));
#11156=DIRECTION('',(0.707106781186548,-0.707106781186547,0.));
#11157=DIRECTION('',(-0.707106781186547,-0.707106781186548,0.));
#11158=DIRECTION('',(-0.707106781186548,0.707106781186547,0.));
#11159=DIRECTION('',(0.,0.,-1.));
#11160=DIRECTION('',(-0.707106781186548,0.707106781186547,0.));
#11161=DIRECTION('',(0.,0.,-1.));
#11162=DIRECTION('',(-1.,0.,0.));
#11163=DIRECTION('',(0.,0.,-1.));
#11164=DIRECTION('',(-1.,0.,0.));
#11165=DIRECTION('',(0.,0.,1.));
#11166=DIRECTION('',(1.,0.,0.));
#11167=DIRECTION('',(0.,-0.749473211781884,0.662034670407334));
#11168=DIRECTION('',(0.,-0.662034670407334,-0.749473211781884));
#11169=DIRECTION('',(-1.,0.,0.));
#11170=DIRECTION('',(-1.,0.,0.));
#11171=DIRECTION('',(0.,-0.749473211781884,-0.662034670407334));
#11172=DIRECTION('',(0.,0.662034670407334,-0.749473211781884));
#11173=DIRECTION('',(-1.,0.,0.));
#11174=DIRECTION('',(-1.,0.,0.));
#11175=DIRECTION('',(0.,0.749473211781884,-0.662034670407334));
#11176=DIRECTION('',(0.,0.662034670407334,0.749473211781884));
#11177=DIRECTION('',(-1.,0.,0.));
#11178=DIRECTION('',(-1.,0.,0.));
#11179=DIRECTION('',(0.,-0.749473211781884,-0.662034670407334));
#11180=DIRECTION('',(0.,0.662034670407334,-0.749473211781884));
#11181=DIRECTION('',(-1.,0.,0.));
#11182=DIRECTION('',(-1.,0.,0.));
#11183=DIRECTION('',(-0.707106781186547,-0.707106781186548,0.));
#11184=DIRECTION('',(0.707106781186548,-0.707106781186547,0.));
#11185=DIRECTION('',(0.,0.,-1.));
#11186=DIRECTION('',(0.707106781186548,-0.707106781186547,1.38864309435475E-16));
#11187=DIRECTION('',(0.,0.,-1.));
#11188=DIRECTION('',(-0.707106781186547,-0.707106781186548,0.));
#11189=DIRECTION('',(-0.707106781186548,0.707106781186547,0.));
#11190=DIRECTION('',(0.,0.,-1.));
#11191=DIRECTION('',(-1.,0.,0.));
#11192=DIRECTION('',(0.,1.96383789733222E-16,1.));
#11193=DIRECTION('',(0.,-1.,1.96383789733222E-16));
#11194=DIRECTION('',(0.,1.,0.));
#11195=DIRECTION('',(0.,0.,1.));
#11196=DIRECTION('',(-1.,0.,0.));
#11197=DIRECTION('',(1.,0.,0.));
#11198=DIRECTION('',(0.,0.,-1.));
#11199=DIRECTION('',(-1.,0.,0.));
#11200=DIRECTION('',(0.,0.,1.));
#11201=DIRECTION('',(1.,0.,0.));
#11202=DIRECTION('',(0.,0.,-1.));
#11203=DIRECTION('',(0.,0.,1.));
#11204=DIRECTION('',(1.,0.,0.));
#11205=DIRECTION('',(-1.,0.,0.));
#11206=DIRECTION('',(0.,0.,1.));
#11207=DIRECTION('',(-1.,0.,0.));
#11208=DIRECTION('',(0.,0.,1.));
#11209=DIRECTION('',(0.,-2.89120579329468E-16,-1.));
#11210=DIRECTION('',(-1.,0.,0.));
#11211=DIRECTION('',(0.,0.,1.));
#11212=DIRECTION('',(0.,1.,0.));
#11213=DIRECTION('',(0.,0.,1.));
#11214=DIRECTION('',(0.,1.,0.));
#11215=DIRECTION('',(0.,0.,-1.));
#11216=DIRECTION('',(-1.,0.,0.));
#11217=DIRECTION('',(0.,0.,-1.));
#11218=DIRECTION('',(0.,0.,-1.));
#11219=DIRECTION('',(0.,0.,1.));
#11220=DIRECTION('',(1.,0.,0.));
#11221=DIRECTION('',(0.,0.,1.));
#11222=DIRECTION('',(1.,0.,0.));
#11223=DIRECTION('',(0.,0.,-1.));
#11224=DIRECTION('',(-1.,0.,0.));
#11225=DIRECTION('',(0.,0.,-1.));
#11226=DIRECTION('',(0.,0.,-1.));
#11227=DIRECTION('',(0.,0.,1.));
#11228=DIRECTION('',(1.,0.,0.));
#11229=DIRECTION('',(0.,0.,1.));
#11230=DIRECTION('',(1.,0.,0.));
#11231=DIRECTION('',(0.,0.,1.));
#11232=DIRECTION('',(1.,0.,0.));
#11233=DIRECTION('',(0.,0.,-1.));
#11234=DIRECTION('',(-1.,0.,0.));
#11235=DIRECTION('',(0.,0.,1.));
#11236=DIRECTION('',(1.,0.,0.));
#11237=DIRECTION('',(0.,0.,1.));
#11238=DIRECTION('',(1.,0.,0.));
#11239=DIRECTION('',(0.,0.,1.));
#11240=DIRECTION('',(1.,0.,0.));
#11241=DIRECTION('',(0.,0.,1.));
#11242=DIRECTION('',(1.,0.,0.));
#11243=DIRECTION('',(0.,-0.749473211781884,0.662034670407334));
#11244=DIRECTION('',(0.,-0.662034670407334,-0.749473211781884));
#11245=DIRECTION('',(-1.,0.,0.));
#11246=DIRECTION('',(-1.,0.,0.));
#11247=DIRECTION('',(0.,0.749473211781884,0.662034670407334));
#11248=DIRECTION('',(0.,-0.662034670407334,0.749473211781884));
#11249=DIRECTION('',(-1.,0.,0.));
#11250=DIRECTION('',(-1.,0.,0.));
#11251=DIRECTION('',(0.,0.,-1.));
#11252=DIRECTION('',(-1.,0.,0.));
#11253=DIRECTION('',(-1.,0.,0.));
#11254=DIRECTION('',(-1.,0.,0.));
#11255=DIRECTION('',(0.,1.98004204373435E-16,1.));
#11256=DIRECTION('',(0.,-1.,1.98004204373435E-16));
#11257=DIRECTION('',(-1.,0.,0.));
#11258=DIRECTION('',(-1.,0.,0.));
#11259=DIRECTION('',(0.,-0.749473211781884,-0.662034670407334));
#11260=DIRECTION('',(0.,0.662034670407334,-0.749473211781884));
#11261=DIRECTION('',(-1.,0.,0.));
#11262=DIRECTION('',(-1.,0.,0.));
#11263=DIRECTION('',(0.,0.749473211781884,-0.662034670407334));
#11264=DIRECTION('',(0.,0.662034670407334,0.749473211781884));
#11265=DIRECTION('',(-1.,0.,0.));
#11266=DIRECTION('',(-1.,0.,0.));
#11267=DIRECTION('',(0.,1.98004204373435E-16,1.));
#11268=DIRECTION('',(0.,-1.,1.98004204373435E-16));
#11269=DIRECTION('',(-1.,0.,0.));
#11270=DIRECTION('',(-1.,0.,0.));
#11271=DIRECTION('',(0.,-0.749473211781884,-0.662034670407334));
#11272=DIRECTION('',(0.,0.662034670407334,-0.749473211781884));
#11273=DIRECTION('',(-1.,0.,0.));
#11274=DIRECTION('',(-1.,0.,0.));
#11275=DIRECTION('',(0.,0.749473211781884,-0.662034670407334));
#11276=DIRECTION('',(0.,0.662034670407334,0.749473211781884));
#11277=DIRECTION('',(-1.,0.,0.));
#11278=DIRECTION('',(-1.,0.,0.));
#11279=DIRECTION('',(0.,0.,-1.));
#11280=DIRECTION('',(-1.,0.,0.));
#11281=DIRECTION('',(-1.,0.,0.));
#11282=DIRECTION('',(-1.,0.,0.));
#11283=DIRECTION('',(-1.,0.,0.));
#11284=DIRECTION('',(-1.,0.,0.));
#11285=DIRECTION('',(0.,0.749473211781884,0.662034670407334));
#11286=DIRECTION('',(0.,-0.662034670407334,0.749473211781884));
#11287=DIRECTION('',(-1.,0.,0.));
#11288=DIRECTION('',(-1.,0.,0.));
#11289=DIRECTION('',(0.,0.749473211781884,0.662034670407334));
#11290=DIRECTION('',(0.,-0.662034670407334,0.749473211781884));
#11291=DIRECTION('',(-1.,0.,0.));
#11292=DIRECTION('',(-1.,0.,0.));
#11293=DIRECTION('',(0.,-0.749473211781884,0.662034670407334));
#11294=DIRECTION('',(0.,-0.662034670407334,-0.749473211781884));
#11295=DIRECTION('',(-1.,0.,0.));
#11296=DIRECTION('',(-1.,0.,0.));
#11297=DIRECTION('',(0.,0.,-1.));
#11298=DIRECTION('',(-1.,0.,0.));
#11299=DIRECTION('',(-1.,0.,0.));
#11300=DIRECTION('',(-1.,0.,0.));
#11301=DIRECTION('',(0.,0.749473211781884,0.662034670407334));
#11302=DIRECTION('',(0.,-0.662034670407334,0.749473211781884));
#11303=DIRECTION('',(-1.,0.,0.));
#11304=DIRECTION('',(-1.,0.,0.));
#11305=DIRECTION('',(0.,-0.749473211781884,0.662034670407334));
#11306=DIRECTION('',(0.,-0.662034670407334,-0.749473211781884));
#11307=DIRECTION('',(-1.,0.,0.));
#11308=DIRECTION('',(-1.,0.,0.));
#11309=DIRECTION('',(0.,0.,-1.));
#11310=DIRECTION('',(-1.,0.,0.));
#11311=DIRECTION('',(-1.,0.,0.));
#11312=DIRECTION('',(-1.,0.,0.));
#11313=DIRECTION('',(0.,1.98004204373434E-16,1.));
#11314=DIRECTION('',(0.,-1.,1.98004204373434E-16));
#11315=DIRECTION('',(-1.,0.,0.));
#11316=DIRECTION('',(-1.,0.,0.));
#11317=DIRECTION('',(0.,-0.749473211781884,-0.662034670407334));
#11318=DIRECTION('',(0.,0.662034670407334,-0.749473211781884));
#11319=DIRECTION('',(0.,-0.749473211781884,-0.662034670407334));
#11320=DIRECTION('',(0.,0.662034670407334,-0.749473211781884));
#11321=DIRECTION('',(-1.,0.,0.));
#11322=DIRECTION('',(-1.,0.,0.));
#11323=DIRECTION('',(0.,0.749473211781884,-0.662034670407334));
#11324=DIRECTION('',(0.,0.662034670407334,0.749473211781884));
#11325=DIRECTION('',(-1.,0.,0.));
#11326=DIRECTION('',(0.,0.749473211781884,-0.662034670407334));
#11327=DIRECTION('',(0.,-0.662034670407334,-0.749473211781884));
#11328=DIRECTION('',(-1.,0.,0.));
#11329=DIRECTION('',(0.,1.96383789733222E-16,1.));
#11330=DIRECTION('',(0.,-1.,1.96383789733222E-16));
#11331=DIRECTION('',(-1.,0.,0.));
#11332=DIRECTION('',(-1.,0.,0.));
#11333=DIRECTION('',(-1.,0.,0.));
#11334=DIRECTION('',(0.,1.,0.));
#11335=DIRECTION('',(0.,0.,1.));
#11336=DIRECTION('',(-1.,0.,0.));
#11337=DIRECTION('',(1.,0.,0.));
#11338=DIRECTION('',(0.,0.,-1.));
#11339=DIRECTION('',(1.,0.,0.));
#11340=DIRECTION('',(0.,0.,-1.));
#11341=DIRECTION('',(1.,0.,0.));
#11342=DIRECTION('',(0.,0.,-1.));
#11343=DIRECTION('',(1.,0.,0.));
#11344=DIRECTION('',(0.,0.,-1.));
#11345=DIRECTION('',(1.,0.,0.));
#11346=DIRECTION('',(0.,0.,-1.));
#11347=DIRECTION('',(1.,0.,0.));
#11348=DIRECTION('',(0.,0.,-1.));
#11349=DIRECTION('',(1.,0.,0.));
#11350=DIRECTION('',(0.,0.,-1.));
#11351=DIRECTION('',(1.,0.,0.));
#11352=DIRECTION('',(0.,0.,-1.));
#11353=DIRECTION('',(1.,0.,0.));
#11354=DIRECTION('',(0.,0.,-1.));
#11355=DIRECTION('',(1.,0.,0.));
#11356=DIRECTION('',(0.,0.,-1.));
#11357=DIRECTION('',(1.,0.,0.));
#11358=DIRECTION('',(0.,0.,-1.));
#11359=DIRECTION('',(1.,0.,0.));
#11360=DIRECTION('',(0.,0.,-1.));
#11361=DIRECTION('',(1.,0.,0.));
#11362=DIRECTION('',(0.,0.,-1.));
#11363=DIRECTION('',(1.,0.,0.));
#11364=DIRECTION('',(0.,0.,-1.));
#11365=DIRECTION('',(1.,0.,0.));
#11366=DIRECTION('',(0.,0.,-1.));
#11367=DIRECTION('',(1.,0.,0.));
#11368=DIRECTION('',(0.,0.,-1.));
#11369=DIRECTION('',(1.,0.,0.));
#11370=DIRECTION('',(0.,0.,-1.));
#11371=DIRECTION('',(1.,0.,0.));
#11372=DIRECTION('',(0.,0.,-1.));
#11373=DIRECTION('',(1.,0.,0.));
#11374=DIRECTION('',(0.,0.,-1.));
#11375=DIRECTION('',(1.,0.,0.));
#11376=DIRECTION('',(0.,0.,-1.));
#11377=DIRECTION('',(1.,0.,0.));
#11378=DIRECTION('',(0.,0.,-1.));
#11379=DIRECTION('',(1.,0.,0.));
#11380=DIRECTION('',(0.,0.,-1.));
#11381=DIRECTION('',(1.,0.,0.));
#11382=DIRECTION('',(0.,0.,-1.));
#11383=DIRECTION('',(1.,0.,0.));
#11384=DIRECTION('',(0.,0.,-1.));
#11385=DIRECTION('',(-1.,0.,0.));
#11386=DIRECTION('',(0.,0.,1.));
#11387=DIRECTION('',(-1.,0.,0.));
#11388=DIRECTION('',(0.,0.,1.));
#11389=DIRECTION('',(0.,0.,1.));
#11390=DIRECTION('',(1.,0.,0.));
#11391=DIRECTION('',(-1.,0.,0.));
#11392=DIRECTION('',(0.,0.,1.));
#11393=DIRECTION('',(1.,0.,0.));
#11394=DIRECTION('',(-1.,0.,0.));
#11395=DIRECTION('',(0.,1.,-2.89120579329468E-16));
#11396=DIRECTION('',(0.,2.89120579329468E-16,1.));
#11397=DIRECTION('',(-1.,0.,0.));
#11398=DIRECTION('',(-1.,0.,0.));
#11399=DIRECTION('',(0.,1.,-2.89120579329468E-16));
#11400=DIRECTION('',(0.,2.89120579329468E-16,1.));
#11401=DIRECTION('',(-1.,0.,0.));
#11402=DIRECTION('',(-1.,0.,0.));
#11403=DIRECTION('',(0.,0.,1.));
#11404=DIRECTION('',(1.,0.,0.));
#11405=DIRECTION('',(-1.,0.,0.));
#11406=DIRECTION('',(0.,1.,-2.89120579329468E-16));
#11407=DIRECTION('',(0.,2.89120579329468E-16,1.));
#11408=DIRECTION('',(-1.,0.,0.));
#11409=DIRECTION('',(-1.,0.,0.));
#11410=DIRECTION('',(0.,-0.707106781186548,-0.707106781186548));
#11411=DIRECTION('',(0.,0.707106781186548,-0.707106781186548));
#11412=DIRECTION('',(0.,-0.707106781186548,-0.707106781186548));
#11413=DIRECTION('',(0.766044443118978,0.454519477672044,-0.454519477672044));
#11414=DIRECTION('',(0.,0.707106781186548,-0.707106781186548));
#11415=DIRECTION('',(0.,-0.707106781186548,-0.707106781186548));
#11416=DIRECTION('',(0.766044443118978,-0.454519477672044,0.454519477672044));
#11417=DIRECTION('',(0.,0.749473211781884,0.662034670407334));
#11418=DIRECTION('',(0.,-0.662034670407334,0.749473211781884));
#11419=DIRECTION('',(-1.,0.,0.));
#11420=DIRECTION('',(-1.,0.,0.));
#11421=DIRECTION('',(0.,0.,1.));
#11422=DIRECTION('',(1.,0.,0.));
#11423=DIRECTION('',(0.,0.,1.));
#11424=DIRECTION('',(1.,0.,0.));
#11425=DIRECTION('',(0.,0.,1.));
#11426=DIRECTION('',(1.,0.,0.));
#11427=DIRECTION('',(0.,0.,1.));
#11428=DIRECTION('',(1.,0.,0.));
#11429=DIRECTION('',(0.,0.,1.));
#11430=DIRECTION('',(1.,0.,0.));
#11431=DIRECTION('',(-1.,0.,0.));
#11432=DIRECTION('',(-1.,0.,0.));
#11433=DIRECTION('',(0.,0.,1.));
#11434=DIRECTION('',(1.,0.,0.));
#11435=DIRECTION('',(0.,0.,-1.));
#11436=DIRECTION('',(-0.64278760968654,-0.541675220419702,-0.541675220419702));
#11437=DIRECTION('',(0.,-0.707106781186548,0.707106781186548));
#11438=DIRECTION('',(-0.644400477571771,-7.44175756070768E-17,0.764688187763662));
#11439=DIRECTION('',(0.644400477571772,-0.764688187763662,3.58233403343436E-17));
#11440=DIRECTION('',(-1.,0.,0.));
#11441=DIRECTION('',(0.,0.,1.));
#11442=DIRECTION('',(0.906752578593458,0.,-0.421663089698534));
#11443=DIRECTION('',(-0.421663089698534,0.,-0.906752578593458));
#11444=DIRECTION('',(0.906752578593458,-0.421663089698534,0.));
#11445=DIRECTION('',(-0.421663089698534,-0.906752578593458,0.));
#11446=DIRECTION('',(0.644400477571771,0.,-0.764688187763662));
#11447=DIRECTION('',(-0.764688187763662,0.,-0.644400477571771));
#11448=DIRECTION('',(-2.05324534079116E-16,0.707106781186548,-0.707106781186548));
#11449=DIRECTION('',(0.766044443118978,-0.454519477672044,-0.454519477672044));
#11450=DIRECTION('',(0.644400477571772,-0.764688187763661,0.));
#11451=DIRECTION('',(0.764688187763661,0.644400477571772,0.));
#11452=DIRECTION('',(-1.,0.,0.));
#11453=DIRECTION('',(0.,0.,1.));
#11454=DIRECTION('',(1.,0.,0.));
#11455=DIRECTION('',(0.,0.,-1.));
#11456=DIRECTION('',(0.,0.,-1.));
#11457=DIRECTION('',(-1.,0.,0.));
#11458=DIRECTION('',(0.,0.,-1.));
#11459=DIRECTION('',(0.,0.,-1.));
#11460=DIRECTION('',(-1.,0.,0.));
#11461=DIRECTION('',(0.,0.,-1.));
#11462=DIRECTION('',(-1.,0.,0.));
#11463=DIRECTION('',(0.,0.,-1.));
#11464=DIRECTION('',(0.,0.,-1.));
#11465=DIRECTION('',(-1.,0.,0.));
#11466=DIRECTION('',(0.,0.,-1.));
#11467=DIRECTION('',(-1.,0.,0.));
#11468=DIRECTION('',(-1.99673396048373E-15,-4.52504203553451E-16,1.));
#11469=DIRECTION('',(-0.707106781186549,0.707106781186546,-1.09193533283546E-15));
#11470=DIRECTION('',(1.7347234759768E-16,-1.,0.));
#11471=DIRECTION('',(1.,1.7347234759768E-16,0.));
#11472=DIRECTION('',(-1.,-1.7347234759768E-16,0.));
#11473=DIRECTION('',(0.,0.,-1.));
#11474=DIRECTION('',(-1.,-1.7347234759768E-16,0.));
#11475=DIRECTION('',(0.,0.,-1.));
#11476=DIRECTION('',(-1.,0.,0.));
#11477=DIRECTION('',(0.,0.,1.));
#11478=DIRECTION('',(0.,1.,0.));
#11479=DIRECTION('',(0.,0.,-1.));
#11480=DIRECTION('',(0.,1.,0.));
#11481=DIRECTION('',(0.,-1.,0.));
#11482=DIRECTION('',(0.,0.,-1.));
#11483=DIRECTION('',(-1.,0.,0.));
#11484=DIRECTION('',(0.,0.,-1.));
#11485=DIRECTION('',(-1.,0.,0.));
#11486=DIRECTION('',(-1.,0.,0.));
#11487=DIRECTION('',(0.,0.,1.));
#11488=DIRECTION('',(0.,1.,0.));
#11489=DIRECTION('',(0.,1.,0.));
#11490=DIRECTION('',(0.,0.,1.));
#11491=DIRECTION('',(1.,0.,0.));
#11492=DIRECTION('',(0.,0.,1.));
#11493=DIRECTION('',(1.,0.,0.));
#11494=DIRECTION('',(0.,0.,1.));
#11495=DIRECTION('',(1.,0.,0.));
#11496=DIRECTION('',(-3.30181172137267E-16,2.09085151429128E-16,1.));
#11497=DIRECTION('',(0.999077407932277,-0.0429456977975923,3.38855857334181E-16));
#11498=DIRECTION('',(0.,0.,1.));
#11499=DIRECTION('',(-1.83697019872103E-16,-1.,0.));
#11500=DIRECTION('',(0.,0.,1.));
#11501=DIRECTION('',(-1.83697019872103E-16,-1.,0.));
#11502=DIRECTION('',(0.,0.,1.));
#11503=DIRECTION('',(-1.83697019872103E-16,-1.,0.));
#11504=DIRECTION('',(0.,0.,1.));
#11505=DIRECTION('',(-1.83697019872103E-16,-1.,0.));
#11506=DIRECTION('',(0.,0.,1.));
#11507=DIRECTION('',(-1.83697019872103E-16,-1.,0.));
#11508=DIRECTION('',(0.,0.,1.));
#11509=DIRECTION('',(-1.83697019872103E-16,-1.,0.));
#11510=DIRECTION('',(0.,0.,1.));
#11511=DIRECTION('',(-1.83697019872103E-16,-1.,0.));
#11512=DIRECTION('',(0.,0.,1.));
#11513=DIRECTION('',(-1.,1.22464679914735E-16,0.));
#11514=DIRECTION('',(0.,0.,1.));
#11515=DIRECTION('',(-1.,1.22464679914735E-16,0.));
#11516=DIRECTION('',(0.,0.,1.));
#11517=DIRECTION('',(-1.,1.22464679914735E-16,0.));
#11518=DIRECTION('',(0.,0.,1.));
#11519=DIRECTION('',(-1.,1.22464679914735E-16,0.));
#11520=DIRECTION('',(0.,0.,1.));
#11521=DIRECTION('',(-1.,1.22464679914735E-16,0.));
#11522=DIRECTION('',(0.,0.,1.));
#11523=DIRECTION('',(-1.,1.22464679914735E-16,0.));
#11524=DIRECTION('',(0.,0.,1.));
#11525=DIRECTION('',(-1.,1.22464679914735E-16,0.));
#11526=DIRECTION('',(0.,0.,1.));
#11527=DIRECTION('',(6.12323399573677E-17,1.,0.));
#11528=DIRECTION('',(0.,0.,1.));
#11529=DIRECTION('',(6.12323399573677E-17,1.,0.));
#11530=DIRECTION('',(0.,0.,1.));
#11531=DIRECTION('',(6.12323399573677E-17,1.,0.));
#11532=DIRECTION('',(0.,0.,1.));
#11533=DIRECTION('',(6.12323399573677E-17,1.,0.));
#11534=DIRECTION('',(0.,0.,1.));
#11535=DIRECTION('',(6.12323399573677E-17,1.,0.));
#11536=DIRECTION('',(0.,0.,1.));
#11537=DIRECTION('',(6.12323399573677E-17,1.,0.));
#11538=DIRECTION('',(0.,0.,1.));
#11539=DIRECTION('',(6.12323399573677E-17,1.,0.));
#11540=DIRECTION('',(0.,0.,1.));
#11541=DIRECTION('',(1.,0.,0.));
#11542=DIRECTION('',(0.707106781186548,-0.707106781186548,0.));
#11543=DIRECTION('',(0.995226405289247,0.0975930438865611,0.));
#11544=DIRECTION('',(-1.,0.,0.));
#11545=DIRECTION('',(-0.995226405289247,0.0975930438865608,0.));
#11546=DIRECTION('',(0.707106781186547,0.707106781186548,0.));
#11547=DIRECTION('',(-0.0975930438865611,0.995226405289247,0.));
#11548=DIRECTION('',(0.,1.,0.));
#11549=DIRECTION('',(-0.0975930438865608,-0.995226405289247,0.));
#11550=DIRECTION('',(-0.707106781186548,0.707106781186548,0.));
#11551=DIRECTION('',(-0.995226405289247,-0.0975930438865611,0.));
#11552=DIRECTION('',(-1.,0.,0.));
#11553=DIRECTION('',(0.995226405289247,-0.0975930438865608,0.));
#11554=DIRECTION('',(-0.707106781186548,-0.707106781186548,0.));
#11555=DIRECTION('',(0.0975930438865611,-0.995226405289247,0.));
#11556=DIRECTION('',(0.,1.,0.));
#11557=DIRECTION('',(0.0975930438865608,0.995226405289247,0.));
#11558=DIRECTION('',(0.,0.,1.));
#11559=DIRECTION('',(1.,0.,0.));
#11560=DIRECTION('',(0.,0.,1.));
#11561=DIRECTION('',(1.,0.,0.));
#11562=DIRECTION('',(0.,0.,1.));
#11563=DIRECTION('',(1.,0.,0.));
#11564=DIRECTION('',(0.,0.,1.));
#11565=DIRECTION('',(1.,0.,0.));
#11566=DIRECTION('',(0.,0.,1.));
#11567=DIRECTION('',(1.,0.,0.));
#11568=DIRECTION('',(0.,0.,1.));
#11569=DIRECTION('',(1.,0.,0.));
#11570=DIRECTION('',(0.,0.,1.));
#11571=DIRECTION('',(1.,0.,0.));
#11572=DIRECTION('',(0.,0.,1.));
#11573=DIRECTION('',(1.,0.,0.));
#11574=DIRECTION('',(-0.707106781186548,-0.707106781186547,0.));
#11575=DIRECTION('',(1.,1.9539765562016E-16,0.));
#11576=DIRECTION('',(0.707106781186548,-0.707106781186548,0.));
#11577=DIRECTION('',(1.9539765562016E-16,-1.,0.));
#11578=DIRECTION('',(-0.707106781186548,-0.707106781186547,0.));
#11579=DIRECTION('',(1.,1.9539765562016E-16,0.));
#11580=DIRECTION('',(0.707106781186547,-0.707106781186548,0.));
#11581=DIRECTION('',(1.9539765562016E-16,-1.,0.));
#11582=DIRECTION('',(0.707106781186548,0.707106781186548,0.));
#11583=DIRECTION('',(-0.707106781186548,0.707106781186548,0.));
#11584=DIRECTION('',(0.707106781186548,-0.707106781186548,0.));
#11585=DIRECTION('',(0.,0.,-1.));
#11586=DIRECTION('',(0.,0.,-1.));
#11587=DIRECTION('',(-0.0975930438865611,0.995226405289247,0.));
#11588=DIRECTION('',(-0.995226405289247,-0.0975930438865611,0.));
#11589=DIRECTION('',(0.995226405289247,0.0975930438865611,0.));
#11590=DIRECTION('',(0.,0.,-1.));
#11591=DIRECTION('',(0.,-1.,0.));
#11592=DIRECTION('',(0.,0.,-1.));
#11593=DIRECTION('',(-1.,0.,0.));
#11594=DIRECTION('',(0.,0.,-1.));
#11595=DIRECTION('',(-0.0975930438865608,-0.995226405289247,0.));
#11596=DIRECTION('',(0.995226405289247,-0.0975930438865608,0.));
#11597=DIRECTION('',(-0.995226405289247,0.0975930438865608,0.));
#11598=DIRECTION('',(0.,0.,-1.));
#11599=DIRECTION('',(-0.707106781186548,0.707106781186547,0.));
#11600=DIRECTION('',(-0.707106781186547,-0.707106781186548,0.));
#11601=DIRECTION('',(0.707106781186547,0.707106781186548,0.));
#11602=DIRECTION('',(0.,0.,-1.));
#11603=DIRECTION('',(-0.995226405289247,-0.0975930438865611,0.));
#11604=DIRECTION('',(0.0975930438865611,-0.995226405289247,0.));
#11605=DIRECTION('',(-0.0975930438865611,0.995226405289247,0.));
#11606=DIRECTION('',(0.,0.,-1.));
#11607=DIRECTION('',(-1.,0.,0.));
#11608=DIRECTION('',(0.,0.,1.));
#11609=DIRECTION('',(0.,1.,0.));
#11610=DIRECTION('',(0.,0.,-1.));
#11611=DIRECTION('',(0.995226405289247,-0.0975930438865608,0.));
#11612=DIRECTION('',(0.0975930438865608,0.995226405289247,0.));
#11613=DIRECTION('',(-0.0975930438865608,-0.995226405289247,0.));
#11614=DIRECTION('',(0.,0.,-1.));
#11615=DIRECTION('',(-0.707106781186548,-0.707106781186548,0.));
#11616=DIRECTION('',(0.707106781186548,-0.707106781186548,0.));
#11617=DIRECTION('',(-0.707106781186548,0.707106781186548,0.));
#11618=DIRECTION('',(0.,0.,-1.));
#11619=DIRECTION('',(0.0975930438865611,-0.995226405289247,0.));
#11620=DIRECTION('',(0.995226405289247,0.0975930438865611,0.));
#11621=DIRECTION('',(-0.995226405289247,-0.0975930438865611,0.));
#11622=DIRECTION('',(0.,0.,-1.));
#11623=DIRECTION('',(0.,-1.,0.));
#11624=DIRECTION('',(0.,0.,-1.));
#11625=DIRECTION('',(-1.,0.,0.));
#11626=DIRECTION('',(0.,0.,-1.));
#11627=DIRECTION('',(0.0975930438865608,0.995226405289247,0.));
#11628=DIRECTION('',(-0.995226405289247,0.0975930438865608,0.));
#11629=DIRECTION('',(0.995226405289247,-0.0975930438865608,0.));
#11630=DIRECTION('',(0.,0.,-1.));
#11631=DIRECTION('',(0.707106781186548,-0.707106781186548,0.));
#11632=DIRECTION('',(0.707106781186548,0.707106781186548,0.));
#11633=DIRECTION('',(-0.707106781186548,-0.707106781186548,0.));
#11634=DIRECTION('',(0.,0.,-1.));
#11635=DIRECTION('',(0.995226405289247,0.0975930438865611,0.));
#11636=DIRECTION('',(-0.0975930438865611,0.995226405289247,0.));
#11637=DIRECTION('',(0.0975930438865611,-0.995226405289247,0.));
#11638=DIRECTION('',(0.,0.,-1.));
#11639=DIRECTION('',(-1.,0.,0.));
#11640=DIRECTION('',(0.,0.,1.));
#11641=DIRECTION('',(0.,1.,0.));
#11642=DIRECTION('',(0.,0.,-1.));
#11643=DIRECTION('',(0.,0.,-1.));
#11644=DIRECTION('',(-1.,0.,0.));
#11645=DIRECTION('',(0.,0.,1.));
#11646=DIRECTION('',(1.,0.,0.));
#11647=DIRECTION('',(0.,0.,-1.));
#11648=DIRECTION('',(-1.,0.,0.));
#11649=DIRECTION('',(0.,0.,1.));
#11650=DIRECTION('',(1.,0.,0.));
#11651=DIRECTION('',(0.,0.,-1.));
#11652=DIRECTION('',(-1.,0.,0.));
#11653=DIRECTION('',(0.,0.,1.));
#11654=DIRECTION('',(1.,0.,0.));
#11655=DIRECTION('',(0.,0.,-1.));
#11656=DIRECTION('',(-1.,0.,0.));
#11657=DIRECTION('',(0.,0.,1.));
#11658=DIRECTION('',(1.,0.,0.));
#11659=DIRECTION('',(0.,0.,-1.));
#11660=DIRECTION('',(-1.,0.,0.));
#11661=DIRECTION('',(0.,0.,1.));
#11662=DIRECTION('',(1.,0.,0.));
#11663=DIRECTION('',(0.,0.,-1.));
#11664=DIRECTION('',(-1.,0.,0.));
#11665=DIRECTION('',(0.,0.,1.));
#11666=DIRECTION('',(1.,0.,0.));
#11667=DIRECTION('',(0.,0.,-1.));
#11668=DIRECTION('',(-1.,0.,0.));
#11669=DIRECTION('',(0.,0.,1.));
#11670=DIRECTION('',(1.,0.,0.));
#11671=DIRECTION('',(-0.995226405289247,0.0975930438865608,0.));
#11672=DIRECTION('',(-0.0975930438865608,-0.995226405289247,0.));
#11673=DIRECTION('',(0.0975930438865608,0.995226405289247,0.));
#11674=DIRECTION('',(0.,0.,-1.));
#11675=DIRECTION('',(-1.,0.,0.));
#11676=DIRECTION('',(0.,0.,1.));
#11677=DIRECTION('',(1.,0.,0.));
#11678=DIRECTION('',(0.,0.,1.));
#11679=DIRECTION('',(1.,0.,0.));
#11680=DIRECTION('',(0.,0.,1.));
#11681=DIRECTION('',(1.,0.,0.));
#11682=DIRECTION('',(1.9539765562016E-16,-1.,0.));
#11683=DIRECTION('',(1.,1.9539765562016E-16,0.));
#11684=DIRECTION('',(0.,0.,1.));
#11685=DIRECTION('',(1.,1.9539765562016E-16,0.));
#11686=DIRECTION('',(0.,0.,1.));
#11687=DIRECTION('',(1.,1.9539765562016E-16,0.));
#11688=DIRECTION('',(0.,0.,1.));
#11689=DIRECTION('',(1.,1.9539765562016E-16,0.));
#11690=DIRECTION('',(0.,0.,1.));
#11691=DIRECTION('',(-0.707106781186547,0.707106781186548,0.));
#11692=DIRECTION('',(-0.707106781186548,-0.707106781186547,0.));
#11693=DIRECTION('',(0.,0.,1.));
#11694=DIRECTION('',(-0.707106781186548,-0.707106781186547,0.));
#11695=DIRECTION('',(-1.,-1.9539765562016E-16,0.));
#11696=DIRECTION('',(1.9539765562016E-16,-1.,0.));
#11697=DIRECTION('',(0.,0.,1.));
#11698=DIRECTION('',(1.9539765562016E-16,-1.,0.));
#11699=DIRECTION('',(0.,0.,1.));
#11700=DIRECTION('',(1.9539765562016E-16,-1.,0.));
#11701=DIRECTION('',(0.,0.,1.));
#11702=DIRECTION('',(1.9539765562016E-16,-1.,0.));
#11703=DIRECTION('',(-0.707106781186548,-0.707106781186547,0.));
#11704=DIRECTION('',(0.707106781186547,-0.707106781186548,0.));
#11705=DIRECTION('',(0.,0.,1.));
#11706=DIRECTION('',(0.707106781186547,-0.707106781186548,0.));
#11707=DIRECTION('',(1.9539765562016E-16,-1.,0.));
#11708=DIRECTION('',(1.,1.9539765562016E-16,0.));
#11709=DIRECTION('',(0.,0.,1.));
#11710=DIRECTION('',(1.,1.9539765562016E-16,0.));
#11711=DIRECTION('',(0.,0.,1.));
#11712=DIRECTION('',(1.,1.9539765562016E-16,0.));
#11713=DIRECTION('',(0.,0.,1.));
#11714=DIRECTION('',(1.,1.9539765562016E-16,0.));
#11715=DIRECTION('',(-0.707106781186547,0.707106781186548,0.));
#11716=DIRECTION('',(-0.707106781186548,-0.707106781186547,0.));
#11717=DIRECTION('',(0.,0.,1.));
#11718=DIRECTION('',(-0.707106781186548,-0.707106781186547,0.));
#11719=DIRECTION('',(-1.,-1.9539765562016E-16,0.));
#11720=DIRECTION('',(1.9539765562016E-16,-1.,0.));
#11721=DIRECTION('',(0.,0.,1.));
#11722=DIRECTION('',(1.9539765562016E-16,-1.,0.));
#11723=DIRECTION('',(0.,0.,1.));
#11724=DIRECTION('',(1.9539765562016E-16,-1.,0.));
#11725=DIRECTION('',(0.,0.,1.));
#11726=DIRECTION('',(1.9539765562016E-16,-1.,0.));
#11727=DIRECTION('',(-0.707106781186548,-0.707106781186548,0.));
#11728=DIRECTION('',(0.707106781186548,-0.707106781186548,0.));
#11729=DIRECTION('',(0.707106781186548,-0.707106781186548,0.));
#11730=DIRECTION('',(0.,0.,1.));
#11731=DIRECTION('',(1.,0.,0.));
#11732=DIRECTION('',(0.,0.,1.));
#11733=DIRECTION('',(1.,0.,0.));
#11734=DIRECTION('',(0.,0.,1.));
#11735=DIRECTION('',(1.,0.,0.));
#11736=DIRECTION('',(0.,0.,1.));
#11737=DIRECTION('',(1.,0.,0.));
#11738=DIRECTION('',(0.643058239160812,0.765817276540165,0.));
#11739=DIRECTION('',(0.,0.,1.));
#11740=DIRECTION('',(1.,0.,0.));
#11741=DIRECTION('',(1.,0.,0.));
#11742=DIRECTION('',(0.,0.,1.));
#11743=DIRECTION('',(1.,0.,0.));
#11744=DIRECTION('',(0.643058239160812,-0.765817276540165,0.));
#11745=DIRECTION('',(0.,0.,1.));
#11746=DIRECTION('',(1.,0.,0.));
#11747=DIRECTION('',(0.,0.,1.));
#11748=DIRECTION('',(1.,0.,0.));
#11749=DIRECTION('',(-0.765817276540165,0.643058239160812,0.));
#11750=DIRECTION('',(0.,0.,1.));
#11751=DIRECTION('',(1.,0.,0.));
#11752=DIRECTION('',(0.,1.,0.));
#11753=DIRECTION('',(0.,0.,1.));
#11754=DIRECTION('',(1.,0.,0.));
#11755=DIRECTION('',(0.765817276540165,0.643058239160812,0.));
#11756=DIRECTION('',(0.,0.,1.));
#11757=DIRECTION('',(1.,0.,0.));
#11758=DIRECTION('',(0.,0.,1.));
#11759=DIRECTION('',(1.,0.,0.));
#11760=DIRECTION('',(-0.643058239160812,-0.765817276540165,0.));
#11761=DIRECTION('',(0.,0.,1.));
#11762=DIRECTION('',(1.,0.,0.));
#11763=DIRECTION('',(-1.,0.,0.));
#11764=DIRECTION('',(0.,0.,1.));
#11765=DIRECTION('',(1.,0.,0.));
#11766=DIRECTION('',(-0.643058239160812,0.765817276540165,0.));
#11767=DIRECTION('',(0.,0.,1.));
#11768=DIRECTION('',(1.,0.,0.));
#11769=DIRECTION('',(0.,0.,1.));
#11770=DIRECTION('',(1.,0.,0.));
#11771=DIRECTION('',(0.765817276540165,-0.643058239160812,0.));
#11772=DIRECTION('',(0.,0.,1.));
#11773=DIRECTION('',(1.,0.,0.));
#11774=DIRECTION('',(0.,-1.,0.));
#11775=DIRECTION('',(0.,0.,1.));
#11776=DIRECTION('',(1.,0.,0.));
#11777=DIRECTION('',(-0.765817276540165,-0.643058239160812,0.));
#11778=DIRECTION('',(0.,0.,1.));
#11779=DIRECTION('',(1.,0.,0.));
#11780=DIRECTION('',(0.,0.,1.));
#11781=DIRECTION('',(0.,0.,1.));
#11782=DIRECTION('',(1.,0.,0.));
#11783=DIRECTION('',(0.765817276540165,0.643058239160812,0.));
#11784=DIRECTION('',(-0.643058239160812,0.765817276540165,0.));
#11785=DIRECTION('',(0.,0.,1.));
#11786=DIRECTION('',(-0.643058239160812,0.765817276540165,0.));
#11787=DIRECTION('',(0.,0.,1.));
#11788=DIRECTION('',(1.,0.,0.));
#11789=DIRECTION('',(0.,0.,1.));
#11790=DIRECTION('',(0.,0.,1.));
#11791=DIRECTION('',(1.,0.,0.));
#11792=DIRECTION('',(0.,1.,0.));
#11793=DIRECTION('',(0.,0.,1.));
#11794=DIRECTION('',(0.,0.,1.));
#11795=DIRECTION('',(-1.,0.,0.));
#11796=DIRECTION('',(0.,0.,1.));
#11797=DIRECTION('',(1.,0.,0.));
#11798=DIRECTION('',(0.,0.,1.));
#11799=DIRECTION('',(0.,0.,1.));
#11800=DIRECTION('',(1.,0.,0.));
#11801=DIRECTION('',(-0.765817276540165,0.643058239160812,0.));
#11802=DIRECTION('',(-0.643058239160812,-0.765817276540165,0.));
#11803=DIRECTION('',(0.,0.,1.));
#11804=DIRECTION('',(-0.643058239160812,-0.765817276540165,0.));
#11805=DIRECTION('',(0.,0.,1.));
#11806=DIRECTION('',(1.,0.,0.));
#11807=DIRECTION('',(0.,0.,1.));
#11808=DIRECTION('',(1.,0.,0.));
#11809=DIRECTION('',(0.,0.,1.));
#11810=DIRECTION('',(1.,0.,0.));
#11811=DIRECTION('',(0.,0.,1.));
#11812=DIRECTION('',(1.,0.,0.));
#11813=DIRECTION('',(0.,0.,1.));
#11814=DIRECTION('',(0.,0.,1.));
#11815=DIRECTION('',(1.,0.,0.));
#11816=DIRECTION('',(0.643058239160812,-0.765817276540165,0.));
#11817=DIRECTION('',(0.765817276540165,0.643058239160812,0.));
#11818=DIRECTION('',(0.,0.,1.));
#11819=DIRECTION('',(0.765817276540165,0.643058239160812,0.));
#11820=DIRECTION('',(0.,0.,1.));
#11821=DIRECTION('',(1.,0.,0.));
#11822=DIRECTION('',(0.,0.,1.));
#11823=DIRECTION('',(0.,0.,1.));
#11824=DIRECTION('',(1.,0.,0.));
#11825=DIRECTION('',(1.,0.,0.));
#11826=DIRECTION('',(0.,0.,-1.));
#11827=DIRECTION('',(0.,0.,1.));
#11828=DIRECTION('',(0.,1.,0.));
#11829=DIRECTION('',(0.,0.,1.));
#11830=DIRECTION('',(1.,0.,0.));
#11831=DIRECTION('',(0.,0.,1.));
#11832=DIRECTION('',(0.,0.,1.));
#11833=DIRECTION('',(1.,0.,0.));
#11834=DIRECTION('',(0.643058239160812,0.765817276540165,0.));
#11835=DIRECTION('',(-0.765817276540165,0.643058239160812,0.));
#11836=DIRECTION('',(0.,0.,1.));
#11837=DIRECTION('',(-0.765817276540165,0.643058239160812,0.));
#11838=DIRECTION('',(0.,0.,1.));
#11839=DIRECTION('',(1.,0.,0.));
#11840=DIRECTION('',(0.,0.,1.));
#11841=DIRECTION('',(1.,0.,0.));
#11842=DIRECTION('',(0.,0.,1.));
#11843=DIRECTION('',(1.,0.,0.));
#11844=DIRECTION('',(0.,0.,1.));
#11845=DIRECTION('',(1.,0.,0.));
#11846=DIRECTION('',(0.,0.,1.));
#11847=DIRECTION('',(0.,0.,1.));
#11848=DIRECTION('',(1.,0.,0.));
#11849=DIRECTION('',(-0.765817276540165,-0.643058239160812,0.));
#11850=DIRECTION('',(0.643058239160812,-0.765817276540165,0.));
#11851=DIRECTION('',(0.,0.,1.));
#11852=DIRECTION('',(0.643058239160812,-0.765817276540165,0.));
#11853=DIRECTION('',(0.,0.,1.));
#11854=DIRECTION('',(1.,0.,0.));
#11855=DIRECTION('',(0.,0.,1.));
#11856=DIRECTION('',(0.,0.,1.));
#11857=DIRECTION('',(1.,0.,0.));
#11858=DIRECTION('',(0.,-1.,0.));
#11859=DIRECTION('',(0.,0.,-1.));
#11860=DIRECTION('',(0.,0.,1.));
#11861=DIRECTION('',(1.,0.,0.));
#11862=DIRECTION('',(0.,0.,1.));
#11863=DIRECTION('',(1.,0.,0.));
#11864=DIRECTION('',(0.,0.,1.));
#11865=DIRECTION('',(0.,0.,1.));
#11866=DIRECTION('',(1.,0.,0.));
#11867=DIRECTION('',(0.765817276540165,-0.643058239160812,0.));
#11868=DIRECTION('',(0.643058239160812,0.765817276540165,0.));
#11869=DIRECTION('',(0.,0.,1.));
#11870=DIRECTION('',(0.643058239160812,0.765817276540165,0.));
#11871=DIRECTION('',(0.,0.,1.));
#11872=DIRECTION('',(1.,0.,0.));
#11873=DIRECTION('',(0.,0.,1.));
#11874=DIRECTION('',(1.,0.,0.));
#11875=DIRECTION('',(0.,0.,1.));
#11876=DIRECTION('',(1.,0.,0.));
#11877=DIRECTION('',(0.,0.,1.));
#11878=DIRECTION('',(1.,0.,0.));
#11879=DIRECTION('',(0.,0.,1.));
#11880=DIRECTION('',(0.,0.,1.));
#11881=DIRECTION('',(1.,0.,0.));
#11882=DIRECTION('',(-0.643058239160812,0.765817276540165,0.));
#11883=DIRECTION('',(-0.765817276540165,-0.643058239160812,0.));
#11884=DIRECTION('',(0.,0.,1.));
#11885=DIRECTION('',(-0.765817276540165,-0.643058239160812,0.));
#11886=DIRECTION('',(0.,0.,1.));
#11887=DIRECTION('',(1.,0.,0.));
#11888=DIRECTION('',(0.,0.,1.));
#11889=DIRECTION('',(0.,0.,1.));
#11890=DIRECTION('',(1.,0.,0.));
#11891=DIRECTION('',(-1.,0.,0.));
#11892=DIRECTION('',(0.,0.,1.));
#11893=DIRECTION('',(0.,0.,1.));
#11894=DIRECTION('',(0.,-1.,0.));
#11895=DIRECTION('',(0.,0.,1.));
#11896=DIRECTION('',(1.,0.,0.));
#11897=DIRECTION('',(0.,0.,1.));
#11898=DIRECTION('',(0.,0.,1.));
#11899=DIRECTION('',(1.,0.,0.));
#11900=DIRECTION('',(-0.643058239160812,-0.765817276540165,0.));
#11901=DIRECTION('',(0.765817276540165,-0.643058239160812,0.));
#11902=DIRECTION('',(0.,0.,1.));
#11903=DIRECTION('',(0.765817276540165,-0.643058239160812,0.));
#11904=DIRECTION('',(0.,0.,1.));
#11905=DIRECTION('',(1.,0.,0.));
#11906=DIRECTION('',(0.,0.,1.));
#11907=DIRECTION('',(1.,0.,0.));
#11908=DIRECTION('',(0.,0.,1.));
#11909=DIRECTION('',(1.,0.,0.));
#11910=DIRECTION('',(0.,0.,1.));
#11911=DIRECTION('',(1.,0.,0.));
#11912=DIRECTION('',(0.,0.,1.));
#11913=DIRECTION('',(1.,0.,0.));
#11914=DIRECTION('',(0.,0.,1.));
#11915=DIRECTION('',(1.,0.,0.));
#11916=DIRECTION('',(0.,0.,1.));
#11917=DIRECTION('',(1.,0.,0.));
#11918=DIRECTION('',(0.,0.,1.));
#11919=DIRECTION('',(1.,0.,0.));
#11920=DIRECTION('',(0.,0.,1.));
#11921=DIRECTION('',(1.,0.,0.));
#11922=DIRECTION('',(-1.17724996778503E-16,2.39217056656488E-16,1.));
#11923=DIRECTION('',(0.999077407932277,-0.0429456977975913,1.27889728053502E-16));
#11924=DIRECTION('',(0.,0.,1.));
#11925=DIRECTION('',(1.,0.,0.));
#11926=DIRECTION('',(0.,0.,1.));
#11927=DIRECTION('',(1.,0.,0.));
#11928=DIRECTION('',(2.27944786521558E-16,2.26852607317715E-16,1.));
#11929=DIRECTION('',(-0.707106781186549,-0.707106781186546,3.21590321249719E-16));
#11930=DIRECTION('',(-3.45247124750947E-16,3.15313239108511E-16,1.));
#11931=DIRECTION('',(0.999077407932277,-0.0429456977975926,3.58469949570582E-16));
#11932=DIRECTION('',(1.117492233325E-16,4.36746720613108E-16,1.));
#11933=DIRECTION('',(0.70710678118655,-0.707106781186546,2.29807934195774E-16));
#11934=DIRECTION('',(-1.17724996778503E-16,2.39217056656488E-16,1.));
#11935=DIRECTION('',(0.999077407932277,-0.0429456977975913,1.27889728053502E-16));
#11936=DIRECTION('',(0.,0.,1.));
#11937=DIRECTION('',(1.,0.,0.));
#11938=DIRECTION('',(1.14889243139105E-16,-4.03928612276672E-16,-1.));
#11939=DIRECTION('',(-0.707106781186547,0.707106781186548,-3.66859623765158E-16));
#11940=DIRECTION('',(5.10306906521566E-17,3.48289672678407E-16,1.));
#11941=DIRECTION('',(0.707106781186549,0.707106781186546,-2.82362136776917E-16));
#11942=CARTESIAN_POINT('',(0.,0.,0.));
#11943=CARTESIAN_POINT('',(0.004,0.,-4.33680868994202E-19));
#11944=CARTESIAN_POINT('',(-0.0045,0.,-4.33680868994202E-19));
#11945=CARTESIAN_POINT('',(-0.0033,0.,-4.33680868994202E-19));
#11946=CARTESIAN_POINT('',(0.,0.0045,-4.33680868994202E-19));
#11947=CARTESIAN_POINT('',(0.0012,0.0045,-4.33680868994202E-19));
#11948=CARTESIAN_POINT('',(0.0045,0.,-4.33680868994202E-19));
#11949=CARTESIAN_POINT('',(0.0057,0.,-4.33680868994202E-19));
#11950=CARTESIAN_POINT('',(0.,-0.0045,-4.33680868994202E-19));
#11951=CARTESIAN_POINT('',(0.0012,-0.0045,-4.33680868994202E-19));
#11952=CARTESIAN_POINT('',(0.,0.,0.));
#11953=CARTESIAN_POINT('',(0.008,0.,0.));
#11954=CARTESIAN_POINT('',(0.,0.,0.00725));
#11955=CARTESIAN_POINT('',(0.,0.,0.0035));
#11956=CARTESIAN_POINT('',(0.008,0.,0.0035));
#11957=CARTESIAN_POINT('',(0.005,0.,0.0035));
#11958=CARTESIAN_POINT('',(-0.0045,0.,0.0035));
#11959=CARTESIAN_POINT('',(-0.0065,0.,0.0035));
#11960=CARTESIAN_POINT('',(0.,0.0045,0.0035));
#11961=CARTESIAN_POINT('',(-0.002,0.0045,0.0035));
#11962=CARTESIAN_POINT('',(0.0045,0.,0.0035));
#11963=CARTESIAN_POINT('',(0.0025,0.,0.0035));
#11964=CARTESIAN_POINT('',(0.,-0.0045,0.0035));
#11965=CARTESIAN_POINT('',(-0.002,-0.0045,0.0035));
#11966=CARTESIAN_POINT('',(0.,0.,0.0035));
#11967=CARTESIAN_POINT('',(0.002,0.,0.0035));
#11968=CARTESIAN_POINT('',(0.,0.,0.00725));
#11969=CARTESIAN_POINT('',(0.,0.,0.0145));
#11970=CARTESIAN_POINT('',(0.002,0.,0.0145));
#11971=CARTESIAN_POINT('',(0.001,0.,0.0145));
#11972=CARTESIAN_POINT('',(0.,-0.0045,0.0035));
#11973=CARTESIAN_POINT('',(0.,-0.0045,0.0013));
#11974=CARTESIAN_POINT('',(-0.0012,-0.0045,0.0013));
#11975=CARTESIAN_POINT('',(0.002,-0.0045,0.0013));
#11976=CARTESIAN_POINT('',(0.,-0.0045,0.0013));
#11977=CARTESIAN_POINT('',(-0.002,-0.0045,0.0013));
#11978=CARTESIAN_POINT('',(0.,-0.0045,0.0035));
#11979=CARTESIAN_POINT('',(0.0045,0.,0.0035));
#11980=CARTESIAN_POINT('',(0.0045,0.,0.0013));
#11981=CARTESIAN_POINT('',(0.0033,0.,0.0013));
#11982=CARTESIAN_POINT('',(0.0065,0.,0.0013));
#11983=CARTESIAN_POINT('',(0.0045,0.,0.0013));
#11984=CARTESIAN_POINT('',(0.0025,0.,0.0013));
#11985=CARTESIAN_POINT('',(0.0045,0.,0.0035));
#11986=CARTESIAN_POINT('',(0.,0.0045,0.0035));
#11987=CARTESIAN_POINT('',(0.,0.0045,0.0013));
#11988=CARTESIAN_POINT('',(-0.0012,0.0045,0.0013));
#11989=CARTESIAN_POINT('',(0.002,0.0045,0.0013));
#11990=CARTESIAN_POINT('',(0.,0.0045,0.0013));
#11991=CARTESIAN_POINT('',(-0.002,0.0045,0.0013));
#11992=CARTESIAN_POINT('',(0.,0.0045,0.0035));
#11993=CARTESIAN_POINT('',(-0.0045,0.,0.0035));
#11994=CARTESIAN_POINT('',(-0.0045,0.,0.0013));
#11995=CARTESIAN_POINT('',(-0.0057,0.,0.0013));
#11996=CARTESIAN_POINT('',(-0.0025,0.,0.0013));
#11997=CARTESIAN_POINT('',(-0.0045,0.,0.0013));
#11998=CARTESIAN_POINT('',(-0.0065,0.,0.0013));
#11999=CARTESIAN_POINT('',(-0.0045,0.,0.0035));
#12000=CARTESIAN_POINT('',(-0.0848528137423858,0.0848528137423858,0.031));
#12001=CARTESIAN_POINT('',(0.018,0.,0.00175));
#12002=CARTESIAN_POINT('',(0.018,0.,0.));
#12003=CARTESIAN_POINT('',(0.018,-0.016,0.));
#12004=CARTESIAN_POINT('',(0.018,0.016,0.));
#12005=CARTESIAN_POINT('',(0.018,0.016,0.00175));
#12006=CARTESIAN_POINT('',(0.018,0.016,0.00175));
#12007=CARTESIAN_POINT('',(0.018,0.,0.00175));
#12008=CARTESIAN_POINT('',(0.018,-0.016,0.00175));
#12009=CARTESIAN_POINT('',(0.018,-0.016,0.00175));
#12010=CARTESIAN_POINT('',(0.016,0.016,0.00175));
#12011=CARTESIAN_POINT('',(0.016,0.016,0.));
#12012=CARTESIAN_POINT('',(0.016,0.018,0.));
#12013=CARTESIAN_POINT('',(0.016,0.018,0.00175));
#12014=CARTESIAN_POINT('',(0.016,0.018,0.00175));
#12015=CARTESIAN_POINT('',(0.016,0.016,0.00175));
#12016=CARTESIAN_POINT('',(-3.46944695195361E-18,0.018,0.00175));
#12017=CARTESIAN_POINT('',(-3.46944695195361E-18,0.018,0.));
#12018=CARTESIAN_POINT('',(-0.016,0.018,0.));
#12019=CARTESIAN_POINT('',(-0.016,0.018,0.00175));
#12020=CARTESIAN_POINT('',(-0.016,0.018,0.00175));
#12021=CARTESIAN_POINT('',(-3.46944695195361E-18,0.018,0.00175));
#12022=CARTESIAN_POINT('',(-0.016,0.016,0.00175));
#12023=CARTESIAN_POINT('',(-0.016,0.016,0.));
#12024=CARTESIAN_POINT('',(-0.018,0.016,0.));
#12025=CARTESIAN_POINT('',(-0.018,0.016,0.00175));
#12026=CARTESIAN_POINT('',(-0.018,0.016,0.00175));
#12027=CARTESIAN_POINT('',(-0.016,0.016,0.00175));
#12028=CARTESIAN_POINT('',(-0.018,3.46944695195361E-18,0.00175));
#12029=CARTESIAN_POINT('',(-0.018,3.46944695195361E-18,0.));
#12030=CARTESIAN_POINT('',(-0.018,-0.016,0.));
#12031=CARTESIAN_POINT('',(-0.018,-0.016,0.00175));
#12032=CARTESIAN_POINT('',(-0.018,-0.016,0.00175));
#12033=CARTESIAN_POINT('',(-0.018,3.46944695195361E-18,0.00175));
#12034=CARTESIAN_POINT('',(-0.016,-0.016,0.00175));
#12035=CARTESIAN_POINT('',(-0.016,-0.016,0.));
#12036=CARTESIAN_POINT('',(-0.016,-0.018,0.));
#12037=CARTESIAN_POINT('',(-0.016,-0.018,0.00175));
#12038=CARTESIAN_POINT('',(-0.016,-0.018,0.00175));
#12039=CARTESIAN_POINT('',(-0.016,-0.016,0.00175));
#12040=CARTESIAN_POINT('',(0.,-0.018,0.00175));
#12041=CARTESIAN_POINT('',(0.,-0.018,0.));
#12042=CARTESIAN_POINT('',(0.016,-0.018,0.));
#12043=CARTESIAN_POINT('',(0.016,-0.018,0.00175));
#12044=CARTESIAN_POINT('',(0.016,-0.018,0.00175));
#12045=CARTESIAN_POINT('',(0.,-0.018,0.00175));
#12046=CARTESIAN_POINT('',(0.011,-0.018,0.00175));
#12047=CARTESIAN_POINT('',(0.011,-0.018,0.0024));
#12048=CARTESIAN_POINT('',(0.011,-0.018,0.00305));
#12049=CARTESIAN_POINT('',(0.0108,-0.018,0.00305));
#12050=CARTESIAN_POINT('',(0.0108,-0.018,0.00325));
#12051=CARTESIAN_POINT('',(0.01075,-0.018,0.00325));
#12052=CARTESIAN_POINT('',(0.0107,-0.018,0.00325));
#12053=CARTESIAN_POINT('',(0.0107,-0.018,0.00345));
#12054=CARTESIAN_POINT('',(0.0105,-0.018,0.00345));
#12055=CARTESIAN_POINT('',(0.0105,-0.018,0.0035));
#12056=CARTESIAN_POINT('',(0.0105,-0.018,0.00355));
#12057=CARTESIAN_POINT('',(0.0103,-0.018,0.00355));
#12058=CARTESIAN_POINT('',(0.0103,-0.018,0.00375));
#12059=CARTESIAN_POINT('',(0.009,-0.018,0.00375));
#12060=CARTESIAN_POINT('',(0.0077,-0.018,0.00375));
#12061=CARTESIAN_POINT('',(0.0077,-0.018,0.00355));
#12062=CARTESIAN_POINT('',(0.0075,-0.018,0.00355));
#12063=CARTESIAN_POINT('',(0.0075,-0.018,0.0035));
#12064=CARTESIAN_POINT('',(0.0075,-0.018,0.00345));
#12065=CARTESIAN_POINT('',(0.0073,-0.018,0.00345));
#12066=CARTESIAN_POINT('',(0.0073,-0.018,0.00325));
#12067=CARTESIAN_POINT('',(0.00725,-0.018,0.00325));
#12068=CARTESIAN_POINT('',(0.0072,-0.018,0.00325));
#12069=CARTESIAN_POINT('',(0.0072,-0.018,0.00305));
#12070=CARTESIAN_POINT('',(0.007,-0.018,0.00305));
#12071=CARTESIAN_POINT('',(0.007,-0.018,0.0024));
#12072=CARTESIAN_POINT('',(0.007,-0.018,0.00175));
#12073=CARTESIAN_POINT('',(0.,-0.018,0.00175));
#12074=CARTESIAN_POINT('',(0.01075,-0.018,0.00315));
#12075=CARTESIAN_POINT('',(0.0108,-0.018,0.00315));
#12076=CARTESIAN_POINT('',(0.0107,-0.018,0.00315));
#12077=CARTESIAN_POINT('',(0.0108,-0.018,0.00305));
#12078=CARTESIAN_POINT('',(0.0109,-0.018,0.00305));
#12079=CARTESIAN_POINT('',(0.0109,-0.018,0.00245));
#12080=CARTESIAN_POINT('',(0.0109,-0.018,0.00185));
#12081=CARTESIAN_POINT('',(0.009,-0.018,0.00185));
#12082=CARTESIAN_POINT('',(0.0071,-0.018,0.00185));
#12083=CARTESIAN_POINT('',(0.0071,-0.018,0.00245));
#12084=CARTESIAN_POINT('',(0.0071,-0.018,0.00305));
#12085=CARTESIAN_POINT('',(0.0072,-0.018,0.00305));
#12086=CARTESIAN_POINT('',(0.0072,-0.018,0.00315));
#12087=CARTESIAN_POINT('',(0.00725,-0.018,0.00315));
#12088=CARTESIAN_POINT('',(0.0073,-0.018,0.00315));
#12089=CARTESIAN_POINT('',(0.0073,-0.018,0.00345));
#12090=CARTESIAN_POINT('',(0.0076,-0.018,0.00345));
#12091=CARTESIAN_POINT('',(0.0076,-0.018,0.0035));
#12092=CARTESIAN_POINT('',(0.0076,-0.018,0.00355));
#12093=CARTESIAN_POINT('',(0.0077,-0.018,0.00355));
#12094=CARTESIAN_POINT('',(0.0077,-0.018,0.00365));
#12095=CARTESIAN_POINT('',(0.009,-0.018,0.00365));
#12096=CARTESIAN_POINT('',(0.0103,-0.018,0.00365));
#12097=CARTESIAN_POINT('',(0.0103,-0.018,0.00355));
#12098=CARTESIAN_POINT('',(0.0104,-0.018,0.00355));
#12099=CARTESIAN_POINT('',(0.0104,-0.018,0.0035));
#12100=CARTESIAN_POINT('',(0.0104,-0.018,0.00345));
#12101=CARTESIAN_POINT('',(0.0107,-0.018,0.00345));
#12102=CARTESIAN_POINT('',(-0.01525,0.01525,0.00175));
#12103=CARTESIAN_POINT('',(-0.01525,0.01525,0.00175));
#12104=CARTESIAN_POINT('',(-0.01375,0.01525,0.00175));
#12105=CARTESIAN_POINT('',(-0.01525,0.01525,0.));
#12106=CARTESIAN_POINT('',(-0.01375,0.01525,0.));
#12107=CARTESIAN_POINT('',(-0.01525,-0.01525,0.00175));
#12108=CARTESIAN_POINT('',(-0.01525,-0.01525,0.00175));
#12109=CARTESIAN_POINT('',(-0.01375,-0.01525,0.00175));
#12110=CARTESIAN_POINT('',(-0.01525,-0.01525,0.));
#12111=CARTESIAN_POINT('',(-0.01375,-0.01525,0.));
#12112=CARTESIAN_POINT('',(0.01525,-0.01525,0.00175));
#12113=CARTESIAN_POINT('',(0.01525,-0.01525,0.00175));
#12114=CARTESIAN_POINT('',(0.01675,-0.01525,0.00175));
#12115=CARTESIAN_POINT('',(0.01525,-0.01525,0.));
#12116=CARTESIAN_POINT('',(0.01675,-0.01525,0.));
#12117=CARTESIAN_POINT('',(0.01525,0.01525,0.00175));
#12118=CARTESIAN_POINT('',(0.01525,0.01525,0.00175));
#12119=CARTESIAN_POINT('',(0.01675,0.01525,0.00175));
#12120=CARTESIAN_POINT('',(0.01525,0.01525,0.));
#12121=CARTESIAN_POINT('',(0.01675,0.01525,0.));
#12122=CARTESIAN_POINT('',(0.016,-0.016,0.00175));
#12123=CARTESIAN_POINT('',(0.016,-0.016,0.));
#12124=CARTESIAN_POINT('',(0.016,-0.016,0.00175));
#12125=CARTESIAN_POINT('',(0.,-3.46944695195361E-18,0.00175));
#12126=CARTESIAN_POINT('',(0.007,-0.015,0.00175));
#12127=CARTESIAN_POINT('',(0.007,-0.0145,0.00175));
#12128=CARTESIAN_POINT('',(-3.79470760369927E-19,-0.0145,0.00175));
#12129=CARTESIAN_POINT('',(0.011,-0.0145,0.00175));
#12130=CARTESIAN_POINT('',(0.011,-0.015,0.00175));
#12131=CARTESIAN_POINT('',(0.,-3.46944695195361E-18,0.));
#12132=CARTESIAN_POINT('',(0.01075,-0.015,0.00315));
#12133=CARTESIAN_POINT('',(0.0107,-0.015,0.00315));
#12134=CARTESIAN_POINT('',(0.0107,-0.015,0.00315));
#12135=CARTESIAN_POINT('',(0.01075,-0.015,0.00315));
#12136=CARTESIAN_POINT('',(0.0108,-0.015,0.00315));
#12137=CARTESIAN_POINT('',(0.0108,-0.015,0.00315));
#12138=CARTESIAN_POINT('',(0.0108,-0.015,0.00305));
#12139=CARTESIAN_POINT('',(0.0108,-0.015,0.00305));
#12140=CARTESIAN_POINT('',(0.0109,-0.015,0.00305));
#12141=CARTESIAN_POINT('',(0.0109,-0.015,0.00305));
#12142=CARTESIAN_POINT('',(0.0109,-0.015,0.00245));
#12143=CARTESIAN_POINT('',(0.0109,-0.015,0.00245));
#12144=CARTESIAN_POINT('',(0.0109,-0.015,0.00185));
#12145=CARTESIAN_POINT('',(0.0109,-0.015,0.00185));
#12146=CARTESIAN_POINT('',(0.009,-0.015,0.00185));
#12147=CARTESIAN_POINT('',(0.009,-0.015,0.00185));
#12148=CARTESIAN_POINT('',(0.0071,-0.015,0.00185));
#12149=CARTESIAN_POINT('',(0.0071,-0.015,0.00185));
#12150=CARTESIAN_POINT('',(0.0071,-0.015,0.00245));
#12151=CARTESIAN_POINT('',(0.0071,-0.015,0.00245));
#12152=CARTESIAN_POINT('',(0.0071,-0.015,0.00305));
#12153=CARTESIAN_POINT('',(0.0071,-0.015,0.00305));
#12154=CARTESIAN_POINT('',(0.0072,-0.015,0.00305));
#12155=CARTESIAN_POINT('',(0.0072,-0.015,0.00305));
#12156=CARTESIAN_POINT('',(0.0072,-0.015,0.00315));
#12157=CARTESIAN_POINT('',(0.0072,-0.015,0.00315));
#12158=CARTESIAN_POINT('',(0.00725,-0.015,0.00315));
#12159=CARTESIAN_POINT('',(0.00725,-0.015,0.00315));
#12160=CARTESIAN_POINT('',(0.0073,-0.015,0.00315));
#12161=CARTESIAN_POINT('',(0.0073,-0.015,0.00315));
#12162=CARTESIAN_POINT('',(0.0073,-0.015,0.00345));
#12163=CARTESIAN_POINT('',(0.0073,-0.015,0.00345));
#12164=CARTESIAN_POINT('',(0.0076,-0.015,0.00345));
#12165=CARTESIAN_POINT('',(0.0076,-0.015,0.00345));
#12166=CARTESIAN_POINT('',(0.0076,-0.015,0.0035));
#12167=CARTESIAN_POINT('',(0.0076,-0.015,0.0035));
#12168=CARTESIAN_POINT('',(0.0076,-0.015,0.00355));
#12169=CARTESIAN_POINT('',(0.0076,-0.015,0.00355));
#12170=CARTESIAN_POINT('',(0.0077,-0.015,0.00355));
#12171=CARTESIAN_POINT('',(0.0077,-0.015,0.00355));
#12172=CARTESIAN_POINT('',(0.0077,-0.015,0.00365));
#12173=CARTESIAN_POINT('',(0.0077,-0.015,0.00365));
#12174=CARTESIAN_POINT('',(0.009,-0.015,0.00365));
#12175=CARTESIAN_POINT('',(0.009,-0.015,0.00365));
#12176=CARTESIAN_POINT('',(0.0103,-0.015,0.00365));
#12177=CARTESIAN_POINT('',(0.0103,-0.015,0.00365));
#12178=CARTESIAN_POINT('',(0.0103,-0.015,0.00355));
#12179=CARTESIAN_POINT('',(0.0103,-0.015,0.00355));
#12180=CARTESIAN_POINT('',(0.0104,-0.015,0.00355));
#12181=CARTESIAN_POINT('',(0.0104,-0.015,0.00355));
#12182=CARTESIAN_POINT('',(0.0104,-0.015,0.0035));
#12183=CARTESIAN_POINT('',(0.0104,-0.015,0.0035));
#12184=CARTESIAN_POINT('',(0.0104,-0.015,0.00345));
#12185=CARTESIAN_POINT('',(0.0104,-0.015,0.00345));
#12186=CARTESIAN_POINT('',(0.007,-0.015,0.0024));
#12187=CARTESIAN_POINT('',(0.007,-0.015,0.00305));
#12188=CARTESIAN_POINT('',(0.007,-0.0145,0.00305));
#12189=CARTESIAN_POINT('',(0.007,-0.0145,0.0024));
#12190=CARTESIAN_POINT('',(0.011,-0.015,0.0024));
#12191=CARTESIAN_POINT('',(0.011,-0.0145,0.0024));
#12192=CARTESIAN_POINT('',(0.011,-0.0145,0.00305));
#12193=CARTESIAN_POINT('',(0.011,-0.015,0.00305));
#12194=CARTESIAN_POINT('',(0.0108,-0.015,0.00305));
#12195=CARTESIAN_POINT('',(0.0108,-0.0145,0.00305));
#12196=CARTESIAN_POINT('',(0.0108,-0.0145,0.00325));
#12197=CARTESIAN_POINT('',(0.0108,-0.015,0.00325));
#12198=CARTESIAN_POINT('',(0.01075,-0.015,0.00325));
#12199=CARTESIAN_POINT('',(0.01075,-0.0145,0.00325));
#12200=CARTESIAN_POINT('',(0.0107,-0.0145,0.00325));
#12201=CARTESIAN_POINT('',(0.0107,-0.015,0.00325));
#12202=CARTESIAN_POINT('',(0.0107,-0.015,0.00345));
#12203=CARTESIAN_POINT('',(0.0107,-0.0145,0.00345));
#12204=CARTESIAN_POINT('',(0.0105,-0.0145,0.00345));
#12205=CARTESIAN_POINT('',(0.0105,-0.015,0.00345));
#12206=CARTESIAN_POINT('',(0.0105,-0.015,0.0035));
#12207=CARTESIAN_POINT('',(0.0105,-0.0145,0.0035));
#12208=CARTESIAN_POINT('',(0.0105,-0.0145,0.00355));
#12209=CARTESIAN_POINT('',(0.0105,-0.015,0.00355));
#12210=CARTESIAN_POINT('',(0.0103,-0.015,0.00355));
#12211=CARTESIAN_POINT('',(0.0103,-0.0145,0.00355));
#12212=CARTESIAN_POINT('',(0.0103,-0.0145,0.00375));
#12213=CARTESIAN_POINT('',(0.0103,-0.015,0.00375));
#12214=CARTESIAN_POINT('',(0.009,-0.015,0.00375));
#12215=CARTESIAN_POINT('',(0.009,-0.0145,0.00375));
#12216=CARTESIAN_POINT('',(0.0077,-0.0145,0.00375));
#12217=CARTESIAN_POINT('',(0.0077,-0.015,0.00375));
#12218=CARTESIAN_POINT('',(0.0077,-0.015,0.00355));
#12219=CARTESIAN_POINT('',(0.0077,-0.0145,0.00355));
#12220=CARTESIAN_POINT('',(0.0075,-0.0145,0.00355));
#12221=CARTESIAN_POINT('',(0.0075,-0.015,0.00355));
#12222=CARTESIAN_POINT('',(0.0075,-0.015,0.0035));
#12223=CARTESIAN_POINT('',(0.0075,-0.0145,0.0035));
#12224=CARTESIAN_POINT('',(0.0075,-0.0145,0.00345));
#12225=CARTESIAN_POINT('',(0.0075,-0.015,0.00345));
#12226=CARTESIAN_POINT('',(0.0073,-0.015,0.00345));
#12227=CARTESIAN_POINT('',(0.0073,-0.0145,0.00345));
#12228=CARTESIAN_POINT('',(0.0073,-0.0145,0.00325));
#12229=CARTESIAN_POINT('',(0.0073,-0.015,0.00325));
#12230=CARTESIAN_POINT('',(0.00725,-0.015,0.00325));
#12231=CARTESIAN_POINT('',(0.00725,-0.0145,0.00325));
#12232=CARTESIAN_POINT('',(0.0072,-0.0145,0.00325));
#12233=CARTESIAN_POINT('',(0.0072,-0.015,0.00325));
#12234=CARTESIAN_POINT('',(0.0072,-0.015,0.00305));
#12235=CARTESIAN_POINT('',(0.0072,-0.0145,0.00305));
#12236=CARTESIAN_POINT('',(0.0107,-0.015,0.00345));
#12237=CARTESIAN_POINT('',(0.0107,-0.015,0.00345));
#12238=CARTESIAN_POINT('',(0.009,-0.015,0.00275));
#12239=CARTESIAN_POINT('',(0.00790857864376267,-0.015,0.00319142135623731));
#12240=CARTESIAN_POINT('',(0.00765857864376267,-0.015,0.00319142135623731));
#12241=CARTESIAN_POINT('',(0.009,-0.015,0.00319142135623731));
#12242=CARTESIAN_POINT('',(0.00875,-0.015,0.00319142135623731));
#12243=CARTESIAN_POINT('',(0.0100914213562373,-0.015,0.00319142135623731));
#12244=CARTESIAN_POINT('',(0.0098414213562373,-0.015,0.00319142135623731));
#12245=CARTESIAN_POINT('',(0.009,-0.0145,0.00275));
#12246=CARTESIAN_POINT('',(0.00790857864376267,-0.0145,0.00319142135623731));
#12247=CARTESIAN_POINT('',(0.00765857864376267,-0.0145,0.00319142135623731));
#12248=CARTESIAN_POINT('',(0.009,-0.0145,0.00319142135623731));
#12249=CARTESIAN_POINT('',(0.00875,-0.0145,0.00319142135623731));
#12250=CARTESIAN_POINT('',(0.0100914213562373,-0.0145,0.00319142135623731));
#12251=CARTESIAN_POINT('',(0.0098414213562373,-0.0145,0.00319142135623731));
#12252=CARTESIAN_POINT('',(0.0100914213562373,-0.0655596082257249,0.00319142135623731));
#12253=CARTESIAN_POINT('',(0.009,-0.0655596082257249,0.00319142135623731));
#12254=CARTESIAN_POINT('',(0.00790857864376268,-0.0655596082257249,0.00319142135623731));
#12255=CARTESIAN_POINT('',(1.11889664200504E-16,-9.10729824887824E-18,0.0075));
#12256=CARTESIAN_POINT('',(0.,0.,0.0145));
#12257=CARTESIAN_POINT('',(-0.00929422863405995,-0.00190192378864668,0.0165131670194949));
#12258=CARTESIAN_POINT('',(-0.00990375124439516,-0.00225383183180088,0.0158454684535148));
#12259=CARTESIAN_POINT('',(-0.010509982548478,-0.00260383963840426,0.0151738020881627));
#12260=CARTESIAN_POINT('',(-0.0111144422615147,-0.00295282461644031,0.0145));
#12261=CARTESIAN_POINT('',(-0.00929422863405995,-0.00190192378864668,0.0165131670194948));
#12262=CARTESIAN_POINT('',(-0.0111144422615147,-0.00295282461644031,0.0145));
#12263=CARTESIAN_POINT('',(-0.00929422863405995,-0.00190192378864669,0.0165131670194949));
#12264=CARTESIAN_POINT('',(-0.00869550895564199,-0.00155625282114295,0.0171690315664784));
#12265=CARTESIAN_POINT('',(-0.00802858478460696,-0.00142943712108361,0.0178487876714616));
#12266=CARTESIAN_POINT('',(-0.00734136812666382,-0.00153437740755151,0.0185));
#12267=CARTESIAN_POINT('',(-0.00734136812666382,-0.00153437740755151,0.0185));
#12268=CARTESIAN_POINT('',(0.,0.,0.0185));
#12269=CARTESIAN_POINT('',(-0.00734136812666382,0.00153437740755151,0.0185));
#12270=CARTESIAN_POINT('',(-0.00734136812666382,0.00153437740755151,0.0185));
#12271=CARTESIAN_POINT('',(-0.00802895356119229,0.0014293808076633,0.0178484382156444));
#12272=CARTESIAN_POINT('',(-0.00869585705064623,0.00155645379388735,0.0171686502475064));
#12273=CARTESIAN_POINT('',(-0.00929422863405996,0.00190192378864669,0.0165131670194949));
#12274=CARTESIAN_POINT('',(-0.00929422863405995,0.00190192378864668,0.0165131670194948));
#12275=CARTESIAN_POINT('',(-0.0111144422615147,0.00295282461644031,0.0145));
#12276=CARTESIAN_POINT('',(-0.010509982548478,0.00260383963840427,0.0151738020881627));
#12277=CARTESIAN_POINT('',(-0.00990375124439516,0.00225383183180088,0.0158454684535148));
#12278=CARTESIAN_POINT('',(-0.00929422863405995,0.00190192378864669,0.0165131670194949));
#12279=CARTESIAN_POINT('',(-0.0111144422615147,0.00295282461644031,0.0145));
#12280=CARTESIAN_POINT('',(0.,0.,0.0145));
#12281=CARTESIAN_POINT('',(0.,0.,0.0145));
#12282=CARTESIAN_POINT('',(0.003,-0.0111018016555873,0.0145));
#12283=CARTESIAN_POINT('',(0.003,-0.0104038101335831,0.0151738229073541));
#12284=CARTESIAN_POINT('',(0.003,-0.00970378950600599,0.0158454936698038));
#12285=CARTESIAN_POINT('',(0.003,-0.009,0.0165131670194949));
#12286=CARTESIAN_POINT('',(0.003,-0.0111018016555873,0.0145));
#12287=CARTESIAN_POINT('',(0.003,-0.009,0.0165131670194948));
#12288=CARTESIAN_POINT('',(0.,0.,0.0145));
#12289=CARTESIAN_POINT('',(0.0081144422615147,-0.00814897703914695,0.0145));
#12290=CARTESIAN_POINT('',(0.00629422863405995,-0.00709807621135332,0.0165131670194949));
#12291=CARTESIAN_POINT('',(0.00690375124439516,-0.00744998425450752,0.0158454684535148));
#12292=CARTESIAN_POINT('',(0.00750998254847796,-0.0077999920611109,0.0151738020881627));
#12293=CARTESIAN_POINT('',(0.0081144422615147,-0.00814897703914695,0.0145));
#12294=CARTESIAN_POINT('',(0.00629422863405994,-0.00709807621135332,0.0165131670194948));
#12295=CARTESIAN_POINT('',(0.00629422863405995,-0.00709807621135332,0.0165131670194949));
#12296=CARTESIAN_POINT('',(0.00569551287468825,-0.00675240750651199,0.0171690272733783));
#12297=CARTESIAN_POINT('',(0.00525222135376584,-0.00623824007943822,0.0178487874099447));
#12298=CARTESIAN_POINT('',(0.00499949387726443,-0.00559062259244849,0.0185));
#12299=CARTESIAN_POINT('',(0.00499949387726442,-0.0055906225924485,0.0185));
#12300=CARTESIAN_POINT('',(0.,0.,0.0185));
#12301=CARTESIAN_POINT('',(0.0023418742493994,-0.007125,0.0185));
#12302=CARTESIAN_POINT('',(0.0023418742493994,-0.007125,0.0185));
#12303=CARTESIAN_POINT('',(0.00277659665210122,-0.00766796810694636,0.0178484382716644));
#12304=CARTESIAN_POINT('',(0.003,-0.00830905967862737,0.0171686505623307));
#12305=CARTESIAN_POINT('',(0.003,-0.009,0.0165131670194949));
#12306=CARTESIAN_POINT('',(0.,0.,0.0145));
#12307=CARTESIAN_POINT('',(0.,0.,0.0185));
#12308=CARTESIAN_POINT('',(-0.00499949387726443,-0.00559062259244849,0.0185));
#12309=CARTESIAN_POINT('',(-0.0023418742493994,-0.007125,0.0185));
#12310=CARTESIAN_POINT('',(-0.00499949387726443,-0.00559062259244849,0.0185));
#12311=CARTESIAN_POINT('',(-0.00525235699051738,-0.00623858765040041,0.0178484379095203));
#12312=CARTESIAN_POINT('',(-0.00569585862111846,-0.00675260712330654,0.0171686485271403));
#12313=CARTESIAN_POINT('',(-0.00629422863405995,-0.00709807621135332,0.0165131670194949));
#12314=CARTESIAN_POINT('',(-0.00629422863405995,-0.00709807621135331,0.0165131670194948));
#12315=CARTESIAN_POINT('',(-0.00811444226151471,-0.00814897703914694,0.0145));
#12316=CARTESIAN_POINT('',(-0.00750998254847797,-0.0077999920611109,0.0151738020881627));
#12317=CARTESIAN_POINT('',(-0.00690375124439516,-0.00744998425450751,0.0158454684535148));
#12318=CARTESIAN_POINT('',(-0.00629422863405995,-0.00709807621135332,0.0165131670194949));
#12319=CARTESIAN_POINT('',(-0.00811444226151471,-0.00814897703914694,0.0145));
#12320=CARTESIAN_POINT('',(0.,0.,0.0145));
#12321=CARTESIAN_POINT('',(-0.003,-0.0111018016555873,0.0145));
#12322=CARTESIAN_POINT('',(-0.003,-0.00900000000000001,0.0165131670194949));
#12323=CARTESIAN_POINT('',(-0.003,-0.00970383678102629,0.0158454488207816));
#12324=CARTESIAN_POINT('',(-0.003,-0.010403848488127,0.0151737858808724));
#12325=CARTESIAN_POINT('',(-0.003,-0.0111018016555873,0.0145));
#12326=CARTESIAN_POINT('',(-0.003,-0.009,0.0165131670194948));
#12327=CARTESIAN_POINT('',(-0.003,-0.00900000000000001,0.0165131670194949));
#12328=CARTESIAN_POINT('',(-0.003,-0.00830865723675733,0.0171690323522113));
#12329=CARTESIAN_POINT('',(-0.00277636350039288,-0.00766767690055597,0.0178487877193328));
#12330=CARTESIAN_POINT('',(-0.0023418742493994,-0.007125,0.0185));
#12331=CARTESIAN_POINT('',(0.,0.,0.0145));
#12332=CARTESIAN_POINT('',(0.,0.,0.0185));
#12333=CARTESIAN_POINT('',(0.00734136812666382,-0.00153437740755151,0.0185));
#12334=CARTESIAN_POINT('',(0.00734136812666382,0.00153437740755151,0.0185));
#12335=CARTESIAN_POINT('',(0.00734136812666382,-0.00153437740755151,0.0185));
#12336=CARTESIAN_POINT('',(0.00802895356119228,-0.0014293808076633,0.0178484382156444));
#12337=CARTESIAN_POINT('',(0.00869585705064623,-0.00155645379388735,0.0171686502475064));
#12338=CARTESIAN_POINT('',(0.00929422863405996,-0.00190192378864669,0.0165131670194949));
#12339=CARTESIAN_POINT('',(0.00929422863405995,-0.00190192378864669,0.0165131670194948));
#12340=CARTESIAN_POINT('',(0.0111144422615147,-0.00295282461644032,0.0145));
#12341=CARTESIAN_POINT('',(0.010509982548478,-0.00260383963840427,0.0151738020881627));
#12342=CARTESIAN_POINT('',(0.00990375124439516,-0.00225383183180089,0.0158454684535148));
#12343=CARTESIAN_POINT('',(0.00929422863405995,-0.00190192378864669,0.0165131670194949));
#12344=CARTESIAN_POINT('',(0.0111144422615147,-0.00295282461644032,0.0145));
#12345=CARTESIAN_POINT('',(0.,0.,0.0145));
#12346=CARTESIAN_POINT('',(0.0111144422615147,0.00295282461644031,0.0145));
#12347=CARTESIAN_POINT('',(0.00929422863405995,0.00190192378864669,0.0165131670194949));
#12348=CARTESIAN_POINT('',(0.00990375124439516,0.00225383183180088,0.0158454684535148));
#12349=CARTESIAN_POINT('',(0.010509982548478,0.00260383963840427,0.0151738020881627));
#12350=CARTESIAN_POINT('',(0.0111144422615147,0.00295282461644031,0.0145));
#12351=CARTESIAN_POINT('',(0.00929422863405995,0.00190192378864668,0.0165131670194948));
#12352=CARTESIAN_POINT('',(0.00929422863405995,0.00190192378864668,0.0165131670194949));
#12353=CARTESIAN_POINT('',(0.00869550895564199,0.00155625282114295,0.0171690315664784));
#12354=CARTESIAN_POINT('',(0.00802858478460695,0.00142943712108361,0.0178487876714616));
#12355=CARTESIAN_POINT('',(0.00734136812666382,0.00153437740755151,0.0185));
#12356=CARTESIAN_POINT('',(0.,0.,0.0145));
#12357=CARTESIAN_POINT('',(0.,0.,0.0185));
#12358=CARTESIAN_POINT('',(0.00499949387726443,0.00559062259244849,0.0185));
#12359=CARTESIAN_POINT('',(0.0023418742493994,0.007125,0.0185));
#12360=CARTESIAN_POINT('',(0.00499949387726443,0.00559062259244849,0.0185));
#12361=CARTESIAN_POINT('',(0.00525235699051739,0.00623858765040042,0.0178484379095203));
#12362=CARTESIAN_POINT('',(0.00569585862111846,0.00675260712330655,0.0171686485271403));
#12363=CARTESIAN_POINT('',(0.00629422863405996,0.00709807621135332,0.0165131670194949));
#12364=CARTESIAN_POINT('',(0.00629422863405995,0.00709807621135332,0.0165131670194948));
#12365=CARTESIAN_POINT('',(0.00811444226151471,0.00814897703914695,0.0145));
#12366=CARTESIAN_POINT('',(0.00750998254847797,0.0077999920611109,0.0151738020881627));
#12367=CARTESIAN_POINT('',(0.00690375124439516,0.00744998425450752,0.0158454684535148));
#12368=CARTESIAN_POINT('',(0.00629422863405996,0.00709807621135332,0.0165131670194949));
#12369=CARTESIAN_POINT('',(0.00811444226151471,0.00814897703914695,0.0145));
#12370=CARTESIAN_POINT('',(0.,0.,0.0145));
#12371=CARTESIAN_POINT('',(0.003,0.0111018016555873,0.0145));
#12372=CARTESIAN_POINT('',(0.003,0.009,0.0165131670194949));
#12373=CARTESIAN_POINT('',(0.003,0.00970383678102629,0.0158454488207816));
#12374=CARTESIAN_POINT('',(0.003,0.010403848488127,0.0151737858808724));
#12375=CARTESIAN_POINT('',(0.003,0.0111018016555873,0.0145));
#12376=CARTESIAN_POINT('',(0.003,0.009,0.0165131670194948));
#12377=CARTESIAN_POINT('',(0.003,0.00900000000000001,0.0165131670194949));
#12378=CARTESIAN_POINT('',(0.003,0.00830865723675733,0.0171690323522113));
#12379=CARTESIAN_POINT('',(0.00277636350039288,0.00766767690055598,0.0178487877193328));
#12380=CARTESIAN_POINT('',(0.0023418742493994,0.007125,0.0185));
#12381=CARTESIAN_POINT('',(0.,0.,0.0145));
#12382=CARTESIAN_POINT('',(0.,0.,0.0185));
#12383=CARTESIAN_POINT('',(-0.0023418742493994,0.007125,0.0185));
#12384=CARTESIAN_POINT('',(-0.00499949387726443,0.00559062259244849,0.0185));
#12385=CARTESIAN_POINT('',(-0.0023418742493994,0.007125,0.0185));
#12386=CARTESIAN_POINT('',(-0.00277659665210122,0.00766796810694636,0.0178484382716644));
#12387=CARTESIAN_POINT('',(-0.003,0.00830905967862737,0.0171686505623307));
#12388=CARTESIAN_POINT('',(-0.003,0.009,0.0165131670194949));
#12389=CARTESIAN_POINT('',(-0.003,0.009,0.0165131670194948));
#12390=CARTESIAN_POINT('',(-0.003,0.0111018016555873,0.0145));
#12391=CARTESIAN_POINT('',(-0.003,0.0104038101335831,0.0151738229073541));
#12392=CARTESIAN_POINT('',(-0.003,0.00970378950600599,0.0158454936698038));
#12393=CARTESIAN_POINT('',(-0.003,0.009,0.0165131670194949));
#12394=CARTESIAN_POINT('',(-0.003,0.0111018016555873,0.0145));
#12395=CARTESIAN_POINT('',(0.,0.,0.0145));
#12396=CARTESIAN_POINT('',(-0.0081144422615147,0.00814897703914695,0.0145));
#12397=CARTESIAN_POINT('',(-0.00629422863405996,0.00709807621135332,0.0165131670194949));
#12398=CARTESIAN_POINT('',(-0.00690375124439516,0.00744998425450751,0.0158454684535148));
#12399=CARTESIAN_POINT('',(-0.00750998254847796,0.0077999920611109,0.0151738020881627));
#12400=CARTESIAN_POINT('',(-0.00811444226151471,0.00814897703914694,0.0145));
#12401=CARTESIAN_POINT('',(-0.00629422863405995,0.00709807621135332,0.0165131670194948));
#12402=CARTESIAN_POINT('',(-0.00629422863405996,0.00709807621135332,0.0165131670194948));
#12403=CARTESIAN_POINT('',(-0.00569551287468825,0.00675240750651199,0.0171690272733783));
#12404=CARTESIAN_POINT('',(-0.00525222135376584,0.00623824007943822,0.0178487874099447));
#12405=CARTESIAN_POINT('',(-0.00499949387726443,0.00559062259244849,0.0185));
#12406=CARTESIAN_POINT('',(0.00425,0.,0.0185));
#12407=CARTESIAN_POINT('',(0.0045,-2.16840434497101E-19,0.0185));
#12408=CARTESIAN_POINT('',(0.0055,-2.16840434497101E-19,0.0185));
#12409=CARTESIAN_POINT('',(0.,-0.0045,0.0185));
#12410=CARTESIAN_POINT('',(0.001,-0.0045,0.0185));
#12411=CARTESIAN_POINT('',(-0.0045,8.67361737988404E-19,0.0185));
#12412=CARTESIAN_POINT('',(-0.0035,8.67361737988404E-19,0.0185));
#12413=CARTESIAN_POINT('',(6.50521303491303E-19,0.0045,0.0185));
#12414=CARTESIAN_POINT('',(0.001,0.0045,0.0185));
#12415=CARTESIAN_POINT('',(0.,0.,0.0185));
#12416=CARTESIAN_POINT('',(0.001,0.,0.0185));
#12417=CARTESIAN_POINT('',(-0.00779422863405995,-0.0045,0.0185));
#12418=CARTESIAN_POINT('',(-1.3010426069826E-18,-0.009,0.0185));
#12419=CARTESIAN_POINT('',(0.00779422863405995,-0.0045,0.0185));
#12420=CARTESIAN_POINT('',(0.00779422863405995,0.0045,0.0185));
#12421=CARTESIAN_POINT('',(0.,0.009,0.0185));
#12422=CARTESIAN_POINT('',(-0.00779422863405995,0.0045,0.0185));
#12423=CARTESIAN_POINT('',(0.0105,0.,0.0048));
#12424=CARTESIAN_POINT('',(0.,0.,0.0048));
#12425=CARTESIAN_POINT('',(0.0115,0.,0.0048));
#12426=CARTESIAN_POINT('',(0.,0.,0.0048));
#12427=CARTESIAN_POINT('',(0.0095,0.,0.0048));
#12428=CARTESIAN_POINT('',(0.,0.,0.011));
#12429=CARTESIAN_POINT('',(0.,0.,0.0145));
#12430=CARTESIAN_POINT('',(0.,0.,0.0145));
#12431=CARTESIAN_POINT('',(0.,0.,0.0145));
#12432=CARTESIAN_POINT('',(0.,0.,0.0145));
#12433=CARTESIAN_POINT('',(0.,0.,0.0145));
#12434=CARTESIAN_POINT('',(0.,0.,0.0145));
#12435=CARTESIAN_POINT('',(0.,0.,0.011));
#12436=CARTESIAN_POINT('',(0.,0.,0.022));
#12437=CARTESIAN_POINT('',(0.001,0.,0.022));
#12438=CARTESIAN_POINT('',(0.0005,0.,0.022));
#12439=CARTESIAN_POINT('',(0.0005,0.,-0.0018));
#12440=CARTESIAN_POINT('',(0.,0.,-0.0018));
#12441=CARTESIAN_POINT('',(0.001,0.,-0.0018));
#12442=CARTESIAN_POINT('',(0.,0.,0.011));
#12443=CARTESIAN_POINT('',(0.,0.,0.));
#12444=CARTESIAN_POINT('',(0.001,0.,0.));
#12445=CARTESIAN_POINT('',(0.00525,0.,-5.42101086242752E-20));
#12446=CARTESIAN_POINT('',(-0.008,-6.12323399573677E-20,-5.42101086242752E-20));
#12447=CARTESIAN_POINT('',(-0.009,-6.12323399573677E-20,-5.42101086242752E-20));
#12448=CARTESIAN_POINT('',(0.,-0.006,-5.42101086242752E-20));
#12449=CARTESIAN_POINT('',(-0.001,-0.006,-5.42101086242752E-20));
#12450=CARTESIAN_POINT('',(0.,0.006,-5.42101086242752E-20));
#12451=CARTESIAN_POINT('',(-0.001,0.006,-5.42101086242752E-20));
#12452=CARTESIAN_POINT('',(0.008,-6.12323399573677E-20,-5.42101086242752E-20));
#12453=CARTESIAN_POINT('',(0.007,-6.12323399573677E-20,-5.42101086242752E-20));
#12454=CARTESIAN_POINT('',(0.,0.,0.));
#12455=CARTESIAN_POINT('',(0.0095,0.,0.));
#12456=CARTESIAN_POINT('',(0.,0.,0.));
#12457=CARTESIAN_POINT('',(0.,0.,0.002));
#12458=CARTESIAN_POINT('',(0.0115,0.,0.002));
#12459=CARTESIAN_POINT('',(0.,0.,0.011));
#12460=CARTESIAN_POINT('',(0.,0.,0.003));
#12461=CARTESIAN_POINT('',(0.0115,0.,0.003));
#12462=CARTESIAN_POINT('',(0.01125,0.,0.003));
#12463=CARTESIAN_POINT('',(0.,0.,0.003));
#12464=CARTESIAN_POINT('',(0.011,0.,0.003));
#12465=CARTESIAN_POINT('',(0.,0.,0.011));
#12466=CARTESIAN_POINT('',(0.,0.,0.0035));
#12467=CARTESIAN_POINT('',(0.011,0.,0.0035));
#12468=CARTESIAN_POINT('',(0.01125,0.,0.0035));
#12469=CARTESIAN_POINT('',(0.,0.,0.0035));
#12470=CARTESIAN_POINT('',(0.0115,0.,0.0035));
#12471=CARTESIAN_POINT('',(0.,0.,0.011));
#12472=CARTESIAN_POINT('',(0.,0.,0.0045));
#12473=CARTESIAN_POINT('',(0.0115,0.,0.0045));
#12474=CARTESIAN_POINT('',(0.0105,0.,0.0045));
#12475=CARTESIAN_POINT('',(0.,0.,0.0045));
#12476=CARTESIAN_POINT('',(0.0095,0.,0.0045));
#12477=CARTESIAN_POINT('',(0.,0.,0.011));
#12478=CARTESIAN_POINT('',(-0.0121913033061841,0.00357455063046001,0.0145));
#12479=CARTESIAN_POINT('',(-0.00929422863405995,0.00190192378864668,0.0145));
#12480=CARTESIAN_POINT('',(-0.00929422863405995,0.00190192378864668,0.0150989534571218));
#12481=CARTESIAN_POINT('',(-0.00929422863405996,0.00190192378864669,0.0150989534571218));
#12482=CARTESIAN_POINT('',(-0.00947617042257792,0.00200696792922438,0.0148996462136735));
#12483=CARTESIAN_POINT('',(-0.00965781109218424,0.00211183821871737,0.0146999736612924));
#12484=CARTESIAN_POINT('',(-0.00983920356203541,0.00221656521001492,0.0145));
#12485=CARTESIAN_POINT('',(-0.00983920356203541,0.00221656521001491,0.0145));
#12486=CARTESIAN_POINT('',(-0.0121913033061841,0.00357455063046001,0.0145));
#12487=CARTESIAN_POINT('',(-0.00779422863405995,0.0045,0.0145));
#12488=CARTESIAN_POINT('',(-0.00629422863405995,0.00709807621135332,0.0145));
#12489=CARTESIAN_POINT('',(-0.00629422863405995,0.00709807621135332,0.0150989534571218));
#12490=CARTESIAN_POINT('',(-0.00486572091046777,0.00515103188313702,0.0175));
#12491=CARTESIAN_POINT('',(-0.00505712785091827,0.00601202919828767,0.0167426588888287));
#12492=CARTESIAN_POINT('',(-0.00556449517605107,0.00667676440293522,0.0158983364089572));
#12493=CARTESIAN_POINT('',(-0.00629422863405996,0.00709807621135332,0.0150989534571218));
#12494=CARTESIAN_POINT('',(-0.00486572091046777,0.00515103188313702,0.0175));
#12495=CARTESIAN_POINT('',(-0.00779422863405995,0.0045,0.0175));
#12496=CARTESIAN_POINT('',(-0.00689378492173414,0.00163832197462172,0.0175));
#12497=CARTESIAN_POINT('',(-0.00929422863405996,0.00190192378864669,0.0150989534571218));
#12498=CARTESIAN_POINT('',(-0.00856438774712294,0.001480549956108,0.0158984540914517));
#12499=CARTESIAN_POINT('',(-0.00773517495830243,0.0013735736831219,0.0167426219656881));
#12500=CARTESIAN_POINT('',(-0.00689378492173414,0.00163832197462172,0.0175));
#12501=CARTESIAN_POINT('',(-0.0091913033061841,0.00877070305316664,0.0145));
#12502=CARTESIAN_POINT('',(-0.0091913033061841,0.00877070305316664,0.0145));
#12503=CARTESIAN_POINT('',(-0.00683920356203541,0.00741271763272155,0.0145));
#12504=CARTESIAN_POINT('',(-0.00683920356203541,0.00741271763272155,0.0145));
#12505=CARTESIAN_POINT('',(-0.00665781109218424,0.007307990641424,0.0146999736612924));
#12506=CARTESIAN_POINT('',(-0.00647617042257793,0.00720312035193101,0.0148996462136735));
#12507=CARTESIAN_POINT('',(-0.00629422863405996,0.00709807621135332,0.0150989534571218));
#12508=CARTESIAN_POINT('',(0.,0.,0.0145));
#12509=CARTESIAN_POINT('',(0.,0.,0.0145));
#12510=CARTESIAN_POINT('',(0.,0.009,0.0145));
#12511=CARTESIAN_POINT('',(0.003,0.009,0.0145));
#12512=CARTESIAN_POINT('',(0.003,0.009,0.0150989534571218));
#12513=CARTESIAN_POINT('',(0.00202806401126637,0.00678935385775874,0.0175));
#12514=CARTESIAN_POINT('',(0.0026780046713356,0.00738561448805968,0.0167426605402313));
#12515=CARTESIAN_POINT('',(0.003,0.0081573715955688,0.0158983409508686));
#12516=CARTESIAN_POINT('',(0.003,0.00900000000000001,0.0150989534571218));
#12517=CARTESIAN_POINT('',(0.00202806401126637,0.00678935385775874,0.0175));
#12518=CARTESIAN_POINT('',(0.,0.009,0.0175));
#12519=CARTESIAN_POINT('',(-0.00202806401126637,0.00678935385775874,0.0175));
#12520=CARTESIAN_POINT('',(-0.003,0.00900000000000001,0.0150989534571218));
#12521=CARTESIAN_POINT('',(-0.003,0.00815725143567626,0.0158984549445517));
#12522=CARTESIAN_POINT('',(-0.00267803759480326,0.00738564469230567,0.0167426221763579));
#12523=CARTESIAN_POINT('',(-0.00202806401126637,0.00678935385775874,0.0175));
#12524=CARTESIAN_POINT('',(-0.003,0.009,0.0150989534571218));
#12525=CARTESIAN_POINT('',(-0.003,0.009,0.0145));
#12526=CARTESIAN_POINT('',(0.003,0.0123452536836266,0.0145));
#12527=CARTESIAN_POINT('',(0.003,0.0123452536836266,0.0145));
#12528=CARTESIAN_POINT('',(0.003,0.00962928284273646,0.0145));
#12529=CARTESIAN_POINT('',(0.003,0.00962928284273646,0.0145));
#12530=CARTESIAN_POINT('',(0.003,0.00941982774245247,0.0146999747283924));
#12531=CARTESIAN_POINT('',(0.003,0.00921008708570634,0.0148996473477761));
#12532=CARTESIAN_POINT('',(0.003,0.00900000000000001,0.0150989534571218));
#12533=CARTESIAN_POINT('',(-0.003,0.0123452536836266,0.0145));
#12534=CARTESIAN_POINT('',(-0.003,0.00900000000000001,0.0150989534571218));
#12535=CARTESIAN_POINT('',(-0.003,0.00921008541068466,0.0148996489368411));
#12536=CARTESIAN_POINT('',(-0.003,0.00941982617634415,0.0146999762236154));
#12537=CARTESIAN_POINT('',(-0.003,0.00962928284273646,0.0145));
#12538=CARTESIAN_POINT('',(-0.003,0.00962928284273646,0.0145));
#12539=CARTESIAN_POINT('',(-0.003,0.0123452536836266,0.0145));
#12540=CARTESIAN_POINT('',(0.,0.,0.0145));
#12541=CARTESIAN_POINT('',(0.,0.,0.0145));
#12542=CARTESIAN_POINT('',(0.00779422863405995,0.0045,0.0145));
#12543=CARTESIAN_POINT('',(0.00929422863405995,0.00190192378864668,0.0145));
#12544=CARTESIAN_POINT('',(0.00929422863405995,0.00190192378864668,0.0150989534571218));
#12545=CARTESIAN_POINT('',(0.00689378492173414,0.00163832197462172,0.0175));
#12546=CARTESIAN_POINT('',(0.00773513238867734,0.00137358707790318,0.0167426602847762));
#12547=CARTESIAN_POINT('',(0.00856449167124798,0.00148060995672957,0.0158983402482766));
#12548=CARTESIAN_POINT('',(0.00929422863405996,0.00190192378864669,0.0150989534571218));
#12549=CARTESIAN_POINT('',(0.00689378492173414,0.00163832197462172,0.0175));
#12550=CARTESIAN_POINT('',(0.00779422863405995,0.0045,0.0175));
#12551=CARTESIAN_POINT('',(0.00486572091046777,0.00515103188313702,0.0175));
#12552=CARTESIAN_POINT('',(0.00629422863405996,0.00709807621135332,0.0150989534571218));
#12553=CARTESIAN_POINT('',(0.00556439200202636,0.00667670483538428,0.0158984494304386));
#12554=CARTESIAN_POINT('',(0.00505713747366155,0.00601207248384517,0.0167426208144565));
#12555=CARTESIAN_POINT('',(0.00486572091046777,0.00515103188313702,0.0175));
#12556=CARTESIAN_POINT('',(0.00629422863405995,0.00709807621135332,0.0150989534571218));
#12557=CARTESIAN_POINT('',(0.00629422863405995,0.00709807621135332,0.0145));
#12558=CARTESIAN_POINT('',(0.0121913033061841,0.00357455063046001,0.0145));
#12559=CARTESIAN_POINT('',(0.0121913033061841,0.00357455063046001,0.0145));
#12560=CARTESIAN_POINT('',(0.00983920356203541,0.00221656521001491,0.0145));
#12561=CARTESIAN_POINT('',(0.00983920356203541,0.00221656521001492,0.0145));
#12562=CARTESIAN_POINT('',(0.00965781109218424,0.00211183821871737,0.0146999736612924));
#12563=CARTESIAN_POINT('',(0.00947617042257792,0.00200696792922438,0.0148996462136735));
#12564=CARTESIAN_POINT('',(0.00929422863405996,0.00190192378864669,0.0150989534571218));
#12565=CARTESIAN_POINT('',(0.0091913033061841,0.00877070305316664,0.0145));
#12566=CARTESIAN_POINT('',(0.00629422863405996,0.00709807621135332,0.0150989534571218));
#12567=CARTESIAN_POINT('',(0.00647617042257793,0.00720312035193101,0.0148996462136735));
#12568=CARTESIAN_POINT('',(0.00665781109218424,0.007307990641424,0.0146999736612924));
#12569=CARTESIAN_POINT('',(0.00683920356203541,0.00741271763272155,0.0145));
#12570=CARTESIAN_POINT('',(0.00683920356203541,0.00741271763272155,0.0145));
#12571=CARTESIAN_POINT('',(0.0091913033061841,0.00877070305316664,0.0145));
#12572=CARTESIAN_POINT('',(0.,0.,0.0145));
#12573=CARTESIAN_POINT('',(0.,0.,0.0145));
#12574=CARTESIAN_POINT('',(0.00779422863405995,-0.0045,0.0145));
#12575=CARTESIAN_POINT('',(0.00629422863405994,-0.00709807621135332,0.0145));
#12576=CARTESIAN_POINT('',(0.00629422863405994,-0.00709807621135332,0.0150989534571218));
#12577=CARTESIAN_POINT('',(0.00486572091046777,-0.00515103188313702,0.0175));
#12578=CARTESIAN_POINT('',(0.00505712785091827,-0.00601202919828767,0.0167426588888287));
#12579=CARTESIAN_POINT('',(0.00556449517605107,-0.00667676440293522,0.0158983364089572));
#12580=CARTESIAN_POINT('',(0.00629422863405996,-0.00709807621135332,0.0150989534571218));
#12581=CARTESIAN_POINT('',(0.00486572091046776,-0.00515103188313702,0.0175));
#12582=CARTESIAN_POINT('',(0.00779422863405995,-0.0045,0.0175));
#12583=CARTESIAN_POINT('',(0.00689378492173414,-0.00163832197462173,0.0175));
#12584=CARTESIAN_POINT('',(0.00929422863405996,-0.00190192378864669,0.0150989534571218));
#12585=CARTESIAN_POINT('',(0.00856438774712294,-0.001480549956108,0.0158984540914517));
#12586=CARTESIAN_POINT('',(0.00773517495830243,-0.00137357368312189,0.0167426219656881));
#12587=CARTESIAN_POINT('',(0.00689378492173414,-0.00163832197462172,0.0175));
#12588=CARTESIAN_POINT('',(0.00929422863405995,-0.00190192378864669,0.0150989534571218));
#12589=CARTESIAN_POINT('',(0.00929422863405995,-0.00190192378864669,0.0145));
#12590=CARTESIAN_POINT('',(0.0091913033061841,-0.00877070305316665,0.0145));
#12591=CARTESIAN_POINT('',(0.0091913033061841,-0.00877070305316665,0.0145));
#12592=CARTESIAN_POINT('',(0.00683920356203541,-0.00741271763272155,0.0145));
#12593=CARTESIAN_POINT('',(0.00683920356203541,-0.00741271763272155,0.0145));
#12594=CARTESIAN_POINT('',(0.00665781109218423,-0.007307990641424,0.0146999736612924));
#12595=CARTESIAN_POINT('',(0.00647617042257792,-0.00720312035193102,0.0148996462136735));
#12596=CARTESIAN_POINT('',(0.00629422863405995,-0.00709807621135332,0.0150989534571218));
#12597=CARTESIAN_POINT('',(0.0121913033061841,-0.00357455063046002,0.0145));
#12598=CARTESIAN_POINT('',(0.00929422863405996,-0.00190192378864669,0.0150989534571218));
#12599=CARTESIAN_POINT('',(0.00947617042257792,-0.00200696792922439,0.0148996462136735));
#12600=CARTESIAN_POINT('',(0.00965781109218424,-0.00211183821871737,0.0146999736612924));
#12601=CARTESIAN_POINT('',(0.00983920356203541,-0.00221656521001492,0.0145));
#12602=CARTESIAN_POINT('',(0.00983920356203541,-0.00221656521001492,0.0145));
#12603=CARTESIAN_POINT('',(0.0121913033061841,-0.00357455063046002,0.0145));
#12604=CARTESIAN_POINT('',(0.,0.,0.0145));
#12605=CARTESIAN_POINT('',(0.,0.,0.0145));
#12606=CARTESIAN_POINT('',(0.003,-0.0123452536836266,0.0145));
#12607=CARTESIAN_POINT('',(0.003,-0.009,0.0145));
#12608=CARTESIAN_POINT('',(0.003,-0.009,0.0150989534571218));
#12609=CARTESIAN_POINT('',(0.003,-0.00900000000000001,0.0150989534571218));
#12610=CARTESIAN_POINT('',(0.003,-0.00921008541068466,0.0148996489368411));
#12611=CARTESIAN_POINT('',(0.003,-0.00941982617634415,0.0146999762236154));
#12612=CARTESIAN_POINT('',(0.003,-0.00962928284273646,0.0145));
#12613=CARTESIAN_POINT('',(0.003,-0.00962928284273646,0.0145));
#12614=CARTESIAN_POINT('',(0.003,-0.0123452536836266,0.0145));
#12615=CARTESIAN_POINT('',(-1.3010426069826E-18,-0.009,0.0145));
#12616=CARTESIAN_POINT('',(-0.003,-0.009,0.0145));
#12617=CARTESIAN_POINT('',(-0.003,-0.009,0.0150989534571218));
#12618=CARTESIAN_POINT('',(-0.00202806401126637,-0.00678935385775874,0.0175));
#12619=CARTESIAN_POINT('',(-0.00267800467133561,-0.00738561448805968,0.0167426605402313));
#12620=CARTESIAN_POINT('',(-0.003,-0.0081573715955688,0.0158983409508686));
#12621=CARTESIAN_POINT('',(-0.003,-0.00900000000000001,0.0150989534571218));
#12622=CARTESIAN_POINT('',(-0.00202806401126637,-0.00678935385775874,0.0175));
#12623=CARTESIAN_POINT('',(-1.3010426069826E-18,-0.009,0.0175));
#12624=CARTESIAN_POINT('',(0.00202806401126637,-0.00678935385775874,0.0175));
#12625=CARTESIAN_POINT('',(0.003,-0.00900000000000001,0.0150989534571218));
#12626=CARTESIAN_POINT('',(0.003,-0.00815725143567626,0.0158984549445517));
#12627=CARTESIAN_POINT('',(0.00267803759480326,-0.00738564469230567,0.0167426221763579));
#12628=CARTESIAN_POINT('',(0.00202806401126637,-0.00678935385775874,0.0175));
#12629=CARTESIAN_POINT('',(-0.003,-0.0123452536836266,0.0145));
#12630=CARTESIAN_POINT('',(-0.003,-0.0123452536836266,0.0145));
#12631=CARTESIAN_POINT('',(-0.003,-0.00962928284273646,0.0145));
#12632=CARTESIAN_POINT('',(-0.003,-0.00962928284273646,0.0145));
#12633=CARTESIAN_POINT('',(-0.003,-0.00941982774245247,0.0146999747283924));
#12634=CARTESIAN_POINT('',(-0.003,-0.00921008708570634,0.0148996473477761));
#12635=CARTESIAN_POINT('',(-0.003,-0.00900000000000001,0.0150989534571218));
#12636=CARTESIAN_POINT('',(0.,0.,0.0145));
#12637=CARTESIAN_POINT('',(0.,0.,0.0145));
#12638=CARTESIAN_POINT('',(-0.00779422863405995,-0.0045,0.0145));
#12639=CARTESIAN_POINT('',(-0.00929422863405995,-0.00190192378864668,0.0145));
#12640=CARTESIAN_POINT('',(-0.00929422863405995,-0.00190192378864668,0.0150989534571218));
#12641=CARTESIAN_POINT('',(-0.00689378492173414,-0.00163832197462172,0.0175));
#12642=CARTESIAN_POINT('',(-0.00773513238867734,-0.00137358707790318,0.0167426602847762));
#12643=CARTESIAN_POINT('',(-0.00856449167124798,-0.00148060995672957,0.0158983402482766));
#12644=CARTESIAN_POINT('',(-0.00929422863405996,-0.00190192378864669,0.0150989534571218));
#12645=CARTESIAN_POINT('',(-0.00689378492173414,-0.00163832197462172,0.0175));
#12646=CARTESIAN_POINT('',(-0.00779422863405995,-0.0045,0.0175));
#12647=CARTESIAN_POINT('',(-0.00486572091046777,-0.00515103188313702,0.0175));
#12648=CARTESIAN_POINT('',(-0.00629422863405996,-0.00709807621135332,0.0150989534571218));
#12649=CARTESIAN_POINT('',(-0.00556439200202636,-0.00667670483538427,0.0158984494304386));
#12650=CARTESIAN_POINT('',(-0.00505713747366155,-0.00601207248384517,0.0167426208144565));
#12651=CARTESIAN_POINT('',(-0.00486572091046777,-0.00515103188313702,0.0175));
#12652=CARTESIAN_POINT('',(-0.00629422863405995,-0.00709807621135331,0.0150989534571218));
#12653=CARTESIAN_POINT('',(-0.00629422863405995,-0.00709807621135331,0.0145));
#12654=CARTESIAN_POINT('',(-0.0121913033061841,-0.00357455063046001,0.0145));
#12655=CARTESIAN_POINT('',(-0.0121913033061841,-0.00357455063046001,0.0145));
#12656=CARTESIAN_POINT('',(-0.00983920356203541,-0.00221656521001491,0.0145));
#12657=CARTESIAN_POINT('',(-0.00983920356203541,-0.00221656521001491,0.0145));
#12658=CARTESIAN_POINT('',(-0.00965781109218424,-0.00211183821871736,0.0146999736612924));
#12659=CARTESIAN_POINT('',(-0.00947617042257792,-0.00200696792922438,0.0148996462136735));
#12660=CARTESIAN_POINT('',(-0.00929422863405996,-0.00190192378864668,0.0150989534571218));
#12661=CARTESIAN_POINT('',(-0.0091913033061841,-0.00877070305316664,0.0145));
#12662=CARTESIAN_POINT('',(-0.00629422863405995,-0.00709807621135332,0.0150989534571218));
#12663=CARTESIAN_POINT('',(-0.00647617042257793,-0.00720312035193101,0.0148996462136735));
#12664=CARTESIAN_POINT('',(-0.00665781109218424,-0.007307990641424,0.0146999736612924));
#12665=CARTESIAN_POINT('',(-0.00683920356203542,-0.00741271763272155,0.0145));
#12666=CARTESIAN_POINT('',(-0.00683920356203542,-0.00741271763272155,0.0145));
#12667=CARTESIAN_POINT('',(-0.0091913033061841,-0.00877070305316664,0.0145));
#12668=CARTESIAN_POINT('',(0.,0.,0.0145));
#12669=CARTESIAN_POINT('',(0.,0.,0.0145));
#12670=CARTESIAN_POINT('',(6.50521303491303E-19,0.0045,0.0145));
#12671=CARTESIAN_POINT('',(6.50521303491303E-19,0.0045,0.0175));
#12672=CARTESIAN_POINT('',(0.001,0.0045,0.0175));
#12673=CARTESIAN_POINT('',(-0.0045,8.67361737988404E-19,0.0145));
#12674=CARTESIAN_POINT('',(-0.0045,8.67361737988404E-19,0.0175));
#12675=CARTESIAN_POINT('',(-0.0035,8.67361737988404E-19,0.0175));
#12676=CARTESIAN_POINT('',(0.,-0.0045,0.0145));
#12677=CARTESIAN_POINT('',(0.,-0.0045,0.0175));
#12678=CARTESIAN_POINT('',(0.001,-0.0045,0.0175));
#12679=CARTESIAN_POINT('',(0.0045,-2.16840434497101E-19,0.0145));
#12680=CARTESIAN_POINT('',(0.0045,-2.16840434497101E-19,0.0175));
#12681=CARTESIAN_POINT('',(0.0055,-2.16840434497101E-19,0.0175));
#12682=CARTESIAN_POINT('',(0.,0.,0.011));
#12683=CARTESIAN_POINT('',(0.,0.,0.0175));
#12684=CARTESIAN_POINT('',(0.002,0.,0.0175));
#12685=CARTESIAN_POINT('',(0.,0.,0.0165));
#12686=CARTESIAN_POINT('',(0.002,0.,0.0165));
#12687=CARTESIAN_POINT('',(0.00454289321881345,0.,0.0175));
#12688=CARTESIAN_POINT('',(0.,0.,0.0175));
#12689=CARTESIAN_POINT('',(0.,0.,0.0175));
#12690=CARTESIAN_POINT('',(0.,0.,0.0175));
#12691=CARTESIAN_POINT('',(0.,0.,0.0175));
#12692=CARTESIAN_POINT('',(0.,0.,0.0175));
#12693=CARTESIAN_POINT('',(0.,0.,0.0175));
#12694=CARTESIAN_POINT('',(0.,0.,0.0175));
#12695=CARTESIAN_POINT('',(0.,0.,0.0140857864376269));
#12696=CARTESIAN_POINT('',(0.0105,0.,0.0140857864376269));
#12697=CARTESIAN_POINT('',(0.,0.,0.011));
#12698=CARTESIAN_POINT('',(0.,0.,0.0128639316246899));
#12699=CARTESIAN_POINT('',(0.0105,0.,0.0128639316246899));
#12700=CARTESIAN_POINT('',(0.00575,0.,0.0128639316246899));
#12701=CARTESIAN_POINT('',(0.,0.,0.0128639316246899));
#12702=CARTESIAN_POINT('',(0.001,0.,0.0128639316246899));
#12703=CARTESIAN_POINT('',(0.,0.,0.011));
#12704=CARTESIAN_POINT('',(0.,0.,0.0165));
#12705=CARTESIAN_POINT('',(0.001,0.,0.0165));
#12706=CARTESIAN_POINT('',(0.0015,0.,0.0165));
#12707=CARTESIAN_POINT('',(0.008,-6.12323399573677E-20,0.003));
#12708=CARTESIAN_POINT('',(0.008,-6.12323399573677E-20,0.003));
#12709=CARTESIAN_POINT('',(0.007,-6.12323399573677E-20,0.003));
#12710=CARTESIAN_POINT('',(0.,0.,0.003));
#12711=CARTESIAN_POINT('',(0.,0.006,0.003));
#12712=CARTESIAN_POINT('',(0.,0.006,0.003));
#12713=CARTESIAN_POINT('',(-0.001,0.006,0.003));
#12714=CARTESIAN_POINT('',(0.,0.,0.003));
#12715=CARTESIAN_POINT('',(0.,-0.006,0.003));
#12716=CARTESIAN_POINT('',(0.,-0.006,0.003));
#12717=CARTESIAN_POINT('',(-0.001,-0.006,0.003));
#12718=CARTESIAN_POINT('',(0.,0.,0.003));
#12719=CARTESIAN_POINT('',(-0.008,-6.12323399573677E-20,0.003));
#12720=CARTESIAN_POINT('',(-0.008,-6.12323399573677E-20,0.003));
#12721=CARTESIAN_POINT('',(-0.009,-6.12323399573677E-20,0.003));
#12722=CARTESIAN_POINT('',(0.,0.,0.003));
#12723=CARTESIAN_POINT('',(0.0848528137423856,0.0848528137423859,0.0125));
#12724=CARTESIAN_POINT('',(0.,9.18485099360515E-20,0.006));
#12725=CARTESIAN_POINT('',(0.,9.18485099360515E-20,0.006));
#12726=CARTESIAN_POINT('',(0.0015,9.18485099360515E-20,0.006));
#12727=CARTESIAN_POINT('',(0.,9.18485099360515E-20,0.));
#12728=CARTESIAN_POINT('',(0.0015,9.18485099360515E-20,0.));
#12729=CARTESIAN_POINT('',(0.,1.53080849893419E-19,0.006));
#12730=CARTESIAN_POINT('',(0.,1.53080849893419E-19,0.006));
#12731=CARTESIAN_POINT('',(0.0025,1.53080849893419E-19,0.006));
#12732=CARTESIAN_POINT('',(0.,1.53080849893419E-19,0.));
#12733=CARTESIAN_POINT('',(0.0025,1.53080849893419E-19,0.));
#12734=CARTESIAN_POINT('',(0.,0.,0.006));
#12735=CARTESIAN_POINT('',(0.,0.,0.));
#12736=CARTESIAN_POINT('',(-0.01525,0.01525,0.00925));
#12737=CARTESIAN_POINT('',(0.,7.65404249467096E-20,0.0039));
#12738=CARTESIAN_POINT('',(0.,7.65404249467096E-20,0.0003));
#12739=CARTESIAN_POINT('',(0.00125,7.65404249467096E-20,0.0003));
#12740=CARTESIAN_POINT('',(0.,7.65404249467096E-20,0.0039));
#12741=CARTESIAN_POINT('',(0.00125,7.65404249467096E-20,0.0039));
#12742=CARTESIAN_POINT('',(0.,0.,0.));
#12743=CARTESIAN_POINT('',(0.,7.65404249467096E-20,0.));
#12744=CARTESIAN_POINT('',(0.00095,7.65404249467096E-20,0.));
#12745=CARTESIAN_POINT('',(-0.001125,-0.00194855715851499,0.0119));
#12746=CARTESIAN_POINT('',(-0.001125,-0.00194855715851499,0.0039));
#12747=CARTESIAN_POINT('',(-0.00225,-0.00129903810567666,0.0039));
#12748=CARTESIAN_POINT('',(2.16840434497101E-19,-0.00259807621135332,0.0039));
#12749=CARTESIAN_POINT('',(2.16840434497101E-19,-0.00259807621135332,0.0119));
#12750=CARTESIAN_POINT('',(2.16840434497101E-19,-0.00259807621135332,0.0119));
#12751=CARTESIAN_POINT('',(-0.001125,-0.00194855715851499,0.0119));
#12752=CARTESIAN_POINT('',(-0.00225,-0.00129903810567666,0.0119));
#12753=CARTESIAN_POINT('',(-0.00225,-0.00129903810567666,0.0119));
#12754=CARTESIAN_POINT('',(0.001125,-0.00194855715851499,0.0119));
#12755=CARTESIAN_POINT('',(0.001125,-0.00194855715851499,0.0039));
#12756=CARTESIAN_POINT('',(0.00225,-0.00129903810567666,0.0039));
#12757=CARTESIAN_POINT('',(0.00225,-0.00129903810567666,0.0119));
#12758=CARTESIAN_POINT('',(0.00225,-0.00129903810567666,0.0119));
#12759=CARTESIAN_POINT('',(0.001125,-0.00194855715851499,0.0119));
#12760=CARTESIAN_POINT('',(0.00225,6.50521303491303E-19,0.0119));
#12761=CARTESIAN_POINT('',(0.00225,6.50521303491303E-19,0.0039));
#12762=CARTESIAN_POINT('',(0.00225,0.00129903810567666,0.0039));
#12763=CARTESIAN_POINT('',(0.00225,0.00129903810567666,0.0119));
#12764=CARTESIAN_POINT('',(0.00225,0.00129903810567666,0.0119));
#12765=CARTESIAN_POINT('',(0.00225,6.50521303491303E-19,0.0119));
#12766=CARTESIAN_POINT('',(0.001125,0.00194855715851499,0.0119));
#12767=CARTESIAN_POINT('',(0.001125,0.00194855715851499,0.0039));
#12768=CARTESIAN_POINT('',(-1.3010426069826E-18,0.00259807621135332,0.0039));
#12769=CARTESIAN_POINT('',(-1.3010426069826E-18,0.00259807621135332,0.0119));
#12770=CARTESIAN_POINT('',(-1.3010426069826E-18,0.00259807621135332,0.0119));
#12771=CARTESIAN_POINT('',(0.001125,0.00194855715851499,0.0119));
#12772=CARTESIAN_POINT('',(-0.001125,0.00194855715851499,0.0119));
#12773=CARTESIAN_POINT('',(-0.001125,0.00194855715851499,0.0039));
#12774=CARTESIAN_POINT('',(-0.00225,0.00129903810567666,0.0039));
#12775=CARTESIAN_POINT('',(-0.00225,0.00129903810567666,0.0119));
#12776=CARTESIAN_POINT('',(-0.00225,0.00129903810567666,0.0119));
#12777=CARTESIAN_POINT('',(-0.001125,0.00194855715851499,0.0119));
#12778=CARTESIAN_POINT('',(-0.00225,4.33680868994202E-19,0.0119));
#12779=CARTESIAN_POINT('',(-0.00225,4.33680868994202E-19,0.0039));
#12780=CARTESIAN_POINT('',(-0.00225,4.33680868994202E-19,0.0119));
#12781=CARTESIAN_POINT('',(8.67361737988404E-19,0.,0.0119));
#12782=CARTESIAN_POINT('',(0.,7.65404249467096E-20,0.0119));
#12783=CARTESIAN_POINT('',(0.00125,7.65404249467096E-20,0.0119));
#12784=CARTESIAN_POINT('',(8.67361737988404E-19,0.,0.0039));
#12785=CARTESIAN_POINT('',(0.,7.65404249467096E-20,0.0071));
#12786=CARTESIAN_POINT('',(0.,7.65404249467096E-20,0.0071));
#12787=CARTESIAN_POINT('',(0.00125,7.65404249467096E-20,0.0071));
#12788=CARTESIAN_POINT('',(8.67361737988404E-19,8.67361737988404E-19,0.0071));
#12789=CARTESIAN_POINT('',(0.,7.65404249467096E-20,0.0003));
#12790=CARTESIAN_POINT('',(-0.0707711114415498,0.0644071504108708,0.0119));
#12791=CARTESIAN_POINT('',(-0.000286668542795423,-0.028875,0.000220128264096789));
#12792=CARTESIAN_POINT('',(0.000666811722387872,0.028875,-5.42101086242752E-19));
#12793=CARTESIAN_POINT('',(0.000666811722387869,0.00571120496278028,-8.13151629364128E-20));
#12794=CARTESIAN_POINT('',(0.00066681172238787,0.00574994215004272,-1.96511643762998E-19));
#12795=CARTESIAN_POINT('',(0.,3.52085954754864E-19,0.000153945616169008));
#12796=CARTESIAN_POINT('',(-0.00494780983161169,-0.00292945009689647,0.00129623752202648));
#12797=CARTESIAN_POINT('',(-0.00552410987661206,-0.00353973373693966,0.00142928687096129));
#12798=CARTESIAN_POINT('',(-0.00672366934703615,-0.00481002952540904,0.00170622699604564));
#12799=CARTESIAN_POINT('',(-0.00672366934703615,-0.0326550147627045,0.00170622699604564));
#12800=CARTESIAN_POINT('',(-0.00672366934703614,-0.0605,0.00170622699604564));
#12801=CARTESIAN_POINT('',(-0.00380055915268044,-0.0605,0.00103137383301405));
#12802=CARTESIAN_POINT('',(-0.00380055915268044,-0.0635,0.00103137383301405));
#12803=CARTESIAN_POINT('',(-0.00333705547163787,-0.0635,0.000924365576591705));
#12804=CARTESIAN_POINT('',(-0.00287355179059529,-0.0635,0.000817357320169366));
#12805=CARTESIAN_POINT('',(-0.00287355179059529,-0.0585,0.000817357320169366));
#12806=CARTESIAN_POINT('',(0.00192772146667271,-0.0593479909890489,-0.000291103951835638));
#12807=CARTESIAN_POINT('',(0.00600618656800556,-0.00131262250173349,-0.00123269181234909));
#12808=CARTESIAN_POINT('',(0.00595584501290065,-0.00421277765612315,-0.00122106954858357));
#12809=CARTESIAN_POINT('',(0.00535648685917157,-0.0128482745919038,-0.00108269681579578));
#12810=CARTESIAN_POINT('',(0.0036279855089416,-0.0492080905407058,-0.000683640835710096));
#12811=CARTESIAN_POINT('',(0.00192772146667271,-0.0593479909890489,-0.000291103951835639));
#12812=CARTESIAN_POINT('',(0.00600618656800556,-0.00131262250173349,-0.00123269181234909));
#12813=CARTESIAN_POINT('',(0.000691299378335197,3.52085954754864E-19,-5.65342083346459E-6));
#12814=CARTESIAN_POINT('',(0.000354153859098585,0.028875,-7.21827553387817E-5));
#12815=CARTESIAN_POINT('',(0.,3.52085954754864E-19,-0.000153945616169008));
#12816=CARTESIAN_POINT('',(0.00497365409181271,0.00288535352686542,0.000994312907292047));
#12817=CARTESIAN_POINT('',(0.000337526824116843,0.00574008498569505,-7.60214088287971E-5));
#12818=CARTESIAN_POINT('',(0.000447603426307853,0.00574621268304746,-5.06082227957104E-5));
#12819=CARTESIAN_POINT('',(0.000557362726378305,0.00574947735661627,-2.52682917292383E-5));
#12820=CARTESIAN_POINT('',(0.00066681172238787,0.00574994215004272,-1.01122928081006E-18));
#12821=CARTESIAN_POINT('',(0.000337526824116799,0.00574008498569504,-7.60214088286027E-5));
#12822=CARTESIAN_POINT('',(0.,3.52085954754864E-19,-0.000153945616169008));
#12823=CARTESIAN_POINT('',(-0.000320003598355244,-0.00574108854635068,-0.000227824268074955));
#12824=CARTESIAN_POINT('',(-0.000623814062032037,-2.756907653218E-19,-0.000297964440269035));
#12825=CARTESIAN_POINT('',(-0.0059387012517024,0.00131262250173349,-0.00152500283178466));
#12826=CARTESIAN_POINT('',(-0.0059387012517024,0.00131262250173349,-0.00152500283178466));
#12827=CARTESIAN_POINT('',(-0.00588835969659749,0.00421277765612315,-0.00151338056801914));
#12828=CARTESIAN_POINT('',(-0.00528900154286841,0.0128482745919038,-0.00137500783523135));
#12829=CARTESIAN_POINT('',(-0.00356050019263844,0.0492080905407058,-0.000975951855145666));
#12830=CARTESIAN_POINT('',(-0.00186023615036955,0.0593479909890489,-0.000583414971271209));
#12831=CARTESIAN_POINT('',(-0.00186023615036954,0.0593479909890489,-0.000583414971271208));
#12832=CARTESIAN_POINT('',(0.00294103710689846,0.0585,0.000525046300733795));
#12833=CARTESIAN_POINT('',(0.00294103710689846,0.0635,0.000525046300733795));
#12834=CARTESIAN_POINT('',(0.00340454078794103,0.0635,0.000632054557156135));
#12835=CARTESIAN_POINT('',(0.00386804446898361,0.0635,0.000739062813578476));
#12836=CARTESIAN_POINT('',(0.00386804446898361,0.0605,0.000739062813578476));
#12837=CARTESIAN_POINT('',(0.00679115466333931,0.0605,0.00141391597661007));
#12838=CARTESIAN_POINT('',(0.00679115466333931,0.0326550147627045,0.00141391597661007));
#12839=CARTESIAN_POINT('',(0.00679115466333931,0.00481002952540904,0.00141391597661007));
#12840=CARTESIAN_POINT('',(0.00559159519291522,0.00353973373693966,0.00113697585152572));
#12841=CARTESIAN_POINT('',(0.000286668542795426,0.028875,0.000220128264096789));
#12842=CARTESIAN_POINT('',(-0.000666811722387872,-0.028875,2.71050543121376E-19));
#12843=CARTESIAN_POINT('',(-0.000666811722387869,-0.00571120496278028,8.13151629364128E-20));
#12844=CARTESIAN_POINT('',(-0.00066681172238787,-0.00574994215004272,-4.06575814682064E-20));
#12845=CARTESIAN_POINT('',(0.,3.52085954754864E-19,0.000153945616169008));
#12846=CARTESIAN_POINT('',(0.00494780983161169,0.00292945009689647,0.00129623752202648));
#12847=CARTESIAN_POINT('',(0.00552410987661206,0.00353973373693966,0.00142928687096129));
#12848=CARTESIAN_POINT('',(0.00672366934703615,0.00481002952540904,0.00170622699604564));
#12849=CARTESIAN_POINT('',(0.00672366934703615,0.0326550147627045,0.00170622699604564));
#12850=CARTESIAN_POINT('',(0.00672366934703615,0.0605,0.00170622699604564));
#12851=CARTESIAN_POINT('',(0.00380055915268045,0.0605,0.00103137383301405));
#12852=CARTESIAN_POINT('',(0.00380055915268045,0.0635,0.00103137383301405));
#12853=CARTESIAN_POINT('',(0.00333705547163787,0.0635,0.000924365576591705));
#12854=CARTESIAN_POINT('',(0.0028735517905953,0.0635,0.000817357320169366));
#12855=CARTESIAN_POINT('',(0.0028735517905953,0.0585,0.000817357320169366));
#12856=CARTESIAN_POINT('',(-0.0019277214666727,0.0593479909890489,-0.000291103951835638));
#12857=CARTESIAN_POINT('',(-0.00600618656800556,0.00131262250173349,-0.00123269181234909));
#12858=CARTESIAN_POINT('',(-0.00595584501290065,0.00421277765612315,-0.00122106954858357));
#12859=CARTESIAN_POINT('',(-0.00535648685917157,0.0128482745919038,-0.00108269681579578));
#12860=CARTESIAN_POINT('',(-0.0036279855089416,0.0492080905407058,-0.000683640835710096));
#12861=CARTESIAN_POINT('',(-0.0019277214666727,0.0593479909890489,-0.000291103951835639));
#12862=CARTESIAN_POINT('',(-0.00600618656800556,0.00131262250173349,-0.00123269181234909));
#12863=CARTESIAN_POINT('',(-0.000691299378335197,-2.67426197661788E-19,
-5.65342083346459E-6));
#12864=CARTESIAN_POINT('',(-0.000354153859098582,-0.028875,-7.21827553387817E-5));
#12865=CARTESIAN_POINT('',(0.,3.52085954754864E-19,-0.000153945616169008));
#12866=CARTESIAN_POINT('',(-0.00497365409181271,-0.00288535352686542,0.000994312907292047));
#12867=CARTESIAN_POINT('',(-0.00033752682411685,-0.00574008498569505,-7.60214088287958E-5));
#12868=CARTESIAN_POINT('',(-0.000447603426307858,-0.00574621268304746,-5.06082227957095E-5));
#12869=CARTESIAN_POINT('',(-0.000557362726378307,-0.00574947735661627,-2.52682917292366E-5));
#12870=CARTESIAN_POINT('',(-0.00066681172238787,-0.00574994215004272,1.81048689445394E-19));
#12871=CARTESIAN_POINT('',(-0.000337526824116805,-0.00574008498569504,-7.6021408828604E-5));
#12872=CARTESIAN_POINT('',(0.,3.52085954754864E-19,-0.000153945616169008));
#12873=CARTESIAN_POINT('',(0.000320003598355251,0.00574108854635068,-0.000227824268074957));
#12874=CARTESIAN_POINT('',(0.000623814062032037,3.52085954754864E-19,-0.000297964440269035));
#12875=CARTESIAN_POINT('',(0.0059387012517024,-0.00131262250173349,-0.00152500283178466));
#12876=CARTESIAN_POINT('',(0.0059387012517024,-0.00131262250173349,-0.00152500283178466));
#12877=CARTESIAN_POINT('',(0.00588835969659749,-0.00421277765612315,-0.00151338056801914));
#12878=CARTESIAN_POINT('',(0.00528900154286841,-0.0128482745919038,-0.00137500783523135));
#12879=CARTESIAN_POINT('',(0.00356050019263844,-0.0492080905407058,-0.000975951855145666));
#12880=CARTESIAN_POINT('',(0.00186023615036956,-0.0593479909890489,-0.000583414971271209));
#12881=CARTESIAN_POINT('',(0.00186023615036955,-0.0593479909890489,-0.000583414971271208));
#12882=CARTESIAN_POINT('',(-0.00294103710689845,-0.0585,0.000525046300733795));
#12883=CARTESIAN_POINT('',(-0.00294103710689845,-0.0635,0.000525046300733795));
#12884=CARTESIAN_POINT('',(-0.00340454078794103,-0.0635,0.000632054557156135));
#12885=CARTESIAN_POINT('',(-0.00386804446898361,-0.0635,0.000739062813578476));
#12886=CARTESIAN_POINT('',(-0.00386804446898361,-0.0605,0.000739062813578476));
#12887=CARTESIAN_POINT('',(-0.0067911546633393,-0.0605,0.00141391597661007));
#12888=CARTESIAN_POINT('',(-0.00679115466333931,-0.0326550147627045,0.00141391597661007));
#12889=CARTESIAN_POINT('',(-0.00679115466333931,-0.00481002952540904,0.00141391597661007));
#12890=CARTESIAN_POINT('',(-0.00559159519291522,-0.00353973373693966,0.00113697585152572));
#12891=CARTESIAN_POINT('',(-0.000242575682371707,-0.0057359611945989,-0.000209948625169214));
#12892=CARTESIAN_POINT('',(-0.000310060998674866,-0.0057359611945989,8.23623942663565E-5));
#12893=CARTESIAN_POINT('',(-0.00109165284801199,-0.00579857092600706,-0.000405973534526606));
#12894=CARTESIAN_POINT('',(-0.00115913816431515,-0.00579857092600706,-0.000113662515091036));
#12895=CARTESIAN_POINT('',(-0.00281731673953486,-0.00549771637869582,-0.000804374435653191));
#12896=CARTESIAN_POINT('',(-0.00288480205583802,-0.00549771637869582,-0.000512063416217621));
#12897=CARTESIAN_POINT('',(-0.00493521479380863,-0.00386545261158889,-0.00129332972843173));
#12898=CARTESIAN_POINT('',(-0.00500270011011179,-0.00386545261158889,-0.00100101870899616));
#12899=CARTESIAN_POINT('',(-0.00612668658967699,-0.00140258713919299,-0.00156840266672098));
#12900=CARTESIAN_POINT('',(-0.00619417190598015,-0.00140258713919299,-0.00127609164728541));
#12901=CARTESIAN_POINT('',(-0.00613300483143669,0.000439773184446872,-0.00156986134776714));
#12902=CARTESIAN_POINT('',(-0.00620049014773985,0.000439773184446872,-0.00127755032833157));
#12903=CARTESIAN_POINT('',(-0.0059387012517024,0.00131262250173348,-0.00152500283178466));
#12904=CARTESIAN_POINT('',(-0.00600618656800556,0.00131262250173348,-0.00123269181234909));
#12905=CARTESIAN_POINT('',(-0.000320003598355244,-0.00574108854635068,-0.000227824268074955));
#12906=CARTESIAN_POINT('',(-0.000325844680519592,-0.00574076296918952,-0.000177223255125887));
#12907=CARTESIAN_POINT('',(-0.000331685755775037,-0.00574042845051338,-0.000126622302033491));
#12908=CARTESIAN_POINT('',(-0.000337526824116812,-0.00574008498569504,-7.60214088286048E-5));
#12909=CARTESIAN_POINT('',(-0.0059387012517024,0.00131262250173349,-0.00152500283178466));
#12910=CARTESIAN_POINT('',(0.000242575682371701,0.0057359611945989,-0.000209948625169213));
#12911=CARTESIAN_POINT('',(0.000310060998674861,0.0057359611945989,8.23623942663576E-5));
#12912=CARTESIAN_POINT('',(0.00109165284801198,0.00579857092600706,-0.000405973534526606));
#12913=CARTESIAN_POINT('',(0.00115913816431514,0.00579857092600706,-0.000113662515091035));
#12914=CARTESIAN_POINT('',(0.00281731673953484,0.00549771637869583,-0.000804374435653188));
#12915=CARTESIAN_POINT('',(0.002884802055838,0.00549771637869583,-0.000512063416217618));
#12916=CARTESIAN_POINT('',(0.00493521479380864,0.00386545261158887,-0.00129332972843173));
#12917=CARTESIAN_POINT('',(0.0050027001101118,0.00386545261158887,-0.00100101870899616));
#12918=CARTESIAN_POINT('',(0.00612668658967699,0.00140258713919301,-0.00156840266672098));
#12919=CARTESIAN_POINT('',(0.00619417190598015,0.00140258713919301,-0.00127609164728541));
#12920=CARTESIAN_POINT('',(0.00613300483143668,-0.000439773184446891,-0.00156986134776714));
#12921=CARTESIAN_POINT('',(0.00620049014773984,-0.000439773184446891,-0.00127755032833157));
#12922=CARTESIAN_POINT('',(0.00593870125170239,-0.0013126225017335,-0.00152500283178466));
#12923=CARTESIAN_POINT('',(0.00600618656800555,-0.0013126225017335,-0.00123269181234909));
#12924=CARTESIAN_POINT('',(0.000320003598355251,0.00574108854635068,-0.000227824268074957));
#12925=CARTESIAN_POINT('',(0.000325844680519598,0.00574076296918952,-0.000177223255125888));
#12926=CARTESIAN_POINT('',(0.000331685755775029,0.00574042845051338,-0.00012662230203349));
#12927=CARTESIAN_POINT('',(0.000337526824116804,0.00574008498569504,-7.60214088286032E-5));
#12928=CARTESIAN_POINT('',(0.0059387012517024,-0.00131262250173349,-0.00152500283178466));
#12929=CARTESIAN_POINT('',(0.,3.52085954754864E-19,0.003));
#12930=CARTESIAN_POINT('',(0.,3.52085954754864E-19,0.0101066349843358));
#12931=CARTESIAN_POINT('',(0.,3.52085954754864E-19,0.0101066349843358));
#12932=CARTESIAN_POINT('',(0.,3.52085954754864E-19,0.003));
#12933=CARTESIAN_POINT('',(0.00575,3.52085954754864E-19,0.003));
#12934=CARTESIAN_POINT('',(0.00559159519291522,0.00353973373693966,0.00113697585152572));
#12935=CARTESIAN_POINT('',(0.00679115466333931,0.00481002952540904,0.00141391597661007));
#12936=CARTESIAN_POINT('',(0.00386804446898361,0.0605,0.000739062813578476));
#12937=CARTESIAN_POINT('',(0.00679115466333931,0.0605,0.00141391597661007));
#12938=CARTESIAN_POINT('',(0.00386804446898361,0.0635,0.000739062813578476));
#12939=CARTESIAN_POINT('',(0.00294103710689846,0.0585,0.000525046300733795));
#12940=CARTESIAN_POINT('',(0.00294103710689846,0.0635,0.000525046300733795));
#12941=CARTESIAN_POINT('',(-0.00186023615036954,0.0593479909890489,-0.000583414971271208));
#12942=CARTESIAN_POINT('',(0.00340454078794103,0.0635,0.000632054557156135));
#12943=CARTESIAN_POINT('',(0.00679115466333931,0.0326550147627045,0.00141391597661007));
#12944=CARTESIAN_POINT('',(-0.0059387012517024,0.00131262250173349,-0.00152500283178466));
#12945=CARTESIAN_POINT('',(-0.00600618656800556,0.00131262250173349,-0.00123269181234909));
#12946=CARTESIAN_POINT('',(-0.00592232996229798,0.00225576538342013,-0.00152122322181347));
#12947=CARTESIAN_POINT('',(-0.00598981527860114,0.00225576538342013,-0.0012289122023779));
#12948=CARTESIAN_POINT('',(-0.00585150140781779,0.00422989869217728,-0.00150487116156059));
#12949=CARTESIAN_POINT('',(-0.00591898672412094,0.00422989869217728,-0.00121256014212502));
#12950=CARTESIAN_POINT('',(-0.00563377708658355,0.00822060704879022,-0.0014546055413532));
#12951=CARTESIAN_POINT('',(-0.00570126240288671,0.00822060704879022,-0.00116229452191763));
#12952=CARTESIAN_POINT('',(-0.0053071481757968,0.0139780114035527,-0.00137919731555055));
#12953=CARTESIAN_POINT('',(-0.00537463349209996,0.0139780114035527,-0.00108688629611498));
#12954=CARTESIAN_POINT('',(-0.00487488995680444,0.0223400228954235,-0.00127940264243263));
#12955=CARTESIAN_POINT('',(-0.0049423752731076,0.0223400228954235,-0.000987091622997055));
#12956=CARTESIAN_POINT('',(-0.0043272486457479,0.0322654454546247,-0.00115296968356337));
#12957=CARTESIAN_POINT('',(-0.00439473396205106,0.0322654454546247,-0.0008606586641278));
#12958=CARTESIAN_POINT('',(-0.00365357935575686,0.0425845643443364,-0.000997440873166298));
#12959=CARTESIAN_POINT('',(-0.00372106467206002,0.0425845643443364,-0.000705129853730728));
#12960=CARTESIAN_POINT('',(-0.00284347456201871,0.0521618981934185,-0.000810413444813823));
#12961=CARTESIAN_POINT('',(-0.00291095987832187,0.0521618981934185,-0.000518102425378253));
#12962=CARTESIAN_POINT('',(-0.00220546674370719,0.0572891320347098,-0.000663117733876275));
#12963=CARTESIAN_POINT('',(-0.00227295206001035,0.0572891320347098,-0.000370806714440706));
#12964=CARTESIAN_POINT('',(-0.00186023615036955,0.0593479909890489,-0.000583414971271209));
#12965=CARTESIAN_POINT('',(-0.0019277214666727,0.0593479909890489,-0.000291103951835639));
#12966=CARTESIAN_POINT('',(0.,3.52085954754864E-19,0.003));
#12967=CARTESIAN_POINT('',(0.,3.52085954754864E-19,-0.003));
#12968=CARTESIAN_POINT('',(0.00575,3.52085954754864E-19,-0.003));
#12969=CARTESIAN_POINT('',(0.,0.,0.003));
#12970=CARTESIAN_POINT('',(0.,1.53080849893419E-19,0.003));
#12971=CARTESIAN_POINT('',(0.0035,1.53080849893419E-19,0.003));
#12972=CARTESIAN_POINT('',(0.,0.,-0.003));
#12973=CARTESIAN_POINT('',(0.,1.53080849893419E-19,-0.003));
#12974=CARTESIAN_POINT('',(0.0035,1.53080849893419E-19,-0.003));
#12975=CARTESIAN_POINT('',(0.0059387012517024,-0.00131262250173349,-0.00152500283178466));
#12976=CARTESIAN_POINT('',(0.00600618656800556,-0.00131262250173349,-0.00123269181234909));
#12977=CARTESIAN_POINT('',(0.00592232996229798,-0.00225576538342013,-0.00152122322181347));
#12978=CARTESIAN_POINT('',(0.00598981527860114,-0.00225576538342013,-0.0012289122023779));
#12979=CARTESIAN_POINT('',(0.00585150140781779,-0.00422989869217728,-0.00150487116156059));
#12980=CARTESIAN_POINT('',(0.00591898672412094,-0.00422989869217728,-0.00121256014212502));
#12981=CARTESIAN_POINT('',(0.00563377708658355,-0.00822060704879022,-0.0014546055413532));
#12982=CARTESIAN_POINT('',(0.00570126240288671,-0.00822060704879022,-0.00116229452191763));
#12983=CARTESIAN_POINT('',(0.0053071481757968,-0.0139780114035527,-0.00137919731555055));
#12984=CARTESIAN_POINT('',(0.00537463349209995,-0.0139780114035527,-0.00108688629611498));
#12985=CARTESIAN_POINT('',(0.00487488995680444,-0.0223400228954235,-0.00127940264243263));
#12986=CARTESIAN_POINT('',(0.0049423752731076,-0.0223400228954235,-0.000987091622997055));
#12987=CARTESIAN_POINT('',(0.0043272486457479,-0.0322654454546247,-0.00115296968356337));
#12988=CARTESIAN_POINT('',(0.00439473396205106,-0.0322654454546247,-0.0008606586641278));
#12989=CARTESIAN_POINT('',(0.00365357935575687,-0.0425845643443364,-0.000997440873166298));
#12990=CARTESIAN_POINT('',(0.00372106467206003,-0.0425845643443364,-0.000705129853730728));
#12991=CARTESIAN_POINT('',(0.00284347456201872,-0.0521618981934185,-0.000810413444813823));
#12992=CARTESIAN_POINT('',(0.00291095987832188,-0.0521618981934185,-0.000518102425378253));
#12993=CARTESIAN_POINT('',(0.0022054667437072,-0.0572891320347098,-0.000663117733876275));
#12994=CARTESIAN_POINT('',(0.00227295206001036,-0.0572891320347098,-0.000370806714440706));
#12995=CARTESIAN_POINT('',(0.00186023615036956,-0.0593479909890489,-0.000583414971271209));
#12996=CARTESIAN_POINT('',(0.00192772146667271,-0.0593479909890489,-0.000291103951835639));
#12997=CARTESIAN_POINT('',(0.00186023615036955,-0.0593479909890489,-0.000583414971271208));
#12998=CARTESIAN_POINT('',(-0.00294103710689845,-0.0585,0.000525046300733795));
#12999=CARTESIAN_POINT('',(-0.00294103710689845,-0.0635,0.000525046300733795));
#13000=CARTESIAN_POINT('',(-0.00340454078794103,-0.0635,0.000632054557156135));
#13001=CARTESIAN_POINT('',(-0.00386804446898361,-0.0635,0.000739062813578476));
#13002=CARTESIAN_POINT('',(-0.00386804446898361,-0.0605,0.000739062813578476));
#13003=CARTESIAN_POINT('',(-0.0067911546633393,-0.0605,0.00141391597661007));
#13004=CARTESIAN_POINT('',(-0.00679115466333931,-0.0326550147627045,0.00141391597661007));
#13005=CARTESIAN_POINT('',(-0.00679115466333931,-0.00481002952540904,0.00141391597661007));
#13006=CARTESIAN_POINT('',(-0.00559159519291522,-0.00353973373693966,0.00113697585152572));
#13007=CARTESIAN_POINT('',(0.,1.53080849893419E-19,-0.12487508173323));
#13008=CARTESIAN_POINT('',(0.,1.53080849893419E-19,0.002));
#13009=CARTESIAN_POINT('',(0.0025,1.53080849893419E-19,0.002));
#13010=CARTESIAN_POINT('',(0.,1.53080849893419E-19,-0.002));
#13011=CARTESIAN_POINT('',(0.0025,1.53080849893419E-19,-0.002));
#13012=CARTESIAN_POINT('',(0.,1.53080849893419E-19,0.002));
#13013=CARTESIAN_POINT('',(0.,1.53080849893419E-19,-0.003));
#13014=CARTESIAN_POINT('',(-0.0848528137423858,0.0848528137423858,0.0375));
#13015=CARTESIAN_POINT('',(-0.0848528137423856,-0.0848528137423858,0.0125));
#13016=CARTESIAN_POINT('',(-0.01525,-0.01525,0.00925));
#13017=CARTESIAN_POINT('',(0.0848528137423858,-0.0848528137423858,0.031));
#13018=CARTESIAN_POINT('',(0.01525,-0.01525,0.00925));
#13019=CARTESIAN_POINT('',(0.0848528137423856,0.0848528137423859,0.031));
#13020=CARTESIAN_POINT('',(0.0644071504108708,0.0707711114415498,0.0119));
#13021=CARTESIAN_POINT('',(0.,0.,0.0021));
#13022=CARTESIAN_POINT('',(0.0042,-0.0213,0.0021));
#13023=CARTESIAN_POINT('',(0.0042,-0.0205,0.0021));
#13024=CARTESIAN_POINT('',(0.005,-0.0213,0.0021));
#13025=CARTESIAN_POINT('',(0.00325,-0.0205,0.0021));
#13026=CARTESIAN_POINT('',(0.0023,-0.0205,0.0021));
#13027=CARTESIAN_POINT('',(0.0023,-0.0197,0.0021));
#13028=CARTESIAN_POINT('',(0.00149999999999999,-0.0197,0.0021));
#13029=CARTESIAN_POINT('',(0.00149999999999999,-0.019,0.0021));
#13030=CARTESIAN_POINT('',(0.00149999999999999,-0.0183,0.0021));
#13031=CARTESIAN_POINT('',(0.0023,-0.0183,0.0021));
#13032=CARTESIAN_POINT('',(0.0023,-0.0175,0.0021));
#13033=CARTESIAN_POINT('',(0.0045,-0.0175,0.0021));
#13034=CARTESIAN_POINT('',(0.0067,-0.0175,0.0021));
#13035=CARTESIAN_POINT('',(0.0067,-0.0183,0.0021));
#13036=CARTESIAN_POINT('',(0.0075,-0.0183,0.0021));
#13037=CARTESIAN_POINT('',(0.0075,-0.0225,0.0021));
#13038=CARTESIAN_POINT('',(0.0075,-0.0267,0.0021));
#13039=CARTESIAN_POINT('',(0.0067,-0.0267,0.0021));
#13040=CARTESIAN_POINT('',(0.0067,-0.0275,0.0021));
#13041=CARTESIAN_POINT('',(-1.21430643318376E-17,-0.0275,0.0021));
#13042=CARTESIAN_POINT('',(-0.0067,-0.0275,0.0021));
#13043=CARTESIAN_POINT('',(-0.0067,-0.0267,0.0021));
#13044=CARTESIAN_POINT('',(-0.0075,-0.0267,0.0021));
#13045=CARTESIAN_POINT('',(-0.0075,-0.0225,0.0021));
#13046=CARTESIAN_POINT('',(-0.0075,-0.0183,0.0021));
#13047=CARTESIAN_POINT('',(-0.0067,-0.0183,0.0021));
#13048=CARTESIAN_POINT('',(-0.0067,-0.0175,0.0021));
#13049=CARTESIAN_POINT('',(-0.0045,-0.0175,0.0021));
#13050=CARTESIAN_POINT('',(-0.0023,-0.0175,0.0021));
#13051=CARTESIAN_POINT('',(-0.0023,-0.0183,0.0021));
#13052=CARTESIAN_POINT('',(-0.0015,-0.0183,0.0021));
#13053=CARTESIAN_POINT('',(-0.0015,-0.019,0.0021));
#13054=CARTESIAN_POINT('',(-0.0015,-0.0197,0.0021));
#13055=CARTESIAN_POINT('',(-0.0023,-0.0197,0.0021));
#13056=CARTESIAN_POINT('',(-0.0023,-0.0205,0.0021));
#13057=CARTESIAN_POINT('',(-0.00325,-0.0205,0.0021));
#13058=CARTESIAN_POINT('',(-0.0042,-0.0205,0.0021));
#13059=CARTESIAN_POINT('',(-0.0042,-0.0213,0.0021));
#13060=CARTESIAN_POINT('',(-0.005,-0.0213,0.0021));
#13061=CARTESIAN_POINT('',(-0.005,-0.0225,0.0021));
#13062=CARTESIAN_POINT('',(-0.005,-0.0237,0.0021));
#13063=CARTESIAN_POINT('',(-0.0042,-0.0237,0.0021));
#13064=CARTESIAN_POINT('',(-0.0042,-0.0245,0.0021));
#13065=CARTESIAN_POINT('',(-1.21430643318376E-17,-0.0245,0.0021));
#13066=CARTESIAN_POINT('',(0.0042,-0.0245,0.0021));
#13067=CARTESIAN_POINT('',(0.0042,-0.0237,0.0021));
#13068=CARTESIAN_POINT('',(0.005,-0.0237,0.0021));
#13069=CARTESIAN_POINT('',(0.005,-0.0225,0.0021));
#13070=CARTESIAN_POINT('',(3.46944695195361E-18,0.029,0.0021));
#13071=CARTESIAN_POINT('',(-0.0177558269107281,0.029,0.0021));
#13072=CARTESIAN_POINT('',(0.0177558269107281,0.029,0.0021));
#13073=CARTESIAN_POINT('',(-0.023377913455364,0.023377913455364,0.0021));
#13074=CARTESIAN_POINT('',(-0.029,0.0177558269107281,0.0021));
#13075=CARTESIAN_POINT('',(-0.029,3.46944695195361E-18,0.0021));
#13076=CARTESIAN_POINT('',(-0.029,-0.0177558269107281,0.0021));
#13077=CARTESIAN_POINT('',(-0.023377913455364,-0.023377913455364,0.0021));
#13078=CARTESIAN_POINT('',(-0.0177558269107281,-0.029,0.0021));
#13079=CARTESIAN_POINT('',(-6.93889390390723E-18,-0.029,0.0021));
#13080=CARTESIAN_POINT('',(0.0177558269107281,-0.029,0.0021));
#13081=CARTESIAN_POINT('',(0.023377913455364,-0.023377913455364,0.0021));
#13082=CARTESIAN_POINT('',(0.029,-0.0177558269107281,0.0021));
#13083=CARTESIAN_POINT('',(0.029,3.46944695195361E-18,0.0021));
#13084=CARTESIAN_POINT('',(0.029,0.0177558269107281,0.0021));
#13085=CARTESIAN_POINT('',(0.023377913455364,0.023377913455364,0.0021));
#13086=CARTESIAN_POINT('',(0.00325,0.0205,0.0021));
#13087=CARTESIAN_POINT('',(0.0042,0.0205,0.0021));
#13088=CARTESIAN_POINT('',(0.0023,0.0205,0.0021));
#13089=CARTESIAN_POINT('',(0.0042,0.0213,0.0021));
#13090=CARTESIAN_POINT('',(0.005,0.0213,0.0021));
#13091=CARTESIAN_POINT('',(0.005,0.0225,0.0021));
#13092=CARTESIAN_POINT('',(0.005,0.0237,0.0021));
#13093=CARTESIAN_POINT('',(0.0042,0.0237,0.0021));
#13094=CARTESIAN_POINT('',(0.0042,0.0245,0.0021));
#13095=CARTESIAN_POINT('',(0.,0.0245,0.0021));
#13096=CARTESIAN_POINT('',(-0.0042,0.0245,0.0021));
#13097=CARTESIAN_POINT('',(-0.0042,0.0237,0.0021));
#13098=CARTESIAN_POINT('',(-0.005,0.0237,0.0021));
#13099=CARTESIAN_POINT('',(-0.005,0.0225,0.0021));
#13100=CARTESIAN_POINT('',(-0.005,0.0213,0.0021));
#13101=CARTESIAN_POINT('',(-0.0042,0.0213,0.0021));
#13102=CARTESIAN_POINT('',(-0.0042,0.0205,0.0021));
#13103=CARTESIAN_POINT('',(-0.00325,0.0205,0.0021));
#13104=CARTESIAN_POINT('',(-0.0023,0.0205,0.0021));
#13105=CARTESIAN_POINT('',(-0.0023,0.0197,0.0021));
#13106=CARTESIAN_POINT('',(-0.0015,0.0197,0.0021));
#13107=CARTESIAN_POINT('',(-0.0015,0.019,0.0021));
#13108=CARTESIAN_POINT('',(-0.0015,0.0183,0.0021));
#13109=CARTESIAN_POINT('',(-0.0023,0.0183,0.0021));
#13110=CARTESIAN_POINT('',(-0.0023,0.0175,0.0021));
#13111=CARTESIAN_POINT('',(-0.0045,0.0175,0.0021));
#13112=CARTESIAN_POINT('',(-0.0067,0.0175,0.0021));
#13113=CARTESIAN_POINT('',(-0.0067,0.0183,0.0021));
#13114=CARTESIAN_POINT('',(-0.0075,0.0183,0.0021));
#13115=CARTESIAN_POINT('',(-0.0075,0.0225,0.0021));
#13116=CARTESIAN_POINT('',(-0.0075,0.0267,0.0021));
#13117=CARTESIAN_POINT('',(-0.0067,0.0267,0.0021));
#13118=CARTESIAN_POINT('',(-0.0067,0.0275,0.0021));
#13119=CARTESIAN_POINT('',(1.7347234759768E-18,0.0275,0.0021));
#13120=CARTESIAN_POINT('',(0.0067,0.0275,0.0021));
#13121=CARTESIAN_POINT('',(0.0067,0.0267,0.0021));
#13122=CARTESIAN_POINT('',(0.0075,0.0267,0.0021));
#13123=CARTESIAN_POINT('',(0.0075,0.0225,0.0021));
#13124=CARTESIAN_POINT('',(0.0075,0.0183,0.0021));
#13125=CARTESIAN_POINT('',(0.0067,0.0183,0.0021));
#13126=CARTESIAN_POINT('',(0.0067,0.0175,0.0021));
#13127=CARTESIAN_POINT('',(0.0045,0.0175,0.0021));
#13128=CARTESIAN_POINT('',(0.0023,0.0175,0.0021));
#13129=CARTESIAN_POINT('',(0.0023,0.0183,0.0021));
#13130=CARTESIAN_POINT('',(0.0015,0.0183,0.0021));
#13131=CARTESIAN_POINT('',(0.0015,0.019,0.0021));
#13132=CARTESIAN_POINT('',(0.0015,0.0197,0.0021));
#13133=CARTESIAN_POINT('',(0.0023,0.0197,0.0021));
#13134=CARTESIAN_POINT('',(0.0175,3.46944695195361E-18,0.0021));
#13135=CARTESIAN_POINT('',(0.0175,-0.01,0.0021));
#13136=CARTESIAN_POINT('',(0.0175,0.01,0.0021));
#13137=CARTESIAN_POINT('',(0.,-0.01,0.0021));
#13138=CARTESIAN_POINT('',(-0.0175,-0.01,0.0021));
#13139=CARTESIAN_POINT('',(-0.0175,-3.46944695195361E-18,0.0021));
#13140=CARTESIAN_POINT('',(-0.0175,0.01,0.0021));
#13141=CARTESIAN_POINT('',(0.,0.01,0.0021));
#13142=CARTESIAN_POINT('',(0.0243951839509359,0.0243951839509359,0.));
#13143=CARTESIAN_POINT('',(0.0042,0.0213,0.));
#13144=CARTESIAN_POINT('',(0.0042,0.0205,0.));
#13145=CARTESIAN_POINT('',(0.005,0.0213,0.));
#13146=CARTESIAN_POINT('',(0.0243951839509359,0.0205,0.));
#13147=CARTESIAN_POINT('',(0.0023,0.0205,0.));
#13148=CARTESIAN_POINT('',(0.0023,0.0197,0.));
#13149=CARTESIAN_POINT('',(0.0015,0.0197,0.));
#13150=CARTESIAN_POINT('',(0.0015,0.0243951839509359,0.));
#13151=CARTESIAN_POINT('',(0.0015,0.0183,0.));
#13152=CARTESIAN_POINT('',(0.0023,0.0183,0.));
#13153=CARTESIAN_POINT('',(0.0023,0.0175,0.));
#13154=CARTESIAN_POINT('',(0.0243951839509359,0.0175,0.));
#13155=CARTESIAN_POINT('',(0.0067,0.0175,0.));
#13156=CARTESIAN_POINT('',(0.0067,0.0183,0.));
#13157=CARTESIAN_POINT('',(0.0075,0.0183,0.));
#13158=CARTESIAN_POINT('',(0.0075,0.0243951839509359,0.));
#13159=CARTESIAN_POINT('',(0.0075,0.0267,0.));
#13160=CARTESIAN_POINT('',(0.0067,0.0267,0.));
#13161=CARTESIAN_POINT('',(0.0067,0.0275,0.));
#13162=CARTESIAN_POINT('',(0.0243951839509359,0.0275,0.));
#13163=CARTESIAN_POINT('',(-0.0067,0.0275,0.));
#13164=CARTESIAN_POINT('',(-0.0067,0.0267,0.));
#13165=CARTESIAN_POINT('',(-0.0075,0.0267,0.));
#13166=CARTESIAN_POINT('',(-0.0075,0.0243951839509359,0.));
#13167=CARTESIAN_POINT('',(-0.0075,0.0183,0.));
#13168=CARTESIAN_POINT('',(-0.0067,0.0183,0.));
#13169=CARTESIAN_POINT('',(-0.0067,0.0175,0.));
#13170=CARTESIAN_POINT('',(0.0243951839509359,0.0175,0.));
#13171=CARTESIAN_POINT('',(-0.0023,0.0175,0.));
#13172=CARTESIAN_POINT('',(-0.0023,0.0183,0.));
#13173=CARTESIAN_POINT('',(-0.0015,0.0183,0.));
#13174=CARTESIAN_POINT('',(-0.0015,0.0243951839509359,0.));
#13175=CARTESIAN_POINT('',(-0.0015,0.0197,0.));
#13176=CARTESIAN_POINT('',(-0.0023,0.0197,0.));
#13177=CARTESIAN_POINT('',(-0.0023,0.0205,0.));
#13178=CARTESIAN_POINT('',(0.0243951839509359,0.0205,0.));
#13179=CARTESIAN_POINT('',(-0.0042,0.0205,0.));
#13180=CARTESIAN_POINT('',(-0.0042,0.0213,0.));
#13181=CARTESIAN_POINT('',(-0.005,0.0213,0.));
#13182=CARTESIAN_POINT('',(-0.005,0.0243951839509359,0.));
#13183=CARTESIAN_POINT('',(-0.005,0.0237,0.));
#13184=CARTESIAN_POINT('',(-0.0042,0.0237,0.));
#13185=CARTESIAN_POINT('',(-0.0042,0.0245,0.));
#13186=CARTESIAN_POINT('',(0.0243951839509359,0.0245,0.));
#13187=CARTESIAN_POINT('',(0.0042,0.0245,0.));
#13188=CARTESIAN_POINT('',(0.0042,0.0237,0.));
#13189=CARTESIAN_POINT('',(0.005,0.0237,0.));
#13190=CARTESIAN_POINT('',(0.005,0.0243951839509359,0.));
#13191=CARTESIAN_POINT('',(0.0243951839509358,-0.0205,0.));
#13192=CARTESIAN_POINT('',(0.0042,-0.0205,0.));
#13193=CARTESIAN_POINT('',(0.0023,-0.0205,0.));
#13194=CARTESIAN_POINT('',(0.0042,-0.0213,0.));
#13195=CARTESIAN_POINT('',(0.005,-0.0213,0.));
#13196=CARTESIAN_POINT('',(0.005,0.0243951839509359,0.));
#13197=CARTESIAN_POINT('',(0.005,-0.0237,0.));
#13198=CARTESIAN_POINT('',(0.0042,-0.0237,0.));
#13199=CARTESIAN_POINT('',(0.0042,-0.0245,0.));
#13200=CARTESIAN_POINT('',(0.0243951839509358,-0.0245,0.));
#13201=CARTESIAN_POINT('',(-0.0042,-0.0245,0.));
#13202=CARTESIAN_POINT('',(-0.0042,-0.0237,0.));
#13203=CARTESIAN_POINT('',(-0.005,-0.0237,0.));
#13204=CARTESIAN_POINT('',(-0.005,0.0243951839509359,0.));
#13205=CARTESIAN_POINT('',(-0.005,-0.0213,0.));
#13206=CARTESIAN_POINT('',(-0.0042,-0.0213,0.));
#13207=CARTESIAN_POINT('',(-0.0042,-0.0205,0.));
#13208=CARTESIAN_POINT('',(0.0243951839509358,-0.0205,0.));
#13209=CARTESIAN_POINT('',(-0.0023,-0.0205,0.));
#13210=CARTESIAN_POINT('',(-0.0023,-0.0197,0.));
#13211=CARTESIAN_POINT('',(-0.0015,-0.0197,0.));
#13212=CARTESIAN_POINT('',(-0.00149999999999996,0.0243951839509359,0.));
#13213=CARTESIAN_POINT('',(-0.0015,-0.0183,0.));
#13214=CARTESIAN_POINT('',(-0.0023,-0.0183,0.));
#13215=CARTESIAN_POINT('',(-0.0023,-0.0175,0.));
#13216=CARTESIAN_POINT('',(0.0243951839509358,-0.0175,0.));
#13217=CARTESIAN_POINT('',(-0.0067,-0.0175,0.));
#13218=CARTESIAN_POINT('',(-0.0067,-0.0183,0.));
#13219=CARTESIAN_POINT('',(-0.0075,-0.0183,0.));
#13220=CARTESIAN_POINT('',(-0.0075,0.0243951839509359,0.));
#13221=CARTESIAN_POINT('',(-0.0075,-0.0267,0.));
#13222=CARTESIAN_POINT('',(-0.0067,-0.0267,0.));
#13223=CARTESIAN_POINT('',(-0.0067,-0.0275,0.));
#13224=CARTESIAN_POINT('',(0.0243951839509358,-0.0275,0.));
#13225=CARTESIAN_POINT('',(0.0067,-0.0275,0.));
#13226=CARTESIAN_POINT('',(0.0067,-0.0267,0.));
#13227=CARTESIAN_POINT('',(0.0075,-0.0267,0.));
#13228=CARTESIAN_POINT('',(0.0075,0.0243951839509359,0.));
#13229=CARTESIAN_POINT('',(0.0075,-0.0183,0.));
#13230=CARTESIAN_POINT('',(0.0067,-0.0183,0.));
#13231=CARTESIAN_POINT('',(0.0067,-0.0175,0.));
#13232=CARTESIAN_POINT('',(0.0243951839509358,-0.0175,0.));
#13233=CARTESIAN_POINT('',(0.0023,-0.0175,0.));
#13234=CARTESIAN_POINT('',(0.0023,-0.0183,0.));
#13235=CARTESIAN_POINT('',(0.00149999999999999,-0.0183,0.));
#13236=CARTESIAN_POINT('',(0.0015,0.0243951839509359,0.));
#13237=CARTESIAN_POINT('',(0.00149999999999999,-0.0197,0.));
#13238=CARTESIAN_POINT('',(0.0023,-0.0197,0.));
#13239=CARTESIAN_POINT('',(0.029698484809835,0.029698484809835,0.));
#13240=CARTESIAN_POINT('',(0.023334523779156,0.0360624458405139,0.));
#13241=CARTESIAN_POINT('',(0.0360624458405139,0.023334523779156,0.));
#13242=CARTESIAN_POINT('',(0.0355312229202569,0.017917261889578,0.));
#13243=CARTESIAN_POINT('',(0.0351432078413226,0.0139603932765372,0.));
#13244=CARTESIAN_POINT('',(0.065,0.0110326019599404,0.));
#13245=CARTESIAN_POINT('',(0.035,0.0110326019599404,0.));
#13246=CARTESIAN_POINT('',(0.035,-4.85722573273506E-17,0.));
#13247=CARTESIAN_POINT('',(0.035,-0.0110326019599403,0.));
#13248=CARTESIAN_POINT('',(0.065,-0.0110326019599403,0.));
#13249=CARTESIAN_POINT('',(0.0351432078413226,-0.0139603932765371,0.));
#13250=CARTESIAN_POINT('',(0.0355312229202569,-0.0179172618895781,0.));
#13251=CARTESIAN_POINT('',(0.0360624458405139,-0.023334523779156,0.));
#13252=CARTESIAN_POINT('',(0.029698484809835,-0.029698484809835,0.));
#13253=CARTESIAN_POINT('',(0.023334523779156,-0.0360624458405139,0.));
#13254=CARTESIAN_POINT('',(0.017917261889578,-0.0355312229202569,0.));
#13255=CARTESIAN_POINT('',(0.0139603932765372,-0.0351432078413226,0.));
#13256=CARTESIAN_POINT('',(0.0110326019599404,-0.065,0.));
#13257=CARTESIAN_POINT('',(0.0110326019599404,-0.035,0.));
#13258=CARTESIAN_POINT('',(-2.42861286636753E-17,-0.035,0.));
#13259=CARTESIAN_POINT('',(-0.0110326019599403,-0.035,0.));
#13260=CARTESIAN_POINT('',(-0.0110326019599403,-0.065,0.));
#13261=CARTESIAN_POINT('',(-0.0139603932765371,-0.0351432078413226,0.));
#13262=CARTESIAN_POINT('',(-0.0179172618895781,-0.0355312229202569,0.));
#13263=CARTESIAN_POINT('',(-0.023334523779156,-0.0360624458405139,0.));
#13264=CARTESIAN_POINT('',(-0.029698484809835,-0.0296984848098349,0.));
#13265=CARTESIAN_POINT('',(-0.0360624458405139,-0.023334523779156,0.));
#13266=CARTESIAN_POINT('',(-0.0355312229202569,-0.017917261889578,0.));
#13267=CARTESIAN_POINT('',(-0.0351432078413226,-0.0139603932765372,0.));
#13268=CARTESIAN_POINT('',(-0.065,-0.0110326019599404,0.));
#13269=CARTESIAN_POINT('',(-0.035,-0.0110326019599404,0.));
#13270=CARTESIAN_POINT('',(-0.035,4.85722573273506E-17,0.));
#13271=CARTESIAN_POINT('',(-0.035,0.0110326019599403,0.));
#13272=CARTESIAN_POINT('',(-0.065,0.0110326019599403,0.));
#13273=CARTESIAN_POINT('',(-0.0351432078413226,0.0139603932765371,0.));
#13274=CARTESIAN_POINT('',(-0.0355312229202569,0.0179172618895781,0.));
#13275=CARTESIAN_POINT('',(-0.0360624458405139,0.023334523779156,0.));
#13276=CARTESIAN_POINT('',(-0.029698484809835,0.029698484809835,0.));
#13277=CARTESIAN_POINT('',(-0.023334523779156,0.0360624458405139,0.));
#13278=CARTESIAN_POINT('',(-0.017917261889578,0.0355312229202569,0.));
#13279=CARTESIAN_POINT('',(-0.0139603932765372,0.0351432078413226,0.));
#13280=CARTESIAN_POINT('',(-0.0110326019599404,0.065,0.));
#13281=CARTESIAN_POINT('',(-0.0110326019599404,0.035,0.));
#13282=CARTESIAN_POINT('',(3.46944695195361E-17,0.035,0.));
#13283=CARTESIAN_POINT('',(0.0110326019599403,0.035,0.));
#13284=CARTESIAN_POINT('',(0.0110326019599403,0.065,0.));
#13285=CARTESIAN_POINT('',(0.0139603932765371,0.0351432078413226,0.));
#13286=CARTESIAN_POINT('',(0.017917261889578,0.0355312229202569,0.));
#13287=CARTESIAN_POINT('',(0.0226274169979695,0.0311126983722081,0.));
#13288=CARTESIAN_POINT('',(0.0242274169979695,0.0311126983722081,0.));
#13289=CARTESIAN_POINT('',(0.0311126983722081,0.0226274169979695,0.));
#13290=CARTESIAN_POINT('',(0.032712698372208,0.0226274169979695,0.));
#13291=CARTESIAN_POINT('',(-0.0226274169979695,0.0311126983722081,0.));
#13292=CARTESIAN_POINT('',(-0.0210274169979695,0.0311126983722081,0.));
#13293=CARTESIAN_POINT('',(-0.0311126983722081,0.0226274169979695,0.));
#13294=CARTESIAN_POINT('',(-0.029512698372208,0.0226274169979695,0.));
#13295=CARTESIAN_POINT('',(-0.0311126983722081,-0.0226274169979695,0.));
#13296=CARTESIAN_POINT('',(-0.029512698372208,-0.0226274169979695,0.));
#13297=CARTESIAN_POINT('',(-0.0226274169979695,-0.0311126983722081,0.));
#13298=CARTESIAN_POINT('',(-0.0210274169979695,-0.0311126983722081,0.));
#13299=CARTESIAN_POINT('',(0.0226274169979695,-0.0311126983722081,0.));
#13300=CARTESIAN_POINT('',(0.0242274169979695,-0.0311126983722081,0.));
#13301=CARTESIAN_POINT('',(0.0311126983722081,-0.0226274169979695,0.));
#13302=CARTESIAN_POINT('',(0.032712698372208,-0.0226274169979695,0.));
#13303=CARTESIAN_POINT('',(0.0243951839509359,-0.01,0.));
#13304=CARTESIAN_POINT('',(0.0175,-0.01,0.));
#13305=CARTESIAN_POINT('',(-0.0175,-0.01,0.));
#13306=CARTESIAN_POINT('',(0.0175,0.0243951839509359,0.));
#13307=CARTESIAN_POINT('',(0.0175,0.01,0.));
#13308=CARTESIAN_POINT('',(0.0243951839509359,0.01,0.));
#13309=CARTESIAN_POINT('',(-0.0175,0.01,0.));
#13310=CARTESIAN_POINT('',(-0.0175,0.0243951839509359,0.));
#13311=CARTESIAN_POINT('',(0.0243951839509359,0.0243951839509359,0.0041));
#13312=CARTESIAN_POINT('',(0.029698484809835,0.029698484809835,0.0041));
#13313=CARTESIAN_POINT('',(0.023334523779156,0.0360624458405139,0.0041));
#13314=CARTESIAN_POINT('',(0.0360624458405139,0.023334523779156,0.0041));
#13315=CARTESIAN_POINT('',(0.017917261889578,0.0355312229202569,0.0041));
#13316=CARTESIAN_POINT('',(0.0139603932765371,0.0351432078413226,0.0041));
#13317=CARTESIAN_POINT('',(0.0110326019599403,0.065,0.0041));
#13318=CARTESIAN_POINT('',(0.0110326019599403,0.035,0.0041));
#13319=CARTESIAN_POINT('',(3.46944695195361E-17,0.035,0.0041));
#13320=CARTESIAN_POINT('',(-0.0110326019599404,0.035,0.0041));
#13321=CARTESIAN_POINT('',(-0.0110326019599404,0.065,0.0041));
#13322=CARTESIAN_POINT('',(-0.0139603932765372,0.0351432078413226,0.0041));
#13323=CARTESIAN_POINT('',(-0.017917261889578,0.0355312229202569,0.0041));
#13324=CARTESIAN_POINT('',(-0.023334523779156,0.0360624458405139,0.0041));
#13325=CARTESIAN_POINT('',(-0.029698484809835,0.029698484809835,0.0041));
#13326=CARTESIAN_POINT('',(-0.0360624458405139,0.023334523779156,0.0041));
#13327=CARTESIAN_POINT('',(-0.0355312229202569,0.0179172618895781,0.0041));
#13328=CARTESIAN_POINT('',(-0.0351432078413226,0.0139603932765371,0.0041));
#13329=CARTESIAN_POINT('',(-0.065,0.0110326019599403,0.0041));
#13330=CARTESIAN_POINT('',(-0.035,0.0110326019599403,0.0041));
#13331=CARTESIAN_POINT('',(-0.035,4.85722573273506E-17,0.0041));
#13332=CARTESIAN_POINT('',(-0.035,-0.0110326019599404,0.0041));
#13333=CARTESIAN_POINT('',(-0.065,-0.0110326019599404,0.0041));
#13334=CARTESIAN_POINT('',(-0.0351432078413226,-0.0139603932765372,0.0041));
#13335=CARTESIAN_POINT('',(-0.0355312229202569,-0.017917261889578,0.0041));
#13336=CARTESIAN_POINT('',(-0.0360624458405139,-0.023334523779156,0.0041));
#13337=CARTESIAN_POINT('',(-0.029698484809835,-0.0296984848098349,0.0041));
#13338=CARTESIAN_POINT('',(-0.023334523779156,-0.0360624458405139,0.0041));
#13339=CARTESIAN_POINT('',(-0.0179172618895781,-0.0355312229202569,0.0041));
#13340=CARTESIAN_POINT('',(-0.0139603932765371,-0.0351432078413226,0.0041));
#13341=CARTESIAN_POINT('',(-0.0110326019599403,-0.065,0.0041));
#13342=CARTESIAN_POINT('',(-0.0110326019599403,-0.035,0.0041));
#13343=CARTESIAN_POINT('',(-2.42861286636753E-17,-0.035,0.0041));
#13344=CARTESIAN_POINT('',(0.0110326019599404,-0.035,0.0041));
#13345=CARTESIAN_POINT('',(0.0110326019599404,-0.065,0.0041));
#13346=CARTESIAN_POINT('',(0.0139603932765372,-0.0351432078413226,0.0041));
#13347=CARTESIAN_POINT('',(0.017917261889578,-0.0355312229202569,0.0041));
#13348=CARTESIAN_POINT('',(0.023334523779156,-0.0360624458405139,0.0041));
#13349=CARTESIAN_POINT('',(0.029698484809835,-0.029698484809835,0.0041));
#13350=CARTESIAN_POINT('',(0.0360624458405139,-0.023334523779156,0.0041));
#13351=CARTESIAN_POINT('',(0.0355312229202569,-0.0179172618895781,0.0041));
#13352=CARTESIAN_POINT('',(0.0351432078413226,-0.0139603932765371,0.0041));
#13353=CARTESIAN_POINT('',(0.065,-0.0110326019599403,0.0041));
#13354=CARTESIAN_POINT('',(0.035,-0.0110326019599403,0.0041));
#13355=CARTESIAN_POINT('',(0.035,-4.85722573273506E-17,0.0041));
#13356=CARTESIAN_POINT('',(0.035,0.0110326019599404,0.0041));
#13357=CARTESIAN_POINT('',(0.065,0.0110326019599404,0.0041));
#13358=CARTESIAN_POINT('',(0.0351432078413226,0.0139603932765372,0.0041));
#13359=CARTESIAN_POINT('',(0.0355312229202569,0.017917261889578,0.0041));
#13360=CARTESIAN_POINT('',(0.0226274169979695,0.0311126983722081,0.0041));
#13361=CARTESIAN_POINT('',(0.0242274169979695,0.0311126983722081,0.0041));
#13362=CARTESIAN_POINT('',(0.0311126983722081,0.0226274169979695,0.0041));
#13363=CARTESIAN_POINT('',(0.032712698372208,0.0226274169979695,0.0041));
#13364=CARTESIAN_POINT('',(-0.0226274169979695,0.0311126983722081,0.0041));
#13365=CARTESIAN_POINT('',(-0.0210274169979695,0.0311126983722081,0.0041));
#13366=CARTESIAN_POINT('',(-0.0311126983722081,0.0226274169979695,0.0041));
#13367=CARTESIAN_POINT('',(-0.029512698372208,0.0226274169979695,0.0041));
#13368=CARTESIAN_POINT('',(-0.0311126983722081,-0.0226274169979695,0.0041));
#13369=CARTESIAN_POINT('',(-0.029512698372208,-0.0226274169979695,0.0041));
#13370=CARTESIAN_POINT('',(-0.0226274169979695,-0.0311126983722081,0.0041));
#13371=CARTESIAN_POINT('',(-0.0210274169979695,-0.0311126983722081,0.0041));
#13372=CARTESIAN_POINT('',(0.0226274169979695,-0.0311126983722081,0.0041));
#13373=CARTESIAN_POINT('',(0.0242274169979695,-0.0311126983722081,0.0041));
#13374=CARTESIAN_POINT('',(0.0311126983722081,-0.0226274169979695,0.0041));
#13375=CARTESIAN_POINT('',(0.032712698372208,-0.0226274169979695,0.0041));
#13376=CARTESIAN_POINT('',(-0.023377913455364,0.023377913455364,0.0041));
#13377=CARTESIAN_POINT('',(-0.0177558269107281,0.029,0.0041));
#13378=CARTESIAN_POINT('',(-0.029,0.0177558269107281,0.0041));
#13379=CARTESIAN_POINT('',(3.46944695195361E-18,0.029,0.0041));
#13380=CARTESIAN_POINT('',(0.0177558269107281,0.029,0.0041));
#13381=CARTESIAN_POINT('',(0.023377913455364,0.023377913455364,0.0041));
#13382=CARTESIAN_POINT('',(0.029,0.0177558269107281,0.0041));
#13383=CARTESIAN_POINT('',(0.029,3.46944695195361E-18,0.0041));
#13384=CARTESIAN_POINT('',(0.029,-0.0177558269107281,0.0041));
#13385=CARTESIAN_POINT('',(0.023377913455364,-0.023377913455364,0.0041));
#13386=CARTESIAN_POINT('',(0.0177558269107281,-0.029,0.0041));
#13387=CARTESIAN_POINT('',(-6.93889390390723E-18,-0.029,0.0041));
#13388=CARTESIAN_POINT('',(-0.0177558269107281,-0.029,0.0041));
#13389=CARTESIAN_POINT('',(-0.023377913455364,-0.023377913455364,0.0041));
#13390=CARTESIAN_POINT('',(-0.029,-0.0177558269107281,0.0041));
#13391=CARTESIAN_POINT('',(-0.029,3.46944695195361E-18,0.0041));
#13392=CARTESIAN_POINT('',(0.029698484809835,0.029698484809835,0.0041));
#13393=CARTESIAN_POINT('',(0.023334523779156,0.0360624458405139,0.0041));
#13394=CARTESIAN_POINT('',(0.0360624458405139,0.023334523779156,0.0041));
#13395=CARTESIAN_POINT('',(0.017917261889578,0.0355312229202569,0.0041));
#13396=CARTESIAN_POINT('',(0.0139603932765371,0.0351432078413226,0.0041));
#13397=CARTESIAN_POINT('',(3.46944695195361E-17,0.035,0.0041));
#13398=CARTESIAN_POINT('',(0.0110326019599403,0.035,0.0041));
#13399=CARTESIAN_POINT('',(-0.0110326019599404,0.035,0.0041));
#13400=CARTESIAN_POINT('',(-0.017917261889578,0.0355312229202569,0.0041));
#13401=CARTESIAN_POINT('',(-0.0139603932765372,0.0351432078413226,0.));
#13402=CARTESIAN_POINT('',(-0.023334523779156,0.0360624458405139,0.0041));
#13403=CARTESIAN_POINT('',(-0.029698484809835,0.029698484809835,0.0041));
#13404=CARTESIAN_POINT('',(-0.0360624458405139,0.023334523779156,0.0041));
#13405=CARTESIAN_POINT('',(-0.0355312229202569,0.0179172618895781,0.0041));
#13406=CARTESIAN_POINT('',(-0.0351432078413226,0.0139603932765371,0.0041));
#13407=CARTESIAN_POINT('',(-0.035,4.85722573273506E-17,0.0041));
#13408=CARTESIAN_POINT('',(-0.035,-0.0110326019599404,0.0041));
#13409=CARTESIAN_POINT('',(-0.035,0.0110326019599403,0.));
#13410=CARTESIAN_POINT('',(-0.0355312229202569,-0.017917261889578,0.0041));
#13411=CARTESIAN_POINT('',(-0.0351432078413226,-0.0139603932765372,0.0041));
#13412=CARTESIAN_POINT('',(-0.0360624458405139,-0.023334523779156,0.0041));
#13413=CARTESIAN_POINT('',(-0.029698484809835,-0.0296984848098349,0.0041));
#13414=CARTESIAN_POINT('',(-0.023334523779156,-0.0360624458405139,0.0041));
#13415=CARTESIAN_POINT('',(-0.0179172618895781,-0.0355312229202569,0.0041));
#13416=CARTESIAN_POINT('',(-0.0139603932765371,-0.0351432078413226,0.0041));
#13417=CARTESIAN_POINT('',(-2.42861286636753E-17,-0.035,0.0041));
#13418=CARTESIAN_POINT('',(0.0110326019599404,-0.035,0.0041));
#13419=CARTESIAN_POINT('',(-0.0110326019599403,-0.035,0.));
#13420=CARTESIAN_POINT('',(0.017917261889578,-0.0355312229202569,0.0041));
#13421=CARTESIAN_POINT('',(0.0139603932765372,-0.0351432078413226,0.0041));
#13422=CARTESIAN_POINT('',(0.023334523779156,-0.0360624458405139,0.0041));
#13423=CARTESIAN_POINT('',(0.029698484809835,-0.029698484809835,0.0041));
#13424=CARTESIAN_POINT('',(0.0360624458405139,-0.023334523779156,0.0041));
#13425=CARTESIAN_POINT('',(0.0355312229202569,-0.0179172618895781,0.0041));
#13426=CARTESIAN_POINT('',(0.0351432078413226,-0.0139603932765371,0.0041));
#13427=CARTESIAN_POINT('',(0.035,-4.85722573273506E-17,0.0041));
#13428=CARTESIAN_POINT('',(0.035,0.0110326019599404,0.0041));
#13429=CARTESIAN_POINT('',(0.035,-0.0110326019599403,0.0041));
#13430=CARTESIAN_POINT('',(0.0226274169979695,-0.0311126983722081,0.0041));
#13431=CARTESIAN_POINT('',(-0.0226274169979695,-0.0311126983722081,0.0041));
#13432=CARTESIAN_POINT('',(-0.0311126983722081,-0.0226274169979695,0.0041));
#13433=CARTESIAN_POINT('',(-0.0311126983722081,0.0226274169979695,0.0041));
#13434=CARTESIAN_POINT('',(-0.0226274169979695,0.0311126983722081,0.0041));
#13435=CARTESIAN_POINT('',(0.0311126983722081,0.0226274169979695,0.0041));
#13436=CARTESIAN_POINT('',(0.0226274169979695,0.0311126983722081,0.0041));
#13437=CARTESIAN_POINT('',(0.0355312229202569,0.017917261889578,0.0041));
#13438=CARTESIAN_POINT('',(0.0351432078413226,0.0139603932765372,0.));
#13439=CARTESIAN_POINT('',(0.0311126983722081,-0.0226274169979695,0.0041));
#13440=CARTESIAN_POINT('',(3.46944695195361E-18,0.029,0.0021));
#13441=CARTESIAN_POINT('',(-0.0177558269107281,0.029,0.0021));
#13442=CARTESIAN_POINT('',(0.0177558269107281,0.029,0.0021));
#13443=CARTESIAN_POINT('',(-0.023377913455364,0.023377913455364,0.0021));
#13444=CARTESIAN_POINT('',(-0.029,0.0177558269107281,0.0021));
#13445=CARTESIAN_POINT('',(-0.029,3.46944695195361E-18,0.0021));
#13446=CARTESIAN_POINT('',(-0.029,-0.0177558269107281,0.0021));
#13447=CARTESIAN_POINT('',(-0.023377913455364,-0.023377913455364,0.0021));
#13448=CARTESIAN_POINT('',(-0.0177558269107281,-0.029,0.0021));
#13449=CARTESIAN_POINT('',(-6.93889390390723E-18,-0.029,0.0021));
#13450=CARTESIAN_POINT('',(0.0177558269107281,-0.029,0.0021));
#13451=CARTESIAN_POINT('',(0.023377913455364,-0.023377913455364,0.0021));
#13452=CARTESIAN_POINT('',(0.029,-0.0177558269107281,0.0021));
#13453=CARTESIAN_POINT('',(0.029,3.46944695195361E-18,0.0021));
#13454=CARTESIAN_POINT('',(0.029,0.0177558269107281,0.0021));
#13455=CARTESIAN_POINT('',(0.023377913455364,0.023377913455364,0.0021));
#13456=CARTESIAN_POINT('',(-0.065,-0.0110326019599404,0.0041));
#13457=CARTESIAN_POINT('',(-0.065,0.0110326019599403,0.0041));
#13458=CARTESIAN_POINT('',(0.0110326019599403,0.065,0.0041));
#13459=CARTESIAN_POINT('',(-0.0110326019599404,0.065,0.0041));
#13460=CARTESIAN_POINT('',(0.065,0.0110326019599404,0.0041));
#13461=CARTESIAN_POINT('',(0.065,-0.0110326019599403,0.0041));
#13462=CARTESIAN_POINT('',(0.0110326019599404,-0.065,0.0041));
#13463=CARTESIAN_POINT('',(-0.0110326019599403,-0.065,0.0041));
#13464=CARTESIAN_POINT('',(0.0042,-0.0213,-0.0999923687029253));
#13465=CARTESIAN_POINT('',(0.0042,-0.0205,-0.0999923687029253));
#13466=CARTESIAN_POINT('',(0.005,-0.0213,-0.0999923687029253));
#13467=CARTESIAN_POINT('',(0.005,-0.0225,-0.0999923687029253));
#13468=CARTESIAN_POINT('',(0.005,-0.0237,-0.0999923687029253));
#13469=CARTESIAN_POINT('',(0.0042,-0.0237,-0.0999923687029253));
#13470=CARTESIAN_POINT('',(0.0042,-0.0245,-0.0999923687029253));
#13471=CARTESIAN_POINT('',(-1.21430643318376E-17,-0.0245,-0.0999923687029253));
#13472=CARTESIAN_POINT('',(-0.0042,-0.0245,-0.0999923687029253));
#13473=CARTESIAN_POINT('',(-0.0042,-0.0237,-0.0999923687029253));
#13474=CARTESIAN_POINT('',(-0.005,-0.0237,-0.0999923687029253));
#13475=CARTESIAN_POINT('',(-0.005,-0.0225,-0.0999923687029253));
#13476=CARTESIAN_POINT('',(-0.005,-0.0213,-0.0999923687029253));
#13477=CARTESIAN_POINT('',(-0.0042,-0.0213,-0.0999923687029253));
#13478=CARTESIAN_POINT('',(-0.0042,-0.0205,-0.0999923687029253));
#13479=CARTESIAN_POINT('',(-0.00325,-0.0205,-0.0999923687029253));
#13480=CARTESIAN_POINT('',(-0.0023,-0.0205,-0.0999923687029253));
#13481=CARTESIAN_POINT('',(-0.0023,-0.0197,-0.0999923687029253));
#13482=CARTESIAN_POINT('',(-0.0015,-0.0197,-0.0999923687029253));
#13483=CARTESIAN_POINT('',(-0.0015,-0.019,-0.0999923687029253));
#13484=CARTESIAN_POINT('',(-0.0015,-0.0183,-0.0999923687029253));
#13485=CARTESIAN_POINT('',(-0.0023,-0.0183,-0.0999923687029253));
#13486=CARTESIAN_POINT('',(-0.0023,-0.0175,-0.0999923687029253));
#13487=CARTESIAN_POINT('',(-0.0045,-0.0175,-0.0999923687029253));
#13488=CARTESIAN_POINT('',(-0.0067,-0.0175,-0.0999923687029253));
#13489=CARTESIAN_POINT('',(-0.0067,-0.0183,-0.0999923687029253));
#13490=CARTESIAN_POINT('',(-0.0075,-0.0183,-0.0999923687029253));
#13491=CARTESIAN_POINT('',(-0.0075,-0.0225,-0.0999923687029253));
#13492=CARTESIAN_POINT('',(-0.0075,-0.0267,-0.0999923687029253));
#13493=CARTESIAN_POINT('',(-0.0067,-0.0267,-0.0999923687029253));
#13494=CARTESIAN_POINT('',(-0.0067,-0.0275,-0.0999923687029253));
#13495=CARTESIAN_POINT('',(-1.21430643318376E-17,-0.0275,-0.0999923687029253));
#13496=CARTESIAN_POINT('',(0.0067,-0.0275,-0.0999923687029253));
#13497=CARTESIAN_POINT('',(0.0067,-0.0267,-0.0999923687029253));
#13498=CARTESIAN_POINT('',(0.0075,-0.0267,-0.0999923687029253));
#13499=CARTESIAN_POINT('',(0.0075,-0.0225,-0.0999923687029253));
#13500=CARTESIAN_POINT('',(0.0075,-0.0183,-0.0999923687029253));
#13501=CARTESIAN_POINT('',(0.0067,-0.0183,-0.0999923687029253));
#13502=CARTESIAN_POINT('',(0.0067,-0.0175,-0.0999923687029253));
#13503=CARTESIAN_POINT('',(0.0045,-0.0175,-0.0999923687029253));
#13504=CARTESIAN_POINT('',(0.0023,-0.0175,-0.0999923687029253));
#13505=CARTESIAN_POINT('',(0.0023,-0.0183,-0.0999923687029253));
#13506=CARTESIAN_POINT('',(0.00149999999999999,-0.0183,-0.0999923687029253));
#13507=CARTESIAN_POINT('',(0.00149999999999999,-0.019,-0.0999923687029253));
#13508=CARTESIAN_POINT('',(0.00149999999999999,-0.0197,-0.0999923687029253));
#13509=CARTESIAN_POINT('',(0.0023,-0.0197,-0.0999923687029253));
#13510=CARTESIAN_POINT('',(0.0023,-0.0205,-0.0999923687029253));
#13511=CARTESIAN_POINT('',(0.00325,-0.0205,-0.0999923687029253));
#13512=CARTESIAN_POINT('',(0.0042,0.0213,-0.0999923687029253));
#13513=CARTESIAN_POINT('',(0.005,0.0213,-0.0999923687029253));
#13514=CARTESIAN_POINT('',(0.0042,0.0205,-0.0999923687029253));
#13515=CARTESIAN_POINT('',(0.00325,0.0205,-0.0999923687029253));
#13516=CARTESIAN_POINT('',(0.0023,0.0205,-0.0999923687029253));
#13517=CARTESIAN_POINT('',(0.0023,0.0197,-0.0999923687029253));
#13518=CARTESIAN_POINT('',(0.0015,0.0197,-0.0999923687029253));
#13519=CARTESIAN_POINT('',(0.0015,0.019,-0.0999923687029253));
#13520=CARTESIAN_POINT('',(0.0015,0.0183,-0.0999923687029253));
#13521=CARTESIAN_POINT('',(0.0023,0.0183,-0.0999923687029253));
#13522=CARTESIAN_POINT('',(0.0023,0.0175,-0.0999923687029253));
#13523=CARTESIAN_POINT('',(0.0045,0.0175,-0.0999923687029253));
#13524=CARTESIAN_POINT('',(0.0067,0.0175,-0.0999923687029253));
#13525=CARTESIAN_POINT('',(0.0067,0.0183,-0.0999923687029253));
#13526=CARTESIAN_POINT('',(0.0075,0.0183,-0.0999923687029253));
#13527=CARTESIAN_POINT('',(0.0075,0.0225,-0.0999923687029253));
#13528=CARTESIAN_POINT('',(0.0075,0.0267,-0.0999923687029253));
#13529=CARTESIAN_POINT('',(0.0067,0.0267,-0.0999923687029253));
#13530=CARTESIAN_POINT('',(0.0067,0.0275,-0.0999923687029253));
#13531=CARTESIAN_POINT('',(1.7347234759768E-18,0.0275,-0.0999923687029253));
#13532=CARTESIAN_POINT('',(-0.0067,0.0275,-0.0999923687029253));
#13533=CARTESIAN_POINT('',(-0.0067,0.0267,-0.0999923687029253));
#13534=CARTESIAN_POINT('',(-0.0075,0.0267,-0.0999923687029253));
#13535=CARTESIAN_POINT('',(-0.0075,0.0225,-0.0999923687029253));
#13536=CARTESIAN_POINT('',(-0.0075,0.0183,-0.0999923687029253));
#13537=CARTESIAN_POINT('',(-0.0067,0.0183,-0.0999923687029253));
#13538=CARTESIAN_POINT('',(-0.0067,0.0175,-0.0999923687029253));
#13539=CARTESIAN_POINT('',(-0.0045,0.0175,-0.0999923687029253));
#13540=CARTESIAN_POINT('',(-0.0023,0.0175,-0.0999923687029253));
#13541=CARTESIAN_POINT('',(-0.0023,0.0183,-0.0999923687029253));
#13542=CARTESIAN_POINT('',(-0.0015,0.0183,-0.0999923687029253));
#13543=CARTESIAN_POINT('',(-0.0015,0.019,-0.0999923687029253));
#13544=CARTESIAN_POINT('',(-0.0015,0.0197,-0.0999923687029253));
#13545=CARTESIAN_POINT('',(-0.0023,0.0197,-0.0999923687029253));
#13546=CARTESIAN_POINT('',(-0.0023,0.0205,-0.0999923687029253));
#13547=CARTESIAN_POINT('',(-0.00325,0.0205,-0.0999923687029253));
#13548=CARTESIAN_POINT('',(-0.0042,0.0205,-0.0999923687029253));
#13549=CARTESIAN_POINT('',(-0.0042,0.0213,-0.0999923687029253));
#13550=CARTESIAN_POINT('',(-0.005,0.0213,-0.0999923687029253));
#13551=CARTESIAN_POINT('',(-0.005,0.0225,-0.0999923687029253));
#13552=CARTESIAN_POINT('',(-0.005,0.0237,-0.0999923687029253));
#13553=CARTESIAN_POINT('',(-0.0042,0.0237,-0.0999923687029253));
#13554=CARTESIAN_POINT('',(-0.0042,0.0245,-0.0999923687029253));
#13555=CARTESIAN_POINT('',(0.,0.0245,-0.0999923687029253));
#13556=CARTESIAN_POINT('',(0.0042,0.0245,-0.0999923687029253));
#13557=CARTESIAN_POINT('',(0.0042,0.0237,-0.0999923687029253));
#13558=CARTESIAN_POINT('',(0.005,0.0237,-0.0999923687029253));
#13559=CARTESIAN_POINT('',(0.005,0.0225,-0.0999923687029253));
#13560=CARTESIAN_POINT('',(0.,-0.01,-0.0999923687029253));
#13561=CARTESIAN_POINT('',(-0.0175,-0.01,-0.0999923687029253));
#13562=CARTESIAN_POINT('',(0.0175,-0.01,-0.0999923687029253));
#13563=CARTESIAN_POINT('',(0.0175,3.46944695195361E-18,-0.0999923687029253));
#13564=CARTESIAN_POINT('',(0.0175,0.01,-0.0999923687029253));
#13565=CARTESIAN_POINT('',(0.,0.01,-0.0999923687029253));
#13566=CARTESIAN_POINT('',(-0.0175,0.01,-0.0999923687029253));
#13567=CARTESIAN_POINT('',(-0.0175,-3.46944695195361E-18,-0.0999923687029253));
#13568=CARTESIAN_POINT('',(2.34684300342871E-16,2.65145764612577E-16,0.0321));
#13569=CARTESIAN_POINT('',(-0.0644071504108707,-0.0707711114415498,0.0119));
#13570=CARTESIAN_POINT('',(1.0321604682062E-16,-7.80625564189563E-18,0.017));
#13571=CARTESIAN_POINT('',(0.018002,0.0614556230238503,0.0037961661478256));
#13572=CARTESIAN_POINT('',(0.009,0.0618303596297412,0.00346514881262194));
#13573=CARTESIAN_POINT('',(0.00572577605066014,0.0618303596297412,0.00346514881262194));
#13574=CARTESIAN_POINT('',(0.009,0.0618303596297412,0.00346514881262193));
#13575=CARTESIAN_POINT('',(0.00572577605066013,0.0618303596297412,0.00346514881262193));
#13576=CARTESIAN_POINT('',(0.00574475278725163,0.0617353747433428,0.00335761875254823));
#13577=CARTESIAN_POINT('',(0.00577094966464253,0.0614472536903868,0.00323303079542728));
#13578=CARTESIAN_POINT('',(0.00568419261486167,0.0611728118892821,0.00336108224131303));
#13579=CARTESIAN_POINT('',(0.00564363448005302,0.0610808864179593,0.00346514881262192));
#13580=CARTESIAN_POINT('',(0.00564363448005302,0.0610808864179593,0.00346514881262193));
#13581=CARTESIAN_POINT('',(0.,0.0610808864179593,0.00346514881262193));
#13582=CARTESIAN_POINT('',(0.009,0.0610808864179593,0.00346514881262193));
#13583=CARTESIAN_POINT('',(0.009,0.0614556230238503,0.0037961661478256));
#13584=CARTESIAN_POINT('',(0.,0.0452175144212722,0.01));
#13585=CARTESIAN_POINT('',(0.,0.0614556230238503,0.008));
#13586=CARTESIAN_POINT('',(0.,0.0581839031210962,0.008));
#13587=CARTESIAN_POINT('',(0.,0.0647273429266043,0.008));
#13588=CARTESIAN_POINT('',(0.,0.0581839031210962,0.0075));
#13589=CARTESIAN_POINT('',(0.,0.0578091665152052,0.00716898266479633));
#13590=CARTESIAN_POINT('',(0.,0.0592653621131461,0.00552045934637269));
#13591=CARTESIAN_POINT('',(0.,0.0610808864179593,0.00346514881262193));
#13592=CARTESIAN_POINT('',(0.,0.0614556230238503,0.0037961661478256));
#13593=CARTESIAN_POINT('',(0.,0.0618303596297412,0.00346514881262193));
#13594=CARTESIAN_POINT('',(0.,0.0636458839345544,0.0055204593463727));
#13595=CARTESIAN_POINT('',(0.,0.0651020795324953,0.00716898266479633));
#13596=CARTESIAN_POINT('',(0.,0.0647273429266043,0.0075));
#13597=CARTESIAN_POINT('',(0.,0.0411639563571835,0.0045));
#13598=CARTESIAN_POINT('',(0.,0.0393303596297412,0.00657576988012346));
#13599=CARTESIAN_POINT('',(0.,0.0426382243777537,0.0028310173352037));
#13600=CARTESIAN_POINT('',(0.,0.0389556230238502,0.00624475254491979));
#13601=CARTESIAN_POINT('',(0.,0.0385808864179593,0.00657576988012346));
#13602=CARTESIAN_POINT('',(0.,0.0367472896905169,0.0045));
#13603=CARTESIAN_POINT('',(0.,0.0352730216699468,0.0028310173352037));
#13604=CARTESIAN_POINT('',(0.,0.0356477582758378,0.0025));
#13605=CARTESIAN_POINT('',(0.,0.0356477582758378,0.00200000000000003));
#13606=CARTESIAN_POINT('',(0.,0.0389556230238502,0.00200000000000003));
#13607=CARTESIAN_POINT('',(0.,0.0422634877718627,0.00200000000000003));
#13608=CARTESIAN_POINT('',(0.,0.0422634877718627,0.0025));
#13609=CARTESIAN_POINT('',(0.,0.0561639563571836,0.0045));
#13610=CARTESIAN_POINT('',(0.,0.0543303596297412,0.00657576988012346));
#13611=CARTESIAN_POINT('',(0.,0.0576382243777537,0.0028310173352037));
#13612=CARTESIAN_POINT('',(0.,0.0539556230238502,0.0062447525449198));
#13613=CARTESIAN_POINT('',(0.,0.0535808864179593,0.00657576988012347));
#13614=CARTESIAN_POINT('',(0.,0.0517472896905169,0.0045));
#13615=CARTESIAN_POINT('',(0.,0.0502730216699468,0.0028310173352037));
#13616=CARTESIAN_POINT('',(0.,0.0506477582758378,0.0025));
#13617=CARTESIAN_POINT('',(0.,0.0506477582758378,0.00200000000000003));
#13618=CARTESIAN_POINT('',(0.,0.0539556230238502,0.00200000000000003));
#13619=CARTESIAN_POINT('',(0.,0.0572634877718627,0.00200000000000003));
#13620=CARTESIAN_POINT('',(0.,0.0572634877718627,0.0025));
#13621=CARTESIAN_POINT('',(0.,0.0667472896905169,0.0045));
#13622=CARTESIAN_POINT('',(0.,0.0652730216699468,0.0028310173352037));
#13623=CARTESIAN_POINT('',(0.,0.0685808864179593,0.00657576988012347));
#13624=CARTESIAN_POINT('',(0.,0.0656477582758378,0.0025));
#13625=CARTESIAN_POINT('',(0.,0.0656477582758378,0.00200000000000003));
#13626=CARTESIAN_POINT('',(0.,0.0689556230238503,0.00200000000000003));
#13627=CARTESIAN_POINT('',(0.,0.0722634877718627,0.00200000000000003));
#13628=CARTESIAN_POINT('',(0.,0.0722634877718627,0.0025));
#13629=CARTESIAN_POINT('',(0.,0.0726382243777537,0.0028310173352037));
#13630=CARTESIAN_POINT('',(0.,0.0711639563571836,0.0045));
#13631=CARTESIAN_POINT('',(0.,0.0693303596297412,0.00657576988012348));
#13632=CARTESIAN_POINT('',(0.,0.0689556230238502,0.00624475254491981));
#13633=CARTESIAN_POINT('',(0.,0.0217472896905169,0.0045));
#13634=CARTESIAN_POINT('',(0.,0.0202730216699468,0.0028310173352037));
#13635=CARTESIAN_POINT('',(0.,0.0235808864179593,0.00657576988012347));
#13636=CARTESIAN_POINT('',(0.,0.0206477582758378,0.0025));
#13637=CARTESIAN_POINT('',(0.,0.0206477582758378,0.00200000000000003));
#13638=CARTESIAN_POINT('',(0.,0.0239556230238503,0.00200000000000003));
#13639=CARTESIAN_POINT('',(0.,0.0272634877718627,0.00200000000000003));
#13640=CARTESIAN_POINT('',(0.,0.0272634877718627,0.0025));
#13641=CARTESIAN_POINT('',(0.,0.0276382243777537,0.0028310173352037));
#13642=CARTESIAN_POINT('',(0.,0.0261639563571835,0.0045));
#13643=CARTESIAN_POINT('',(0.,0.0243303596297412,0.00657576988012346));
#13644=CARTESIAN_POINT('',(0.,0.0239556230238503,0.0062447525449198));
#13645=CARTESIAN_POINT('',(0.,0.0142111448452584,0.0055));
#13646=CARTESIAN_POINT('',(0.,0.0160447415727008,0.00342423011987653));
#13647=CARTESIAN_POINT('',(0.,0.0127368768246883,0.00716898266479634));
#13648=CARTESIAN_POINT('',(0.,0.0164194781785918,0.00375524745508021));
#13649=CARTESIAN_POINT('',(0.,0.0167942147844828,0.00342423011987653));
#13650=CARTESIAN_POINT('',(0.,0.0186278115119252,0.0055));
#13651=CARTESIAN_POINT('',(0.,0.0201020795324953,0.00716898266479634));
#13652=CARTESIAN_POINT('',(0.,0.0197273429266043,0.0075));
#13653=CARTESIAN_POINT('',(0.,0.0197273429266043,0.008));
#13654=CARTESIAN_POINT('',(0.,0.0164194781785918,0.008));
#13655=CARTESIAN_POINT('',(0.,0.0131116134305793,0.008));
#13656=CARTESIAN_POINT('',(0.,0.0131116134305793,0.0075));
#13657=CARTESIAN_POINT('',(0.,0.0314556230238503,0.008));
#13658=CARTESIAN_POINT('',(0.,0.0281839031210962,0.008));
#13659=CARTESIAN_POINT('',(0.,0.0347273429266043,0.008));
#13660=CARTESIAN_POINT('',(0.,0.0281839031210962,0.0075));
#13661=CARTESIAN_POINT('',(0.,0.0278091665152052,0.00716898266479633));
#13662=CARTESIAN_POINT('',(0.,0.0292653621131462,0.00552045934637269));
#13663=CARTESIAN_POINT('',(0.,0.0310808864179593,0.00346514881262195));
#13664=CARTESIAN_POINT('',(0.,0.0314556230238503,0.00379616614782562));
#13665=CARTESIAN_POINT('',(0.,0.0318303596297412,0.00346514881262195));
#13666=CARTESIAN_POINT('',(0.,0.0336458839345544,0.0055204593463727));
#13667=CARTESIAN_POINT('',(0.,0.0351020795324953,0.00716898266479633));
#13668=CARTESIAN_POINT('',(0.,0.0347273429266043,0.0075));
#13669=CARTESIAN_POINT('',(0.,0.0464556230238502,0.008));
#13670=CARTESIAN_POINT('',(0.,0.0431839031210962,0.008));
#13671=CARTESIAN_POINT('',(0.,0.0497273429266043,0.008));
#13672=CARTESIAN_POINT('',(0.,0.0431839031210962,0.0075));
#13673=CARTESIAN_POINT('',(0.,0.0428091665152052,0.00716898266479632));
#13674=CARTESIAN_POINT('',(0.,0.0442653621131461,0.0055204593463727));
#13675=CARTESIAN_POINT('',(0.,0.0460808864179593,0.00346514881262195));
#13676=CARTESIAN_POINT('',(0.,0.0464556230238502,0.00379616614782562));
#13677=CARTESIAN_POINT('',(0.,0.0468303596297412,0.00346514881262195));
#13678=CARTESIAN_POINT('',(0.,0.0486458839345543,0.0055204593463727));
#13679=CARTESIAN_POINT('',(0.,0.0501020795324952,0.00716898266479632));
#13680=CARTESIAN_POINT('',(0.,0.0497273429266043,0.0075));
#13681=CARTESIAN_POINT('',(0.,0.01065,0.00200000000000003));
#13682=CARTESIAN_POINT('',(0.,0.0085,0.00200000000000003));
#13683=CARTESIAN_POINT('',(0.,0.0121911980813458,0.00200000000000003));
#13684=CARTESIAN_POINT('',(0.,0.0121911980813458,0.0025));
#13685=CARTESIAN_POINT('',(0.,0.0125659346872368,0.0028310173352037));
#13686=CARTESIAN_POINT('',(0.,0.01065,0.005));
#13687=CARTESIAN_POINT('',(0.,0.008,0.008));
#13688=CARTESIAN_POINT('',(0.,0.008,0.005));
#13689=CARTESIAN_POINT('',(0.,0.008,0.0025));
#13690=CARTESIAN_POINT('',(0.,0.0085,0.0025));
#13691=CARTESIAN_POINT('',(0.,0.0452175144212722,0.01));
#13692=CARTESIAN_POINT('',(0.,0.018,0.01));
#13693=CARTESIAN_POINT('',(0.,0.0689556230238503,0.01));
#13694=CARTESIAN_POINT('',(0.,0.0689556230238503,0.007));
#13695=CARTESIAN_POINT('',(0.,0.0712040426591959,0.008986104011222));
#13696=CARTESIAN_POINT('',(0.,0.072737601202442,0.00725));
#13697=CARTESIAN_POINT('',(0.,0.0742711597456881,0.005513895988778));
#13698=CARTESIAN_POINT('',(0.,0.0765195793810338,0.0075));
#13699=CARTESIAN_POINT('',(0.,0.0765195793810338,0.0045));
#13700=CARTESIAN_POINT('',(0.,0.0857232020762201,0.0045));
#13701=CARTESIAN_POINT('',(1.7347234759768E-18,0.0904350288425444,0.0045));
#13702=CARTESIAN_POINT('',(0.,0.0904350288425444,0.01));
#13703=CARTESIAN_POINT('',(0.,0.0904350288425444,0.));
#13704=CARTESIAN_POINT('',(0.,0.0452175144212722,0.));
#13705=CARTESIAN_POINT('',(0.,0.,0.));
#13706=CARTESIAN_POINT('',(0.,0.,0.01));
#13707=CARTESIAN_POINT('',(0.,0.,0.005));
#13708=CARTESIAN_POINT('',(0.,0.002,0.005));
#13709=CARTESIAN_POINT('',(0.,0.002,0.005));
#13710=CARTESIAN_POINT('',(0.,0.002,0.007));
#13711=CARTESIAN_POINT('',(0.,0.004,0.007));
#13712=CARTESIAN_POINT('',(0.,0.004,0.0095));
#13713=CARTESIAN_POINT('',(0.,0.004,0.012));
#13714=CARTESIAN_POINT('',(0.,0.002,0.012));
#13715=CARTESIAN_POINT('',(0.,0.002,0.014));
#13716=CARTESIAN_POINT('',(0.,0.002,0.014));
#13717=CARTESIAN_POINT('',(0.,0.,0.014));
#13718=CARTESIAN_POINT('',(0.,0.,0.01));
#13719=CARTESIAN_POINT('',(0.,0.,0.02));
#13720=CARTESIAN_POINT('',(0.,0.0452175144212722,0.02));
#13721=CARTESIAN_POINT('',(0.,0.008,0.02));
#13722=CARTESIAN_POINT('',(0.,0.013,0.015));
#13723=CARTESIAN_POINT('',(0.009,0.047,0.01));
#13724=CARTESIAN_POINT('',(0.009,0.0468535533905933,0.01));
#13725=CARTESIAN_POINT('',(0.009,0.0211421356237309,0.01));
#13726=CARTESIAN_POINT('',(0.009,0.0689556230238503,0.01));
#13727=CARTESIAN_POINT('',(0.009,0.0689556230238503,0.01));
#13728=CARTESIAN_POINT('',(0.01,0.018,0.01));
#13729=CARTESIAN_POINT('',(0.00308377841190776,0.018,0.01));
#13730=CARTESIAN_POINT('',(0.010833882002088,0.00880321496394992,0.01));
#13731=CARTESIAN_POINT('',(0.00982535478652212,0.01,0.01));
#13732=CARTESIAN_POINT('',(0.009,0.01,0.01));
#13733=CARTESIAN_POINT('',(0.016,0.01,0.01));
#13734=CARTESIAN_POINT('',(0.0149644660940673,0.0110355339059327,0.01));
#13735=CARTESIAN_POINT('',(0.0119289321881345,0.0140710678118654,0.01));
#13736=CARTESIAN_POINT('',(0.019,0.0211421356237309,0.01));
#13737=CARTESIAN_POINT('',(0.009,0.0468535533905933,0.01));
#13738=CARTESIAN_POINT('',(0.009,0.0592653621131461,0.00552045934637269));
#13739=CARTESIAN_POINT('',(0.009,0.0578091665152052,0.00716898266479633));
#13740=CARTESIAN_POINT('',(0.009,0.0581839031210962,0.0075));
#13741=CARTESIAN_POINT('',(0.009,0.0581839031210962,0.008));
#13742=CARTESIAN_POINT('',(0.009,0.0614556230238503,0.008));
#13743=CARTESIAN_POINT('',(0.009,0.0647273429266043,0.008));
#13744=CARTESIAN_POINT('',(0.009,0.0647273429266043,0.0075));
#13745=CARTESIAN_POINT('',(0.009,0.0651020795324953,0.00716898266479633));
#13746=CARTESIAN_POINT('',(0.009,0.0636458839345544,0.0055204593463727));
#13747=CARTESIAN_POINT('',(0.009,0.0367472896905169,0.0045));
#13748=CARTESIAN_POINT('',(0.009,0.0385808864179593,0.00657576988012346));
#13749=CARTESIAN_POINT('',(0.009,0.0352730216699468,0.0028310173352037));
#13750=CARTESIAN_POINT('',(0.009,0.0389556230238502,0.00624475254491979));
#13751=CARTESIAN_POINT('',(0.009,0.0393303596297412,0.00657576988012346));
#13752=CARTESIAN_POINT('',(0.009,0.0411639563571835,0.0045));
#13753=CARTESIAN_POINT('',(0.009,0.0426382243777537,0.0028310173352037));
#13754=CARTESIAN_POINT('',(0.009,0.0422634877718627,0.0025));
#13755=CARTESIAN_POINT('',(0.009,0.0422634877718627,0.00200000000000003));
#13756=CARTESIAN_POINT('',(0.009,0.0389556230238502,0.00200000000000003));
#13757=CARTESIAN_POINT('',(0.009,0.0356477582758378,0.00200000000000003));
#13758=CARTESIAN_POINT('',(0.009,0.0356477582758378,0.0025));
#13759=CARTESIAN_POINT('',(0.009,0.0517472896905169,0.0045));
#13760=CARTESIAN_POINT('',(0.009,0.0535808864179593,0.00657576988012347));
#13761=CARTESIAN_POINT('',(0.009,0.0502730216699468,0.0028310173352037));
#13762=CARTESIAN_POINT('',(0.009,0.0539556230238502,0.0062447525449198));
#13763=CARTESIAN_POINT('',(0.009,0.0543303596297412,0.00657576988012346));
#13764=CARTESIAN_POINT('',(0.009,0.0561639563571836,0.0045));
#13765=CARTESIAN_POINT('',(0.009,0.0576382243777537,0.0028310173352037));
#13766=CARTESIAN_POINT('',(0.009,0.0572634877718627,0.0025));
#13767=CARTESIAN_POINT('',(0.009,0.0572634877718627,0.00200000000000003));
#13768=CARTESIAN_POINT('',(0.009,0.0539556230238502,0.00200000000000003));
#13769=CARTESIAN_POINT('',(0.009,0.0506477582758378,0.00200000000000003));
#13770=CARTESIAN_POINT('',(0.009,0.0506477582758378,0.0025));
#13771=CARTESIAN_POINT('',(0.009,0.0442653621131461,0.0055204593463727));
#13772=CARTESIAN_POINT('',(0.009,0.0428091665152052,0.00716898266479632));
#13773=CARTESIAN_POINT('',(0.009,0.0460808864179593,0.00346514881262195));
#13774=CARTESIAN_POINT('',(0.009,0.0431839031210962,0.0075));
#13775=CARTESIAN_POINT('',(0.009,0.0431839031210962,0.008));
#13776=CARTESIAN_POINT('',(0.009,0.0464556230238502,0.008));
#13777=CARTESIAN_POINT('',(0.009,0.0497273429266043,0.008));
#13778=CARTESIAN_POINT('',(0.009,0.0497273429266043,0.0075));
#13779=CARTESIAN_POINT('',(0.009,0.0501020795324952,0.00716898266479632));
#13780=CARTESIAN_POINT('',(0.009,0.0486458839345543,0.0055204593463727));
#13781=CARTESIAN_POINT('',(0.009,0.0468303596297412,0.00346514881262195));
#13782=CARTESIAN_POINT('',(0.009,0.0464556230238502,0.00379616614782562));
#13783=CARTESIAN_POINT('',(0.009,0.0292653621131462,0.00552045934637269));
#13784=CARTESIAN_POINT('',(0.009,0.0278091665152052,0.00716898266479633));
#13785=CARTESIAN_POINT('',(0.009,0.0310808864179593,0.00346514881262195));
#13786=CARTESIAN_POINT('',(0.009,0.0281839031210962,0.0075));
#13787=CARTESIAN_POINT('',(0.009,0.0281839031210962,0.008));
#13788=CARTESIAN_POINT('',(0.009,0.0314556230238503,0.008));
#13789=CARTESIAN_POINT('',(0.009,0.0347273429266043,0.008));
#13790=CARTESIAN_POINT('',(0.009,0.0347273429266043,0.0075));
#13791=CARTESIAN_POINT('',(0.009,0.0351020795324953,0.00716898266479633));
#13792=CARTESIAN_POINT('',(0.009,0.0336458839345544,0.0055204593463727));
#13793=CARTESIAN_POINT('',(0.009,0.0318303596297412,0.00346514881262195));
#13794=CARTESIAN_POINT('',(0.009,0.0314556230238503,0.00379616614782562));
#13795=CARTESIAN_POINT('',(0.009,0.0600283969110575,0.0216377784430767));
#13796=CARTESIAN_POINT('',(0.009,0.0712040426591959,0.008986104011222));
#13797=CARTESIAN_POINT('',(0.009,0.0725649711574556,0.00744543023960724));
#13798=CARTESIAN_POINT('',(0.009,0.0689556230238503,0.007));
#13799=CARTESIAN_POINT('',(0.009,0.0211421356237309,0.01));
#13800=CARTESIAN_POINT('',(0.009,0.0211421356237309,0.008));
#13801=CARTESIAN_POINT('',(0.009,0.0145710678118655,0.008));
#13802=CARTESIAN_POINT('',(0.009,0.0197273429266043,0.008));
#13803=CARTESIAN_POINT('',(0.009,0.0197273429266043,0.0075));
#13804=CARTESIAN_POINT('',(0.009,0.0201020795324953,0.00716898266479634));
#13805=CARTESIAN_POINT('',(0.009,0.0186278115119252,0.0055));
#13806=CARTESIAN_POINT('',(0.009,0.0167942147844828,0.00342423011987653));
#13807=CARTESIAN_POINT('',(0.009,0.0164194781785918,0.00375524745508021));
#13808=CARTESIAN_POINT('',(0.009,0.0160447415727008,0.00342423011987653));
#13809=CARTESIAN_POINT('',(0.009,0.0142111448452584,0.0055));
#13810=CARTESIAN_POINT('',(0.009,0.0127368768246883,0.00716898266479634));
#13811=CARTESIAN_POINT('',(0.009,0.0131116134305793,0.0075));
#13812=CARTESIAN_POINT('',(0.009,0.0131116134305793,0.008));
#13813=CARTESIAN_POINT('',(0.009,0.0145710678118655,0.008));
#13814=CARTESIAN_POINT('',(0.009,0.008,0.008));
#13815=CARTESIAN_POINT('',(0.009,0.01065,0.005));
#13816=CARTESIAN_POINT('',(0.009,0.0125659346872368,0.0028310173352037));
#13817=CARTESIAN_POINT('',(0.009,0.0121911980813458,0.0025));
#13818=CARTESIAN_POINT('',(0.009,0.0121911980813458,0.00200000000000003));
#13819=CARTESIAN_POINT('',(0.009,0.0145710678118655,0.00200000000000003));
#13820=CARTESIAN_POINT('',(0.009,0.0206477582758378,0.00200000000000003));
#13821=CARTESIAN_POINT('',(0.009,0.0206477582758378,0.0025));
#13822=CARTESIAN_POINT('',(0.009,0.0202730216699468,0.0028310173352037));
#13823=CARTESIAN_POINT('',(0.009,0.0217472896905169,0.0045));
#13824=CARTESIAN_POINT('',(0.009,0.0235808864179593,0.00657576988012347));
#13825=CARTESIAN_POINT('',(0.009,0.0239556230238503,0.0062447525449198));
#13826=CARTESIAN_POINT('',(0.009,0.0243303596297412,0.00657576988012346));
#13827=CARTESIAN_POINT('',(0.009,0.0261639563571835,0.0045));
#13828=CARTESIAN_POINT('',(0.009,0.0276382243777537,0.0028310173352037));
#13829=CARTESIAN_POINT('',(0.009,0.0272634877718627,0.0025));
#13830=CARTESIAN_POINT('',(0.009,0.0272634877718627,0.00200000000000003));
#13831=CARTESIAN_POINT('',(0.009,0.0239556230238503,0.00200000000000003));
#13832=CARTESIAN_POINT('',(0.009,0.0211421356237309,0.00200000000000003));
#13833=CARTESIAN_POINT('',(0.009,0.0211421356237309,0.01));
#13834=CARTESIAN_POINT('',(0.009,0.0211421356237309,0.));
#13835=CARTESIAN_POINT('',(0.009,0.0468535533905933,0.));
#13836=CARTESIAN_POINT('',(0.009,0.0725649711574556,0.));
#13837=CARTESIAN_POINT('',(0.009,0.0725649711574556,0.01));
#13838=CARTESIAN_POINT('',(0.009,0.0725649711574556,0.00210111684892504));
#13839=CARTESIAN_POINT('',(0.009,0.0722634877718627,0.0025));
#13840=CARTESIAN_POINT('',(0.009,0.0722634877718627,0.00200000000000003));
#13841=CARTESIAN_POINT('',(0.009,0.0689556230238503,0.00200000000000003));
#13842=CARTESIAN_POINT('',(0.009,0.0656477582758378,0.00200000000000003));
#13843=CARTESIAN_POINT('',(0.009,0.0656477582758378,0.0025));
#13844=CARTESIAN_POINT('',(0.009,0.0652730216699468,0.0028310173352037));
#13845=CARTESIAN_POINT('',(0.009,0.0667472896905169,0.0045));
#13846=CARTESIAN_POINT('',(0.009,0.0685808864179593,0.00657576988012347));
#13847=CARTESIAN_POINT('',(0.009,0.0689556230238502,0.00624475254491981));
#13848=CARTESIAN_POINT('',(0.009,0.0693303596297412,0.00657576988012347));
#13849=CARTESIAN_POINT('',(0.009,0.0711639563571836,0.0045));
#13850=CARTESIAN_POINT('',(0.009,0.0725649711574556,0.00291394550912602));
#13851=CARTESIAN_POINT('',(0.009,0.0725649711574556,0.01));
#13852=CARTESIAN_POINT('',(0.0130229707730092,0.0765879419304648,0.01));
#13853=CARTESIAN_POINT('',(0.0130229707730092,0.0765879419304648,0.));
#13854=CARTESIAN_POINT('',(0.0155814754519511,0.0791464466094067,0.));
#13855=CARTESIAN_POINT('',(0.0155814754519511,0.0791464466094067,0.01));
#13856=CARTESIAN_POINT('',(0.0155814754519511,0.0791464466094067,0.0045));
#13857=CARTESIAN_POINT('',(0.0130229707730092,0.0765879419304648,0.0045));
#13858=CARTESIAN_POINT('',(0.0129546082235782,0.0765195793810338,0.0045));
#13859=CARTESIAN_POINT('',(0.0129546082235782,0.0765195793810338,0.0075));
#13860=CARTESIAN_POINT('',(0.0107061885882325,0.0742711597456881,0.005513895988778));
#13861=CARTESIAN_POINT('',(0.0105705704019003,0.0741355415593559,0.00566742601104089));
#13862=CARTESIAN_POINT('',(0.0107690946132628,0.0743340657707184,0.000911196890337932));
#13863=CARTESIAN_POINT('',(0.00907325322029804,0.0726382243777537,0.0028310173352037));
#13864=CARTESIAN_POINT('',(0.00869851661440711,0.0722634877718627,0.0025));
#13865=CARTESIAN_POINT('',(0.0119800775541957,0.0886767766952967,0.01));
#13866=CARTESIAN_POINT('',(0.0119800775541957,0.0886767766952967,0.0045));
#13867=CARTESIAN_POINT('',(0.00837867965644036,0.092278174593052,0.0045));
#13868=CARTESIAN_POINT('',(0.0155814754519511,0.0850753787975413,0.0045));
#13869=CARTESIAN_POINT('',(0.0155814754519511,0.0850753787975413,0.01));
#13870=CARTESIAN_POINT('',(0.0155814754519511,0.0850753787975413,0.));
#13871=CARTESIAN_POINT('',(0.0119800775541957,0.0886767766952967,0.));
#13872=CARTESIAN_POINT('',(0.00837867965644036,0.092278174593052,0.));
#13873=CARTESIAN_POINT('',(0.00837867965644036,0.092278174593052,0.01));
#13874=CARTESIAN_POINT('',(0.00475735931288072,0.0902426406871193,0.01));
#13875=CARTESIAN_POINT('',(0.00475735931288072,0.0902426406871193,0.));
#13876=CARTESIAN_POINT('',(0.00585735931288072,0.0902426406871193,0.));
#13877=CARTESIAN_POINT('',(0.00475735931288072,0.0902426406871193,0.0045));
#13878=CARTESIAN_POINT('',(0.00585735931288072,0.0902426406871193,0.0045));
#13879=CARTESIAN_POINT('',(0.00334314575050763,0.0803431457505076,0.01));
#13880=CARTESIAN_POINT('',(0.00334314575050763,0.0803431457505076,0.));
#13881=CARTESIAN_POINT('',(0.00444314575050763,0.0803431457505076,0.));
#13882=CARTESIAN_POINT('',(0.00334314575050763,0.0803431457505076,0.0045));
#13883=CARTESIAN_POINT('',(0.00444314575050763,0.0803431457505076,0.0045));
#13884=CARTESIAN_POINT('',(0.0132426406871193,0.0817573593128807,0.01));
#13885=CARTESIAN_POINT('',(0.0132426406871193,0.0817573593128807,0.));
#13886=CARTESIAN_POINT('',(0.0143426406871193,0.0817573593128807,0.));
#13887=CARTESIAN_POINT('',(0.0132426406871193,0.0817573593128807,0.0045));
#13888=CARTESIAN_POINT('',(0.0143426406871193,0.0817573593128807,0.0045));
#13889=CARTESIAN_POINT('',(0.00165380592228744,0.0920888347648318,0.01));
#13890=CARTESIAN_POINT('',(0.00165380592228744,0.0920888347648318,0.0045));
#13891=CARTESIAN_POINT('',(0.00184314575050763,0.092278174593052,0.0045));
#13892=CARTESIAN_POINT('',(0.00184314575050763,0.092278174593052,0.01));
#13893=CARTESIAN_POINT('',(0.00184314575050763,0.092278174593052,0.));
#13894=CARTESIAN_POINT('',(0.00165380592228744,0.0920888347648318,0.));
#13895=CARTESIAN_POINT('',(0.009,0.086,0.01));
#13896=CARTESIAN_POINT('',(0.009,0.086,0.));
#13897=CARTESIAN_POINT('',(0.011,0.086,0.));
#13898=CARTESIAN_POINT('',(0.009,0.086,0.0045));
#13899=CARTESIAN_POINT('',(0.011,0.086,0.0045));
#13900=CARTESIAN_POINT('',(0.009,0.008,0.02));
#13901=CARTESIAN_POINT('',(0.018,0.008,0.02));
#13902=CARTESIAN_POINT('',(0.018,0.008,0.02));
#13903=CARTESIAN_POINT('',(0.018,0.008,0.012));
#13904=CARTESIAN_POINT('',(0.009,0.008,0.012));
#13905=CARTESIAN_POINT('',(0.00982535478652212,0.008,0.012));
#13906=CARTESIAN_POINT('',(0.00554050111382761,0.008,0.017084690505122));
#13907=CARTESIAN_POINT('',(0.00308377841190776,0.008,0.02));
#13908=CARTESIAN_POINT('',(0.009,0.008,0.02));
#13909=CARTESIAN_POINT('',(0.0075,0.,0.01));
#13910=CARTESIAN_POINT('',(0.0975378559335452,0.,0.014));
#13911=CARTESIAN_POINT('',(0.015,0.,0.014));
#13912=CARTESIAN_POINT('',(0.015,0.,0.01));
#13913=CARTESIAN_POINT('',(0.015,0.,0.02));
#13914=CARTESIAN_POINT('',(0.0075,0.,0.02));
#13915=CARTESIAN_POINT('',(0.015,0.003,0.01));
#13916=CARTESIAN_POINT('',(0.015,0.003,0.005));
#13917=CARTESIAN_POINT('',(0.015,0.,0.005));
#13918=CARTESIAN_POINT('',(0.0178284271247462,0.002,0.005));
#13919=CARTESIAN_POINT('',(0.015,0.,0.01));
#13920=CARTESIAN_POINT('',(0.015,0.,0.));
#13921=CARTESIAN_POINT('',(0.015,0.003,0.));
#13922=CARTESIAN_POINT('',(0.018,0.003,0.));
#13923=CARTESIAN_POINT('',(0.018,0.003,0.01));
#13924=CARTESIAN_POINT('',(0.018,0.003,0.00526794919243112));
#13925=CARTESIAN_POINT('',(0.018,0.003,0.00526794919243112));
#13926=CARTESIAN_POINT('',(0.018,0.00268970119123446,0.00508879809166112));
#13927=CARTESIAN_POINT('',(0.017947878738721,0.00233786018506098,0.005));
#13928=CARTESIAN_POINT('',(0.0178284271247462,0.002,0.005));
#13929=CARTESIAN_POINT('',(0.0149644660940673,0.0110355339059327,0.01));
#13930=CARTESIAN_POINT('',(0.0119289321881345,0.0140710678118654,0.01));
#13931=CARTESIAN_POINT('',(0.0119289321881345,0.0140710678118654,0.00200000000000003));
#13932=CARTESIAN_POINT('',(0.0119289321881345,0.0140710678118654,0.));
#13933=CARTESIAN_POINT('',(0.016676,0.009324,0.00200000000000003));
#13934=CARTESIAN_POINT('',(0.0175,0.0085,0.00200000000000003));
#13935=CARTESIAN_POINT('',(0.0175,0.0085,0.0025));
#13936=CARTESIAN_POINT('',(0.018,0.008,0.0025));
#13937=CARTESIAN_POINT('',(0.018,0.008,0.01));
#13938=CARTESIAN_POINT('',(0.018,0.008,0.));
#13939=CARTESIAN_POINT('',(0.0149644660940673,0.0110355339059327,0.));
#13940=CARTESIAN_POINT('',(0.019,0.0211421356237309,0.01));
#13941=CARTESIAN_POINT('',(0.019,0.0211421356237309,0.00200000000000003));
#13942=CARTESIAN_POINT('',(0.019,0.0211421356237309,0.));
#13943=CARTESIAN_POINT('',(0.018002,0.0217472896905169,0.0045));
#13944=CARTESIAN_POINT('',(0.009,0.0235808864179593,0.00657576988012347));
#13945=CARTESIAN_POINT('',(0.,0.0202730216699468,0.0028310173352037));
#13946=CARTESIAN_POINT('',(0.018002,0.0142111448452584,0.0055));
#13947=CARTESIAN_POINT('',(0.009,0.0127368768246883,0.00716898266479634));
#13948=CARTESIAN_POINT('',(0.,0.0160447415727008,0.00342423011987653));
#13949=CARTESIAN_POINT('',(0.018002,0.0186278115119252,0.0055));
#13950=CARTESIAN_POINT('',(0.,0.0201020795324953,0.00716898266479634));
#13951=CARTESIAN_POINT('',(0.009,0.0167942147844828,0.00342423011987653));
#13952=CARTESIAN_POINT('',(0.018002,0.01065,0.005));
#13953=CARTESIAN_POINT('',(0.018002,0.0125659346872368,0.0028310173352037));
#13954=CARTESIAN_POINT('',(0.018002,0.008,0.008));
#13955=CARTESIAN_POINT('',(0.0149644660940673,0.0110355339059327,0.01));
#13956=CARTESIAN_POINT('',(0.018,0.008,0.01));
#13957=CARTESIAN_POINT('',(0.018,0.008,0.008));
#13958=CARTESIAN_POINT('',(0.0137912609107041,0.0122087390892959,0.008));
#13959=CARTESIAN_POINT('',(0.0119289321881345,0.0140710678118654,0.008));
#13960=CARTESIAN_POINT('',(0.0119289321881345,0.0140710678118654,0.01));
#13961=CARTESIAN_POINT('',(0.016,0.01,0.012));
#13962=CARTESIAN_POINT('',(0.019,0.0211421356237309,0.01));
#13963=CARTESIAN_POINT('',(0.019,0.0211421356237309,0.008));
#13964=CARTESIAN_POINT('',(0.0075,0.,0.01));
#13965=CARTESIAN_POINT('',(0.0975378559335452,0.,0.005));
#13966=CARTESIAN_POINT('',(0.0075,0.,0.));
#13967=CARTESIAN_POINT('',(0.015,0.003,0.01));
#13968=CARTESIAN_POINT('',(0.015,0.003,0.014));
#13969=CARTESIAN_POINT('',(0.0178284271247462,0.002,0.014));
#13970=CARTESIAN_POINT('',(0.0178284271247462,0.002,0.014));
#13971=CARTESIAN_POINT('',(0.0179478571621579,0.00233779915732474,0.014));
#13972=CARTESIAN_POINT('',(0.018,0.00268964408099292,0.0139112348809522));
#13973=CARTESIAN_POINT('',(0.018,0.003,0.0137320508075689));
#13974=CARTESIAN_POINT('',(0.018,0.003,0.0137320508075689));
#13975=CARTESIAN_POINT('',(0.018,0.003,0.01));
#13976=CARTESIAN_POINT('',(0.018,0.003,0.02));
#13977=CARTESIAN_POINT('',(0.015,0.003,0.02));
#13978=CARTESIAN_POINT('',(0.018,0.0055,0.01));
#13979=CARTESIAN_POINT('',(0.018,0.002,0.012));
#13980=CARTESIAN_POINT('',(0.018,0.004,0.012));
#13981=CARTESIAN_POINT('',(0.018,0.004,0.01));
#13982=CARTESIAN_POINT('',(0.018,0.004,0.007));
#13983=CARTESIAN_POINT('',(0.018,0.002,0.007));
#13984=CARTESIAN_POINT('',(0.018,0.0055,0.));
#13985=CARTESIAN_POINT('',(0.018,0.008,0.005));
#13986=CARTESIAN_POINT('',(0.018,0.0055,0.02));
#13987=CARTESIAN_POINT('',(0.015,0.004,0.01));
#13988=CARTESIAN_POINT('',(0.0165,0.004,0.012));
#13989=CARTESIAN_POINT('',(0.0165,0.004,0.0122899056732292));
#13990=CARTESIAN_POINT('',(0.0165072435220216,0.0038773816686024,0.012856879775369));
#13991=CARTESIAN_POINT('',(0.0164082195747865,0.00333770042972989,0.0135664459066098));
#13992=CARTESIAN_POINT('',(0.0158741663599123,0.00267655289073744,0.0139059103710071));
#13993=CARTESIAN_POINT('',(0.0150049143835642,0.00241328548628078,0.0139514291413943));
#13994=CARTESIAN_POINT('',(0.01413591952207,0.00267035431265195,0.013907310411836));
#13995=CARTESIAN_POINT('',(0.0135956006191796,0.00332762352622221,0.0135747328535602));
#13996=CARTESIAN_POINT('',(0.0134922356139167,0.00387562526540825,0.0128643602084705));
#13997=CARTESIAN_POINT('',(0.0135,0.004,0.0122904223432988));
#13998=CARTESIAN_POINT('',(0.0135,0.004,0.012));
#13999=CARTESIAN_POINT('',(0.0165,0.004,0.012));
#14000=CARTESIAN_POINT('',(0.0135,0.004,0.012));
#14001=CARTESIAN_POINT('',(0.0135,0.004,0.01));
#14002=CARTESIAN_POINT('',(0.0135,0.004,0.007));
#14003=CARTESIAN_POINT('',(0.0135,0.004,0.007));
#14004=CARTESIAN_POINT('',(0.0135,0.004,0.00671009432677077));
#14005=CARTESIAN_POINT('',(0.0134927564779784,0.0038773816686024,0.00614312022463105));
#14006=CARTESIAN_POINT('',(0.0135917804252135,0.00333770042972988,0.00543355409339015));
#14007=CARTESIAN_POINT('',(0.0141258336400877,0.00267655289073744,0.00509408962899295));
#14008=CARTESIAN_POINT('',(0.0149950856164358,0.00241328548628078,0.00504857085860575));
#14009=CARTESIAN_POINT('',(0.01586408047793,0.00267035431265196,0.00509268958816405));
#14010=CARTESIAN_POINT('',(0.0164043993808205,0.00332762352622222,0.00542526714643985));
#14011=CARTESIAN_POINT('',(0.0165077643860833,0.00387562526540825,0.00613563979152953));
#14012=CARTESIAN_POINT('',(0.0165,0.004,0.00670957765670124));
#14013=CARTESIAN_POINT('',(0.0165,0.004,0.007));
#14014=CARTESIAN_POINT('',(0.0165,0.004,0.007));
#14015=CARTESIAN_POINT('',(0.0165,0.004,0.01));
#14016=CARTESIAN_POINT('',(0.015,0.004,0.));
#14017=CARTESIAN_POINT('',(0.0165,0.004,0.));
#14018=CARTESIAN_POINT('',(0.015,0.004,0.02));
#14019=CARTESIAN_POINT('',(0.0165,0.004,0.02));
#14020=CARTESIAN_POINT('',(0.003,0.004,0.01));
#14021=CARTESIAN_POINT('',(0.0045,0.004,0.01));
#14022=CARTESIAN_POINT('',(0.0045,0.004,0.012));
#14023=CARTESIAN_POINT('',(0.0045,0.004,0.007));
#14024=CARTESIAN_POINT('',(0.0045,0.004,0.012));
#14025=CARTESIAN_POINT('',(0.0045,0.004,0.0122899056732292));
#14026=CARTESIAN_POINT('',(0.00450724352202163,0.0038773816686024,0.012856879775369));
#14027=CARTESIAN_POINT('',(0.00440821957478648,0.00333770042972989,0.0135664459066099));
#14028=CARTESIAN_POINT('',(0.00387416635991226,0.00267655289073744,0.0139059103710071));
#14029=CARTESIAN_POINT('',(0.00300491438356424,0.00241328548628078,0.0139514291413942));
#14030=CARTESIAN_POINT('',(0.00213591952207003,0.00267035431265196,0.013907310411836));
#14031=CARTESIAN_POINT('',(0.00159560061917955,0.00332762352622221,0.0135747328535602));
#14032=CARTESIAN_POINT('',(0.00149223561391674,0.00387562526540826,0.0128643602084705));
#14033=CARTESIAN_POINT('',(0.0015,0.004,0.0122904223432988));
#14034=CARTESIAN_POINT('',(0.0015,0.004,0.012));
#14035=CARTESIAN_POINT('',(0.0015,0.004,0.012));
#14036=CARTESIAN_POINT('',(0.0015,0.004,0.01));
#14037=CARTESIAN_POINT('',(0.0015,0.004,0.007));
#14038=CARTESIAN_POINT('',(0.0015,0.004,0.007));
#14039=CARTESIAN_POINT('',(0.0015,0.004,0.00671009432677077));
#14040=CARTESIAN_POINT('',(0.00149275647797837,0.0038773816686024,0.00614312022463105));
#14041=CARTESIAN_POINT('',(0.00159178042521352,0.00333770042972989,0.00543355409339015));
#14042=CARTESIAN_POINT('',(0.00212583364008774,0.00267655289073744,0.00509408962899295));
#14043=CARTESIAN_POINT('',(0.00299508561643576,0.00241328548628078,0.00504857085860575));
#14044=CARTESIAN_POINT('',(0.00386408047792998,0.00267035431265196,0.00509268958816405));
#14045=CARTESIAN_POINT('',(0.00440439938082045,0.00332762352622222,0.00542526714643985));
#14046=CARTESIAN_POINT('',(0.00450776438608326,0.00387562526540825,0.00613563979152953));
#14047=CARTESIAN_POINT('',(0.0045,0.004,0.00670957765670123));
#14048=CARTESIAN_POINT('',(0.0045,0.004,0.007));
#14049=CARTESIAN_POINT('',(0.003,0.004,0.));
#14050=CARTESIAN_POINT('',(0.0045,0.004,0.));
#14051=CARTESIAN_POINT('',(0.003,0.004,0.02));
#14052=CARTESIAN_POINT('',(0.0045,0.004,0.02));
#14053=CARTESIAN_POINT('',(0.009,0.047,0.));
#14054=CARTESIAN_POINT('',(0.0045,0.0615854656248574,0.));
#14055=CARTESIAN_POINT('',(0.00325,0.0615854656248574,0.));
#14056=CARTESIAN_POINT('',(0.0120459415460184,0.0815398448916085,0.));
#14057=CARTESIAN_POINT('',(0.0170132226488201,0.082110912703474,0.));
#14058=CARTESIAN_POINT('',(0.0120459415460184,0.0826819805153395,0.));
#14059=CARTESIAN_POINT('',(0.00537867965644036,0.0887426406871193,0.));
#14060=CARTESIAN_POINT('',(0.005110912703474,0.0937354656248574,0.));
#14061=CARTESIAN_POINT('',(0.00484314575050763,0.0887426406871193,0.));
#14062=CARTESIAN_POINT('',(0.018002,0.0667472896905169,0.0045));
#14063=CARTESIAN_POINT('',(0.,0.0652730216699468,0.0028310173352037));
#14064=CARTESIAN_POINT('',(0.009,0.0685808864179593,0.00657576988012347));
#14065=CARTESIAN_POINT('',(0.018002,0.0711639563571836,0.0045));
#14066=CARTESIAN_POINT('',(0.00980731853306129,0.0726382243777537,0.0028310173352037));
#14067=CARTESIAN_POINT('',(0.,0.0693303596297412,0.00657576988012347));
#14068=CARTESIAN_POINT('',(0.018002,0.0689556230238503,0.00200000000000003));
#14069=CARTESIAN_POINT('',(0.009,0.0656477582758378,0.00200000000000003));
#14070=CARTESIAN_POINT('',(6.93889390390723E-18,0.0722634877718627,0.00200000000000003));
#14071=CARTESIAN_POINT('',(0.018002,0.0464556230238502,0.008));
#14072=CARTESIAN_POINT('',(0.,0.0431839031210962,0.008));
#14073=CARTESIAN_POINT('',(0.009,0.0497273429266043,0.008));
#14074=CARTESIAN_POINT('',(0.018002,0.0442653621131461,0.0055204593463727));
#14075=CARTESIAN_POINT('',(0.,0.0460808864179593,0.00346514881262195));
#14076=CARTESIAN_POINT('',(0.009,0.0428091665152052,0.00716898266479633));
#14077=CARTESIAN_POINT('',(0.018002,0.0486458839345543,0.0055204593463727));
#14078=CARTESIAN_POINT('',(0.009,0.0468303596297412,0.00346514881262195));
#14079=CARTESIAN_POINT('',(0.,0.0501020795324952,0.00716898266479632));
#14080=CARTESIAN_POINT('',(0.018002,0.0314556230238503,0.008));
#14081=CARTESIAN_POINT('',(0.009,0.0347273429266043,0.008));
#14082=CARTESIAN_POINT('',(0.,0.0281839031210962,0.008));
#14083=CARTESIAN_POINT('',(0.018002,0.0292653621131462,0.00552045934637269));
#14084=CARTESIAN_POINT('',(0.009,0.0278091665152052,0.00716898266479633));
#14085=CARTESIAN_POINT('',(0.,0.0310808864179593,0.00346514881262195));
#14086=CARTESIAN_POINT('',(0.018002,0.0336458839345544,0.0055204593463727));
#14087=CARTESIAN_POINT('',(0.,0.0351020795324953,0.00716898266479633));
#14088=CARTESIAN_POINT('',(0.009,0.0318303596297412,0.00346514881262195));
#14089=CARTESIAN_POINT('',(0.018002,0.0239556230238503,0.00200000000000003));
#14090=CARTESIAN_POINT('',(0.,0.0272634877718627,0.00200000000000003));
#14091=CARTESIAN_POINT('',(0.009,0.0206477582758378,0.00200000000000003));
#14092=CARTESIAN_POINT('',(0.018002,0.0121911980813458,0.00200000000000003));
#14093=CARTESIAN_POINT('',(0.018002,0.0085,0.00200000000000003));
#14094=CARTESIAN_POINT('',(0.018002,0.0261639563571835,0.0045));
#14095=CARTESIAN_POINT('',(0.009,0.0276382243777537,0.0028310173352037));
#14096=CARTESIAN_POINT('',(0.,0.0243303596297412,0.00657576988012346));
#14097=CARTESIAN_POINT('',(0.018002,0.0561639563571836,0.0045));
#14098=CARTESIAN_POINT('',(0.009,0.0576382243777537,0.0028310173352037));
#14099=CARTESIAN_POINT('',(0.,0.0543303596297412,0.00657576988012346));
#14100=CARTESIAN_POINT('',(0.018002,0.0517472896905169,0.0045));
#14101=CARTESIAN_POINT('',(0.,0.0502730216699468,0.0028310173352037));
#14102=CARTESIAN_POINT('',(0.009,0.0535808864179593,0.00657576988012347));
#14103=CARTESIAN_POINT('',(0.018002,0.0539556230238502,0.00200000000000003));
#14104=CARTESIAN_POINT('',(0.009,0.0506477582758378,0.00200000000000003));
#14105=CARTESIAN_POINT('',(0.,0.0572634877718627,0.00200000000000003));
#14106=CARTESIAN_POINT('',(0.018002,0.0411639563571835,0.0045));
#14107=CARTESIAN_POINT('',(0.009,0.0426382243777537,0.0028310173352037));
#14108=CARTESIAN_POINT('',(0.,0.0393303596297412,0.00657576988012346));
#14109=CARTESIAN_POINT('',(0.018002,0.0367472896905169,0.0045));
#14110=CARTESIAN_POINT('',(0.,0.0352730216699468,0.0028310173352037));
#14111=CARTESIAN_POINT('',(0.009,0.0385808864179593,0.00657576988012346));
#14112=CARTESIAN_POINT('',(0.018002,0.0389556230238502,0.00200000000000003));
#14113=CARTESIAN_POINT('',(0.,0.0422634877718627,0.00200000000000003));
#14114=CARTESIAN_POINT('',(0.009,0.0356477582758378,0.00200000000000003));
#14115=CARTESIAN_POINT('',(0.018002,0.0614556230238503,0.008));
#14116=CARTESIAN_POINT('',(6.93889390390723E-18,0.0581839031210962,0.008));
#14117=CARTESIAN_POINT('',(0.009,0.0647273429266043,0.008));
#14118=CARTESIAN_POINT('',(0.018002,0.0592653621131461,0.00552045934637269));
#14119=CARTESIAN_POINT('',(0.0045,0.0615854656248574,0.00289392706896377));
#14120=CARTESIAN_POINT('',(0.00335636551994698,0.0610808864179593,0.00346514881262193));
#14121=CARTESIAN_POINT('',(0.,0.0610808864179593,0.00346514881262193));
#14122=CARTESIAN_POINT('',(0.009,0.0578091665152052,0.00716898266479633));
#14123=CARTESIAN_POINT('',(0.018002,0.0636458839345544,0.0055204593463727));
#14124=CARTESIAN_POINT('',(0.009,0.0618303596297412,0.00346514881262194));
#14125=CARTESIAN_POINT('',(0.00327422394933986,0.0618303596297412,0.00346514881262194));
#14126=CARTESIAN_POINT('',(0.0045,0.0615854656248574,0.00318791031652704));
#14127=CARTESIAN_POINT('',(0.,0.0651020795324953,0.00716898266479633));
#14128=CARTESIAN_POINT('',(0.018002,0.0164194781785918,0.008));
#14129=CARTESIAN_POINT('',(0.009,0.0197273429266043,0.008));
#14130=CARTESIAN_POINT('',(0.018002,0.008,0.008));
#14131=CARTESIAN_POINT('',(6.93889390390723E-18,0.0131116134305793,0.008));
#14132=CARTESIAN_POINT('',(0.018002,0.008,0.005));
#14133=CARTESIAN_POINT('',(0.018002,0.008,0.0025));
#14134=CARTESIAN_POINT('',(0.018002,0.0656477582758378,0.0025));
#14135=CARTESIAN_POINT('',(0.018002,0.0722634877718627,0.0025));
#14136=CARTESIAN_POINT('',(0.018002,0.0689556230238502,0.00624475254491981));
#14137=CARTESIAN_POINT('',(0.018002,0.0581839031210962,0.0075));
#14138=CARTESIAN_POINT('',(0.018002,0.0647273429266043,0.0075));
#14139=CARTESIAN_POINT('',(0.018002,0.0614556230238503,0.0037961661478256));
#14140=CARTESIAN_POINT('',(0.00335636551994698,0.0610808864179593,0.00346514881262193));
#14141=CARTESIAN_POINT('',(0.00331576119816265,0.061172916572585,0.00336096373191363));
#14142=CARTESIAN_POINT('',(0.00322920203970779,0.061446208633426,0.00323317714879528));
#14143=CARTESIAN_POINT('',(0.00325522037231632,0.0617352403980418,0.0033574666635283));
#14144=CARTESIAN_POINT('',(0.00327422394933986,0.0618303596297412,0.00346514881262193));
#14145=CARTESIAN_POINT('',(0.018002,0.0506477582758378,0.0025));
#14146=CARTESIAN_POINT('',(0.018002,0.0572634877718627,0.0025));
#14147=CARTESIAN_POINT('',(0.018002,0.0539556230238502,0.0062447525449198));
#14148=CARTESIAN_POINT('',(0.018002,0.0464556230238502,0.00379616614782562));
#14149=CARTESIAN_POINT('',(0.018002,0.0431839031210962,0.0075));
#14150=CARTESIAN_POINT('',(0.018002,0.0497273429266043,0.0075));
#14151=CARTESIAN_POINT('',(0.018002,0.0422634877718627,0.0025));
#14152=CARTESIAN_POINT('',(0.018002,0.0356477582758378,0.0025));
#14153=CARTESIAN_POINT('',(0.018002,0.0389556230238502,0.00624475254491979));
#14154=CARTESIAN_POINT('',(0.018002,0.0347273429266043,0.0075));
#14155=CARTESIAN_POINT('',(0.018002,0.0281839031210962,0.0075));
#14156=CARTESIAN_POINT('',(0.018002,0.0314556230238503,0.00379616614782562));
#14157=CARTESIAN_POINT('',(0.018002,0.0272634877718627,0.0025));
#14158=CARTESIAN_POINT('',(0.018002,0.0239556230238503,0.0062447525449198));
#14159=CARTESIAN_POINT('',(0.018002,0.0206477582758378,0.0025));
#14160=CARTESIAN_POINT('',(0.018002,0.0197273429266043,0.0075));
#14161=CARTESIAN_POINT('',(0.018002,0.0131116134305793,0.0075));
#14162=CARTESIAN_POINT('',(0.018002,0.0164194781785918,0.00375524745508021));
#14163=CARTESIAN_POINT('',(0.018002,0.0121911980813458,0.0025));
#14164=CARTESIAN_POINT('',(0.018002,0.0085,0.0025));
#14165=CARTESIAN_POINT('',(0.009,0.0468713203435597,0.02));
#14166=CARTESIAN_POINT('',(0.01,0.008,0.02));
#14167=CARTESIAN_POINT('',(0.0975378559335452,0.002,0.014));
#14168=CARTESIAN_POINT('',(0.0135,0.002,0.014));
#14169=CARTESIAN_POINT('',(0.0975378559335452,0.004,0.0095));
#14170=CARTESIAN_POINT('',(0.0975378559335452,0.004,0.007));
#14171=CARTESIAN_POINT('',(0.0165,0.004,0.012));
#14172=CARTESIAN_POINT('',(0.0975378559335452,0.004,0.0095));
#14173=CARTESIAN_POINT('',(0.0975378559335452,0.004,0.007));
#14174=CARTESIAN_POINT('',(0.0045,0.004,0.012));
#14175=CARTESIAN_POINT('',(0.0975378559335452,0.002,0.005));
#14176=CARTESIAN_POINT('',(0.0975378559335452,0.002,0.005));
#14177=CARTESIAN_POINT('',(0.0975378559335452,0.004,0.0095));
#14178=CARTESIAN_POINT('',(0.0975378559335452,0.004,0.007));
#14179=CARTESIAN_POINT('',(0.,0.004,0.012));
#14180=CARTESIAN_POINT('',(0.01,0.013,0.015));
#14181=CARTESIAN_POINT('',(0.00476917250556135,0.01,0.018));
#14182=CARTESIAN_POINT('',(0.00165772485184054,0.0089166495591606,0.0190833504408394));
#14183=CARTESIAN_POINT('',(0.00165772485184054,0.013,0.015));
#14184=CARTESIAN_POINT('',(0.00165772485184054,0.0170833504408394,0.0109166495591606));
#14185=CARTESIAN_POINT('',(0.00476917250556135,0.016,0.012));
#14186=CARTESIAN_POINT('',(0.0999788369585772,0.072737601202442,0.00725));
#14187=CARTESIAN_POINT('',(0.0999788369585772,0.0712040426591959,0.008986104011222));
#14188=CARTESIAN_POINT('',(0.,0.0742711597456881,0.005513895988778));
#14189=CARTESIAN_POINT('',(0.0999788369585772,0.0857232020762201,0.0045));
#14190=CARTESIAN_POINT('',(0.0120459415460184,0.0826819805153395,0.0045));
#14191=CARTESIAN_POINT('',(0.0170132226488201,0.082110912703474,0.0045));
#14192=CARTESIAN_POINT('',(0.0120459415460184,0.0815398448916085,0.0045));
#14193=CARTESIAN_POINT('',(0.00484314575050763,0.0887426406871193,0.0045));
#14194=CARTESIAN_POINT('',(0.005110912703474,0.0937354656248574,0.0045));
#14195=CARTESIAN_POINT('',(0.00537867965644036,0.0887426406871193,0.0045));
#14196=CARTESIAN_POINT('',(0.0116017967116531,0.0765195793810338,0.0045));
#14197=CARTESIAN_POINT('',(0.0975378559335452,0.002,0.007));
#14198=CARTESIAN_POINT('',(0.0975378559335452,0.002,0.012));
#14199=CARTESIAN_POINT('',(0.01,0.0266590097423303,-0.00855850467894194));
#14200=CARTESIAN_POINT('',(0.0187428218049926,0.0089166495591606,-0.00119095456294175));
#14201=CARTESIAN_POINT('',(0.00853977956714904,0.0089166495591606,0.0109166495591606));
#14202=CARTESIAN_POINT('',(0.00120603163455548,0.0176193594597222,0.0109166495591606));
#14203=CARTESIAN_POINT('',(0.009,0.01,0.012));
#14204=CARTESIAN_POINT('',(0.00982535478652212,0.01,0.012));
#14205=CARTESIAN_POINT('',(0.00916770938877887,0.00858578643762691,0.0105857864376269));
#14206=CARTESIAN_POINT('',(0.00982535478652212,0.01,0.012));
#14207=CARTESIAN_POINT('',(0.00554050111382762,0.01,0.017084690505122));
#14208=CARTESIAN_POINT('',(0.00982535478652212,0.01,0.012));
#14209=CARTESIAN_POINT('',(-0.00874969645443587,0.0320423832157749,0.012));
#14210=CARTESIAN_POINT('',(0.009,0.0689556230238503,0.007));
#14211=CARTESIAN_POINT('',(0.0999788369585772,0.0765195793810338,0.0075));
#14212=CARTESIAN_POINT('',(0.0120459415460184,0.0815398448916085,0.01));
#14213=CARTESIAN_POINT('',(0.0170132226488201,0.082110912703474,0.00225));
#14214=CARTESIAN_POINT('',(0.0120459415460184,0.0826819805153395,0.01));
#14215=CARTESIAN_POINT('',(0.00537867965644036,0.0887426406871193,0.01));
#14216=CARTESIAN_POINT('',(0.005110912703474,0.0937354656248574,0.00225));
#14217=CARTESIAN_POINT('',(0.00484314575050763,0.0887426406871193,0.01));
#14218=CARTESIAN_POINT('',(0.0045,0.0615854656248574,0.006));
#14219=CARTESIAN_POINT('',(-0.0176776695296637,-0.0304055915910214,0.008));
#14220=CARTESIAN_POINT('',(0.,-0.01,0.005));
#14221=CARTESIAN_POINT('',(0.,-0.01,0.));
#14222=CARTESIAN_POINT('',(0.01,-0.01,0.));
#14223=CARTESIAN_POINT('',(-0.01,-0.01,0.));
#14224=CARTESIAN_POINT('',(0.01,-0.01,0.005));
#14225=CARTESIAN_POINT('',(0.01,-0.01,0.005));
#14226=CARTESIAN_POINT('',(0.,-0.01,0.005));
#14227=CARTESIAN_POINT('',(-0.01,-0.01,0.005));
#14228=CARTESIAN_POINT('',(-0.01,-0.01,0.005));
#14229=CARTESIAN_POINT('',(0.01,0.,0.005));
#14230=CARTESIAN_POINT('',(0.01,0.,0.));
#14231=CARTESIAN_POINT('',(0.01,0.01,0.));
#14232=CARTESIAN_POINT('',(0.01,0.01,0.005));
#14233=CARTESIAN_POINT('',(0.01,0.01,0.005));
#14234=CARTESIAN_POINT('',(0.01,0.,0.005));
#14235=CARTESIAN_POINT('',(0.,0.01,0.005));
#14236=CARTESIAN_POINT('',(0.,0.01,0.));
#14237=CARTESIAN_POINT('',(-0.01,0.01,0.));
#14238=CARTESIAN_POINT('',(-0.01,0.01,0.005));
#14239=CARTESIAN_POINT('',(-0.01,0.01,0.005));
#14240=CARTESIAN_POINT('',(0.,0.01,0.005));
#14241=CARTESIAN_POINT('',(-0.01,-1.7347234759768E-18,0.005));
#14242=CARTESIAN_POINT('',(-0.01,-1.7347234759768E-18,0.));
#14243=CARTESIAN_POINT('',(-0.01,-1.7347234759768E-18,0.005));
#14244=CARTESIAN_POINT('',(0.,0.,0.005));
#14245=CARTESIAN_POINT('',(0.,0.,0.));
#14246=CARTESIAN_POINT('',(1.0321604682062E-16,-9.10729824887824E-18,0.017));
#14247=CARTESIAN_POINT('',(-0.0848528137423858,0.0848528137423858,0.0125));
#14248=CARTESIAN_POINT('',(0.01525,-0.01525,0.004));
#14249=CARTESIAN_POINT('',(0.01525,-0.01525,0.002));
#14250=CARTESIAN_POINT('',(0.01525,-0.02125,0.002));
#14251=CARTESIAN_POINT('',(0.01525,-0.01525,0.0035));
#14252=CARTESIAN_POINT('',(0.01525,-0.0193135083268963,0.0035));
#14253=CARTESIAN_POINT('',(0.,0.,0.0035));
#14254=CARTESIAN_POINT('',(0.01525,-0.01525,0.0035));
#14255=CARTESIAN_POINT('',(0.01525,-0.01675,0.0035));
#14256=CARTESIAN_POINT('',(0.01525,-0.01525,-0.100088401241399));
#14257=CARTESIAN_POINT('',(0.01525,-0.01525,0.));
#14258=CARTESIAN_POINT('',(0.01525,-0.01675,0.));
#14259=CARTESIAN_POINT('',(-0.01525,-0.01525,0.004));
#14260=CARTESIAN_POINT('',(-0.01525,-0.01525,0.002));
#14261=CARTESIAN_POINT('',(-0.02125,-0.01525,0.002));
#14262=CARTESIAN_POINT('',(-0.01525,-0.01525,0.0035));
#14263=CARTESIAN_POINT('',(-0.0193135083268963,-0.01525,0.0035));
#14264=CARTESIAN_POINT('',(0.,0.,0.0035));
#14265=CARTESIAN_POINT('',(-0.01525,-0.01525,0.0035));
#14266=CARTESIAN_POINT('',(-0.01675,-0.01525,0.0035));
#14267=CARTESIAN_POINT('',(-0.01525,-0.01525,-0.100088401241399));
#14268=CARTESIAN_POINT('',(-0.01525,-0.01525,0.));
#14269=CARTESIAN_POINT('',(-0.01675,-0.01525,0.));
#14270=CARTESIAN_POINT('',(-0.01525,0.01525,0.004));
#14271=CARTESIAN_POINT('',(-0.01525,0.01525,0.002));
#14272=CARTESIAN_POINT('',(-0.01525,0.02125,0.002));
#14273=CARTESIAN_POINT('',(-0.01525,0.01525,0.0035));
#14274=CARTESIAN_POINT('',(-0.01525,0.0193135083268963,0.0035));
#14275=CARTESIAN_POINT('',(0.,0.,0.0035));
#14276=CARTESIAN_POINT('',(-0.01525,0.01525,0.0035));
#14277=CARTESIAN_POINT('',(-0.01525,0.01675,0.0035));
#14278=CARTESIAN_POINT('',(-0.01525,0.01525,-0.100088401241399));
#14279=CARTESIAN_POINT('',(-0.01525,0.01525,0.));
#14280=CARTESIAN_POINT('',(-0.01525,0.01675,0.));
#14281=CARTESIAN_POINT('',(0.0243951839509359,0.0243951839509359,0.004));
#14282=CARTESIAN_POINT('',(0.029698484809835,0.029698484809835,0.004));
#14283=CARTESIAN_POINT('',(0.023334523779156,0.0360624458405139,0.004));
#14284=CARTESIAN_POINT('',(0.0360624458405139,0.023334523779156,0.004));
#14285=CARTESIAN_POINT('',(0.017917261889578,0.0355312229202569,0.004));
#14286=CARTESIAN_POINT('',(0.0125,0.035,0.004));
#14287=CARTESIAN_POINT('',(3.46944695195361E-17,0.035,0.004));
#14288=CARTESIAN_POINT('',(-0.0125,0.035,0.004));
#14289=CARTESIAN_POINT('',(-0.017917261889578,0.0355312229202569,0.004));
#14290=CARTESIAN_POINT('',(-0.023334523779156,0.0360624458405139,0.004));
#14291=CARTESIAN_POINT('',(-0.029698484809835,0.029698484809835,0.004));
#14292=CARTESIAN_POINT('',(-0.0360624458405139,0.023334523779156,0.004));
#14293=CARTESIAN_POINT('',(-0.0355312229202569,0.0179172618895781,0.004));
#14294=CARTESIAN_POINT('',(-0.035,0.0125,0.004));
#14295=CARTESIAN_POINT('',(-0.035,4.85722573273506E-17,0.004));
#14296=CARTESIAN_POINT('',(-0.035,-0.0125,0.004));
#14297=CARTESIAN_POINT('',(-0.0355312229202569,-0.017917261889578,0.004));
#14298=CARTESIAN_POINT('',(-0.0360624458405139,-0.023334523779156,0.004));
#14299=CARTESIAN_POINT('',(-0.029698484809835,-0.0296984848098349,0.004));
#14300=CARTESIAN_POINT('',(-0.023334523779156,-0.0360624458405139,0.004));
#14301=CARTESIAN_POINT('',(-0.0179172618895781,-0.0355312229202569,0.004));
#14302=CARTESIAN_POINT('',(-0.0125,-0.035,0.004));
#14303=CARTESIAN_POINT('',(-2.42861286636753E-17,-0.035,0.004));
#14304=CARTESIAN_POINT('',(0.0125,-0.035,0.004));
#14305=CARTESIAN_POINT('',(0.017917261889578,-0.0355312229202569,0.004));
#14306=CARTESIAN_POINT('',(0.023334523779156,-0.0360624458405139,0.004));
#14307=CARTESIAN_POINT('',(0.029698484809835,-0.029698484809835,0.004));
#14308=CARTESIAN_POINT('',(0.0360624458405139,-0.023334523779156,0.004));
#14309=CARTESIAN_POINT('',(0.0355312229202569,-0.0179172618895781,0.004));
#14310=CARTESIAN_POINT('',(0.035,-0.0125,0.004));
#14311=CARTESIAN_POINT('',(0.035,-4.85722573273506E-17,0.004));
#14312=CARTESIAN_POINT('',(0.035,0.0125,0.004));
#14313=CARTESIAN_POINT('',(0.0355312229202569,0.017917261889578,0.004));
#14314=CARTESIAN_POINT('',(0.0226274169979695,0.0311126983722081,0.004));
#14315=CARTESIAN_POINT('',(0.0242274169979695,0.0311126983722081,0.004));
#14316=CARTESIAN_POINT('',(0.0311126983722081,0.0226274169979695,0.004));
#14317=CARTESIAN_POINT('',(0.032712698372208,0.0226274169979695,0.004));
#14318=CARTESIAN_POINT('',(-0.0226274169979695,0.0311126983722081,0.004));
#14319=CARTESIAN_POINT('',(-0.0210274169979695,0.0311126983722081,0.004));
#14320=CARTESIAN_POINT('',(-0.0311126983722081,0.0226274169979695,0.004));
#14321=CARTESIAN_POINT('',(-0.029512698372208,0.0226274169979695,0.004));
#14322=CARTESIAN_POINT('',(-0.0311126983722081,-0.0226274169979695,0.004));
#14323=CARTESIAN_POINT('',(-0.029512698372208,-0.0226274169979695,0.004));
#14324=CARTESIAN_POINT('',(-0.0226274169979695,-0.0311126983722081,0.004));
#14325=CARTESIAN_POINT('',(-0.0210274169979695,-0.0311126983722081,0.004));
#14326=CARTESIAN_POINT('',(0.0226274169979695,-0.0311126983722081,0.004));
#14327=CARTESIAN_POINT('',(0.0242274169979695,-0.0311126983722081,0.004));
#14328=CARTESIAN_POINT('',(0.0311126983722081,-0.0226274169979695,0.004));
#14329=CARTESIAN_POINT('',(0.032712698372208,-0.0226274169979695,0.004));
#14330=CARTESIAN_POINT('',(-0.023377913455364,0.023377913455364,0.004));
#14331=CARTESIAN_POINT('',(-0.0177558269107281,0.029,0.004));
#14332=CARTESIAN_POINT('',(-0.029,0.0177558269107281,0.004));
#14333=CARTESIAN_POINT('',(3.46944695195361E-18,0.029,0.004));
#14334=CARTESIAN_POINT('',(0.0177558269107281,0.029,0.004));
#14335=CARTESIAN_POINT('',(0.023377913455364,0.023377913455364,0.004));
#14336=CARTESIAN_POINT('',(0.029,0.0177558269107281,0.004));
#14337=CARTESIAN_POINT('',(0.029,3.46944695195361E-18,0.004));
#14338=CARTESIAN_POINT('',(0.029,-0.0177558269107281,0.004));
#14339=CARTESIAN_POINT('',(0.023377913455364,-0.023377913455364,0.004));
#14340=CARTESIAN_POINT('',(0.0177558269107281,-0.029,0.004));
#14341=CARTESIAN_POINT('',(-6.93889390390723E-18,-0.029,0.004));
#14342=CARTESIAN_POINT('',(-0.0177558269107281,-0.029,0.004));
#14343=CARTESIAN_POINT('',(-0.023377913455364,-0.023377913455364,0.004));
#14344=CARTESIAN_POINT('',(-0.029,-0.0177558269107281,0.004));
#14345=CARTESIAN_POINT('',(-0.029,3.46944695195361E-18,0.004));
#14346=CARTESIAN_POINT('',(0.029698484809835,0.029698484809835,0.004));
#14347=CARTESIAN_POINT('',(0.029698484809835,0.029698484809835,0.));
#14348=CARTESIAN_POINT('',(0.023334523779156,0.0360624458405139,0.));
#14349=CARTESIAN_POINT('',(0.0360624458405139,0.023334523779156,0.));
#14350=CARTESIAN_POINT('',(0.023334523779156,0.0360624458405139,0.004));
#14351=CARTESIAN_POINT('',(0.0360624458405139,0.023334523779156,0.004));
#14352=CARTESIAN_POINT('',(0.017917261889578,0.0355312229202569,0.004));
#14353=CARTESIAN_POINT('',(0.017917261889578,0.0355312229202569,0.));
#14354=CARTESIAN_POINT('',(0.0125,0.035,0.));
#14355=CARTESIAN_POINT('',(0.0125,0.035,0.004));
#14356=CARTESIAN_POINT('',(3.46944695195361E-17,0.035,0.004));
#14357=CARTESIAN_POINT('',(3.46944695195361E-17,0.035,0.));
#14358=CARTESIAN_POINT('',(-0.0125,0.035,0.));
#14359=CARTESIAN_POINT('',(-0.0125,0.035,0.004));
#14360=CARTESIAN_POINT('',(-0.017917261889578,0.0355312229202569,0.004));
#14361=CARTESIAN_POINT('',(-0.017917261889578,0.0355312229202569,0.));
#14362=CARTESIAN_POINT('',(-0.023334523779156,0.0360624458405139,0.));
#14363=CARTESIAN_POINT('',(-0.023334523779156,0.0360624458405139,0.004));
#14364=CARTESIAN_POINT('',(-0.029698484809835,0.029698484809835,0.004));
#14365=CARTESIAN_POINT('',(-0.029698484809835,0.029698484809835,0.));
#14366=CARTESIAN_POINT('',(-0.0360624458405139,0.023334523779156,0.));
#14367=CARTESIAN_POINT('',(-0.0360624458405139,0.023334523779156,0.004));
#14368=CARTESIAN_POINT('',(-0.0355312229202569,0.0179172618895781,0.004));
#14369=CARTESIAN_POINT('',(-0.0355312229202569,0.0179172618895781,0.));
#14370=CARTESIAN_POINT('',(-0.035,0.0125,0.));
#14371=CARTESIAN_POINT('',(-0.035,0.0125,0.004));
#14372=CARTESIAN_POINT('',(-0.035,4.85722573273506E-17,0.004));
#14373=CARTESIAN_POINT('',(-0.035,4.85722573273506E-17,0.));
#14374=CARTESIAN_POINT('',(-0.035,-0.0125,0.));
#14375=CARTESIAN_POINT('',(-0.035,-0.0125,0.004));
#14376=CARTESIAN_POINT('',(-0.0355312229202569,-0.017917261889578,0.004));
#14377=CARTESIAN_POINT('',(-0.0355312229202569,-0.017917261889578,0.));
#14378=CARTESIAN_POINT('',(-0.0360624458405139,-0.023334523779156,0.));
#14379=CARTESIAN_POINT('',(-0.0360624458405139,-0.023334523779156,0.004));
#14380=CARTESIAN_POINT('',(-0.029698484809835,-0.0296984848098349,0.004));
#14381=CARTESIAN_POINT('',(-0.029698484809835,-0.0296984848098349,0.));
#14382=CARTESIAN_POINT('',(-0.023334523779156,-0.0360624458405139,0.));
#14383=CARTESIAN_POINT('',(-0.023334523779156,-0.0360624458405139,0.004));
#14384=CARTESIAN_POINT('',(-0.0179172618895781,-0.0355312229202569,0.004));
#14385=CARTESIAN_POINT('',(-0.0179172618895781,-0.0355312229202569,0.));
#14386=CARTESIAN_POINT('',(-0.0125,-0.035,0.));
#14387=CARTESIAN_POINT('',(-0.0125,-0.035,0.004));
#14388=CARTESIAN_POINT('',(-2.42861286636753E-17,-0.035,0.004));
#14389=CARTESIAN_POINT('',(-2.42861286636753E-17,-0.035,0.));
#14390=CARTESIAN_POINT('',(0.0125,-0.035,0.));
#14391=CARTESIAN_POINT('',(0.0125,-0.035,0.004));
#14392=CARTESIAN_POINT('',(0.017917261889578,-0.0355312229202569,0.004));
#14393=CARTESIAN_POINT('',(0.017917261889578,-0.0355312229202569,0.));
#14394=CARTESIAN_POINT('',(0.023334523779156,-0.0360624458405139,0.));
#14395=CARTESIAN_POINT('',(0.023334523779156,-0.0360624458405139,0.004));
#14396=CARTESIAN_POINT('',(0.029698484809835,-0.029698484809835,0.004));
#14397=CARTESIAN_POINT('',(0.029698484809835,-0.029698484809835,0.));
#14398=CARTESIAN_POINT('',(0.0360624458405139,-0.023334523779156,0.));
#14399=CARTESIAN_POINT('',(0.0360624458405139,-0.023334523779156,0.004));
#14400=CARTESIAN_POINT('',(0.0355312229202569,-0.0179172618895781,0.004));
#14401=CARTESIAN_POINT('',(0.0355312229202569,-0.0179172618895781,0.));
#14402=CARTESIAN_POINT('',(0.035,-0.0125,0.));
#14403=CARTESIAN_POINT('',(0.035,-0.0125,0.004));
#14404=CARTESIAN_POINT('',(0.035,-4.85722573273506E-17,0.004));
#14405=CARTESIAN_POINT('',(0.035,-4.85722573273506E-17,0.));
#14406=CARTESIAN_POINT('',(0.035,0.0125,0.));
#14407=CARTESIAN_POINT('',(0.035,0.0125,0.004));
#14408=CARTESIAN_POINT('',(0.0226274169979695,-0.0311126983722081,0.004));
#14409=CARTESIAN_POINT('',(0.0226274169979695,-0.0311126983722081,0.));
#14410=CARTESIAN_POINT('',(0.0242274169979695,-0.0311126983722081,0.));
#14411=CARTESIAN_POINT('',(-0.0226274169979695,-0.0311126983722081,0.004));
#14412=CARTESIAN_POINT('',(-0.0226274169979695,-0.0311126983722081,0.));
#14413=CARTESIAN_POINT('',(-0.0210274169979695,-0.0311126983722081,0.));
#14414=CARTESIAN_POINT('',(-0.0311126983722081,-0.0226274169979695,0.004));
#14415=CARTESIAN_POINT('',(-0.0311126983722081,-0.0226274169979695,0.));
#14416=CARTESIAN_POINT('',(-0.029512698372208,-0.0226274169979695,0.));
#14417=CARTESIAN_POINT('',(-0.0311126983722081,0.0226274169979695,0.004));
#14418=CARTESIAN_POINT('',(-0.0311126983722081,0.0226274169979695,0.));
#14419=CARTESIAN_POINT('',(-0.029512698372208,0.0226274169979695,0.));
#14420=CARTESIAN_POINT('',(-0.0226274169979695,0.0311126983722081,0.004));
#14421=CARTESIAN_POINT('',(-0.0226274169979695,0.0311126983722081,0.));
#14422=CARTESIAN_POINT('',(-0.0210274169979695,0.0311126983722081,0.));
#14423=CARTESIAN_POINT('',(0.0311126983722081,0.0226274169979695,0.004));
#14424=CARTESIAN_POINT('',(0.0311126983722081,0.0226274169979695,0.));
#14425=CARTESIAN_POINT('',(0.032712698372208,0.0226274169979695,0.));
#14426=CARTESIAN_POINT('',(0.0226274169979695,0.0311126983722081,0.004));
#14427=CARTESIAN_POINT('',(0.0226274169979695,0.0311126983722081,0.));
#14428=CARTESIAN_POINT('',(0.0242274169979695,0.0311126983722081,0.));
#14429=CARTESIAN_POINT('',(0.0355312229202569,0.017917261889578,0.004));
#14430=CARTESIAN_POINT('',(0.0355312229202569,0.017917261889578,0.));
#14431=CARTESIAN_POINT('',(0.0311126983722081,-0.0226274169979695,0.004));
#14432=CARTESIAN_POINT('',(0.0311126983722081,-0.0226274169979695,0.));
#14433=CARTESIAN_POINT('',(0.032712698372208,-0.0226274169979695,0.));
#14434=CARTESIAN_POINT('',(0.0243951839509359,0.0243951839509359,0.));
#14435=CARTESIAN_POINT('',(0.01525,0.01525,0.));
#14436=CARTESIAN_POINT('',(0.01675,0.01525,0.));
#14437=CARTESIAN_POINT('',(3.46944695195361E-18,0.029,0.002));
#14438=CARTESIAN_POINT('',(-0.0177558269107281,0.029,0.002));
#14439=CARTESIAN_POINT('',(-0.0177558269107281,0.029,0.002));
#14440=CARTESIAN_POINT('',(3.46944695195361E-18,0.029,0.002));
#14441=CARTESIAN_POINT('',(-0.0113193375960033,0.029,0.002));
#14442=CARTESIAN_POINT('',(-0.0113193375960033,0.029,0.0005));
#14443=CARTESIAN_POINT('',(-0.0113193375960033,0.029,0.0005));
#14444=CARTESIAN_POINT('',(3.46944695195361E-18,0.029,0.0005));
#14445=CARTESIAN_POINT('',(0.0113193375960032,0.029,0.0005));
#14446=CARTESIAN_POINT('',(0.0113193375960032,0.029,0.0005));
#14447=CARTESIAN_POINT('',(0.0113193375960032,0.029,0.002));
#14448=CARTESIAN_POINT('',(3.46944695195361E-18,0.029,0.002));
#14449=CARTESIAN_POINT('',(0.0177558269107281,0.029,0.002));
#14450=CARTESIAN_POINT('',(0.0177558269107281,0.029,0.002));
#14451=CARTESIAN_POINT('',(-0.023377913455364,0.023377913455364,0.002));
#14452=CARTESIAN_POINT('',(-0.029,0.0177558269107281,0.002));
#14453=CARTESIAN_POINT('',(-0.029,0.0177558269107281,0.002));
#14454=CARTESIAN_POINT('',(-0.023377913455364,0.023377913455364,0.002));
#14455=CARTESIAN_POINT('',(-0.029,3.46944695195361E-18,0.002));
#14456=CARTESIAN_POINT('',(-0.029,-0.0177558269107281,0.002));
#14457=CARTESIAN_POINT('',(-0.029,-0.0177558269107281,0.002));
#14458=CARTESIAN_POINT('',(-0.029,3.46944695195361E-18,0.002));
#14459=CARTESIAN_POINT('',(-0.029,-0.0113193375960032,0.002));
#14460=CARTESIAN_POINT('',(-0.029,-0.0113193375960032,0.0005));
#14461=CARTESIAN_POINT('',(-0.029,-0.0113193375960032,0.0005));
#14462=CARTESIAN_POINT('',(-0.029,3.46944695195361E-18,0.0005));
#14463=CARTESIAN_POINT('',(-0.029,0.0113193375960032,0.0005));
#14464=CARTESIAN_POINT('',(-0.029,0.0113193375960032,0.0005));
#14465=CARTESIAN_POINT('',(-0.029,0.0113193375960032,0.002));
#14466=CARTESIAN_POINT('',(-0.029,3.46944695195361E-18,0.002));
#14467=CARTESIAN_POINT('',(-0.023377913455364,-0.023377913455364,0.002));
#14468=CARTESIAN_POINT('',(-0.0177558269107281,-0.029,0.002));
#14469=CARTESIAN_POINT('',(-0.0177558269107281,-0.029,0.002));
#14470=CARTESIAN_POINT('',(-0.023377913455364,-0.023377913455364,0.002));
#14471=CARTESIAN_POINT('',(-6.93889390390723E-18,-0.029,0.002));
#14472=CARTESIAN_POINT('',(0.0177558269107281,-0.029,0.002));
#14473=CARTESIAN_POINT('',(0.0177558269107281,-0.029,0.002));
#14474=CARTESIAN_POINT('',(-6.93889390390723E-18,-0.029,0.002));
#14475=CARTESIAN_POINT('',(0.0113193375960033,-0.029,0.002));
#14476=CARTESIAN_POINT('',(0.0113193375960033,-0.029,0.0005));
#14477=CARTESIAN_POINT('',(0.0113193375960033,-0.029,0.0005));
#14478=CARTESIAN_POINT('',(-6.93889390390723E-18,-0.029,0.0005));
#14479=CARTESIAN_POINT('',(-0.0113193375960032,-0.029,0.0005));
#14480=CARTESIAN_POINT('',(-0.0113193375960032,-0.029,0.0005));
#14481=CARTESIAN_POINT('',(-0.0113193375960032,-0.029,0.002));
#14482=CARTESIAN_POINT('',(-6.93889390390723E-18,-0.029,0.002));
#14483=CARTESIAN_POINT('',(0.023377913455364,-0.023377913455364,0.002));
#14484=CARTESIAN_POINT('',(0.029,-0.0177558269107281,0.002));
#14485=CARTESIAN_POINT('',(0.029,-0.0177558269107281,0.002));
#14486=CARTESIAN_POINT('',(0.023377913455364,-0.023377913455364,0.002));
#14487=CARTESIAN_POINT('',(0.029,3.46944695195361E-18,0.002));
#14488=CARTESIAN_POINT('',(0.029,0.0177558269107281,0.002));
#14489=CARTESIAN_POINT('',(0.029,0.0177558269107281,0.002));
#14490=CARTESIAN_POINT('',(0.029,3.46944695195361E-18,0.002));
#14491=CARTESIAN_POINT('',(0.029,0.0113193375960033,0.002));
#14492=CARTESIAN_POINT('',(0.029,0.0113193375960033,0.0005));
#14493=CARTESIAN_POINT('',(0.029,0.0113193375960033,0.0005));
#14494=CARTESIAN_POINT('',(0.029,3.46944695195361E-18,0.0005));
#14495=CARTESIAN_POINT('',(0.029,-0.0113193375960032,0.0005));
#14496=CARTESIAN_POINT('',(0.029,-0.0113193375960032,0.0005));
#14497=CARTESIAN_POINT('',(0.029,-0.0113193375960032,0.002));
#14498=CARTESIAN_POINT('',(0.029,3.46944695195361E-18,0.002));
#14499=CARTESIAN_POINT('',(0.023377913455364,0.023377913455364,0.002));
#14500=CARTESIAN_POINT('',(0.023377913455364,0.023377913455364,0.002));
#14501=CARTESIAN_POINT('',(0.,0.,0.002));
#14502=CARTESIAN_POINT('',(0.01525,0.01525,0.002));
#14503=CARTESIAN_POINT('',(0.02125,0.01525,0.002));
#14504=CARTESIAN_POINT('',(-0.026,-0.0113193375960032,0.002));
#14505=CARTESIAN_POINT('',(-0.0240708252825175,-0.0136167894256238,0.002));
#14506=CARTESIAN_POINT('',(-0.0113193375960032,-0.026,0.002));
#14507=CARTESIAN_POINT('',(-0.0136167894256238,-0.0240708252825175,0.002));
#14508=CARTESIAN_POINT('',(-0.0102579817368443,-0.0200708252825175,0.002));
#14509=CARTESIAN_POINT('',(-0.00689917404806485,-0.0160708252825175,0.002));
#14510=CARTESIAN_POINT('',(-0.00460172221844436,-0.018,0.002));
#14511=CARTESIAN_POINT('',(-0.00460172221844436,-0.015,0.002));
#14512=CARTESIAN_POINT('',(1.7347234759768E-18,-0.015,0.002));
#14513=CARTESIAN_POINT('',(0.00460172221844436,-0.015,0.002));
#14514=CARTESIAN_POINT('',(0.00460172221844436,-0.018,0.002));
#14515=CARTESIAN_POINT('',(0.00689917404806486,-0.0160708252825175,0.002));
#14516=CARTESIAN_POINT('',(0.0102579817368443,-0.0200708252825175,0.002));
#14517=CARTESIAN_POINT('',(0.0136167894256238,-0.0240708252825175,0.002));
#14518=CARTESIAN_POINT('',(0.0113193375960032,-0.026,0.002));
#14519=CARTESIAN_POINT('',(0.026,-0.0113193375960032,0.002));
#14520=CARTESIAN_POINT('',(0.0240708252825175,-0.0136167894256238,0.002));
#14521=CARTESIAN_POINT('',(0.0200708252825175,-0.0102579817368443,0.002));
#14522=CARTESIAN_POINT('',(0.0160708252825175,-0.00689917404806486,0.002));
#14523=CARTESIAN_POINT('',(0.018,-0.00460172221844436,0.002));
#14524=CARTESIAN_POINT('',(0.015,-0.00460172221844436,0.002));
#14525=CARTESIAN_POINT('',(0.015,8.67361737988404E-19,0.002));
#14526=CARTESIAN_POINT('',(0.015,0.00460172221844436,0.002));
#14527=CARTESIAN_POINT('',(0.018,0.00460172221844436,0.002));
#14528=CARTESIAN_POINT('',(0.0160708252825175,0.00689917404806486,0.002));
#14529=CARTESIAN_POINT('',(0.0200708252825175,0.0102579817368443,0.002));
#14530=CARTESIAN_POINT('',(0.0240708252825175,0.0136167894256238,0.002));
#14531=CARTESIAN_POINT('',(0.026,0.0113193375960032,0.002));
#14532=CARTESIAN_POINT('',(0.0113193375960032,0.026,0.002));
#14533=CARTESIAN_POINT('',(0.0136167894256238,0.0240708252825175,0.002));
#14534=CARTESIAN_POINT('',(0.0102579817368443,0.0200708252825175,0.002));
#14535=CARTESIAN_POINT('',(0.00689917404806486,0.0160708252825175,0.002));
#14536=CARTESIAN_POINT('',(0.00460172221844436,0.018,0.002));
#14537=CARTESIAN_POINT('',(0.00460172221844436,0.015,0.002));
#14538=CARTESIAN_POINT('',(0.,0.015,0.002));
#14539=CARTESIAN_POINT('',(-0.00460172221844436,0.015,0.002));
#14540=CARTESIAN_POINT('',(-0.00460172221844436,0.018,0.002));
#14541=CARTESIAN_POINT('',(-0.00689917404806486,0.0160708252825175,0.002));
#14542=CARTESIAN_POINT('',(-0.0102579817368443,0.0200708252825175,0.002));
#14543=CARTESIAN_POINT('',(-0.0136167894256238,0.0240708252825175,0.002));
#14544=CARTESIAN_POINT('',(-0.0113193375960033,0.026,0.002));
#14545=CARTESIAN_POINT('',(-0.026,0.0113193375960032,0.002));
#14546=CARTESIAN_POINT('',(-0.0240708252825175,0.0136167894256238,0.002));
#14547=CARTESIAN_POINT('',(-0.0200708252825175,0.0102579817368443,0.002));
#14548=CARTESIAN_POINT('',(-0.0160708252825175,0.00689917404806485,0.002));
#14549=CARTESIAN_POINT('',(-0.018,0.00460172221844436,0.002));
#14550=CARTESIAN_POINT('',(-0.015,0.00460172221844436,0.002));
#14551=CARTESIAN_POINT('',(-0.015,-2.60208521396521E-18,0.002));
#14552=CARTESIAN_POINT('',(-0.015,-0.00460172221844436,0.002));
#14553=CARTESIAN_POINT('',(-0.018,-0.00460172221844436,0.002));
#14554=CARTESIAN_POINT('',(-0.0160708252825175,-0.00689917404806486,0.002));
#14555=CARTESIAN_POINT('',(-0.0200708252825175,-0.0102579817368443,0.002));
#14556=CARTESIAN_POINT('',(-0.0113193375960033,0.026,0.0005));
#14557=CARTESIAN_POINT('',(-0.0136167894256238,0.0240708252825175,0.0005));
#14558=CARTESIAN_POINT('',(-0.0136167894256238,0.0240708252825175,0.0005));
#14559=CARTESIAN_POINT('',(-0.0113193375960033,0.026,0.0005));
#14560=CARTESIAN_POINT('',(-0.0102579817368443,0.0200708252825175,0.0005));
#14561=CARTESIAN_POINT('',(-0.00689917404806486,0.0160708252825175,0.0005));
#14562=CARTESIAN_POINT('',(-0.00689917404806486,0.0160708252825175,0.0005));
#14563=CARTESIAN_POINT('',(-0.0102579817368443,0.0200708252825175,0.0005));
#14564=CARTESIAN_POINT('',(-0.00460172221844436,0.018,0.0005));
#14565=CARTESIAN_POINT('',(-0.00460172221844436,0.015,0.0005));
#14566=CARTESIAN_POINT('',(-0.00460172221844436,0.015,0.0005));
#14567=CARTESIAN_POINT('',(-0.00460172221844436,0.018,0.0005));
#14568=CARTESIAN_POINT('',(0.,0.015,0.0005));
#14569=CARTESIAN_POINT('',(0.00460172221844436,0.015,0.0005));
#14570=CARTESIAN_POINT('',(0.00460172221844436,0.015,0.0005));
#14571=CARTESIAN_POINT('',(0.,0.015,0.0005));
#14572=CARTESIAN_POINT('',(0.00460172221844436,0.018,0.0005));
#14573=CARTESIAN_POINT('',(0.00689917404806486,0.0160708252825175,0.0005));
#14574=CARTESIAN_POINT('',(0.00689917404806486,0.0160708252825175,0.0005));
#14575=CARTESIAN_POINT('',(0.00460172221844436,0.018,0.0005));
#14576=CARTESIAN_POINT('',(0.0102579817368443,0.0200708252825175,0.0005));
#14577=CARTESIAN_POINT('',(0.0136167894256238,0.0240708252825175,0.0005));
#14578=CARTESIAN_POINT('',(0.0136167894256238,0.0240708252825175,0.0005));
#14579=CARTESIAN_POINT('',(0.0102579817368443,0.0200708252825175,0.0005));
#14580=CARTESIAN_POINT('',(0.0113193375960032,0.026,0.0005));
#14581=CARTESIAN_POINT('',(0.0113193375960032,0.026,0.0005));
#14582=CARTESIAN_POINT('',(3.46944695195361E-18,0.,0.0005));
#14583=CARTESIAN_POINT('',(0.026,0.0113193375960032,0.0005));
#14584=CARTESIAN_POINT('',(0.0240708252825175,0.0136167894256238,0.0005));
#14585=CARTESIAN_POINT('',(0.0240708252825175,0.0136167894256238,0.0005));
#14586=CARTESIAN_POINT('',(0.026,0.0113193375960032,0.0005));
#14587=CARTESIAN_POINT('',(0.0200708252825175,0.0102579817368443,0.0005));
#14588=CARTESIAN_POINT('',(0.0160708252825175,0.00689917404806486,0.0005));
#14589=CARTESIAN_POINT('',(0.0160708252825175,0.00689917404806486,0.0005));
#14590=CARTESIAN_POINT('',(0.0200708252825175,0.0102579817368443,0.0005));
#14591=CARTESIAN_POINT('',(0.018,0.00460172221844436,0.0005));
#14592=CARTESIAN_POINT('',(0.015,0.00460172221844436,0.0005));
#14593=CARTESIAN_POINT('',(0.015,0.00460172221844436,0.0005));
#14594=CARTESIAN_POINT('',(0.018,0.00460172221844436,0.0005));
#14595=CARTESIAN_POINT('',(0.015,8.67361737988404E-19,0.0005));
#14596=CARTESIAN_POINT('',(0.015,-0.00460172221844436,0.0005));
#14597=CARTESIAN_POINT('',(0.015,-0.00460172221844436,0.0005));
#14598=CARTESIAN_POINT('',(0.015,8.67361737988404E-19,0.0005));
#14599=CARTESIAN_POINT('',(0.018,-0.00460172221844436,0.0005));
#14600=CARTESIAN_POINT('',(0.0160708252825175,-0.00689917404806486,0.0005));
#14601=CARTESIAN_POINT('',(0.0160708252825175,-0.00689917404806486,0.0005));
#14602=CARTESIAN_POINT('',(0.018,-0.00460172221844436,0.0005));
#14603=CARTESIAN_POINT('',(0.0200708252825175,-0.0102579817368443,0.0005));
#14604=CARTESIAN_POINT('',(0.0240708252825175,-0.0136167894256238,0.0005));
#14605=CARTESIAN_POINT('',(0.0240708252825175,-0.0136167894256238,0.0005));
#14606=CARTESIAN_POINT('',(0.0200708252825175,-0.0102579817368443,0.0005));
#14607=CARTESIAN_POINT('',(0.026,-0.0113193375960032,0.0005));
#14608=CARTESIAN_POINT('',(0.026,-0.0113193375960032,0.0005));
#14609=CARTESIAN_POINT('',(3.46944695195361E-18,0.,0.0005));
#14610=CARTESIAN_POINT('',(0.0113193375960032,-0.026,0.0005));
#14611=CARTESIAN_POINT('',(0.0136167894256238,-0.0240708252825175,0.0005));
#14612=CARTESIAN_POINT('',(0.0136167894256238,-0.0240708252825175,0.0005));
#14613=CARTESIAN_POINT('',(0.0113193375960032,-0.026,0.0005));
#14614=CARTESIAN_POINT('',(0.0102579817368443,-0.0200708252825175,0.0005));
#14615=CARTESIAN_POINT('',(0.00689917404806486,-0.0160708252825175,0.0005));
#14616=CARTESIAN_POINT('',(0.00689917404806486,-0.0160708252825175,0.0005));
#14617=CARTESIAN_POINT('',(0.0102579817368443,-0.0200708252825175,0.0005));
#14618=CARTESIAN_POINT('',(0.00460172221844436,-0.018,0.0005));
#14619=CARTESIAN_POINT('',(0.00460172221844436,-0.015,0.0005));
#14620=CARTESIAN_POINT('',(0.00460172221844436,-0.015,0.0005));
#14621=CARTESIAN_POINT('',(0.00460172221844436,-0.018,0.0005));
#14622=CARTESIAN_POINT('',(1.7347234759768E-18,-0.015,0.0005));
#14623=CARTESIAN_POINT('',(-0.00460172221844436,-0.015,0.0005));
#14624=CARTESIAN_POINT('',(-0.00460172221844436,-0.015,0.0005));
#14625=CARTESIAN_POINT('',(1.7347234759768E-18,-0.015,0.0005));
#14626=CARTESIAN_POINT('',(-0.00460172221844436,-0.018,0.0005));
#14627=CARTESIAN_POINT('',(-0.00689917404806485,-0.0160708252825175,0.0005));
#14628=CARTESIAN_POINT('',(-0.00689917404806485,-0.0160708252825175,0.0005));
#14629=CARTESIAN_POINT('',(-0.00460172221844436,-0.018,0.0005));
#14630=CARTESIAN_POINT('',(-0.0102579817368443,-0.0200708252825175,0.0005));
#14631=CARTESIAN_POINT('',(-0.0136167894256238,-0.0240708252825175,0.0005));
#14632=CARTESIAN_POINT('',(-0.0136167894256238,-0.0240708252825175,0.0005));
#14633=CARTESIAN_POINT('',(-0.0102579817368443,-0.0200708252825175,0.0005));
#14634=CARTESIAN_POINT('',(-0.0113193375960032,-0.026,0.0005));
#14635=CARTESIAN_POINT('',(-0.0113193375960032,-0.026,0.0005));
#14636=CARTESIAN_POINT('',(3.46944695195361E-18,0.,0.0005));
#14637=CARTESIAN_POINT('',(-0.026,-0.0113193375960032,0.0005));
#14638=CARTESIAN_POINT('',(-0.0240708252825175,-0.0136167894256238,0.0005));
#14639=CARTESIAN_POINT('',(-0.0240708252825175,-0.0136167894256238,0.0005));
#14640=CARTESIAN_POINT('',(-0.026,-0.0113193375960032,0.0005));
#14641=CARTESIAN_POINT('',(-0.0200708252825175,-0.0102579817368443,0.0005));
#14642=CARTESIAN_POINT('',(-0.0160708252825175,-0.00689917404806486,0.0005));
#14643=CARTESIAN_POINT('',(-0.0160708252825175,-0.00689917404806486,0.0005));
#14644=CARTESIAN_POINT('',(-0.0200708252825175,-0.0102579817368443,0.0005));
#14645=CARTESIAN_POINT('',(-0.018,-0.00460172221844436,0.0005));
#14646=CARTESIAN_POINT('',(-0.015,-0.00460172221844436,0.0005));
#14647=CARTESIAN_POINT('',(-0.015,-0.00460172221844436,0.0005));
#14648=CARTESIAN_POINT('',(-0.018,-0.00460172221844436,0.0005));
#14649=CARTESIAN_POINT('',(-0.015,-2.60208521396521E-18,0.0005));
#14650=CARTESIAN_POINT('',(-0.015,0.00460172221844436,0.0005));
#14651=CARTESIAN_POINT('',(-0.015,0.00460172221844436,0.0005));
#14652=CARTESIAN_POINT('',(-0.015,-2.60208521396521E-18,0.0005));
#14653=CARTESIAN_POINT('',(-0.018,0.00460172221844436,0.0005));
#14654=CARTESIAN_POINT('',(-0.0160708252825175,0.00689917404806485,0.0005));
#14655=CARTESIAN_POINT('',(-0.0160708252825175,0.00689917404806485,0.0005));
#14656=CARTESIAN_POINT('',(-0.018,0.00460172221844436,0.0005));
#14657=CARTESIAN_POINT('',(-0.0200708252825175,0.0102579817368443,0.0005));
#14658=CARTESIAN_POINT('',(-0.0240708252825175,0.0136167894256238,0.0005));
#14659=CARTESIAN_POINT('',(-0.0240708252825175,0.0136167894256238,0.0005));
#14660=CARTESIAN_POINT('',(-0.0200708252825175,0.0102579817368443,0.0005));
#14661=CARTESIAN_POINT('',(-0.026,0.0113193375960032,0.0005));
#14662=CARTESIAN_POINT('',(-0.026,0.0113193375960032,0.0005));
#14663=CARTESIAN_POINT('',(3.46944695195361E-18,0.,0.0005));
#14664=CARTESIAN_POINT('',(0.01525,0.01525,-0.100088401241399));
#14665=CARTESIAN_POINT('',(0.01525,0.01525,0.0035));
#14666=CARTESIAN_POINT('',(0.01675,0.01525,0.0035));
#14667=CARTESIAN_POINT('',(0.,0.,0.0035));
#14668=CARTESIAN_POINT('',(0.01525,0.01525,0.0035));
#14669=CARTESIAN_POINT('',(0.0193135083268963,0.01525,0.0035));
#14670=CARTESIAN_POINT('',(0.01525,0.01525,0.004));
#14671=CARTESIAN_POINT('',(4.91334651948945E-18,-1.08550678918953E-18,0.004));
#14672=CARTESIAN_POINT('',(0.0848528137423858,-0.0848528137423858,0.0375));
#14673=CARTESIAN_POINT('',(-0.0848528137423856,-0.0848528137423858,0.031));
#14674=CARTESIAN_POINT('',(-0.0848528137423856,-0.0848528137423858,0.0375));
#14675=CARTESIAN_POINT('',(0.0304055915910217,-0.0176776695296637,0.008));
#14676=CARTESIAN_POINT('',(0.0848528137423856,0.0848528137423859,0.0375));
#14677=CARTESIAN_POINT('',(0.0176776695296637,0.0304055915910214,0.008));
#14678=CARTESIAN_POINT('',(0.0848528137423858,-0.0848528137423858,0.0125));
#14679=CARTESIAN_POINT('',(0.01525,0.01525,0.00925));
#14680=CARTESIAN_POINT('',(0.0707711114415498,-0.0644071504108709,0.0119));
#14681=CARTESIAN_POINT('',(-0.0304055915910217,0.0176776695296637,0.008));
#14682=MECHANICAL_DESIGN_GEOMETRIC_PRESENTATION_REPRESENTATION('',(#8480,
#8481,#8482,#8483,#8484,#8485,#8486,#8487,#8488,#8489),#14683);
#14683=(
GEOMETRIC_REPRESENTATION_CONTEXT(3)
GLOBAL_UNCERTAINTY_ASSIGNED_CONTEXT((#14694))
GLOBAL_UNIT_ASSIGNED_CONTEXT((#14707,#14706,#14705))
REPRESENTATION_CONTEXT('Assembly 1','TOP_LEVEL_ASSEMBLY_PART')
);
#14684=(
GEOMETRIC_REPRESENTATION_CONTEXT(3)
GLOBAL_UNCERTAINTY_ASSIGNED_CONTEXT((#14695))
GLOBAL_UNIT_ASSIGNED_CONTEXT((#14707,#14706,#14705))
REPRESENTATION_CONTEXT('Spinner_link','COMPONENT_PART')
);
#14685=(
GEOMETRIC_REPRESENTATION_CONTEXT(3)
GLOBAL_UNCERTAINTY_ASSIGNED_CONTEXT((#14696))
GLOBAL_UNIT_ASSIGNED_CONTEXT((#14707,#14706,#14705))
REPRESENTATION_CONTEXT('Board_link','COMPONENT_PART')
);
#14686=(
GEOMETRIC_REPRESENTATION_CONTEXT(3)
GLOBAL_UNCERTAINTY_ASSIGNED_CONTEXT((#14697))
GLOBAL_UNIT_ASSIGNED_CONTEXT((#14707,#14706,#14705))
REPRESENTATION_CONTEXT('Motor_link','COMPONENT_PART')
);
#14687=(
GEOMETRIC_REPRESENTATION_CONTEXT(3)
GLOBAL_UNCERTAINTY_ASSIGNED_CONTEXT((#14698))
GLOBAL_UNIT_ASSIGNED_CONTEXT((#14707,#14706,#14705))
REPRESENTATION_CONTEXT('Spacer_link','COMPONENT_PART')
);
#14688=(
GEOMETRIC_REPRESENTATION_CONTEXT(3)
GLOBAL_UNCERTAINTY_ASSIGNED_CONTEXT((#14699))
GLOBAL_UNIT_ASSIGNED_CONTEXT((#14707,#14706,#14705))
REPRESENTATION_CONTEXT('Pillar_link','COMPONENT_PART')
);
#14689=(
GEOMETRIC_REPRESENTATION_CONTEXT(3)
GLOBAL_UNCERTAINTY_ASSIGNED_CONTEXT((#14700))
GLOBAL_UNIT_ASSIGNED_CONTEXT((#14707,#14706,#14705))
REPRESENTATION_CONTEXT('Propeller_link','COMPONENT_PART')
);
#14690=(
GEOMETRIC_REPRESENTATION_CONTEXT(3)
GLOBAL_UNCERTAINTY_ASSIGNED_CONTEXT((#14701))
GLOBAL_UNIT_ASSIGNED_CONTEXT((#14707,#14706,#14705))
REPRESENTATION_CONTEXT('Top_link','COMPONENT_PART')
);
#14691=(
GEOMETRIC_REPRESENTATION_CONTEXT(3)
GLOBAL_UNCERTAINTY_ASSIGNED_CONTEXT((#14702))
GLOBAL_UNIT_ASSIGNED_CONTEXT((#14707,#14706,#14705))
REPRESENTATION_CONTEXT('Arm_link','COMPONENT_PART')
);
#14692=(
GEOMETRIC_REPRESENTATION_CONTEXT(3)
GLOBAL_UNCERTAINTY_ASSIGNED_CONTEXT((#14703))
GLOBAL_UNIT_ASSIGNED_CONTEXT((#14707,#14706,#14705))
REPRESENTATION_CONTEXT('imu_link','COMPONENT_PART')
);
#14693=(
GEOMETRIC_REPRESENTATION_CONTEXT(3)
GLOBAL_UNCERTAINTY_ASSIGNED_CONTEXT((#14704))
GLOBAL_UNIT_ASSIGNED_CONTEXT((#14707,#14706,#14705))
REPRESENTATION_CONTEXT('base_link','COMPONENT_PART')
);
#14694=UNCERTAINTY_MEASURE_WITH_UNIT(LENGTH_MEASURE(1.E-8),#14707,
'DISTANCE_ACCURACY_VALUE','Maximum Tolerance applied to model');
#14695=UNCERTAINTY_MEASURE_WITH_UNIT(LENGTH_MEASURE(1.E-8),#14707,
'DISTANCE_ACCURACY_VALUE','Maximum Tolerance applied to model');
#14696=UNCERTAINTY_MEASURE_WITH_UNIT(LENGTH_MEASURE(1.E-8),#14707,
'DISTANCE_ACCURACY_VALUE','Maximum Tolerance applied to model');
#14697=UNCERTAINTY_MEASURE_WITH_UNIT(LENGTH_MEASURE(2.E-5),#14707,
'DISTANCE_ACCURACY_VALUE','Maximum Tolerance applied to model');
#14698=UNCERTAINTY_MEASURE_WITH_UNIT(LENGTH_MEASURE(1.E-8),#14707,
'DISTANCE_ACCURACY_VALUE','Maximum Tolerance applied to model');
#14699=UNCERTAINTY_MEASURE_WITH_UNIT(LENGTH_MEASURE(1.E-8),#14707,
'DISTANCE_ACCURACY_VALUE','Maximum Tolerance applied to model');
#14700=UNCERTAINTY_MEASURE_WITH_UNIT(LENGTH_MEASURE(2.E-5),#14707,
'DISTANCE_ACCURACY_VALUE','Maximum Tolerance applied to model');
#14701=UNCERTAINTY_MEASURE_WITH_UNIT(LENGTH_MEASURE(1.E-8),#14707,
'DISTANCE_ACCURACY_VALUE','Maximum Tolerance applied to model');
#14702=UNCERTAINTY_MEASURE_WITH_UNIT(LENGTH_MEASURE(2.E-5),#14707,
'DISTANCE_ACCURACY_VALUE','Maximum Tolerance applied to model');
#14703=UNCERTAINTY_MEASURE_WITH_UNIT(LENGTH_MEASURE(1.E-8),#14707,
'DISTANCE_ACCURACY_VALUE','Maximum Tolerance applied to model');
#14704=UNCERTAINTY_MEASURE_WITH_UNIT(LENGTH_MEASURE(1.E-8),#14707,
'DISTANCE_ACCURACY_VALUE','Maximum Tolerance applied to model');
#14705=(
NAMED_UNIT(*)
SI_UNIT($,.STERADIAN.)
SOLID_ANGLE_UNIT()
);
#14706=(
NAMED_UNIT(*)
PLANE_ANGLE_UNIT()
SI_UNIT($,.RADIAN.)
);
#14707=(
LENGTH_UNIT()
NAMED_UNIT(*)
SI_UNIT($,.METRE.)
);
#14708=PRODUCT_DEFINITION_SHAPE('','',#14748);
#14709=PRODUCT_DEFINITION_SHAPE('','',#14749);
#14710=PRODUCT_DEFINITION_SHAPE(' ','NAUO PRDDFN',#1486);
#14711=PRODUCT_DEFINITION_SHAPE('','',#14750);
#14712=PRODUCT_DEFINITION_SHAPE(' ','NAUO PRDDFN',#1487);
#14713=PRODUCT_DEFINITION_SHAPE('','',#14751);
#14714=PRODUCT_DEFINITION_SHAPE(' ','NAUO PRDDFN',#1488);
#14715=PRODUCT_DEFINITION_SHAPE('','',#14752);
#14716=PRODUCT_DEFINITION_SHAPE(' ','NAUO PRDDFN',#1489);
#14717=PRODUCT_DEFINITION_SHAPE('','',#14753);
#14718=PRODUCT_DEFINITION_SHAPE(' ','NAUO PRDDFN',#1490);
#14719=PRODUCT_DEFINITION_SHAPE('','',#14754);
#14720=PRODUCT_DEFINITION_SHAPE(' ','NAUO PRDDFN',#1491);
#14721=PRODUCT_DEFINITION_SHAPE(' ','NAUO PRDDFN',#1492);
#14722=PRODUCT_DEFINITION_SHAPE(' ','NAUO PRDDFN',#1493);
#14723=PRODUCT_DEFINITION_SHAPE(' ','NAUO PRDDFN',#1494);
#14724=PRODUCT_DEFINITION_SHAPE(' ','NAUO PRDDFN',#1495);
#14725=PRODUCT_DEFINITION_SHAPE(' ','NAUO PRDDFN',#1496);
#14726=PRODUCT_DEFINITION_SHAPE(' ','NAUO PRDDFN',#1497);
#14727=PRODUCT_DEFINITION_SHAPE('','',#14755);
#14728=PRODUCT_DEFINITION_SHAPE(' ','NAUO PRDDFN',#1498);
#14729=PRODUCT_DEFINITION_SHAPE(' ','NAUO PRDDFN',#1499);
#14730=PRODUCT_DEFINITION_SHAPE(' ','NAUO PRDDFN',#1500);
#14731=PRODUCT_DEFINITION_SHAPE('','',#14756);
#14732=PRODUCT_DEFINITION_SHAPE(' ','NAUO PRDDFN',#1501);
#14733=PRODUCT_DEFINITION_SHAPE('','',#14757);
#14734=PRODUCT_DEFINITION_SHAPE(' ','NAUO PRDDFN',#1502);
#14735=PRODUCT_DEFINITION_SHAPE(' ','NAUO PRDDFN',#1503);
#14736=PRODUCT_DEFINITION_SHAPE('','',#14758);
#14737=PRODUCT_DEFINITION_SHAPE(' ','NAUO PRDDFN',#1504);
#14738=PRODUCT_DEFINITION_SHAPE(' ','NAUO PRDDFN',#1505);
#14739=PRODUCT_DEFINITION_SHAPE(' ','NAUO PRDDFN',#1506);
#14740=PRODUCT_DEFINITION_SHAPE(' ','NAUO PRDDFN',#1507);
#14741=PRODUCT_DEFINITION_SHAPE(' ','NAUO PRDDFN',#1508);
#14742=PRODUCT_DEFINITION_SHAPE(' ','NAUO PRDDFN',#1509);
#14743=PRODUCT_DEFINITION_SHAPE(' ','NAUO PRDDFN',#1510);
#14744=PRODUCT_DEFINITION_SHAPE(' ','NAUO PRDDFN',#1511);
#14745=PRODUCT_DEFINITION_SHAPE(' ','NAUO PRDDFN',#1512);
#14746=PRODUCT_DEFINITION_SHAPE(' ','NAUO PRDDFN',#1513);
#14747=PRODUCT_DEFINITION_SHAPE(' ','NAUO PRDDFN',#1514);
#14748=PRODUCT_DEFINITION('','',#14770,#14759);
#14749=PRODUCT_DEFINITION('','',#14771,#14760);
#14750=PRODUCT_DEFINITION('','',#14772,#14761);
#14751=PRODUCT_DEFINITION('','',#14773,#14762);
#14752=PRODUCT_DEFINITION('','',#14774,#14763);
#14753=PRODUCT_DEFINITION('','',#14775,#14764);
#14754=PRODUCT_DEFINITION('','',#14776,#14765);
#14755=PRODUCT_DEFINITION('','',#14777,#14766);
#14756=PRODUCT_DEFINITION('','',#14778,#14767);
#14757=PRODUCT_DEFINITION('','',#14779,#14768);
#14758=PRODUCT_DEFINITION('','',#14780,#14769);
#14759=PRODUCT_DEFINITION_CONTEXT('',#14826,'design');
#14760=PRODUCT_DEFINITION_CONTEXT('',#14826,'design');
#14761=PRODUCT_DEFINITION_CONTEXT('',#14826,'design');
#14762=PRODUCT_DEFINITION_CONTEXT('',#14826,'design');
#14763=PRODUCT_DEFINITION_CONTEXT('',#14826,'design');
#14764=PRODUCT_DEFINITION_CONTEXT('',#14826,'design');
#14765=PRODUCT_DEFINITION_CONTEXT('',#14826,'design');
#14766=PRODUCT_DEFINITION_CONTEXT('',#14826,'design');
#14767=PRODUCT_DEFINITION_CONTEXT('',#14826,'design');
#14768=PRODUCT_DEFINITION_CONTEXT('',#14826,'design');
#14769=PRODUCT_DEFINITION_CONTEXT('',#14826,'design');
#14770=PRODUCT_DEFINITION_FORMATION_WITH_SPECIFIED_SOURCE('','',#14792,
 .NOT_KNOWN.);
#14771=PRODUCT_DEFINITION_FORMATION_WITH_SPECIFIED_SOURCE('','',#14793,
 .NOT_KNOWN.);
#14772=PRODUCT_DEFINITION_FORMATION_WITH_SPECIFIED_SOURCE('','',#14794,
 .NOT_KNOWN.);
#14773=PRODUCT_DEFINITION_FORMATION_WITH_SPECIFIED_SOURCE('','',#14795,
 .NOT_KNOWN.);
#14774=PRODUCT_DEFINITION_FORMATION_WITH_SPECIFIED_SOURCE('','',#14796,
 .NOT_KNOWN.);
#14775=PRODUCT_DEFINITION_FORMATION_WITH_SPECIFIED_SOURCE('','',#14797,
 .NOT_KNOWN.);
#14776=PRODUCT_DEFINITION_FORMATION_WITH_SPECIFIED_SOURCE('','',#14798,
 .NOT_KNOWN.);
#14777=PRODUCT_DEFINITION_FORMATION_WITH_SPECIFIED_SOURCE('','',#14799,
 .NOT_KNOWN.);
#14778=PRODUCT_DEFINITION_FORMATION_WITH_SPECIFIED_SOURCE('','',#14800,
 .NOT_KNOWN.);
#14779=PRODUCT_DEFINITION_FORMATION_WITH_SPECIFIED_SOURCE('','',#14801,
 .NOT_KNOWN.);
#14780=PRODUCT_DEFINITION_FORMATION_WITH_SPECIFIED_SOURCE('','',#14802,
 .NOT_KNOWN.);
#14781=PRODUCT_RELATED_PRODUCT_CATEGORY('','',(#14792));
#14782=PRODUCT_RELATED_PRODUCT_CATEGORY('','',(#14793));
#14783=PRODUCT_RELATED_PRODUCT_CATEGORY('','',(#14794));
#14784=PRODUCT_RELATED_PRODUCT_CATEGORY('','',(#14795));
#14785=PRODUCT_RELATED_PRODUCT_CATEGORY('','',(#14796));
#14786=PRODUCT_RELATED_PRODUCT_CATEGORY('','',(#14797));
#14787=PRODUCT_RELATED_PRODUCT_CATEGORY('','',(#14798));
#14788=PRODUCT_RELATED_PRODUCT_CATEGORY('','',(#14799));
#14789=PRODUCT_RELATED_PRODUCT_CATEGORY('','',(#14800));
#14790=PRODUCT_RELATED_PRODUCT_CATEGORY('','',(#14801));
#14791=PRODUCT_RELATED_PRODUCT_CATEGORY('','',(#14802));
#14792=PRODUCT('Assembly 1','Assembly 1','Assembly 1',(#14814));
#14793=PRODUCT('Spinner_link','Spinner_link','Spinner_link',(#14815));
#14794=PRODUCT('Board_link','Board_link','Board_link',(#14816));
#14795=PRODUCT('Motor_link','Motor_link','Motor_link',(#14817));
#14796=PRODUCT('Spacer_link','Spacer_link','Spacer_link',(#14818));
#14797=PRODUCT('Pillar_link','Pillar_link','Pillar_link',(#14819));
#14798=PRODUCT('Propeller_link','Propeller_link','Propeller_link',(#14820));
#14799=PRODUCT('Top_link','Top_link','Top_link',(#14821));
#14800=PRODUCT('Arm_link','Arm_link','Arm_link',(#14822));
#14801=PRODUCT('imu_link','imu_link','imu_link',(#14823));
#14802=PRODUCT('base_link','base_link','base_link',(#14824));
#14803=PRODUCT_CATEGORY('','');
#14804=PRODUCT_CATEGORY('','');
#14805=PRODUCT_CATEGORY('','');
#14806=PRODUCT_CATEGORY('','');
#14807=PRODUCT_CATEGORY('','');
#14808=PRODUCT_CATEGORY('','');
#14809=PRODUCT_CATEGORY('','');
#14810=PRODUCT_CATEGORY('','');
#14811=PRODUCT_CATEGORY('','');
#14812=PRODUCT_CATEGORY('','');
#14813=PRODUCT_CATEGORY('','');
#14814=PRODUCT_CONTEXT('',#14826,'mechanical');
#14815=PRODUCT_CONTEXT('',#14826,'mechanical');
#14816=PRODUCT_CONTEXT('',#14826,'mechanical');
#14817=PRODUCT_CONTEXT('',#14826,'mechanical');
#14818=PRODUCT_CONTEXT('',#14826,'mechanical');
#14819=PRODUCT_CONTEXT('',#14826,'mechanical');
#14820=PRODUCT_CONTEXT('',#14826,'mechanical');
#14821=PRODUCT_CONTEXT('',#14826,'mechanical');
#14822=PRODUCT_CONTEXT('',#14826,'mechanical');
#14823=PRODUCT_CONTEXT('',#14826,'mechanical');
#14824=PRODUCT_CONTEXT('',#14826,'mechanical');
#14825=APPLICATION_PROTOCOL_DEFINITION('international standard',
'ap242_managed_model_based_3d_engineering',2020,#14826);
#14826=APPLICATION_CONTEXT('managed model based 3d engineering');
ENDSEC;
END-ISO-10303-21;
